[
	{
		"el":"#matter",
		"id":"matter",
		"change": "type",
		"geometry":[{"type":"circle","fill":"#ffffff","stroke":"none","cx":46,"cy":21,"transform":"t-25.1,-13.600001","r":2.5},{"type":"ellipse","fill":"#9b8878","stroke":"none","cx":46,"cy":21,"rx":0.7,"ry":0.4,"transform":"t55.481,-30.531001r107.3677,0,0"},{"type":"path","fill":"none","stroke":"#9b8878","stroke-miterlimit":10,"stroke-width":1.5,"path":"M21,7.6,15,5.2"},{"type":"circle","fill":"#ffffff","stroke":"none","cx":37,"cy":20,"transform":"t-25.1,-13.600001","r":5.9},{"type":"ellipse","fill":"#d8d5cc","stroke":"none","cx":34,"cy":18,"rx":1.4,"ry":2.4,"transform":"t-8.4465999,-29.997801r35.6529,0,0"},{"type":"path","fill":"none","stroke":"#9b8878","stroke-miterlimit":10,"stroke-width":2,"path":"M9.3,7.9,4,13"},{"type":"circle","fill":"#ffffff","stroke":"none","cx":28,"cy":27,"transform":"t-25.1,-13.600001","r":3.4},{"type":"ellipse","fill":"#d8d5cc","stroke":"none","cx":27,"cy":26,"rx":0.8,"ry":1.4,"transform":"t-4.7443999,-24.252601r35.6276,0,0"},{"type":"ellipse","fill":"#9b8878","stroke":"none","cx":34,"cy":22,"rx":1,"ry":1,"transform":"t-25.1,-13.600001"}],
		"width":24,
		"height":17,
		"scale":0.5,
		"bg-col-n":"#ddd",
		"bg-col-a":"#d2c5ab",
		"bg-col-c":"#a28877",
		"show_class":"show_h",
		"bang":false,
		"radio":["energy", "water"],
		"grey":true
	},
	{
		"el":"#energy",
		"id":"energy",
		"change": "type",
		"geometry":[{"type":"path","fill":"#e6b143","stroke":"none","path":"M39,21,43,15,34,15,28,24,35,24,31,33,46,21z","transform":"t-27.3,-13.700001"},{"type":"path","fill":"#ffffff","stroke":"none","path":"M38,20,42,14,34,14,27,23,34,23,30,32,45,20z","transform":"t-27.3,-13.700001"}],
		"width":18,
		"height":19,
		"scale":0.5,
		"bg-col-n":"#ddd",
		"bg-col-a":"#f7e916",
		"bg-col-c":"#f5b02f",
		"show_class":"show_h",
		"bang":false,
		"radio":["matter", "water"],
		"grey":true
	},
	{
		"el":"#water",
		"id":"water",
		"change": "type",
		"geometry":[{"type":"path","fill":"#ffffff","stroke":"none","path":"m38,12c5.2,5.7,8.1,23-2.8,21-4-0.8-5.9-5.9-3-9.5,2.7-3.5,6.3-7.2,5.8-11z","transform":"t-30.4,-12.3"},{"type":"path","fill":"#beddec","stroke":"none","path":"m32,25c-0.4,1.4,0.2,2.8,1.3,3.1s2.3-0.6,2.6-2c0.4-1.4-0.2-2.8-1.3-3.1s-2.2,0.6-2.6,2z","transform":"t-30.4,-12.3"}],
		"width":12,
		"height":21,
		"scale":0.45,
		"bg-col-n":"#ddd",
		"bg-col-a":"#8dcdd6",
		"bg-col-c":"#6cafb8",
		"show_class":"show_h",
		"bang":false,
		"radio":["matter", "energy"],
		"grey":true
	},
	{
		"el":"#projects",
		"id":"p",
		"change": "root",
		"geometry":[{"type":"path","fill":"none","stroke":"#444","stroke-width":"1.5","path":"m 12.1,3.7 c -4.9,0 -8.9,4 -8.9,8.9 0,4.6 6.6,9.6 8.6,15.7 0,0.1 0.2,0.2 0.3,0.2 0.1,0 0.3,-0.1 0.3,-0.2 C 14.3,22 21,17.2 21,12.6 20.9,7.7 17,3.7 12.1,3.7 z","transform":"t-3.2000001,-3.7"},{"type":"path","fill":"none","stroke":"#444","stroke-width":"1.5","path":"m 12.1,16.9 c -2.5,0 -4.5,-2 -4.5,-4.5 0,-2.5 2,-4.5 4.5,-4.5 2.5,0 4.5,2 4.5,4.5 0,2.5 -2.1,4.5 -4.5,4.5 z","transform":"t-3.2,-3.7"}],
		"width":19,
		"height":25,
		"scale":0.55,
		"bg-col-n":"#eee",
		"bg-col-a":"#ddd",
		"bg-col-c":"#aaa",
		"show_class":"show_v",
		"bang":false,
		"radio":["paris", "pc", "idf"]
	},
	{
		"el":"#paris",
		"id":"paris",
		"change": "territory",
		"geometry":[{"type":"path","fill":"none","stroke":"#444","stroke-width":"1.5","path":"M4.7,8.4c-1.2-0.8-4.6-0.2-4.1-2.2,1.2-1.9,3.6-2,5.4-2.4,0.66-0.8,1.7-0.22,2.5-0.28,0.54-0.094,1.4,0.42,1.6-0.22,1.2-1.7,3.5-1.2,5.2-2.2,2.9-1.1,6-0.6,9-0.83,1.7,0.0065,3.4-0.15,5,0.11,1.6,0.72,1.7,3,3.5,3.4,1.2,1.6,1.2,3.9,0.36,5.6-0.35,1.1,2.1,0.65,1.3-0.43,0.6-0.59,2.2,0.67,3.1-0.22,1.5-0.51,3.7-0.56,4.9,0.6,0.46,1.4-0.51,3-2,3-1.5-0.053-3.1,0.17-4.4-0.83-2-0.041-3.9-0.78-5.8-0.62-2.5,0.67-4.9,1.8-7.5,1.6-2,1-5,0-8-1-1,0-3-1-4.4-1-2.1,2-4,0-4.9-1.6z"}],
		"width":43,
		"height":13,
		"scale":0.65,
		"bg-col-n":"#eee",
		"bg-col-a":"#ddd",
		"bg-col-c":"#aaa",
		"show_class":"show_v",
		"bang":false,
		"radio":["p", "pc", "idf"]
	},
	{
		"el":"#pc",
		"id":"pc",
		"change": "territory",
		"geometry":[{"type":"path","fill":"none","stroke":"#444","stroke-width":"1.5","path":"m81,39c-1.3-5.4-4.5-9.9-7.6-14-2.1-3.6,2.7-5.8,4.2-8.6,2.9-2.7,0.42-5.8-1.6-7.7,0.77-4.2-1.7-7.8-6.1-7.8-4.5-0.52-5.5,5-9.6,5.6-2.9,0.87-5.7,1.8-8.4,3.1-4.5,0.83-8.7-1.7-13-2.1-3.8,0.27-7.6,0.84-11,1.9-5.3,1.7-9.9,5.2-15,6.1-3.5,0.94-5.9,3.8-8.3,6.3,1.3,3.6-3.7,5.8-2.8,9.2,3.6,0.16,7.8,0.28,11,2.8,2.9,1.8,5.1,4.9,8.9,5,2.5,0.78,7.1,1.6,4.9,4.7,3.3,2,5.5-4.4,9.3-2,3.7-0.77,4.8,2.8,6.1,5,3.6,0.62,7.3,0.071,11-0.64,4.3-0.45,8.6-2,13-1.7,3.4,1.3,5.4,5.4,9.5,5.5,2.3-0.013-2.8-3.3,0.085-4.7,2.4-1.2,5.7-2.5,6.3-5.5zm-24-9.9c-3.8,0.39-7.3-2.1-11-1.3-3.5,1.1-7.1,2.2-11,1.2-2.9-0.53-5.7-1.4-8.6-2-3.8,2.3-5.2-3-8.9-3-0.51-3.2,4.4-2.8,6.3-3.8,3.7,0.88,6.7-3,11-2.7,3.7-0.068,7.5-0.61,11,0.049,2.7,1.9,5.2,4.8,3.9,8.6,0.19,1.4,3.7-1.1,5.2-0.85,2.6-0.84,5.5,2.1,2.4,3.7l-0.15,0.12-0.087,0.07z"}],
		"width":82,
		"height":50,
		"scale":0.65,
		"bg-col-n":"#eee",
		"bg-col-a":"#ddd",
		"bg-col-c":"#aaa",
		"show_class":"show_v",
		"bang":false,
		"radio":["p", "paris", "idf"]
	},
	{
		"el":"#idf",
		"id":"idf",
		"change": "territory",
		"geometry":[{"type":"path","fill":"none","stroke":"#444","stroke-width":"1.5","path":"m110,30c2.7-2.1,3-5.8-1.2-5.6-2.5-2.2,6.8-3.2,1.7-5.9-3.5-2.5-7.8-3-11-5.2-2-2-2-8.8-8-7s-11,1.5-17,1.8c-6-0.2-12-1.9-17-3.3-6-2-11-1.6-16-1.9-6-2.2-12-0.6-17,0-5,1.4-11-5.7-13,1.5-1.1,5.9-10,1.8-11,6.9,0.26,4.6,6.9,5.9,6.4,10-0.3,1.9,4.3,3.8,0.79,5,1.3,5.9,10,5.3,12,11,3.1,3.2,12,2.8,9.9,9.2,4.1,3,11-1.6,16-0.8,5.4-1.1,9.7,2.2,14,4.7,2.1,2.3-6.7,5.7-0.56,5.3,5.5-0.45,11,0.082,16-1.5,5,1.8,9.8-0.99,13-4,1.8-2.3-0.85-5.8,3.4-6.4,5.6-1.9,12,1.1,17-1.8,2.1-1.9-0.64-4.1,1.7-5.9,0.46-0.96,4.1-1.2,4.4-3.9,4.6-4-0.64-1.8-3.7-2.8zm-49-4.9c-1.5,4.2-4.6-1.6-7.9,0.56-3.9,0.9-6.6-1.4-10-1.6-2.7-2.2-9.8-3.3-5.1-7.4,4.4-3.3,9.9-3.3,15-3.6,2.9-0.51,9-4.1,8.2,1.6-2,3.6,0.11,6,1.1,9.2l1,1z"}],
		"width":118,
		"height":57,
		"scale":0.65,
		"bg-col-n":"#eee",
		"bg-col-a":"#ddd",
		"bg-col-c":"#aaa",
		"show_class":"show_v",
		"bang":false,
		"radio":["p", "paris", "pc"]
	},
	{
		"el":"#expand",
		"id":"expand",
		"geometry":[{"type":"path","fill":"#000000","stroke":"none","path":"M29.414,26.586 22.828,20 20,22.828 26.586,29.414 24,32 32,32 32,24 \t\tz"},{"type":"path","fill":"#000000","stroke":"none","path":"M2.586,5.414 9.172,12 12,9.172 5.414,2.586 8,0 0,0 0,8 \t\tz"},{"type":"path","fill":"#000000","stroke":"none","path":"M26.586,2.586 20,9.172 22.828,12 29.414,5.414 32,8 32,0 24,0 \t\tz"},{"type":"path","fill":"#000000","stroke":"none","path":"M12,22.828 9.172,20 2.586,26.586 0,24 0,32 8,32 5.414,29.414 \t\tz"}],
		"width":32,
		"height":32,
		"scale":0.5,
		"bg-col-n":"#eee",
		"bg-col-a":"#ddd",
		"bg-col-c":"#aaa",
		"show_class":"show_v",
		"bang":true
	},
	{
		"el":"#contract",
		"id":"contract",
		"geometry":[{"type":"path","fill":"#000000","stroke":"none","path":"M32,32 32,24 29.414,26.586 22.828,20 20,22.828 26.586,29.414 24,32 z","transform":"t52,52r180,0,0"},{"type":"path","fill":"#000000","stroke":"none","path":"M0,0 0,8 2.586,5.414 9.172,12 12,9.172 5.414,2.586 8,0 z","transform":"t12,12r180,0,0"},{"type":"path","fill":"#000000","stroke":"none","path":"M32,0 24,0 26.586,2.586 20,9.172 22.828,12 29.414,5.414 32,8 z","transform":"t52,12r180,0,0"},{"type":"path","fill":"#000000","stroke":"none","path":"M8,32 5.414,29.414 12,22.828 9.172,20 2.586,26.586 0,24 0,32 z","transform":"t12,52r180,0,0"}],
		"width":32,
		"height":32,
		"scale":0.5,
		"bg-col-n":"#eee",
		"bg-col-a":"#ddd",
		"bg-col-c":"#aaa",
		"show_class":"show_v",
		"bang":true
	},
	{
		"el":"#share",
		"id":"share",
		"change": "",
		"geometry":[{"type":"path","fill":"#444","stroke":"none","path":"M22.939,10.161c-0.705-1.712-2.037-2.581-3.961-2.581c0,0-1.263,0-2.306,0c0.39-0.881,0.824-2.159,0.824-3.699c0-0.422-0.033-0.86-0.113-1.306c-0.303-1.79-1.525-2.742-3.262-2.551c-0.688,0.079-0.924,0.732-1.494,2.315c-0.473,1.312-1.121,3.109-2.061,4.554c-0.691,1.062-1.922,1.9-2.956,2.416V9.178H0v11.307h7.612v-0.623c1.198-0.059,1.879-0.024,2.039,0.027l1.362,0.791l1.018,0.635c0.989,0.533,5.315,0.584,7.17,0.309c2.385-0.348,2.961-2.303,2.985-2.387C22.374,18.589,24.015,12.772,22.939,10.161z M20.749,18.826c-0.014,0.043-0.361,1.114-1.765,1.315c-1.996,0.297-5.698,0.117-6.247-0.145c0.004,0.003-0.903-0.566-0.903-0.566l-1.711-0.961c-0.397-0.133-1.297-0.148-2.511-0.094v-7.448c1.226-0.496,3.125-1.561,4.208-3.218c1.036-1.59,1.718-3.481,2.216-4.864c0,0,0.439-1.093,0.545-1.346c0.758,0.004,1.176,0.421,1.332,1.324c0.062,0.354,0.086,0.705,0.086,1.044\r\n\tc0,2.241-1.151,4.025-1.168,4.047l-0.759,1.157l4.906,0.002c1.312,0,2.106,0.511,2.579,1.657C22.301,12.535,21.221,17.188,20.749,18.826z"}],
		"width":23,
		"height":25,
		"scale":0.5,
		"bg-col-n":"#eee",
		"bg-col-a":"#ddd",
		"bg-col-c":"#aaa",
		"show_class":"show_h",
		"bang":true
	},
	{
		"el":"#about_b",
		"id":"about",
		"change": "root",
		"bg-col-n":"#eee",
		"bg-col-a":"#ddd",
		"bg-col-c":"#aaa",
		"show_class":"show_h",
		"bang":true
	},
	{
		"el":"#time",
		"id":"time",
		"change": "time",
		"bg-col-n":"#eee",
		"bg-col-a":"#ddd",
		"bg-col-c":"#aaa",
		"show_class":"show_v",
		"bang":true
	},
	{
		"el":"#previous",
		"id":"previous",
		"change": "",
		"geometry":[{"type":"path","fill":"none","stroke":"#444","stroke-width":"2","path":"M3 1.5 L9 7.5 L3 12.5" ,"transform":"r180,5,7"}],
		"width":10,
		"height":14,
		"scale":0.6,
		"bg-col-n":"#eee",
		"bg-col-a":"#ddd",
		"bg-col-c":"#aaa",
		"show_class":"show_h",
		"bang":true
	},
	{
		"el":"#next",
		"id":"next",
		"change": "",
		"geometry":[{"type":"path","fill":"none","stroke":"#444","stroke-width":"2","path":"M3 1.5 L9 7.5 L3 12.5"}],
		"width":10,
		"height":14,
		"scale":0.6,
		"bg-col-n":"#eee",
		"bg-col-a":"#ddd",
		"bg-col-c":"#aaa",
		"show_class":"show_h",
		"bang":true
	},
	{
		"el":"#group",
		"id":"group",
		"change": "",
		"geometry":[{"type":"path","fill":"none","stroke":"#444","stroke-width":"2","path":"M3 1.5 L9 7.5 L3 12.5"}],
		"width":10,
		"height":14,
		"scale":0.6,
		"bg-col-n":"#eee",
		"bg-col-a":"#ddd",
		"bg-col-c":"#aaa",
		"show_class":"show_h",
		"bang":true
	},
	{
		"el":"#ungroup",
		"id":"ungroup",
		"change": "",
		"geometry":[{"type":"path","fill":"none","stroke":"#444","stroke-width":"2","path":"M3 1.5 L9 7.5 L3 12.5"}],
		"width":10,
		"height":14,
		"scale":0.6,
		"bg-col-n":"#eee",
		"bg-col-a":"#ddd",
		"bg-col-c":"#aaa",
		"show_class":"show_h",
		"bang":true
	},
	{
		"el":"#pin",
		"id":"pinlocal",
		"change": "",
		"geometry":[{"type":"path","fill":"#a788a9","stroke":"none","path":"m 12.1,3.7 c -4.9,0 -8.9,4 -8.9,8.9 0,4.6 6.6,9.6 8.6,15.7 0,0.1 0.2,0.2 0.3,0.2 0.1,0 0.3,-0.1 0.3,-0.2 C 14.3,22 21,17.2 21,12.6 20.9,7.7 17,3.7 12.1,3.7 z","transform":"t-3.2000001,-3.7"},{"type":"path","fill":"#ececed","stroke":"none","path":"m 12.1,16.9 c -2.5,0 -4.5,-2 -4.5,-4.5 0,-2.5 2,-4.5 4.5,-4.5 2.5,0 4.5,2 4.5,4.5 0,2.5 -2.1,4.5 -4.5,4.5 z","transform":"t-3.2,-3.7"}],
		"width":19,
		"height":25,
		"scale":1,
		"bg-col-n":"",
		"bg-col-a":"",
		"bg-col-c":"",
		"show_class":"show_h",
		"bang":true
	},
	{
		"el":"#pin",
		"id":"pinglobal",
		"change": "",
		"geometry":[{"type":"path","fill":"#89729d","stroke":"none","path":"m 17.8,8.9 c 0,4.9 -4,8.9 -8.9000001,8.9 C 3.9999999,17.8 -9.626996e-8,13.8 -9.626996e-8,8.9 -9.626996e-8,4 3.9999999,0 8.8999999,0 13.8,0 17.8,4 17.8,8.9 z"},{"type":"path","fill":"#ececed","stroke":"none","path":"m 8.8999999,13.6 c -2.6,0 -4.7,-2.1 -4.7,-4.7 0,-2.6 2.1,-4.7 4.7,-4.7 C 11.5,4.2 13.6,6.3 13.6,8.9 c 0,2.6 -2.1,4.7 -4.7000001,4.7 z"},{"type":"path","fill":"#89729d","stroke":"none","path":"M 11.6,13.2 H 8.9 v -1 h 2.7 V 9.5 h 1 v 2.7 h 2.7 v 1 h -2.7 v 2.7 h -1 v -2.7 z","transform":"t-3.2000001,-3.7"}],
		"width":18,
		"height":18,
		"scale":1,
		"bg-col-n":"",
		"bg-col-a":"",
		"bg-col-c":"",
		"show_class":"show_h",
		"bang":true
	},
	{
		"el":"#zoom",
		"id":"zoom",
		"change": "",
		"show_class":"show_h",
		"bang":false
	}
]

