{"width":"224.7","height":"107.4","dx":"0","dy":"0","geometry":[{"type":"path","fill":"#FBFAFA","stroke":"none","path":"M224.6,55.5c0,22.2-50.1,40.2-111.8,40.2S1,77.7,1,55.5c0-22.2,50-40.1,111.8-40.1S224.6,33.3,224.6,55.5z"},{"type":"path","fill":"#999898","stroke":"none","path":"M0,55v12.9c0,13.7,29.6,39.5,115.6,39.5c63.7,0,109.1-20.9,109.1-39.1V57.9c-1.3,18-47.1,38.1-109,38.1C27.8,96-0.8,69,0,55z"},{"type":"ellipse","fill":"#F6F6F6","stroke":"#B4B4B4","stroke-width":0.9996,"stroke-miterlimit":10,"cx":112.5,"cy":55.8,"rx":112.1,"ry":39.9},{"type":"path","fill":"#B1B3B4","stroke":"none","path":"M137.5,55 173.4,41.9 173.4,15.9 137.5,29.1 z"},{"type":"path","fill":"#A38979","stroke":"none","path":"M173.4,15.9 122.7,6.3 86.7,19.4 137.5,29.1 z"},{"type":"path","fill":"#D9DADB","stroke":"none","path":"M86.7,19.4 137.5,29.1 137.5,55 86.7,46 z"},{"type":"path","fill":"#88888A","stroke":"none","path":"M152.3,37.4c0-1.8,1.9-4,5.6-5.2c1.4-0.5,4.5-0.3,4.5,1.5v12.2l-10.2,3.7L152.3,37.4z"},{"type":"path","fill":"#B1B3B4","stroke":"none","path":"M194.7,72 216.6,63.8 216.6,37.8 194.7,46 z"},{"type":"path","fill":"#A38979","stroke":"none","path":"M216.6,37.8 165.8,28.2 144,36.4 194.7,46 z"},{"type":"path","fill":"#D9DADB","stroke":"none","path":"M144,36.4 194.7,46 194.7,72 144,63 z"},{"type":"path","fill":"#88888A","stroke":"none","path":"M174.4,58.9 174.4,68.5 164.2,66.7 164.3,57.1 z"},{"type":"path","fill":"#A9C2E1","stroke":"none","path":"M187.3,64.2 187.3,51.2 180.1,50 180.1,63 z"},{"type":"path","fill":"#90A5C1","stroke":"none","path":"M210.1,60.6 210.1,47.6 202.9,50.2 202.9,63.2 z"},{"type":"path","fill":"#A9C2E1","stroke":"none","path":"M156.1,58.6 156.1,45.6 149,44.3 149,57.3 z"},{"type":"path","fill":"#A9C2E1","stroke":"none","path":"M133.7,47.9 133.7,34.9 126.5,33.7 126.5,46.6 z"},{"type":"path","fill":"#9D9496","stroke":"none","path":"M17.8,53.4c0,5.5,12.3,9.9,27.5,9.9s27.5-4.4,27.5-9.9V9.9h-55V53.4z"},{"type":"path","fill":"#C6C5C4","stroke":"none","path":"M17.8,9.9c0,5.5,12.3,9.9,27.5,9.9s27.5-4.4,27.5-9.9S60.5,0,45.3,0S17.8,4.4,17.8,9.9z"},{"type":"path","fill":"#818385","stroke":"none","path":"M67.4,67.2c0,5.5,12.4,9.9,27.6,9.9s27.6-4.4,27.6-9.9V25.5H67.4V67.2z"},{"type":"path","fill":"#AAA19A","stroke":"none","path":"M67.4,25.5c0,5.5,12.4,9.9,27.6,9.9s27.6-4.4,27.6-9.9s-12.4-9.9-27.6-9.9C79.7,15.6,67.4,20.1,67.4,25.5z"},{"type":"path","fill":"#B1B3B4","stroke":"none","path":"M33.3,75.5c0,4.1,9.2,7.4,20.5,7.4s20.5-3.3,20.5-7.4v-31h-41V75.5z"},{"type":"path","fill":"#D9DBDB","stroke":"none","path":"M33.3,44.5c0,4.1,9.2,7.4,20.5,7.4s20.5-3.3,20.5-7.4c0-4.1-9.2-7.4-20.5-7.4C42.5,37.1,33.3,40.4,33.3,44.5z"}]}