{"width":"224.6","height":"199.6","dx":"0","dy":"0","geometry":[{"type":"path","fill":"#FAF9F9","stroke":"none","path":"M224.6,147.7c0,22.2-50.1,40.2-111.8,40.2S1,169.9,1,147.7s50-40.2,111.8-40.2S224.6,125.5,224.6,147.7z"},{"type":"ellipse","fill":"none","stroke":"#B3B3B3","stroke-width":0.9996,"stroke-miterlimit":10,"cx":112.5,"cy":148,"rx":112.1,"ry":39.9},{"type":"path","fill":"#989797","stroke":"none","path":"M0,147.1v12.9c0,13.7,29.6,39.5,115.6,39.5c63.7,0,109.1-20.9,109.1-39.1v-10.4c-1.3,18-47.1,38.1-109,38.1C27.8,188.2-0.8,161.1,0,147.1z"},{"type":"path","fill":"#DDDEDF","stroke":"none","path":"M96.4,158.4 96.4,33.6 164,50.5 164,175.4 z"},{"type":"path","fill":"#899EB9","stroke":"none","path":"M96.4,33.7 103.5,10.8 171.1,27.8 164,50.7 z"},{"type":"path","fill":"#96ADC9","stroke":"none","path":"M103.8,10.9 134.5,0.3 202.1,17.3 171.4,27.9 z"},{"type":"path","fill":"#A9C2E1","stroke":"none","path":"M117.1,98.3 117.1,76.4 105.1,73.5 105.1,95.4 z"},{"type":"path","fill":"#A9C2E1","stroke":"none","path":"M136.8,103.2 136.8,81.3 124.7,78.4 124.7,100.3 z"},{"type":"path","fill":"#A9C2E1","stroke":"none","path":"M156.6,107.9 156.6,86 144.5,83.1 144.5,105 z"},{"type":"path","fill":"#A9C2E1","stroke":"none","path":"M117.1,128 117.1,106.1 105.1,103.2 105.1,125.1 z"},{"type":"path","fill":"#9C9E9F","stroke":"none","path":"M155.8,173.1v-16.7c0,0-0.3-5.8-4.7-7c-5.4-1.4-5.7,4.7-5.7,4.7v16.6L155.8,173.1z"},{"type":"path","fill":"#A9C2E1","stroke":"none","path":"M136.8,132.9 136.8,111 124.7,108.1 124.7,130 z"},{"type":"path","fill":"#A9C2E1","stroke":"none","path":"M156.6,137.6 156.6,115.7 144.5,112.8 144.5,134.7 z"},{"type":"path","fill":"#A9C2E1","stroke":"none","path":"M117.1,158.6 117.1,136.7 105.1,133.8 105.1,155.7 z"},{"type":"path","fill":"#A9C2E1","stroke":"none","path":"M136.8,163.5 136.8,141.6 124.7,138.7 124.7,160.6 z"},{"type":"path","fill":"#786855","stroke":"none","path":"M98.9,118.7 104.9,116.7 104.9,125.4 98.9,127.4 z"},{"type":"path","fill":"#A9C2E1","stroke":"none","path":"M117.1,68.8 117.1,46.9 105.1,44 105.1,65.9 z"},{"type":"path","fill":"#A9C2E1","stroke":"none","path":"M136.8,73.7 136.8,51.8 124.7,48.9 124.7,70.8 z"},{"type":"path","fill":"#A9C2E1","stroke":"none","path":"M156.6,78.4 156.6,56.5 144.5,53.6 144.5,75.5 z"},{"type":"path","fill":"#87888A","stroke":"none","path":"M154.5,21.8 151.4,22.9 149.1,29.7 149.1,15.2 154.5,13.2 z"},{"type":"path","fill":"#B1B3B4","stroke":"none","path":"M146.2,14.4 146.2,29 149.1,29.7 149.1,15.2 \tz"},{"type":"path","fill":"#C6C7C8","stroke":"none","path":"M151.5,12.5 146.2,14.4 149.1,15.2 154.4,13.2 \tz"},{"type":"path","fill":"#9C9E9F","stroke":"none","path":"M98.9,127.4 104.9,125.4 157.1,138.6 151.1,140.8 z"},{"type":"path","fill":"#786855","stroke":"none","path":"M157.1,138.7 151.1,141 151.1,132.1 157.1,130 z"},{"type":"path","fill":"#786855","stroke":"none","path":"M121.4,129.5 115.4,131.8 115.4,122.9 121.4,120.8 z"},{"type":"path","fill":"#A38978","stroke":"none","path":"M146.6,130.9 144.8,130.5 144.8,139.4 146.6,139.8 \tz"},{"type":"path","fill":"#A38978","stroke":"none","path":"M140.2,138.2 142.1,138.7 142.1,129.8 140.2,129.3 \tz"},{"type":"path","fill":"#A38978","stroke":"none","path":"M144.4,130.4 142.5,129.9 142.5,138.8 144.4,139.3 \tz"},{"type":"path","fill":"#A38978","stroke":"none","path":"M139.8,129.2 138.2,128.8 138.2,137.7 139.8,138.1 \tz"},{"type":"path","fill":"#A38978","stroke":"none","path":"M148.9,131.5 147,131 147,139.9 148.9,140.4 \tz"},{"type":"path","fill":"#A38978","stroke":"none","path":"M149.3,131.6 149.3,140.5 151.1,141 151.1,132.1 \tz"},{"type":"path","fill":"#C6C7C8","stroke":"none","path":"M202.1,17.3 171.1,27.8 164,50.5 164,175.4 217.9,155.5 217.9,31.6 z"},{"type":"path","fill":"#A38978","stroke":"none","path":"M106.6,120.8 104.7,120.3 104.7,129.2 106.6,129.7 \tz"},{"type":"path","fill":"#A38978","stroke":"none","path":"M100.2,128.1 102.1,128.5 102.1,119.7 100.2,119.2 \tz"},{"type":"path","fill":"#A38978","stroke":"none","path":"M104.3,120.2 102.5,119.8 102.5,128.7 104.3,129.1 \tz"},{"type":"path","fill":"#A38978","stroke":"none","path":"M99.8,119.1 98.9,118.9 98.9,127.8 99.8,128 \tz"},{"type":"path","fill":"#A38978","stroke":"none","path":"M108.9,121.4 107,120.9 107,129.8 108.9,130.3 \tz"},{"type":"path","fill":"#A38978","stroke":"none","path":"M109.3,121.5 109.3,130.4 111.1,130.8 111.1,121.9 \tz"},{"type":"path","fill":"#A38978","stroke":"none","path":"M133.3,127.5 131.5,127.1 131.5,136 133.3,136.4 \tz"},{"type":"path","fill":"#A38978","stroke":"none","path":"M126.9,134.8 128.8,135.3 128.8,126.4 126.9,125.9 \tz"},{"type":"path","fill":"#A38978","stroke":"none","path":"M131.1,127 129.2,126.5 129.2,135.4 131.1,135.9 \tz"},{"type":"path","fill":"#A38978","stroke":"none","path":"M126.5,125.8 124.9,125.4 124.9,134.3 126.5,134.7 \tz"},{"type":"path","fill":"#A38978","stroke":"none","path":"M135.6,128.1 133.7,127.6 133.7,136.5 135.6,137 \tz"},{"type":"path","fill":"#A38978","stroke":"none","path":"M136,128.2 136,137.1 137.8,137.6 137.8,128.7 \tz"},{"type":"path","fill":"#A38978","stroke":"none","path":"M119.9,124.1 118,123.7 118,132.6 119.9,133 \tz"},{"type":"path","fill":"#A38978","stroke":"none","path":"M113.5,131.4 115.3,131.9 115.3,123 113.5,122.5 \tz"},{"type":"path","fill":"#A38978","stroke":"none","path":"M117.6,123.6 115.7,123.1 115.7,132 117.6,132.5 \tz"},{"type":"path","fill":"#A38978","stroke":"none","path":"M113.1,122.4 111.4,122 111.4,130.9 113.1,131.3 \tz"},{"type":"path","fill":"#A38978","stroke":"none","path":"M122.2,124.7 120.3,124.2 120.3,133.1 122.2,133.6 \tz"},{"type":"path","fill":"#A38978","stroke":"none","path":"M122.6,124.8 122.6,133.7 124.4,134.2 124.4,125.3 \tz"},{"type":"path","fill":"#786855","stroke":"none","path":"M98.9,60 104.9,57.9 104.9,66.6 98.9,68.7 z"},{"type":"path","fill":"#9C9E9F","stroke":"none","path":"M98.9,68.7 104.9,66.6 157.1,79.8 151.1,82 z"},{"type":"path","fill":"#786855","stroke":"none","path":"M157.1,79.9 151.1,82.2 151.1,73.3 157.1,71.2 z"},{"type":"path","fill":"#786855","stroke":"none","path":"M121.4,70.8 115.4,73 115.4,64.1 121.4,62.1 z"},{"type":"path","fill":"#786855","stroke":"none","path":"M139.8,75.1 133.8,77.4 133.8,68.5 139.8,66.4 z"},{"type":"path","fill":"#A38978","stroke":"none","path":"M146.6,72.2 144.8,71.7 144.8,80.6 146.6,81.1 \tz"},{"type":"path","fill":"#A38978","stroke":"none","path":"M140.2,79.5 142.1,79.9 142.1,71 140.2,70.6 \tz"},{"type":"path","fill":"#A38978","stroke":"none","path":"M144.4,71.6 142.5,71.1 142.5,80 144.4,80.5 \tz"},{"type":"path","fill":"#A38978","stroke":"none","path":"M139.8,70.5 138.2,70.1 138.2,79 139.8,79.4 \tz"},{"type":"path","fill":"#A38978","stroke":"none","path":"M148.9,72.8 147,72.3 147,81.2 148.9,81.6 \tz"},{"type":"path","fill":"#A38978","stroke":"none","path":"M149.3,72.9 149.3,81.7 151.1,82.2 151.1,73.3 \tz"},{"type":"path","fill":"#A38978","stroke":"none","path":"M106.6,62 104.7,61.6 104.7,70.5 106.6,70.9 \tz"},{"type":"path","fill":"#A38978","stroke":"none","path":"M100.2,69.3 102.1,69.8 102.1,60.9 100.2,60.4 \tz"},{"type":"path","fill":"#A38978","stroke":"none","path":"M104.3,61.5 102.5,61 102.5,69.9 104.3,70.4 \tz"},{"type":"path","fill":"#A38978","stroke":"none","path":"M99.8,60.3 98.9,60.1 98.9,69 99.8,69.2 \tz"},{"type":"path","fill":"#A38978","stroke":"none","path":"M108.9,62.6 107,62.1 107,71 108.9,71.5 \tz"},{"type":"path","fill":"#A38978","stroke":"none","path":"M109.3,62.7 109.3,71.6 111.1,72.1 111.1,63.2 \tz"},{"type":"path","fill":"#A38978","stroke":"none","path":"M133.3,68.8 131.5,68.3 131.5,77.2 133.3,77.7 \tz"},{"type":"path","fill":"#A38978","stroke":"none","path":"M126.9,76.1 128.8,76.6 128.8,67.7 126.9,67.2 \tz"},{"type":"path","fill":"#A38978","stroke":"none","path":"M131.1,68.2 129.2,67.8 129.2,76.7 131.1,77.1 \tz"},{"type":"path","fill":"#A38978","stroke":"none","path":"M126.5,67.1 124.9,66.7 124.9,75.6 126.5,76 \tz"},{"type":"path","fill":"#A38978","stroke":"none","path":"M135.6,69.4 133.7,68.9 133.7,77.8 135.6,78.3 \tz"},{"type":"path","fill":"#A38978","stroke":"none","path":"M136,69.5 136,78.4 137.8,78.8 137.8,69.9 \tz"},{"type":"path","fill":"#A38978","stroke":"none","path":"M119.9,65.4 118,64.9 118,73.8 119.9,74.3 \tz"},{"type":"path","fill":"#A38978","stroke":"none","path":"M113.5,72.7 115.3,73.2 115.3,64.3 113.5,63.8 \tz"},{"type":"path","fill":"#A38978","stroke":"none","path":"M117.6,64.8 115.7,64.4 115.7,73.3 117.6,73.7 \tz"},{"type":"path","fill":"#A38978","stroke":"none","path":"M113.1,63.7 111.4,63.3 111.4,72.2 113.1,72.6 \tz"},{"type":"path","fill":"#A38978","stroke":"none","path":"M122.2,66 120.3,65.5 120.3,74.4 122.2,74.9 \tz"},{"type":"path","fill":"#A38978","stroke":"none","path":"M122.6,66.1 122.6,75 124.4,75.4 124.4,66.5 \tz"},{"type":"path","fill":"#92BD61","stroke":"none","path":"M157.7,184.5c-13.7,2.2-28.9,3.4-44.9,3.4C51.1,187.9,1,169.9,1,147.7c0-20.2,41.6-36.9,95.5-39.7l-0.1,33.2L59.1,157L157.7,184.5z"},{"type":"ellipse","fill":"#5AAC26","stroke":"none","cx":79.9,"cy":160.4,"rx":4.9,"ry":3.5},{"type":"ellipse","fill":"#9DC351","stroke":"none","cx":68.2,"cy":157.3,"rx":4.5,"ry":3.5},{"type":"ellipse","fill":"#5AAC26","stroke":"none","cx":70.7,"cy":161.6,"rx":6.3,"ry":3.9},{"type":"ellipse","fill":"#DFDB00","stroke":"none","cx":74.2,"cy":152.9,"rx":5.2,"ry":4},{"type":"ellipse","fill":"#AEBD59","stroke":"none","cx":78.2,"cy":155.4,"rx":5.3,"ry":3.9},{"type":"ellipse","fill":"#D9D9DA","stroke":"#FAF9F9","stroke-width":0.091495,"stroke-miterlimit":10,"cx":74.9,"cy":177.1,"rx":7.2,"ry":2.6},{"type":"path","fill":"#A38978","stroke":"none","path":"M73.5,159.1c0,0,0.5-0.4,1.1-0.4c0.6,0,1.1,0.2,1.1,0.4c0,0,0.6,17.6,0.6,17.6c0,0.3-0.7,0.6-1.6,0.6\t\tc-0.9,0-1.6-0.3-1.6-0.6C73.1,176.7,73.5,159.5,73.5,159.1z"},{"type":"path","fill":"#C7D009","stroke":"none","path":"M68.8,158.4c0-2,1.9-3.7,4.3-3.7c2.4,0,4.3,1.6,4.3,3.7c0,2-1.9,3.7-4.3,3.7\t\tC70.7,162.1,68.8,160.4,68.8,158.4z"},{"type":"ellipse","fill":"#5AAC26","stroke":"none","cx":104.4,"cy":166.3,"rx":4.9,"ry":3.5},{"type":"ellipse","fill":"#9DC351","stroke":"none","cx":92.8,"cy":163.2,"rx":4.5,"ry":3.5},{"type":"ellipse","fill":"#5AAC26","stroke":"none","cx":95.2,"cy":167.5,"rx":6.3,"ry":3.9},{"type":"ellipse","fill":"#DFDB00","stroke":"none","cx":98.8,"cy":158.8,"rx":5.2,"ry":4},{"type":"ellipse","fill":"#AEBD59","stroke":"none","cx":102.7,"cy":161.2,"rx":5.3,"ry":3.9},{"type":"ellipse","fill":"#D9D9DA","stroke":"#FAF9F9","stroke-width":0.091495,"stroke-miterlimit":10,"cx":99.4,"cy":182.9,"rx":7.2,"ry":2.6},{"type":"path","fill":"#A38978","stroke":"none","path":"M98.1,165c0,0,0.5-0.4,1.1-0.4c0.6,0,1.1,0.2,1.1,0.4c0,0,0.6,17.6,0.6,17.6c0,0.3-0.7,0.6-1.6,0.6\t\tc-0.9,0-1.6-0.3-1.6-0.6C97.7,182.6,98.1,165.4,98.1,165z"},{"type":"path","fill":"#C7D009","stroke":"none","path":"M93.4,164.3c0-2,1.9-3.7,4.3-3.7c2.4,0,4.3,1.6,4.3,3.7c0,2-1.9,3.7-4.3,3.7\t\tC95.3,167.9,93.4,166.3,93.4,164.3z"},{"type":"ellipse","fill":"#D44B1D","stroke":"none","cx":53.8,"cy":148.4,"rx":0.5,"ry":0.5},{"type":"path","fill":"#A38978","stroke":"none","path":"M56.6,149.1C56.6,149.1,56.6,149.1,56.6,149.1C56.6,149.1,56.6,149.1,56.6,149.1L56.6,149.1\tC56.6,149.1,56.6,149.1,56.6,149.1c0.1-0.1,0.4,0,0.6,0.3c0.2,0.2,0.4,0.5,0.3,0.6c0,0,0,0,0,0l-5.1,5.4c-0.1,0.1-0.5-0.1-0.9-0.4\tc-0.3-0.4-0.5-0.7-0.4-0.9L56.6,149.1z"},{"type":"ellipse","fill":"#5AAC26","stroke":"none","cx":54.2,"cy":154.4,"rx":5.4,"ry":3.8},{"type":"ellipse","fill":"#A9CA6A","stroke":"none","cx":44.7,"cy":148.2,"rx":4.9,"ry":3.8},{"type":"ellipse","fill":"#5AAC26","stroke":"none","cx":46,"cy":153.4,"rx":6.9,"ry":4.2},{"type":"ellipse","fill":"#D9D9DA","stroke":"#FAF9F9","stroke-width":0.091495,"stroke-miterlimit":10,"cx":51.5,"cy":171.3,"rx":7.9,"ry":2.8},{"type":"path","fill":"#A38978","stroke":"none","path":"M50.1,150.2C50.1,150.2,50.1,150.2,50.1,150.2C50.1,150.2,50.1,150.2,50.1,150.2L50.1,150.2L50.1,150.2\tc0-0.2,0.5-0.4,1.2-0.4c0.7,0,1.2,0.2,1.2,0.4c0,0,0,0,0,0l0.6,20.8c0,0.3-0.8,0.6-1.7,0.6c-1,0-1.7-0.3-1.7-0.6L50.1,150.2z"},{"type":"ellipse","fill":"#5AAC26","stroke":"none","cx":34.1,"cy":148.4,"rx":4.9,"ry":3.5},{"type":"ellipse","fill":"#9DC351","stroke":"none","cx":22.5,"cy":145.3,"rx":4.5,"ry":3.5},{"type":"ellipse","fill":"#5AAC26","stroke":"none","cx":25,"cy":149.6,"rx":6.3,"ry":3.9},{"type":"ellipse","fill":"#DFDB00","stroke":"none","cx":28.5,"cy":140.9,"rx":5.2,"ry":4},{"type":"ellipse","fill":"#AEBD59","stroke":"none","cx":32.4,"cy":143.3,"rx":5.3,"ry":3.9},{"type":"ellipse","fill":"#D9D9DA","stroke":"#FAF9F9","stroke-width":0.091495,"stroke-miterlimit":10,"cx":29.1,"cy":165,"rx":7.2,"ry":2.6},{"type":"path","fill":"#A38978","stroke":"none","path":"M27.8,147.1c0,0,0.5-0.4,1.1-0.4c0.6,0,1.1,0.2,1.1,0.4c0,0,0.6,17.6,0.6,17.6c0,0.3-0.7,0.6-1.6,0.6\t\tc-0.9,0-1.6-0.3-1.6-0.6C27.4,164.7,27.8,147.5,27.8,147.1z"},{"type":"path","fill":"#C7D009","stroke":"none","path":"M23.1,146.4c0-2,1.9-3.7,4.3-3.7c2.4,0,4.3,1.6,4.3,3.7c0,2-1.9,3.7-4.3,3.7C25,150,23.1,148.4,23.1,146.4\t\tz"},{"type":"ellipse","fill":"#DFDB00","stroke":"none","cx":51.1,"cy":147.6,"rx":5.7,"ry":4.4},{"type":"ellipse","fill":"#AEBD59","stroke":"none","cx":55.6,"cy":150,"rx":5.8,"ry":4.3},{"type":"path","fill":"#B1B3B4","stroke":"none","path":"M132.2,95c-0.6-0.4-1.1-0.6-1.5-0.7c-0.4-0.1-0.8-0.2-1.3-0.1c0,0,0.1,1.6,1.4,2\t\tC130.8,96.2,132.2,96.4,132.2,95z"},{"type":"path","fill":"#B1B3B4","stroke":"none","path":"M130.8,93.8c-1.4-0.4-2.2-1.8-2.2-3.2c0-1.5,0.8-2.4,2.2-2c1.4,0.4,2.3,1.8,2.3,3.2\t\t\tC133,93.2,132.2,94.2,130.8,93.8z"},{"type":"path","fill":"#00A096","stroke":"none","path":"M128.2,101.2l5,1.2c0-0.1-0.1-2.7-0.2-3.6c0.3,0.9,0.4,1.8,0.5,2.8c0,0.3,0.1,0.6,0.1,0.9l1.9,0.4\t\t\t\tc-0.1-0.4-0.1-0.7-0.1-1.1c-0.1-1.1-0.3-2.3-0.7-3.4c-0.2-0.7-0.6-1.6-1.2-2.3c-0.3-0.4-0.8-0.9-1.5-1.2c-0.3-0.1,0,1-1.1,0.8\t\t\t\tc-1.1-0.3-1-1.4-1.2-1.4c-0.4,0-0.7,0-1,0c-0.4,0.1-0.9,0.2-1.3,0.5c-1.2,0.9-1.7,2.6-1.4,4.9c0.1,0.4,0.1,0.8,0.2,1.2\t\t\t\tL128.2,101.2z M128.4,96.7l0,0.7c0,0.2,0,0.5,0,0.8c-0.1,0.9-0.1,2.1-0.2,2.8c-0.1-0.4-0.2-0.8-0.3-1.2\t\t\t\tC127.8,98.9,127.7,97.6,128.4,96.7z"},{"type":"path","fill":"#5F4C3F","stroke":"none","path":"M128.5,90.6c0-1.5,0.8-2.4,2.2-2c1.4,0.4,2.3,1.8,2.3,3.2l-0.2,0c0,0-0.3-1.6-2.1-2.1\t\tc-1.9-0.5-2.1,1-2.1,1L128.5,90.6z"},{"type":"path","fill":"#5F4C3F","stroke":"none","path":"M130.2,90.9c0-0.2-0.1-0.4-0.2-0.4s-0.2,0.1-0.2,0.3s0.1,0.4,0.2,0.4S130.2,91.1,130.2,90.9z"},{"type":"path","fill":"#5F4C3F","stroke":"none","path":"M131.4,91.2c0-0.2-0.1-0.4-0.2-0.4c-0.1,0-0.2,0.1-0.2,0.3s0.1,0.4,0.2,0.4\tC131.3,91.6,131.4,91.4,131.4,91.2z"}]}