{"width":"226.1","height":"105.7","dx":"0","dy":"0","geometry":[{"type":"path","fill":"#707173","stroke":"none","path":"M112.6,94.3C51,94.3,0.8,76.4,0.8,54.4S51,14.6,112.6,14.6c61.6,0,111.8,17.9,111.8,39.9S174.2,94.3,112.6,94.3z"},{"type":"path","fill":"#989797","stroke":"none","path":"M224.3,56.2c-2.5,21.2-51.7,38.1-111.7,38.1C51,94.3,0.8,76.4,0.8,54.4c0-0.4,0-0.8,0.1-1.2l-0.4,0L0.2,65.5c0,22.2,51.1,40.2,112.9,40.2s111.8-18,111.8-40.2v-9.4L224.3,56.2z"},{"type":"ellipse","fill":"none","stroke":"#B3B3B3","stroke-width":0.9996,"stroke-miterlimit":10,"cx":112.7,"cy":54.1,"rx":112.1,"ry":39.9},{"type":"path","fill":"#FFFFFF","stroke":"none","path":"M221.4,45.2 220.8,44.4 188.1,56.6 146.2,49.1 186.7,34.1 186.4,33.1 144.3,48.8 102.5,41.4 \t143.3,26.2 142.9,25.2 100.6,41 100.6,41 58.7,33.6 99.8,18.3 99.4,17.4 57.1,33.1 57.2,33.3 28.6,28.3 26.7,29 221.1,63.4 \t221.7,62.5 190,56.9 \tz"},{"type":"path","fill":"#FFFFFF","stroke":"none","path":"M3.2,61.6 33.5,50.3 33.8,51.3 3.7,62.5 \tz"},{"type":"path","fill":"#FFFFFF","stroke":"none","path":"M12.1,71 134.3,92.7 138.2,92.4 124,89.9 164.2,74.9 163.8,74 122.1,89.5 80.2,82.1 120.7,67 \t120.4,66.1 78.3,81.7 36.5,74.3 77.3,59.1 76.9,58.2 34.6,74 34.6,74 10.5,69.7 \tz"},{"type":"path","fill":"#84D0F0","stroke":"none","path":"M167.8,19.7 164.7,32 158.1,38.7 158.1,46.4 182.2,50.7 182.2,43.1 188.8,36.4 191.6,24 z"},{"type":"ellipse","fill":"#CECE8E","stroke":"none","transform":"t127.6113,222.5208r-87.9918,0,0","cx":179,"cy":45.2,"rx":2.2,"ry":1.1},{"type":"ellipse","fill":"#CECE8E","stroke":"none","transform":"t113.6167,201.6694r-87.9918,0,0","cx":161.2,"cy":42,"rx":2.2,"ry":1.1},{"type":"path","fill":"#A9C2E1","stroke":"none","path":"M167.3,32.4 170.2,21.9 188.1,25 185.6,35.7 z"},{"type":"path","fill":"#6F7072","stroke":"none","opacity":0.2,"path":"M171.6,22.1 188.1,25 185.6,35.7 z"},{"type":"path","fill":"#B1B3B4","stroke":"none","path":"M164,41.5 164,43.8 176.3,45.9 176.3,43.6 z"},{"type":"path","fill":"#88888A","stroke":"none","path":"M158.1,45.4 158.1,46.6 182.3,50.8 182.3,49.6 z"},{"type":"path","fill":"#75BAD7","stroke":"none","path":"M208.5,17.7 191.6,24 188.8,36.4 182.2,43.1 182.2,50.7 212.5,39.6 212.5,28.8 z"},{"type":"path","fill":"#58585A","stroke":"none","path":"M188.6,52.1c-0.7,0-1.3-1.3-1.6-3.1l1.4-0.6c0-2.9,0.8-5.2,1.7-5.2l1,0.1v9.3L188.6,52.1z"},{"type":"ellipse","fill":"#88888A","stroke":"none","cx":191.1,"cy":47.9,"rx":1.7,"ry":4.6},{"type":"path","fill":"#58585A","stroke":"none","path":"M206.7,45.4c-0.7,0-1.3-1.3-1.6-3.1l1.4-0.6c0-2.9,0.8-5.2,1.7-5.2l1,0.1v9.3L206.7,45.4z"},{"type":"ellipse","fill":"#88888A","stroke":"none","cx":209.2,"cy":41.3,"rx":1.7,"ry":4.6},{"type":"path","fill":"#90A5C1","stroke":"none","path":"M191.5,35.9 202.1,32 202.2,22.7 194.3,25.6 z"},{"type":"path","fill":"#90A5C1","stroke":"none","path":"M203.7,22.3 203.7,31.6 208,30 205.9,21.4 z"},{"type":"path","fill":"#84D0F0","stroke":"none","path":"M184.3,13.4 167.7,19.7 191.6,24 208.5,17.7 z"},{"type":"path","fill":"#6F7072","stroke":"none","opacity":0.2,"path":"M191.6,24 208.5,17.7 184.3,13.4 z"},{"type":"path","fill":"#EBEBED","stroke":"none","path":"M193.4,34.7 195,34.2 192,33.6 190.5,34.2 \tz"},{"type":"path","fill":"#88888A","stroke":"none","path":"M193.4,34.7 190.5,34.2 190.1,36.1 193.4,36.5 \tz"},{"type":"path","fill":"#88888A","stroke":"none","path":"M193.4,36.5 193.4,34.7 195,34.2 195,36 \tz"},{"type":"path","fill":"#D0A399","stroke":"none","path":"M80.2,5.7 77.4,16.9 71.3,23.1 71.3,30.1 93.3,34 93.3,27 99.3,21 101.9,9.7 z"},{"type":"ellipse","fill":"#F6F6F6","stroke":"none","transform":"t58.3173,118.2844r-87.9939,0,0","cx":90.4,"cy":28.9,"rx":2,"ry":1},{"type":"ellipse","fill":"#F6F6F6","stroke":"none","transform":"t45.565,99.2861r-87.9934,0,0","cx":74.2,"cy":26,"rx":2,"ry":1},{"type":"path","fill":"#A9C2E1","stroke":"none","path":"M79.7,17.3 82.4,7.8 98.7,10.6 96.4,20.3 z"},{"type":"path","fill":"#6F7072","stroke":"none","opacity":0.2,"path":"M83.7,7.9 98.7,10.6 96.4,20.3 z"},{"type":"path","fill":"#B1B3B4","stroke":"none","path":"M76.8,25.6 76.8,28.3 87.9,30.3 87.9,27.6 z"},{"type":"path","fill":"#88888A","stroke":"none","path":"M71.3,29.1 71.3,30.2 93.3,34.1 93.3,33 z"},{"type":"path","fill":"#B89189","stroke":"none","path":"M117.3,3.9 101.9,9.7 99.3,21 93.3,27 93.3,34 120.9,23.9 120.9,14 z"},{"type":"path","fill":"#58585A","stroke":"none","path":"M99.1,35.2c-0.7,0-1.2-1.2-1.4-2.8l1.3-0.6c0-2.7,0.7-4.7,1.5-4.7l0.9,0.1v8.5L99.1,35.2z"},{"type":"ellipse","fill":"#88888A","stroke":"none","cx":101.4,"cy":31.4,"rx":1.5,"ry":4.2},{"type":"path","fill":"#58585A","stroke":"none","path":"M115.7,29.2c-0.7,0-1.2-1.2-1.4-2.8l1.3-0.6c0-2.7,0.7-4.7,1.5-4.7l0.9,0.1v8.5L115.7,29.2z"},{"type":"ellipse","fill":"#88888A","stroke":"none","cx":117.9,"cy":25.4,"rx":1.5,"ry":4.2},{"type":"path","fill":"#90A5C1","stroke":"none","path":"M101.8,20.5 111.4,17 111.5,8.5 104.3,11.1 z"},{"type":"path","fill":"#90A5C1","stroke":"none","path":"M112.9,8.1 112.9,16.6 116.8,15.1 114.8,7.3 z"},{"type":"path","fill":"#D0A399","stroke":"none","path":"M95.2,0 80.1,5.7 101.9,9.7 117.3,3.9 z"},{"type":"path","fill":"#6F7072","stroke":"none","opacity":0.2,"path":"M101.9,9.7 117.3,3.9 95.2,0 z"},{"type":"path","fill":"#EBEBED","stroke":"none","path":"M103.5,19.4 105,18.9 102.2,18.4 100.9,18.9 \tz"},{"type":"path","fill":"#88888A","stroke":"none","path":"M103.5,19.4 100.9,18.9 100.5,20.7 103.5,21.1 \tz"},{"type":"path","fill":"#88888A","stroke":"none","path":"M103.5,21.1 103.5,19.4 105,18.9 105,20.6 \tz"},{"type":"path","fill":"#EBEBED","stroke":"none","path":"M117.4,13.9 114.5,25.1 108.5,31.3 108.5,38.3 130.5,42.2 130.5,35.2 136.5,29.2 139.1,17.9 z"},{"type":"ellipse","fill":"#F6F6F6","stroke":"none","transform":"t86.0017,163.3852r-87.9939,0,0","cx":127.6,"cy":37.2,"rx":2,"ry":1},{"type":"ellipse","fill":"#F6F6F6","stroke":"none","transform":"t73.2491,144.3868r-87.9934,0,0","cx":111.4,"cy":34.3,"rx":2,"ry":1},{"type":"path","fill":"#A9C2E1","stroke":"none","path":"M116.9,25.5 119.6,16 135.9,18.8 133.6,28.5 z"},{"type":"path","fill":"#6F7072","stroke":"none","opacity":0.2,"path":"M120.9,16.2 135.9,18.8 133.6,28.5 z"},{"type":"path","fill":"#B1B3B4","stroke":"none","path":"M114,33.8 114,36.5 125.1,38.5 125.1,35.8 z"},{"type":"path","fill":"#88888A","stroke":"none","path":"M108.5,37.4 108.5,38.5 130.5,42.3 130.5,41.2 z"},{"type":"path","fill":"#B1B3B4","stroke":"none","path":"M154.5,12.1 139.1,17.9 136.5,29.2 130.5,35.2 130.5,42.2 158.1,32.1 158.1,22.2 z"},{"type":"path","fill":"#58585A","stroke":"none","path":"M136.3,43.4c-0.7,0-1.2-1.2-1.4-2.8l1.3-0.6c0-2.7,0.7-4.7,1.5-4.7l0.9,0.1v8.5L136.3,43.4z"},{"type":"ellipse","fill":"#88888A","stroke":"none","cx":138.6,"cy":39.7,"rx":1.5,"ry":4.2},{"type":"path","fill":"#58585A","stroke":"none","path":"M152.8,37.4c-0.7,0-1.2-1.2-1.4-2.8l1.3-0.6c0-2.7,0.7-4.7,1.5-4.7l0.9,0.1v8.5L152.8,37.4z"},{"type":"ellipse","fill":"#88888A","stroke":"none","cx":155.1,"cy":33.6,"rx":1.5,"ry":4.2},{"type":"path","fill":"#90A5C1","stroke":"none","path":"M139,28.7 148.6,25.2 148.7,16.7 141.5,19.3 z"},{"type":"path","fill":"#90A5C1","stroke":"none","path":"M150.1,16.3 150,24.8 154,23.3 152,15.5 z"},{"type":"path","fill":"#EBEBED","stroke":"none","path":"M132.4,8.2 117.3,13.9 139.1,17.9 154.5,12.1 z"},{"type":"path","fill":"#6F7072","stroke":"none","opacity":0.2,"path":"M139.1,17.9 154.5,12.1 132.4,8.2 z"},{"type":"path","fill":"#EBEBED","stroke":"none","path":"M140.7,27.6 142.2,27.1 139.4,26.6 138.1,27.1 \tz"},{"type":"path","fill":"#88888A","stroke":"none","path":"M140.7,27.6 138.1,27.1 137.7,28.9 140.7,29.3 \tz"},{"type":"path","fill":"#88888A","stroke":"none","path":"M140.7,29.3 140.7,27.6 142.2,27.1 142.2,28.8 \tz"},{"type":"path","fill":"#84D0F0","stroke":"none","path":"M16.7,40.7 13.9,51.9 7.9,58 7.9,65 29.9,69 29.9,62 35.9,56 38.5,44.7 z"},{"type":"ellipse","fill":"#F6F6F6","stroke":"none","transform":"t-37.8624,88.6398r-87.9939,0,0","cx":27,"cy":63.9,"rx":2,"ry":1},{"type":"ellipse","fill":"#F6F6F6","stroke":"none","transform":"t-50.6141,69.6412r-87.9934,0,0","cx":10.8,"cy":61,"rx":2,"ry":1},{"type":"path","fill":"#A9C2E1","stroke":"none","path":"M16.3,52.3 18.9,42.7 35.2,45.6 32.9,55.3 z"},{"type":"path","fill":"#6F7072","stroke":"none","opacity":0.2,"path":"M20.2,42.9 35.2,45.6 32.9,55.3 z"},{"type":"path","fill":"#B1B3B4","stroke":"none","path":"M13.3,60.6 13.3,63.3 24.5,65.2 24.5,62.5 z"},{"type":"path","fill":"#88888A","stroke":"none","path":"M7.9,64.1 7.9,65.2 29.9,69.1 29.9,68 z"},{"type":"path","fill":"#75BAD7","stroke":"none","path":"M53.8,38.9 38.5,44.7 35.9,56 29.9,62 29.9,69 57.5,58.8 57.5,49 z"},{"type":"path","fill":"#58585A","stroke":"none","path":"M35.7,70.2c-0.7,0-1.2-1.2-1.4-2.8l1.3-0.6c0-2.7,0.7-4.7,1.5-4.7l0.9,0.1v8.5L35.7,70.2z"},{"type":"ellipse","fill":"#88888A","stroke":"none","cx":38,"cy":66.4,"rx":1.5,"ry":4.2},{"type":"path","fill":"#58585A","stroke":"none","path":"M52.2,64.2c-0.7,0-1.2-1.2-1.4-2.8l1.3-0.6c0-2.7,0.7-4.7,1.5-4.7l0.9,0.1v8.5L52.2,64.2z"},{"type":"ellipse","fill":"#88888A","stroke":"none","cx":54.5,"cy":60.4,"rx":1.5,"ry":4.2},{"type":"path","fill":"#90A5C1","stroke":"none","path":"M38.4,55.5 48,51.9 48,43.5 40.9,46.1 z"},{"type":"path","fill":"#90A5C1","stroke":"none","path":"M49.4,43 49.4,51.6 53.4,50.1 51.4,42.3 z"},{"type":"path","fill":"#84D0F0","stroke":"none","path":"M31.8,35 16.7,40.7 38.5,44.7 53.8,38.9 z"},{"type":"path","fill":"#6F7072","stroke":"none","opacity":0.2,"path":"M38.5,44.7 53.8,38.9 31.8,35 z"},{"type":"path","fill":"#EBEBED","stroke":"none","path":"M40.1,54.4 41.5,53.9 38.8,53.4 37.4,53.9 \tz"},{"type":"path","fill":"#88888A","stroke":"none","path":"M40.1,54.4 37.4,53.9 37.1,55.6 40.1,56.1 \tz"},{"type":"path","fill":"#88888A","stroke":"none","path":"M40.1,56.1 40.1,54.4 41.5,53.9 41.6,55.6 \tz"},{"type":"path","fill":"#EBD958","stroke":"none","path":"M62.4,46.9 59.6,58.1 53.5,64.2 53.5,71.2 75.5,75.2 75.5,68.2 81.5,62.2 84.1,50.8 z"},{"type":"ellipse","fill":"#F6F6F6","stroke":"none","transform":"t0.001029968,140.2315r-87.9939,0,0","cx":72.6,"cy":70.1,"rx":2,"ry":1},{"type":"ellipse","fill":"#F6F6F6","stroke":"none","transform":"t-12.7049,121.2807r-87.9934,0,0","cx":56.4,"cy":67.2,"rx":2,"ry":1},{"type":"path","fill":"#A9C2E1","stroke":"none","path":"M61.9,58.4 64.6,48.9 80.9,51.8 78.6,61.4 z"},{"type":"path","fill":"#6F7072","stroke":"none","opacity":0.2,"path":"M65.9,49.1 80.9,51.8 78.6,61.4 z"},{"type":"path","fill":"#B1B3B4","stroke":"none","path":"M59,66.8 59,69.5 70.1,71.4 70.1,68.7 z"},{"type":"path","fill":"#88888A","stroke":"none","path":"M53.5,70.3 53.5,71.4 75.5,75.3 75.5,74.2 z"},{"type":"path","fill":"#DAB722","stroke":"none","path":"M99.5,45.1 84.1,50.8 81.5,62.2 75.5,68.2 75.5,75.2 103.1,65 103.1,55.2 z"},{"type":"path","fill":"#58585A","stroke":"none","path":"M81.4,76.4c-0.7,0-1.2-1.2-1.4-2.8l1.3-0.6c0-2.7,0.7-4.7,1.5-4.7l0.9,0.1v8.5L81.4,76.4z"},{"type":"ellipse","fill":"#88888A","stroke":"none","cx":83.6,"cy":72.6,"rx":1.5,"ry":4.2},{"type":"path","fill":"#58585A","stroke":"none","path":"M97.9,70.4c-0.7,0-1.2-1.2-1.4-2.8l1.3-0.6c0-2.7,0.7-4.7,1.5-4.7l0.9,0.1v8.5L97.9,70.4z"},{"type":"ellipse","fill":"#88888A","stroke":"none","cx":100.1,"cy":66.6,"rx":1.5,"ry":4.2},{"type":"path","fill":"#90A5C1","stroke":"none","path":"M84,61.7 93.6,58.1 93.7,49.6 86.5,52.2 z"},{"type":"path","fill":"#90A5C1","stroke":"none","path":"M95.1,49.2 95.1,57.8 99,56.3 97.1,48.5 z"},{"type":"path","fill":"#EBD958","stroke":"none","path":"M77.5,41.2 62.3,46.9 84.1,50.8 99.5,45.1 z"},{"type":"path","fill":"#6F7072","stroke":"none","opacity":0.2,"path":"M84.1,50.8 99.5,45.1 77.5,41.2 z"},{"type":"path","fill":"#EBEBED","stroke":"none","path":"M85.7,60.6 87.2,60.1 84.5,59.6 83.1,60.1 \tz"},{"type":"path","fill":"#88888A","stroke":"none","path":"M85.7,60.6 83.1,60.1 82.7,61.8 85.7,62.2 \tz"},{"type":"path","fill":"#88888A","stroke":"none","path":"M85.7,62.2 85.7,60.6 87.2,60.1 87.2,61.8 \tz"},{"type":"path","fill":"#EBEBED","stroke":"none","path":"M102.5,53.1 99.4,65.3 92.8,72.1 92.8,79.8 116.9,84.1 116.9,76.4 123.5,69.8 126.3,57.4 z"},{"type":"ellipse","fill":"#CECE8E","stroke":"none","transform":"t31.2275,189.4695r-87.9918,0,0","cx":113.7,"cy":78.6,"rx":2.2,"ry":1.1},{"type":"ellipse","fill":"#CECE8E","stroke":"none","transform":"t17.2329,168.6182r-87.9918,0,0","cx":95.9,"cy":75.4,"rx":2.2,"ry":1.1},{"type":"path","fill":"#A9C2E1","stroke":"none","path":"M102,65.8 104.9,55.3 122.8,58.4 120.3,69 z"},{"type":"path","fill":"#6F7072","stroke":"none","opacity":0.2,"path":"M106.3,55.5 122.8,58.4 120.3,69 z"},{"type":"path","fill":"#B1B3B4","stroke":"none","path":"M98.7,74.9 98.7,77.2 111,79.3 111,77 z"},{"type":"path","fill":"#88888A","stroke":"none","path":"M92.8,78.8 92.8,80 116.9,84.2 116.9,83 z"},{"type":"path","fill":"#B1B3B4","stroke":"none","path":"M143.2,51.1 126.3,57.4 123.5,69.8 116.9,76.4 116.9,84.1 147.2,73 147.2,62.2 z"},{"type":"path","fill":"#58585A","stroke":"none","path":"M123.3,85.5c-0.7,0-1.3-1.3-1.6-3.1l1.4-0.6c0-2.9,0.8-5.2,1.7-5.2l1,0.1v9.3L123.3,85.5z"},{"type":"ellipse","fill":"#88888A","stroke":"none","cx":125.8,"cy":81.3,"rx":1.7,"ry":4.6},{"type":"path","fill":"#58585A","stroke":"none","path":"M141.4,78.8c-0.7,0-1.3-1.3-1.6-3.1l1.4-0.6c0-2.9,0.8-5.2,1.7-5.2l1,0.1v9.3L141.4,78.8z"},{"type":"ellipse","fill":"#88888A","stroke":"none","cx":143.9,"cy":74.7,"rx":1.7,"ry":4.6},{"type":"path","fill":"#90A5C1","stroke":"none","path":"M126.2,69.3 136.8,65.4 136.9,56.1 129,58.9 z"},{"type":"path","fill":"#90A5C1","stroke":"none","path":"M138.4,55.6 138.4,65 142.7,63.3 140.5,54.8 z"},{"type":"path","fill":"#CABCAF","stroke":"none","path":"M119,46.8 102.4,53.1 126.3,57.4 143.2,51.1 z"},{"type":"path","fill":"#6F7072","stroke":"none","opacity":0.2,"path":"M126.3,57.4 143.2,51.1 119,46.8 z"},{"type":"path","fill":"#EBEBED","stroke":"none","path":"M128.1,68.1 129.7,67.5 126.7,67 125.2,67.5 \tz"},{"type":"path","fill":"#88888A","stroke":"none","path":"M128.1,68.1 125.2,67.5 124.8,69.5 128.1,69.9 \tz"},{"type":"path","fill":"#88888A","stroke":"none","path":"M128.1,69.9 128.1,68.1 129.7,67.5 129.7,69.4 \tz"}]}