{
	"width":"225",
	"height":"130",
	"dx":10.5,
	"dy":10,
	"geometry": [{"type":"path","fill":"#FAF9F9","stroke":"none","path":"M235.1,83.1c0,22.2-50,40.2-111.8,40.2c-61.7,0-111.8-18-111.8-40.2c0-22.2,50-40.2,111.8-40.2C185,43,235.1,60.9,235.1,83.1z"},{"type":"path","fill":"#969696","stroke":"none","path":"M10.5,82.6v12.9c0,13.7,29.6,39.5,115.6,39.5c63.7,0,109.1-20.9,109.1-39.1V85.5c-1.3,18-47.1,38.1-109,38.1C38.3,123.6,9.7,96.6,10.5,82.6z"},{"type":"ellipse","fill":"none","stroke":"#B2B1B1","stroke-width":0.9996,"stroke-miterlimit":10,"cx":123,"cy":83.4,"rx":112.1,"ry":39.9},{"type":"path","fill":"#969696","stroke":"none","path":"M11.8,80.2L11.8,80.2L11.8,80.2C11.8,80.2,11.8,80.2,11.8,80.2z"},{"type":"path","fill":"#B0B1B2","stroke":"none","path":"M137.3,104.3 194.1,83.6 194.1,42.5 137.3,63.2 z"},{"type":"path","fill":"#9B8878","stroke":"none","path":"M194.1,42.5 167.4,21.7 153.3,26.8 140.7,16.9 126.6,22.1 114,12.2 57.3,32.9 84,53.8 98,48.6 110.6,58.5 124.7,53.4 137.3,63.2 z"},{"type":"path","fill":"#D8D8D9","stroke":"none","path":"M57.3,49 57.3,32.9 84,53.8 84,37.6 110.6,58.5 110.7,42.4 137.3,63.2 137.3,104.3 57.3,90 z"},{"type":"path","fill":"#878788","stroke":"none","path":"M160.7,76.4c0-2.8,3-6.4,8.9-8.2c2.2-0.7,7.2-0.5,7.2,2.4v19.3l-16.1,5.8L160.7,76.4z"},{"type":"path","fill":"#AFC0DF","stroke":"none","path":"M125.6,92 125.6,71.4 114.4,69.5 114.4,90 z"},{"type":"path","fill":"#AFC0DF","stroke":"none","path":"M101,87.5 101,67 89.8,65 89.8,85.5 z"},{"type":"path","fill":"#AFC0DF","stroke":"none","path":"M76.4,83 76.4,62.5 65.2,60.5 65.2,81.1 z"},{"type":"ellipse","fill":"#78AA38","stroke":"none","cx":66,"cy":75.1,"rx":7.3,"ry":5.1},{"type":"ellipse","fill":"#97BA5E","stroke":"none","cx":48.7,"cy":70.5,"rx":6.6,"ry":5.2},{"type":"ellipse","fill":"#78AA38","stroke":"none","cx":52.4,"cy":76.9,"rx":9.3,"ry":5.7},{"type":"ellipse","fill":"#DDDA16","stroke":"none","cx":57.6,"cy":64,"rx":7.8,"ry":6},{"type":"ellipse","fill":"#B1BB60","stroke":"none","cx":63.4,"cy":67.7,"rx":7.8,"ry":5.9},{"type":"ellipse","fill":"#D8D8D9","stroke":"#FAF9F9","stroke-width":0.0915,"stroke-miterlimit":10,"cx":59.9,"cy":103.7,"rx":10.7,"ry":3.8},{"type":"path","fill":"#9B8878","stroke":"none","path":"M57.9,75.1C57.9,75.1,57.9,75.1,57.9,75.1C57.9,75.1,57.9,75.1,57.9,75.1L57.9,75.1C57.9,75.1,57.9,75.1,57.9,75.1c0-0.3,0.7-0.6,1.6-0.6c0.9,0,1.6,0.3,1.6,0.6c0,0,0,0,0,0l0.9,28.1c0,0.5-1.1,0.8-2.4,0.8c-1.3,0-2.3-0.4-2.4-0.8L57.9,75.1z"},{"type":"path","fill":"#9B8878","stroke":"none","path":"M66.8,73.6C66.8,73.6,66.8,73.6,66.8,73.6C66.8,73.6,66.8,73.6,66.8,73.6L66.8,73.6C66.8,73.6,66.8,73.6,66.8,73.6c0.1-0.1,0.5,0.1,0.8,0.4c0.3,0.3,0.5,0.7,0.4,0.8c0,0,0,0,0,0l-6.9,7.3c-0.2,0.2-0.7-0.1-1.2-0.6c-0.5-0.5-0.7-1-0.5-1.2L66.8,73.6z"},{"type":"path","fill":"#C8CF33","stroke":"none","path":"M49.6,72.2c0-3,2.8-5.4,6.3-5.4c3.5,0,6.3,2.4,6.3,5.4c0,3-2.8,5.4-6.3,5.4C52.5,77.6,49.6,75.2,49.6,72.2z"},{"type":"ellipse","fill":"#78AA38","stroke":"none","cx":206.3,"cy":67.5,"rx":6.4,"ry":4.5},{"type":"ellipse","fill":"#97BA5E","stroke":"none","cx":191.1,"cy":63.5,"rx":5.8,"ry":4.6},{"type":"ellipse","fill":"#78AA38","stroke":"none","cx":194.3,"cy":69.1,"rx":8.2,"ry":5},{"type":"ellipse","fill":"#DDDA16","stroke":"none","cx":198.9,"cy":57.8,"rx":6.8,"ry":5.3},{"type":"ellipse","fill":"#97BA5E","stroke":"none","cx":204.1,"cy":61,"rx":6.9,"ry":5.1},{"type":"path","fill":"#D8D8D9","stroke":"#FAF9F9","stroke-width":0.0804,"stroke-miterlimit":10,"path":"M191.5,92.6c0,1.9,4.2,3.4,9.4,3.4c5.2,0,9.4-1.5,9.4-3.4c0-1.9-4.2-3.4-9.4-3.4C195.7,89.3,191.5,90.8,191.5,92.6z"},{"type":"path","fill":"#9B8878","stroke":"none","path":"M199.2,67.5C199.2,67.5,199.2,67.5,199.2,67.5C199.2,67.5,199.2,67.5,199.2,67.5L199.2,67.5L199.2,67.5c0-0.3,0.6-0.5,1.4-0.5c0.8,0,1.4,0.2,1.4,0.5c0,0,0,0,0,0l0.8,24.7c0,0.4-0.9,0.7-2.1,0.7c-1.1,0-2.1-0.3-2.1-0.7L199.2,67.5z"},{"type":"path","fill":"#9B8878","stroke":"none","path":"M204.9,68.4c0,0,0.4,0.1,0.7,0.4c0.3,0.3,0.3,0.7,0.3,0.7l-4,4.3c-0.2,0.1-0.6-0.1-1-0.5c-0.4-0.4-0.6-0.9-0.5-1L204.9,68.4z"},{"type":"ellipse","fill":"#C8CF33","stroke":"none","cx":197.5,"cy":65,"rx":5.6,"ry":4.8}]
}