{"width":"224.9","height":"153.5","dx":"0","dy":"0","geometry":[{"type":"path","fill":"#FDFCFC","stroke":"#B6B5B4","stroke-width":0.9996,"stroke-miterlimit":10,"path":"M0.5,80.4c-0.1-0.6-0.1-1.1-0.1-1.7c0-22,50.2-39.9,112.1-39.9c61.9,0,112.1,17.9,112.1,39.9c0,13.5-18.9,25.5-47.8,32.7L0.5,80.4z"},{"type":"path","fill":"#EDE1C3","stroke":"none","path":"M40.2,59.6 51.4,61.6 62.5,57.5 51.3,55.5 \tz"},{"type":"path","fill":"#EDE1C3","stroke":"none","path":"M145,56.9 156.2,58.9 167.4,54.8 156.2,52.8 \tz"},{"type":"path","fill":"#EDE1C3","stroke":"none","path":"M102,64.5 90.8,62.5 79.6,66.6 90.8,68.6 \tz"},{"type":"path","fill":"#EDE1C3","stroke":"none","path":"M88.8,62.1 77.6,60.1 66.5,64.2 77.7,66.2 \tz"},{"type":"path","fill":"#EDE1C3","stroke":"none","path":"M128.3,69.2 117.1,67.2 105.9,71.3 117.1,73.3 \tz"},{"type":"path","fill":"#EDE1C3","stroke":"none","path":"M141.5,71.5 130.3,69.5 119.1,73.6 130.3,75.6 \tz"},{"type":"path","fill":"#EDE1C3","stroke":"none","path":"M75.7,59.8 64.5,57.8 53.3,61.9 64.5,63.9 \tz"},{"type":"path","fill":"#EDE1C3","stroke":"none","path":"M92.4,47.6 103.6,49.6 114.7,45.5 103.5,43.5 \tz"},{"type":"path","fill":"#EDE1C3","stroke":"none","path":"M105.5,49.9 116.7,51.9 127.9,47.8 116.7,45.8 \tz"},{"type":"path","fill":"#EDE1C3","stroke":"none","path":"M118.7,52.2 129.9,54.2 141,50.1 129.8,48.2 \tz"},{"type":"path","fill":"#EDE1C3","stroke":"none","path":"M66.2,50 77.4,52 88.6,47.9 77.4,45.9 \tz"},{"type":"path","fill":"#EDE1C3","stroke":"none","path":"M79.2,45.2 90.4,47.2 101.6,43.1 90.4,41.1 \tz"},{"type":"path","fill":"#EDE1C3","stroke":"none","path":"M53.2,54.8 64.4,56.8 75.6,52.7 64.4,50.7 \tz"},{"type":"path","fill":"#EDE1C3","stroke":"none","path":"M131.8,54.6 143,56.6 154.2,52.5 143,50.5 \tz"},{"type":"path","fill":"#EDE1C3","stroke":"none","path":"M222.2,70.6c-0.9-1.6-2.1-3.3-3.5-4.8l-7.9,2.9l11.2,2L222.2,70.6z"},{"type":"path","fill":"#EDE1C3","stroke":"none","path":"M208.7,61.2l3.3-1.2c-1.9-1.3-4-2.6-6.2-3.8l-8.2,3L208.7,61.2z"},{"type":"path","fill":"#EDE1C3","stroke":"none","path":"M215,62.3c-0.7-0.5-1.4-1.1-2.1-1.6l-2.3,0.8L215,62.3z"},{"type":"path","fill":"#EDE1C3","stroke":"none","path":"M184.3,56.8l11.2,2l9-3.3c-1.2-0.6-2.4-1.2-3.7-1.8l-5.3-1L184.3,56.8z"},{"type":"path","fill":"#EDE1C3","stroke":"none","path":"M171.2,54.5 182.4,56.5 193.5,52.4 182.3,50.4 \tz"},{"type":"path","fill":"#EDE1C3","stroke":"none","path":"M158,52.2 169.2,54.2 180.4,50.1 169.2,48.1 \tz"},{"type":"path","fill":"#EDE1C3","stroke":"none","path":"M194.1,80.9 182.9,78.9 171.7,83 182.9,85 \tz"},{"type":"path","fill":"#EDE1C3","stroke":"none","path":"M180.9,78.6 169.7,76.6 158.6,80.7 169.8,82.6 \tz"},{"type":"path","fill":"#EDE1C3","stroke":"none","path":"M154.6,73.9 143.4,71.9 132.3,76 143.5,78 \tz"},{"type":"path","fill":"#EDE1C3","stroke":"none","path":"M167.8,76.2 156.6,74.2 145.4,78.3 156.6,80.3 \tz"},{"type":"path","fill":"#EDE1C3","stroke":"none","path":"M220.1,71.3 208.9,69.3 197.7,73.4 208.9,75.4 \tz"},{"type":"path","fill":"#EDE1C3","stroke":"none","path":"M195.9,74.1 184.7,78.2 195.9,80.2 207.1,76.1 \tz"},{"type":"path","fill":"#EDE1C3","stroke":"none","path":"M207.2,83.2 196,81.2 184.9,85.3 196.1,87.3 \tz"},{"type":"path","fill":"#EDE1C3","stroke":"none","path":"M180.8,71.4 169.6,69.4 158.4,73.5 169.6,75.5 \tz"},{"type":"path","fill":"#EDE1C3","stroke":"none","path":"M145.1,64.1 156.3,66.1 167.5,62 156.3,60 \tz"},{"type":"path","fill":"#EDE1C3","stroke":"none","path":"M92.5,54.7 103.7,56.7 114.9,52.6 103.7,50.6 \tz"},{"type":"path","fill":"#EDE1C3","stroke":"none","path":"M158.3,66.4 169.5,68.4 180.6,64.3 169.4,62.3 \tz"},{"type":"path","fill":"#EDE1C3","stroke":"none","path":"M132,61.7 143.2,63.7 154.3,59.6 143.1,57.6 \tz"},{"type":"path","fill":"#EDE1C3","stroke":"none","path":"M118.8,59.4 130,61.4 141.2,57.3 130,55.3 \tz"},{"type":"path","fill":"#EDE1C3","stroke":"none","path":"M105.7,57 116.9,59 128,54.9 116.8,52.9 \tz"},{"type":"path","fill":"#EDE1C3","stroke":"none","path":"M193.8,66.6 182.6,64.7 171.4,68.7 182.6,70.7 \tz"},{"type":"path","fill":"#EDE1C3","stroke":"none","path":"M23.4,64.7l-11.2-2l-4.5,1.7c-1,1-2,2.1-2.8,3.1l7.4,1.3L23.4,64.7z"},{"type":"path","fill":"#EDE1C3","stroke":"none","path":"M36.4,59.9 25.2,57.9 14,62 25.2,64 \tz"},{"type":"path","fill":"#EDE1C3","stroke":"none","path":"M12.3,69.8l-10.9,4c-0.5,1.5-0.7,3-0.7,4.5c0,0.6,0,1.2,0.1,1.8l22.7-8.3L12.3,69.8z"},{"type":"path","fill":"#EDE1C3","stroke":"none","path":"M103.5,42.4l11.2-4.1l-1.1-0.2c-0.4,0-0.7,0-1.1,0c-5.1,0-10,0.1-14.9,0.4l-5.3,1.9L103.5,42.4z"},{"type":"path","fill":"#EDE1C3","stroke":"none","path":"M158.2,59.3 169.3,61.3 180.5,57.2 169.3,55.2 \tz"},{"type":"path","fill":"#EDE1C3","stroke":"none","path":"M77.3,44.9l11.2-4.1l-6.4-1.1c-3.7,0.4-7.2,0.8-10.7,1.3l-5.3,1.9L77.3,44.9z"},{"type":"path","fill":"#EDE1C3","stroke":"none","path":"M197.6,66.3l11.2,2l9.1-3.3c-0.5-0.5-0.9-0.9-1.4-1.4l-7.7-1.4L197.6,66.3z"},{"type":"path","fill":"#EDE1C3","stroke":"none","path":"M206.9,69 195.7,67 184.6,71.1 195.8,73.1 \tz"},{"type":"path","fill":"#EDE1C3","stroke":"none","path":"M193.9,73.8 182.7,71.8 171.6,75.9 182.8,77.9 \tz"},{"type":"path","fill":"#EDE1C3","stroke":"none","path":"M144.9,49.8 156.1,51.8 167.2,47.7 156,45.7 \tz"},{"type":"path","fill":"#EDE1C3","stroke":"none","path":"M79.4,52.3 90.6,54.3 101.7,50.2 90.5,48.2 \tz"},{"type":"path","fill":"#EDE1C3","stroke":"none","path":"M167.6,69.1 156.4,67.1 145.3,71.2 156.5,73.2 \tz"},{"type":"path","fill":"#EDE1C3","stroke":"none","path":"M184.5,64 195.7,66 206.8,61.9 195.6,59.9 \tz"},{"type":"path","fill":"#EDE1C3","stroke":"none","path":"M171.3,61.6 182.5,63.6 193.7,59.5 182.5,57.5 \tz"},{"type":"path","fill":"#EDE1C3","stroke":"none","path":"M115,59.7 103.8,57.7 92.7,61.8 103.9,63.8 \tz"},{"type":"path","fill":"#EDE1C3","stroke":"none","path":"M154.5,66.7 143.3,64.7 132.1,68.8 143.3,70.8 \tz"},{"type":"path","fill":"#EDE1C3","stroke":"none","path":"M66.4,57.1 77.6,59.1 88.7,55 77.5,53 \tz"},{"type":"path","fill":"#EDE1C3","stroke":"none","path":"M101.9,57.4 90.7,55.4 79.5,59.5 90.7,61.5 \tz"},{"type":"path","fill":"#EDE1C3","stroke":"none","path":"M128.2,62.1 117,60.1 105.8,64.2 117,66.1 \tz"},{"type":"path","fill":"#EDE1C3","stroke":"none","path":"M141.3,64.4 130.1,62.4 119,66.5 130.2,68.5 \tz"},{"type":"path","fill":"#EDE1C3","stroke":"none","path":"M115.1,66.8 103.9,64.8 92.8,68.9 104,70.9 \tz"},{"type":"path","fill":"#EDE1C3","stroke":"none","path":"M10.2,62.3l-0.3,0c-0.1,0.1-0.2,0.2-0.3,0.3L10.2,62.3z"},{"type":"path","fill":"#EDE1C3","stroke":"none","path":"M36.5,67 25.3,65 14.1,69.1 25.3,71.1 \tz"},{"type":"path","fill":"#EDE1C3","stroke":"none","path":"M89.1,76.4 77.9,74.4 66.8,78.5 78,80.5 \tz"},{"type":"path","fill":"#EDE1C3","stroke":"none","path":"M131.7,47.5 142.9,49.5 154.1,45.4 142.9,43.4 \tz"},{"type":"path","fill":"#EDE1C3","stroke":"none","path":"M62.8,71.7 51.6,69.7 40.5,73.8 51.7,75.8 \tz"},{"type":"path","fill":"#EDE1C3","stroke":"none","path":"M76,74 64.8,72.1 53.6,76.1 64.8,78.1 \tz"},{"type":"path","fill":"#EDE1C3","stroke":"none","path":"M4.1,68.3c-1,1.4-1.8,2.8-2.3,4.2l8.5-3.1L4.1,68.3z"},{"type":"path","fill":"#EDE1C3","stroke":"none","path":"M51.1,47.3l11.2-4.1l-2.2-0.4c-5.2,1-10.2,2.1-14.9,3.4L51.1,47.3z"},{"type":"path","fill":"#EDE1C3","stroke":"none","path":"M64.1,42.5l2.3-0.8c-1.2,0.2-2.4,0.4-3.5,0.6L64.1,42.5z"},{"type":"path","fill":"#EDE1C3","stroke":"none","path":"M12.1,61.6l11.2-4.1l-5-0.9c-2.7,1.5-5.2,3.1-7.3,4.8L12.1,61.6z"},{"type":"path","fill":"#EDE1C3","stroke":"none","path":"M129.6,40l3.2-1.2c-4.3-0.3-8.7-0.5-13.2-0.6L129.6,40z"},{"type":"path","fill":"#EDE1C3","stroke":"none","path":"M38.1,52.1L49.3,48l-6.3-1.1c-4.2,1.2-8.2,2.5-11.9,4L38.1,52.1z"},{"type":"path","fill":"#EDE1C3","stroke":"none","path":"M25.1,56.9l11.2-4.1l-7.1-1.3c-3.4,1.4-6.6,2.8-9.5,4.4L25.1,56.9z"},{"type":"path","fill":"#EDE1C3","stroke":"none","path":"M210.1,97.9l-13.8-2.5l-11.2,4.1l16.6,3C204.8,101.1,207.6,99.5,210.1,97.9z"},{"type":"path","fill":"#EDE1C3","stroke":"none","path":"M209.3,90.7l-11.2,4.1l13.1,2.3c2.4-1.6,4.4-3.3,6.2-5L209.3,90.7z"},{"type":"path","fill":"#EDE1C3","stroke":"none","path":"M131.6,40.3l11.2,2l5.7-2.1c-4.3-0.5-8.7-1-13.1-1.3L131.6,40.3z"},{"type":"path","fill":"#EDE1C3","stroke":"none","path":"M211.2,90l7.1,1.3c1.6-1.7,3-3.5,3.9-5.3L211.2,90z"},{"type":"path","fill":"#EDE1C3","stroke":"none","path":"M222.2,78.8L211,82.9l11.2,2l0.6-0.2c0.8-1.8,1.3-3.6,1.4-5.5L222.2,78.8z"},{"type":"path","fill":"#EDE1C3","stroke":"none","path":"M183.3,100.3l-31.5,11.6l-0.3-0.9l29.9-11l-11.2-2l-31,11.4l-0.3-0.9l29.4-10.8l-11.2-2l-30.5,11.2\tl-0.3-0.9L155,95.2l-11.2-2l-30,11l-0.3-0.9l28.3-10.4l-11.2-2l-29.4,10.8l-0.3-0.9l27.8-10.2l-11.2-2L88.6,99.2l-0.3-0.9l27.3-10\tl-11.2-2L76,96.6l-0.3-0.9l26.8-9.8l-11.2-2L63.3,94.1L63,93.2l26.3-9.6l-11.2-2l-27.4,10l-0.3-0.9l25.8-9.5l-11.2-2L38.1,89\tl-0.3-0.9l25.2-9.3l-11.2-2l-26.3,9.7l-0.3-0.9l24.7-9.1l-11.2-2L12.8,84L12.4,83l24.2-8.9l-11.2-2l-24.5,9\tc4,20.9,52.4,37.4,111.5,37.4c35.5,0,67.2-6,87.7-15.3L183.3,100.3z"},{"type":"path","fill":"#EDE1C3","stroke":"none","path":"M194.3,95.1 183.1,93.1 172,97.2 183.2,99.2 \tz"},{"type":"path","fill":"#EDE1C3","stroke":"none","path":"M168,90.5 156.8,88.5 145.7,92.6 156.9,94.5 \tz"},{"type":"path","fill":"#EDE1C3","stroke":"none","path":"M181.2,92.8 170,90.8 158.8,94.9 170,96.9 \tz"},{"type":"path","fill":"#EDE1C3","stroke":"none","path":"M141.7,85.8 130.5,83.8 119.4,87.9 130.6,89.9 \tz"},{"type":"path","fill":"#EDE1C3","stroke":"none","path":"M115.4,81.1 104.2,79.1 93.1,83.2 104.3,85.2 \tz"},{"type":"path","fill":"#EDE1C3","stroke":"none","path":"M128.6,83.4 117.4,81.4 106.2,85.5 117.4,87.5 \tz"},{"type":"path","fill":"#EDE1C3","stroke":"none","path":"M154.9,88.1 143.7,86.1 132.5,90.2 143.7,92.2 \tz"},{"type":"path","fill":"#EDE1C3","stroke":"none","path":"M102.3,78.7 91.1,76.7 79.9,80.8 91.1,82.8 \tz"},{"type":"path","fill":"#EDE1C3","stroke":"none","path":"M49.7,69.4 38.5,67.4 27.3,71.5 38.5,73.5 \tz"},{"type":"path","fill":"#EDE1C3","stroke":"none","path":"M49.5,62.2 38.3,60.2 27.2,64.3 38.4,66.3 \tz"},{"type":"path","fill":"#EDE1C3","stroke":"none","path":"M89,69.3 77.8,67.3 66.6,71.4 77.8,73.4 \tz"},{"type":"path","fill":"#EDE1C3","stroke":"none","path":"M128.4,76.3 117.2,74.3 106.1,78.4 117.3,80.4 \tz"},{"type":"path","fill":"#EDE1C3","stroke":"none","path":"M75.8,66.9 64.6,64.9 53.5,69 64.7,71 \tz"},{"type":"path","fill":"#EDE1C3","stroke":"none","path":"M115.3,74 104.1,72 92.9,76.1 104.1,78 \tz"},{"type":"path","fill":"#EDE1C3","stroke":"none","path":"M102.1,71.6 90.9,69.6 79.8,73.7 91,75.7 \tz"},{"type":"path","fill":"#EDE1C3","stroke":"none","path":"M62.7,64.6 51.5,62.6 40.3,66.7 51.5,68.7 \tz"},{"type":"path","fill":"#EDE1C3","stroke":"none","path":"M27,57.2 38.2,59.2 49.4,55.1 38.2,53.1 \tz"},{"type":"path","fill":"#EDE1C3","stroke":"none","path":"M118.6,45.1 129.8,47.1 140.9,43 129.7,41 \tz"},{"type":"path","fill":"#EDE1C3","stroke":"none","path":"M90.3,40.1l3.8-1.4c-2.8,0.2-5.6,0.4-8.3,0.6L90.3,40.1z"},{"type":"path","fill":"#EDE1C3","stroke":"none","path":"M105.4,42.8 116.6,44.8 127.8,40.7 116.6,38.7 \tz"},{"type":"path","fill":"#EDE1C3","stroke":"none","path":"M40,52.4 51.2,54.4 62.4,50.3 51.2,48.3 \tz"},{"type":"path","fill":"#EDE1C3","stroke":"none","path":"M144.7,42.7l11.2,2l6.4-2.3c-3.8-0.7-7.7-1.3-11.7-1.8L144.7,42.7z"},{"type":"path","fill":"#EDE1C3","stroke":"none","path":"M53.1,47.7 64.3,49.6 75.4,45.6 64.2,43.6 \tz"},{"type":"path","fill":"#EDE1C3","stroke":"none","path":"M224.2,78.1l-0.2,0.1l0.2,0C224.2,78.1,224.2,78.1,224.2,78.1z"},{"type":"path","fill":"#EDE1C3","stroke":"none","path":"M184.2,49.7l11.2,2l0.4-0.2c-2.6-1.1-5.4-2.1-8.4-3L184.2,49.7z"},{"type":"path","fill":"#EDE1C3","stroke":"none","path":"M224.2,77c-0.2-1.8-0.6-3.5-1.4-5.2l-0.7-0.1l-11.2,4.1l11.2,2L224.2,77z"},{"type":"path","fill":"#EDE1C3","stroke":"none","path":"M209,76.5 197.9,80.6 209.1,82.6 220.2,78.5 \tz"},{"type":"path","fill":"#EDE1C3","stroke":"none","path":"M157.9,45l11.2,2l5.7-2.1c-3.4-0.8-6.9-1.6-10.5-2.2L157.9,45z"},{"type":"path","fill":"#EDE1C3","stroke":"none","path":"M171,47.4l11.2,2l3.7-1.3c-3-0.9-6.1-1.8-9.4-2.6L171,47.4z"},{"type":"path","fill":"#EDE1C3","stroke":"none","path":"M194.2,88 183,86 171.8,90.1 183,92.1 \tz"},{"type":"path","fill":"#EDE1C3","stroke":"none","path":"M167.9,83.3 156.7,81.3 145.5,85.4 156.7,87.4 \tz"},{"type":"path","fill":"#EDE1C3","stroke":"none","path":"M220.4,85.6 209.2,83.6 198,87.7 209.2,89.7 \tz"},{"type":"path","fill":"#EDE1C3","stroke":"none","path":"M181,85.7 169.8,83.7 158.7,87.8 169.9,89.8 \tz"},{"type":"path","fill":"#EDE1C3","stroke":"none","path":"M154.7,81 143.5,79 132.4,83.1 143.6,85.1 \tz"},{"type":"path","fill":"#EDE1C3","stroke":"none","path":"M207.4,90.4 196.2,88.4 185,92.5 196.2,94.5 \tz"},{"type":"path","fill":"#EDE1C3","stroke":"none","path":"M141.6,78.6 130.4,76.6 119.2,80.7 130.4,82.7 \tz"},{"type":"path","fill":"#EDE1C3","stroke":"none","path":"M19.9,56 27.2,53.1 22,56.3 z"},{"type":"path","fill":"#8F8F8E","stroke":"none","path":"M0,79.7v42.6l177.1,31.2v-42L0,79.7z"},{"type":"path","fill":"#999898","stroke":"none","path":"M177.1,153.5c28.9-7.2,47.8-19.2,47.8-32.7v-42c0,13.5-18.9,25.5-47.8,32.7V153.5z"},{"type":"path","fill":"none","stroke":"#B5B4B4","stroke-width":0.9996,"stroke-miterlimit":10,"path":"M112.2,38.7c61.9,0,112.1,17.9,112.1,39.9c0,13.5-18.7,25.4-47.4,32.6L0.1,79.8c0-0.4,0-0.8,0-1.1C0.1,56.6,50.2,38.7,112.2,38.7z"},{"type":"ellipse","fill":"#5EAF30","stroke":"none","cx":104.5,"cy":18.7,"rx":7.9,"ry":5.6},{"type":"ellipse","fill":"#8CBE59","stroke":"none","cx":85.9,"cy":13.6,"rx":7.2,"ry":5.7},{"type":"ellipse","fill":"#5EAF30","stroke":"none","cx":89.8,"cy":20.6,"rx":10.1,"ry":6.2},{"type":"ellipse","fill":"#DFDB0E","stroke":"none","cx":95.5,"cy":6.5,"rx":8.4,"ry":6.5},{"type":"ellipse","fill":"#8CBE59","stroke":"none","cx":101.8,"cy":10.5,"rx":8.5,"ry":6.3},{"type":"path","fill":"#DADCDB","stroke":"#FDFCFC","stroke-width":0.09933906,"stroke-miterlimit":10,"path":"M86.4,49.7c0,2.3,5.2,4.2,11.6,4.2c6.4,0,11.6-1.9,11.6-4.2c0-2.3-5.2-4.2-11.6-4.2C91.6,45.5,86.4,47.3,86.4,49.7z"},{"type":"path","fill":"#A38979","stroke":"none","path":"M95.9,18.7C95.9,18.7,95.8,18.7,95.9,18.7C95.8,18.5,95.9,18.5,95.9,18.7L95.9,18.7L95.9,18.7c0-0.4,0.7-0.6,1.7-0.6c1,0,1.7,0.2,1.7,0.6l0,0l1,30.5c0,0.5-1.1,0.9-2.6,0.9c-1.4,0-2.6-0.4-2.6-0.9L95.9,18.7z"},{"type":"path","fill":"#A38979","stroke":"none","path":"M102.9,19.6c0,0,0.5,0.1,0.9,0.5c0.4,0.4,0.4,0.9,0.4,0.9l-4.9,5.3c-0.2,0.1-0.7-0.1-1.2-0.6c-0.5-0.5-0.7-1.1-0.6-1.2L102.9,19.6z"},{"type":"ellipse","fill":"#C7D017","stroke":"none","cx":93.7,"cy":15.4,"rx":6.9,"ry":5.9},{"type":"ellipse","fill":"#5EAF30","stroke":"none","cx":151.5,"cy":25.8,"rx":7.9,"ry":5.6},{"type":"ellipse","fill":"#8CBE59","stroke":"none","cx":132.9,"cy":20.7,"rx":7.2,"ry":5.7},{"type":"ellipse","fill":"#5EAF30","stroke":"none","cx":136.8,"cy":27.7,"rx":10.1,"ry":6.2},{"type":"ellipse","fill":"#DFDB0E","stroke":"none","cx":142.5,"cy":13.7,"rx":8.4,"ry":6.5},{"type":"ellipse","fill":"#8CBE59","stroke":"none","cx":148.8,"cy":17.6,"rx":8.5,"ry":6.3},{"type":"path","fill":"#DADCDB","stroke":"#FDFCFC","stroke-width":0.09933906,"stroke-miterlimit":10,"path":"M133.4,56.8c0,2.3,5.2,4.2,11.6,4.2c6.4,0,11.6-1.9,11.6-4.2c0-2.3-5.2-4.2-11.6-4.2C138.6,52.6,133.4,54.4,133.4,56.8z"},{"type":"path","fill":"#A38979","stroke":"none","path":"M142.9,25.8C142.9,25.8,142.8,25.8,142.9,25.8C142.8,25.6,142.9,25.6,142.9,25.8L142.9,25.8L142.9,25.8c0-0.4,0.7-0.6,1.7-0.6c1,0,1.7,0.2,1.7,0.6l0,0l1,30.5c0,0.5-1.1,0.9-2.6,0.9c-1.4,0-2.6-0.4-2.6-0.9L142.9,25.8z"},{"type":"path","fill":"#A38979","stroke":"none","path":"M149.9,26.8c0,0,0.5,0.1,0.9,0.5c0.4,0.4,0.4,0.9,0.4,0.9l-4.9,5.3c-0.2,0.1-0.7-0.1-1.2-0.6c-0.5-0.5-0.7-1.1-0.6-1.2L149.9,26.8z"},{"type":"ellipse","fill":"#C7D017","stroke":"none","cx":140.7,"cy":22.6,"rx":6.9,"ry":5.9},{"type":"path","fill":"#DADCDB","stroke":"#FDFCFC","stroke-width":0.09933906,"stroke-miterlimit":10,"path":"M183.3,63.9c0,2.3,5.2,4.2,11.6,4.2c6.4,0,11.6-1.9,11.6-4.2c0-2.3-5.2-4.2-11.6-4.2C188.5,59.7,183.3,61.5,183.3,63.9z"},{"type":"path","fill":"#A38979","stroke":"none","path":"M192.8,32.9C192.8,32.9,192.7,32.9,192.8,32.9C192.7,32.7,192.8,32.7,192.8,32.9L192.8,32.9L192.8,32.9c0-0.4,0.7-0.6,1.7-0.6c1,0,1.7,0.2,1.7,0.6l0,0l1,30.5c0,0.5-1.1,0.9-2.6,0.9c-1.4,0-2.6-0.4-2.6-0.9L192.8,32.9z"},{"type":"path","fill":"#A38979","stroke":"none","path":"M199.9,33.9c0,0,0.5,0.1,0.9,0.5c0.4,0.4,0.4,0.9,0.4,0.9l-4.9,5.3c-0.2,0.1-0.7-0.1-1.2-0.6c-0.5-0.5-0.7-1.1-0.6-1.2L199.9,33.9z"},{"type":"ellipse","fill":"#5EAF30","stroke":"none","cx":201.5,"cy":32.9,"rx":7.9,"ry":5.6},{"type":"ellipse","fill":"#8CBE59","stroke":"none","cx":182.8,"cy":27.8,"rx":7.2,"ry":5.7},{"type":"ellipse","fill":"#5EAF30","stroke":"none","cx":186.8,"cy":34.8,"rx":10.1,"ry":6.2},{"type":"ellipse","fill":"#DFDB0E","stroke":"none","cx":192.5,"cy":20.8,"rx":8.4,"ry":6.5},{"type":"ellipse","fill":"#8CBE59","stroke":"none","cx":198.8,"cy":24.7,"rx":8.5,"ry":6.3},{"type":"ellipse","fill":"#C7D017","stroke":"none","cx":190.6,"cy":29.7,"rx":6.9,"ry":5.9}]}