{"width":"224.6","height":"154","dx":"0","dy":"0","geometry":[{"type":"path","fill":"#999898","stroke":"none","path":"M0,101.6v12.9C0,128.2,29.6,154,115.6,154c63.7,0,109.1-20.9,109.1-39.1v-10.4c-1.3,18-47.1,38.1-109,38.1C27.8,142.6-0.8,115.6,0,101.6z"},{"type":"ellipse","fill":"none","stroke":"#B4B4B4","stroke-width":0.9996,"stroke-miterlimit":10,"cx":112.5,"cy":102.4,"rx":112.1,"ry":39.9},{"type":"path","fill":"#ECE0C2","stroke":"none","path":"M148.9,64.7v-7.4c-2.1-0.3-30-1.1-36.4-0.9C46.6,58.2,0,71.4,0.7,102.4c0.5,21.8,50,39.4,111.6,39.4s111.8-17.7,111.8-39.4L148.9,64.7z"},{"type":"path","fill":"#958A85","stroke":"none","path":"M8.2,116.4L149,64.7c0,0,25,3.9,41.2,9.2c16.6,5.4,27.1,14.9,27.1,14.9L98.9,141.5c0,0-31.2,0-64.2-10.8C17,124.8,8.2,116.4,8.2,116.4z"},{"type":"path","fill":"#DADADB","stroke":"none","path":"M8.2,116.4v-7c0,0-4.7-2-6.9-13.5C0,101.1-0.4,108.6,8.2,116.4z"},{"type":"path","fill":"#95989A","stroke":"none","path":"M8.2,116.4 8.2,109.4 148.9,57.2 148.9,64.7 z"},{"type":"path","fill":"#704A2B","stroke":"none","path":"M105.4,70.1 106.9,66.6 121.4,68.7 116.4,70.4 z"},{"type":"path","fill":"#C7C7C8","stroke":"none","path":"M212.5,55.4 216.8,53.6 208,52 204.2,53.6 z"},{"type":"ellipse","fill":"#E5362E","stroke":"none","cx":208.2,"cy":58.5,"rx":2.3,"ry":2.4},{"type":"ellipse","fill":"#F29505","stroke":"none","cx":208.2,"cy":65.6,"rx":2.3,"ry":2.4},{"type":"ellipse","fill":"#97C01E","stroke":"none","cx":208.2,"cy":72.8,"rx":2.3,"ry":2.4},{"type":"path","fill":"#C7C7C8","stroke":"none","path":"M129.9,62.1 129.9,7.3 50.3,42 50.3,90.8 z"},{"type":"path","fill":"#A48A77","stroke":"none","path":"M93,0 129.9,7.3 50.3,42 13.3,33.2 z"},{"type":"path","fill":"#DDDEDF","stroke":"none","path":"M13.3,81.4 50.3,90.8 50.3,42 13.3,33.2 z"},{"type":"path","fill":"#88888A","stroke":"none","path":"M100.2,72.7V47.3c0,0,3.8-9.5,11.8-11.4c7.5-1.7,11.8,2.9,11.8,2.9v25.3L100.2,72.7z"},{"type":"path","fill":"#A9C2E1","stroke":"none","path":"M29.1,61.2 29.1,48 16.9,45.1 16.9,58.4 z"},{"type":"path","fill":"#A9C2E1","stroke":"none","path":"M45.8,65.1 45.8,52 33.6,49 33.6,62.3 z"},{"type":"path","fill":"#92A8C1","stroke":"none","path":"M58.7,66.6 58.7,51.4 84.5,41.7 84.5,57 z"},{"type":"path","fill":"#95989A","stroke":"none","path":"M224.1,102c-6,23.7-80.5,36.5-125.7,33.8v5.7c20.4,0.7,50.6,0.1,78.1-6.8C224,122.7,224.3,105.5,224.1,102z"},{"type":"path","fill":"#ECE0C2","stroke":"none","path":"M98.7,135.8l121.9-48.3c0,0,7.2,7.6,2.4,17.5l-90.8,30c0,0-12.3,0.5-16.4,0.8C111.6,136.1,98.7,135.8,98.7,135.8z"},{"type":"path","fill":"#FFFFFF","stroke":"none","path":"M153.8,89.7 167.3,84.5 163.7,83.9 150.4,89.1 z"},{"type":"path","fill":"#FFFFFF","stroke":"none","path":"M165.2,82.6 178.7,77.5 175.1,76.9 161.8,82 z"},{"type":"path","fill":"#FFFFFF","stroke":"none","path":"M134.1,97.6 147.6,92.5 144,91.9 130.7,97 z"},{"type":"path","fill":"#FFFFFF","stroke":"none","path":"M112.8,105.7 126.3,100.6 122.7,100 109.4,105.1 z"},{"type":"path","fill":"#FFFFFF","stroke":"none","path":"M91.4,113.8 105,108.7 101.4,108.1 88.1,113.2 z"},{"type":"path","fill":"#FFFFFF","stroke":"none","path":"M69.4,122.4 83,117.3 79.4,116.7 66.1,121.8 z"},{"type":"path","fill":"#FFFFFF","stroke":"none","path":"M48.1,130.5 61.7,125.4 58.1,124.8 44.8,129.9 z"},{"type":"ellipse","fill":"#5CAD31","stroke":"none","cx":185,"cy":84.5,"rx":7.7,"ry":5.4},{"type":"ellipse","fill":"#87BC58","stroke":"none","cx":166.6,"cy":79.6,"rx":7,"ry":5.6},{"type":"ellipse","fill":"#5CAD31","stroke":"none","cx":170.5,"cy":86.5,"rx":9.9,"ry":6},{"type":"ellipse","fill":"#E0DC10","stroke":"none","cx":176.1,"cy":72.7,"rx":8.2,"ry":6.4},{"type":"ellipse","fill":"#87BC58","stroke":"none","cx":182.3,"cy":76.5,"rx":8.3,"ry":6.2},{"type":"path","fill":"#DADADB","stroke":"#FCFBFB","stroke-width":0.080432,"stroke-miterlimit":10,"path":"M167.1,114.9c0,2.3,5.1,4.1,11.4,4.1s11.4-1.8,11.4-4.1s-5.1-4.1-11.4-4.1C172.3,110.7,167.1,112.6,167.1,114.9z"},{"type":"path","fill":"#A38979","stroke":"none","path":"M176.4,84.5C176.4,84.4,176.4,84.4,176.4,84.5C176.4,84.4,176.4,84.4,176.4,84.5L176.4,84.5L176.4,84.5c0-0.4,0.7-0.6,1.7-0.6s1.7,0.2,1.7,0.6l0,0l1,29.8c0,0.5-1.1,0.8-2.5,0.8c-1.3,0-2.5-0.4-2.5-0.8L176.4,84.5z"},{"type":"path","fill":"#A38979","stroke":"none","path":"M183.4,85.5c0,0,0.5,0.1,0.8,0.5c0.4,0.4,0.4,0.8,0.4,0.8l-4.8,5.2c-0.2,0.1-0.7-0.1-1.2-0.6s-0.7-1.1-0.6-1.2L183.4,85.5z"},{"type":"ellipse","fill":"#C7D017","stroke":"none","cx":174.4,"cy":81.4,"rx":6.8,"ry":5.8},{"type":"path","fill":"#5A595B","stroke":"none","path":"M46.9,104.6L46.9,104.6l-6.2-1.4c-0.3-0.1-0.4-0.3-0.4-0.6c0.1-0.3,0.3-0.4,0.6-0.4l6.1,1.4\tc0.3,0.1,0.4,0.3,0.4,0.6C47.3,104.4,47.1,104.6,46.9,104.6z"},{"type":"path","fill":"#5A595B","stroke":"none","path":"M45.7,109c-0.1,0-0.3-0.1-0.4-0.2l-4.9-5.9c-0.2-0.2-0.1-0.5,0.1-0.7c0.2-0.2,0.5-0.1,0.7,0.1l4.9,5.9\tc0.2,0.2,0.1,0.5-0.1,0.7C45.9,109,45.8,109,45.7,109z"},{"type":"path","fill":"#5A595B","stroke":"none","path":"M41.2,113.1c-0.3,0-0.5-0.2-0.5-0.5l-0.4-9.9c0-0.3,0.2-0.5,0.5-0.5s0.5,0.2,0.5,0.5l0.4,9.9\tC41.7,112.8,41.5,113.1,41.2,113.1L41.2,113.1z"},{"type":"path","fill":"#5A595B","stroke":"none","path":"M35.5,110.6c-0.1,0-0.2,0-0.3-0.1c-0.2-0.2-0.3-0.5-0.1-0.7l5.2-7.4c0.2-0.2,0.5-0.3,0.7-0.1\ts0.3,0.5,0.1,0.7l-5.2,7.4C35.8,110.5,35.7,110.6,35.5,110.6z"},{"type":"path","fill":"#5A595B","stroke":"none","path":"M34.1,105.2c-0.2,0-0.4-0.1-0.5-0.3c-0.1-0.3,0.1-0.5,0.3-0.6l6.6-2.1c0.3-0.1,0.5,0.1,0.6,0.3\tc0.1,0.3-0.1,0.5-0.3,0.6L34.1,105.2C34.2,105.2,34.2,105.2,34.1,105.2z"},{"type":"path","fill":"#6B5B40","stroke":"none","path":"M104.7,79.6 132.5,64.5 114.4,61 114.4,61.1 86.7,71.2 z"},{"type":"path","fill":"#836F4F","stroke":"none","path":"M86.7,88.3 114.6,78.1 114.4,61 114.4,61.1 86.7,71.2 z"},{"type":"path","fill":"#AC9066","stroke":"none","path":"M104.7,74.7 86.7,71.2 86.7,88.3 104.7,91.7 z"},{"type":"path","fill":"#836F4F","stroke":"none","path":"M104.7,91.7 104.7,74.7 132.5,64.5 132.5,81.6 z"},{"type":"path","fill":"#5A595B","stroke":"none","path":"M119.4,86.6c-0.1,0-0.2,0-0.2-0.1c-0.2-0.1-0.3-0.4-0.2-0.7l2.3-4.4c0.1-0.2,0.4-0.3,0.7-0.2\tc0.2,0.1,0.3,0.4,0.2,0.7l-2.3,4.4C119.7,86.5,119.5,86.6,119.4,86.6z"},{"type":"path","fill":"#5A595B","stroke":"none","path":"M122.4,87.3L122.4,87.3l-3.2-0.7c-0.3-0.1-0.4-0.3-0.4-0.6c0.1-0.3,0.3-0.4,0.6-0.4l3.1,0.7\tc0.3,0.1,0.4,0.3,0.4,0.6S122.7,87.3,122.4,87.3z"},{"type":"path","fill":"#5A595B","stroke":"none","path":"M121.8,89.6c-0.1,0-0.3-0.1-0.4-0.2l-2.4-2.9c-0.2-0.2-0.1-0.5,0.1-0.7c0.2-0.2,0.5-0.1,0.7,0.1l2.4,2.9\tc0.2,0.2,0.1,0.5-0.1,0.7C122,89.5,121.9,89.6,121.8,89.6z"},{"type":"path","fill":"#5A595B","stroke":"none","path":"M119.6,91.6c-0.3,0-0.5-0.2-0.5-0.5l-0.2-5c0-0.3,0.2-0.5,0.5-0.5c0.3,0,0.5,0.2,0.5,0.5l0.2,5\tC120.1,91.3,119.9,91.6,119.6,91.6L119.6,91.6z"},{"type":"path","fill":"#5A595B","stroke":"none","path":"M119.3,85.9c-0.3,0-0.5-0.2-0.5-0.5l-0.2-5c0-0.3,0.2-0.5,0.5-0.5c0.3,0,0.5,0.2,0.5,0.5l0.2,5\tC119.9,85.7,119.6,85.9,119.3,85.9C119.4,85.9,119.3,85.9,119.3,85.9z"},{"type":"path","fill":"#5A595B","stroke":"none","path":"M116.8,90.3c-0.1,0-0.2,0-0.3-0.1c-0.2-0.2-0.3-0.5-0.1-0.7l2.6-3.7c0.2-0.2,0.5-0.3,0.7-0.1\tc0.2,0.2,0.3,0.5,0.1,0.7l-2.6,3.7C117.1,90.3,116.9,90.3,116.8,90.3z"},{"type":"path","fill":"#5A595B","stroke":"none","path":"M119.4,86.6c-0.1,0-0.1,0-0.2,0l-3.1-1.1c-0.3-0.1-0.4-0.4-0.3-0.6c0.1-0.3,0.4-0.4,0.6-0.3l3.1,1.1\tc0.3,0.1,0.4,0.4,0.3,0.6C119.8,86.5,119.6,86.6,119.4,86.6z"},{"type":"path","fill":"#5A595B","stroke":"none","path":"M119.4,86.6c-0.2,0-0.3-0.1-0.4-0.2l-2.2-3.5c-0.1-0.2-0.1-0.5,0.2-0.7c0.2-0.2,0.5-0.1,0.7,0.2l2.2,3.5\tc0.1,0.2,0.1,0.5-0.2,0.7C119.6,86.6,119.5,86.6,119.4,86.6z"},{"type":"path","fill":"none","stroke":"#28282A","stroke-width":2,"stroke-miterlimit":10,"path":"M119.2,91.3c2-0.7,3.3-3.3,3.3-6.7c0-3.5-1.9-4.6-3.3-4.2c-1.6,0.5-3.2,3.2-3.2,6.6C116,90.3,118,91.7,119.2,91.3z"},{"type":"path","fill":"#704A2B","stroke":"none","path":"M112.9,71.7 113.7,63.4 130,65.5 z"},{"type":"path","fill":"#736352","stroke":"none","path":"M110.1,72.7 110,65.5 127.1,66.6 z"},{"type":"path","fill":"#97633A","stroke":"none","path":"M107.2,73.8 107.6,66.1 124.3,67.6 z"},{"type":"path","fill":"#987461","stroke":"none","path":"M101.3,69.8 101.3,68.1 118.7,69.7 114.4,71.2 z"},{"type":"path","fill":"#A86D40","stroke":"none","path":"M98.7,72 98.7,68.8 116,70.6 111.3,72.3 z"},{"type":"path","fill":"#97633A","stroke":"none","path":"M96.3,73 95.4,71.7 96.4,70.1 111.8,72.1 104.7,74.7 z"},{"type":"path","fill":"#C6C7C4","stroke":"none","path":"M211.2,74.4 208.2,73.8 208.2,101.7 211.2,102.4 z"},{"type":"path","fill":"#838585","stroke":"none","path":"M211.2,102.4 211.2,74.4 212.8,73.8 212.9,101.8 z"},{"type":"path","fill":"#87888A","stroke":"none","path":"M212.5,55.4 204.2,53.6 204.2,76.4 212.5,78.2 z"},{"type":"path","fill":"#3F3E41","stroke":"none","path":"M212.5,78.2 212.5,55.4 216.8,53.6 216.9,76.5 z"},{"type":"ellipse","fill":"#5CAD31","stroke":"none","cx":148,"cy":97.5,"rx":7.7,"ry":5.4},{"type":"ellipse","fill":"#87BC58","stroke":"none","cx":129.6,"cy":92.6,"rx":7,"ry":5.6},{"type":"ellipse","fill":"#5CAD31","stroke":"none","cx":133.5,"cy":99.4,"rx":9.9,"ry":6},{"type":"ellipse","fill":"#E0DC10","stroke":"none","cx":139.1,"cy":85.7,"rx":8.2,"ry":6.4},{"type":"ellipse","fill":"#87BC58","stroke":"none","cx":145.3,"cy":89.5,"rx":8.3,"ry":6.2},{"type":"path","fill":"#DADADB","stroke":"#FCFBFB","stroke-width":0.080432,"stroke-miterlimit":10,"path":"M130.1,127.8c0,2.3,5.1,4.1,11.4,4.1s11.4-1.8,11.4-4.1c0-2.3-5.1-4.1-11.4-4.1C135.3,123.7,130.1,125.5,130.1,127.8z"},{"type":"path","fill":"#A38979","stroke":"none","path":"M139.4,97.5C139.4,97.4,139.4,97.4,139.4,97.5C139.4,97.4,139.4,97.4,139.4,97.5L139.4,97.5L139.4,97.5c0-0.4,0.7-0.6,1.7-0.6s1.7,0.2,1.7,0.6l0,0l1,29.8c0,0.5-1.1,0.8-2.5,0.8c-1.3,0-2.5-0.4-2.5-0.8L139.4,97.5z"},{"type":"path","fill":"#A38979","stroke":"none","path":"M146.4,98.5c0,0,0.5,0.1,0.8,0.5c0.4,0.4,0.4,0.8,0.4,0.8l-4.8,5.2c-0.2,0.1-0.7-0.1-1.2-0.6s-0.7-1.1-0.6-1.2L146.4,98.5z"},{"type":"ellipse","fill":"#C7D017","stroke":"none","cx":137.4,"cy":94.4,"rx":6.8,"ry":5.8},{"type":"path","fill":"#707072","stroke":"none","path":"M43.4,82.9"},{"type":"path","fill":"#707072","stroke":"none","path":"M45.1,84"},{"type":"path","fill":"none","stroke":"#5A595B","stroke-width":2,"stroke-linecap":"round","stroke-miterlimit":10,"path":"M41.5,78.8c0,0-3-4.2,0-5.6\t"},{"type":"path","fill":"#5A595B","stroke":"none","path":"M40.8,103.2c-0.1,0-0.2,0-0.2-0.1c-0.2-0.1-0.3-0.4-0.2-0.7l4.7-8.8c0.1-0.2,0.4-0.3,0.7-0.2\t\tc0.2,0.1,0.3,0.4,0.2,0.7l-4.7,8.8C41.1,103.1,40.9,103.2,40.8,103.2z"},{"type":"path","fill":"#5A595B","stroke":"none","path":"M40.8,103.2c-0.2,0-0.4-0.1-0.5-0.3c-0.1-0.3,0-0.5,0.2-0.7l6.1-2.8c0.3-0.1,0.5,0,0.7,0.2\t\tc0.1,0.3,0,0.5-0.2,0.7l-6.1,2.8C40.9,103.1,40.8,103.2,40.8,103.2z"},{"type":"path","fill":"#5A595B","stroke":"none","path":"M40.8,103.2c-0.1,0-0.1,0-0.2,0l-6.2-2.2c-0.3-0.1-0.4-0.4-0.3-0.6c0.1-0.3,0.4-0.4,0.6-0.3l6.2,2.2\t\tc0.3,0.1,0.4,0.4,0.3,0.6C41.2,103,41,103.2,40.8,103.2z"},{"type":"path","fill":"#5A595B","stroke":"none","path":"M40.8,103.2c-0.2,0-0.3-0.1-0.4-0.2l-4.5-7c-0.1-0.2-0.1-0.5,0.2-0.7c0.2-0.2,0.5-0.1,0.7,0.2l4.5,7\t\tc0.1,0.2,0.1,0.5-0.2,0.7C41,103.1,40.9,103.2,40.8,103.2z"},{"type":"path","fill":"#5A595B","stroke":"none","path":"M78,90.2c-0.1,0-0.2,0-0.2-0.1c-0.2-0.1-0.3-0.4-0.2-0.7l4.7-8.8c0.1-0.2,0.4-0.3,0.7-0.2\t\tc0.2,0.1,0.3,0.4,0.2,0.7l-4.7,8.8C78.4,90.1,78.2,90.2,78,90.2z"},{"type":"path","fill":"none","stroke":"#5A595B","stroke-linecap":"round","stroke-linejoin":"round","stroke-miterlimit":10,"path":"M78,89.7,84.1,86.9"},{"type":"path","fill":"#5A595B","stroke":"none","path":"M84.1,91.6L84.1,91.6l-6.2-1.4c-0.3-0.1-0.4-0.3-0.4-0.6c0.1-0.3,0.3-0.4,0.6-0.4l6.1,1.4\t\tc0.3,0.1,0.4,0.3,0.4,0.6C84.6,91.4,84.4,91.6,84.1,91.6z"},{"type":"path","fill":"#5A595B","stroke":"none","path":"M82.9,96.1c-0.1,0-0.3-0.1-0.4-0.2L77.6,90c-0.2-0.2-0.1-0.5,0.1-0.7c0.2-0.2,0.5-0.1,0.7,0.1l4.9,5.9\t\tc0.2,0.2,0.1,0.5-0.1,0.7C83.1,96,83,96.1,82.9,96.1z"},{"type":"path","fill":"#5A595B","stroke":"none","path":"M78.4,100.1c-0.3,0-0.5-0.2-0.5-0.5l-0.4-9.9c0-0.3,0.2-0.5,0.5-0.5c0.3,0,0.5,0.2,0.5,0.5l0.4,9.9\t\tC78.9,99.9,78.7,100.1,78.4,100.1L78.4,100.1z"},{"type":"path","fill":"#5A595B","stroke":"none","path":"M78,88.8c-0.3,0-0.5-0.2-0.5-0.5l-0.4-9.9c0-0.3,0.2-0.5,0.5-0.5c0.3,0,0.5,0.2,0.5,0.5l0.4,9.9\t\tC78.5,88.5,78.3,88.8,78,88.8L78,88.8z"},{"type":"path","fill":"#5A595B","stroke":"none","path":"M72.8,97.6c-0.1,0-0.2,0-0.3-0.1c-0.2-0.2-0.3-0.5-0.1-0.7l5.2-7.4c0.2-0.2,0.5-0.3,0.7-0.1\t\tc0.2,0.2,0.3,0.5,0.1,0.7l-5.2,7.4C73.1,97.5,73,97.6,72.8,97.6z"},{"type":"path","fill":"none","stroke":"#5A595B","stroke-linecap":"round","stroke-linejoin":"round","stroke-miterlimit":10,"path":"M78,89.7,71.4,91.8"},{"type":"path","fill":"#5A595B","stroke":"none","path":"M78,90.2c-0.1,0-0.1,0-0.2,0L71.6,88c-0.3-0.1-0.4-0.4-0.3-0.6c0.1-0.3,0.4-0.4,0.6-0.3l6.2,2.2\t\tc0.3,0.1,0.4,0.4,0.3,0.6C78.4,90.1,78.2,90.2,78,90.2z"},{"type":"path","fill":"#5A595B","stroke":"none","path":"M78,90.2c-0.2,0-0.3-0.1-0.4-0.2l-4.5-7c-0.1-0.2-0.1-0.5,0.2-0.7c0.2-0.2,0.5-0.1,0.7,0.2l4.5,7\t\tc0.1,0.2,0.1,0.5-0.2,0.7C78.2,90.2,78.1,90.2,78,90.2z"},{"type":"path","fill":"#28282A","stroke":"none","path":"M39.9,92.7c-2.3,1.7-4.4,5.9-4.4,11.4c0,5.2,2.6,7.6,4.4,7.6l0,0c0.2,0,0.3,0,0.5-0.1\t\tc3.4-1.1,5.6-5.9,5.6-12.3c0-4.5-1.9-6.8-3.7-7.2l0.2-2.5c2.7,0.4,6,3.2,6,9.8c0,7.6-2.8,13.2-7.4,14.6c-0.4,0.1-0.8,0.2-1.2,0.2\t\tl0,0c-2.9,0-6.9-3.1-6.9-10c0-7.1,3.3-12.4,6.5-14c0.2-0.1,0.3-0.2,0.5-0.2L39.9,92.7z"},{"type":"path","fill":"none","stroke":"#28282A","stroke-width":2,"stroke-miterlimit":10,"path":"M77.8,100c4.1-1.3,6.5-6.6,6.5-13.5\ts-3.8-9.3-6.5-8.4c-3.2,1-6.5,6.3-6.5,13.2C71.3,98.1,75.4,100.8,77.8,100z"},{"type":"path","fill":"#3F3E41","stroke":"none","path":"M69.2,92 66.3,90.2 67.6,89.4 70.6,91.2 \tz"},{"type":"path","fill":"#3F3E41","stroke":"none","path":"M64.6,94.9 68.1,90.4 68.9,90.8 65.4,95.3 \tz"},{"type":"path","fill":"#3F3E41","stroke":"none","path":"M50.5,87.1c0.4-1.6,10-3.1,11.3-1.2c1.1,1.5-0.4,6.2-0.4,6.2L50.5,87.1z"},{"type":"path","fill":"#5A595B","stroke":"none","path":"M95.4,83c-0.2-0.5-0.8-0.8-1.3-0.6l-16,5.7c-0.1,0-0.1,0.1-0.2,0.1l-11-10.1C66.8,78,66.7,78,66.7,78\tl0.2-4.7c0-0.6-0.4-1-1-1s-1,0.4-1,1l-0.2,4.9L42.5,83v-3.1C45.1,80,51.2,80,52.7,77c0.3-0.5,0.1-1.1-0.4-1.3\tc-0.5-0.3-1.1-0.1-1.3,0.4c-0.9,1.8-6,2.1-9.3,1.7c-0.3,0-0.6,0.1-0.8,0.3c-0.2,0.2-0.3,0.5-0.3,0.7v5.4l-0.8,18.3c0,0.6,0.4,1,1,1\tl0,0c0.5,0,1-0.4,1-1l0.7-16.9l22.1,9.9c0.3,0.1,0.7,0.1,0.9-0.1c0,0,0,0,0.1-0.1l12.6-5.2c0.2-0.1,0.3-0.2,0.4-0.3\tc0.1,0,0.1,0,0.2,0l16-5.7C95.3,84.1,95.6,83.5,95.4,83z M44.7,84.6l19.9-4.4l-0.5,13L44.7,84.6z M66.1,93.2l0.5-12.7l9.4,8.6\tL66.1,93.2z"},{"type":"path","fill":"#3F3E41","stroke":"none","path":"M65.4,95c0,0,0.2-0.4,0-0.6c-0.4-0.3-0.7,0.1-0.7,0.1l-2.3,3l-1.1-0.6l-1.3,1l3.3,1.8l1.1-0.9L63.1,98\tL65.4,95z"},{"type":"path","fill":"#3F3E41","stroke":"none","path":"M60.9,74c0.3,0.6,2.1-0.2,3.7-0.2c2.4-0.1,5,0.2,5.2-1c0.4-2-2.6-3.5-4.8-2.6C62.8,71,60.2,73,60.9,74z"}]}