{"width":"224.7","height":"130.3","dx":"0","dy":"0","geometry":[{"type":"path","fill":"#999895","stroke":"none","path":"M0,76.6v13c0,13.7,29.6,39.5,115.6,39.5c63.7,0,109.1-20.9,109.1-39.1V79.6c-1.3,18-47.1,38.1-109,38.1\n\tC27.8,117.7-0.8,90.6,0,76.6z"},{"type":"ellipse","fill":"#F6F6F6","stroke":"#B3B3B3","stroke-width":0.9996,"stroke-miterlimit":10,"cx":112.5,"cy":77.5,"rx":112.1,"ry":39.9},{"type":"path","fill":"#DDDEDF","stroke":"none","path":"M22.5,79.2 22.5,21 130.5,40.6 130.5,98.8 z"},{"type":"path","fill":"#EDEDED","stroke":"none","path":"M22.5,21 87.5,0 190.7,18.9 130.6,40.6 z"},{"type":"path","fill":"#C6C7C8","stroke":"none","path":"M190.7,75.6 130.5,98.8 130.5,40.6 190.7,18.9 z"},{"type":"path","fill":"#7E7F7F","stroke":"none","path":"M137.6,96.4 137.6,58.2 185.9,39.1 185.9,77.3 z"},{"type":"path","fill":"#C6C7C8","stroke":"#FBFAF9","stroke-width":0.0915,"stroke-miterlimit":10,"path":"M208.7,73.8c4.9,0,8.8,1.4,8.8,3.1\n\ts-4,3.1-8.8,3.1c-4.9,0-8.8-1.4-8.8-3.1C199.8,75.2,203.8,73.8,208.7,73.8z"},{"type":"ellipse","fill":"#60AA26","stroke":"none","cx":215,"cy":51.1,"rx":7.5,"ry":5.2},{"type":"ellipse","fill":"#60AA26","stroke":"none","transform":"t73.8487,214.3514r-65.9828,0,0","cx":202,"cy":50.3,"rx":5.8,"ry":9.6},{"type":"ellipse","fill":"#E0DA00","stroke":"none","cx":204.3,"cy":42.2,"rx":7.9,"ry":6.2},{"type":"ellipse","fill":"#B0BD56","stroke":"none","cx":212.4,"cy":43.4,"rx":8,"ry":6},{"type":"ellipse","fill":"#B0BD56","stroke":"none","cx":212.8,"cy":54.1,"rx":3.3,"ry":2.5},{"type":"path","fill":"#A18876","stroke":"none","path":"M206.7,50.9L206.7,50.9L206.7,50.9L206.7,50.9L206.7,50.9c0-0.4,0.7-0.6,1.7-0.6s1.7,0.2,1.7,0.6l0,0\n\tl0.8,25.1c0,0.5-1.1,0.8-2.4,0.8c-1.3,0-2.4-0.4-2.4-0.8L206.7,50.9z"},{"type":"path","fill":"#A18876","stroke":"none","path":"M215.8,49.4L215.8,49.4L215.8,49.4L215.8,49.4L215.8,49.4c0.1-0.1,0.5,0.1,0.8,0.4c0.4,0.4,0.5,0.7,0.4,0.8\n\tl0,0l-7.1,7.5c-0.2,0.1-0.7-0.1-1.2-0.6s-0.7-1.1-0.6-1.2L215.8,49.4z"},{"type":"path","fill":"#C8CF00","stroke":"none","path":"M202.3,47.5c0-3.7,3.4-6.6,7.7-6.6s7.7,3,7.7,6.6c0,3.7-3.4,6.6-7.7,6.6C205.8,54.1,202.3,51.2,202.3,47.5z"},{"type":"path","fill":"#A9C2E1","stroke":"none","path":"M184.6,72 184.6,42.2 139.8,59.3 139.8,89.1 z"},{"type":"path","fill":"#7E7F7F","stroke":"none","path":"M155.7,86.6 155.5,53.2 154.3,52.9 154.4,86.3 z"},{"type":"path","fill":"#7E7F7F","stroke":"none","path":"M170.7,77.9 170.5,47.3 169.4,47.1 169.5,79.9 z"},{"type":"path","fill":"#C6C7C8","stroke":"#FBFAF9","stroke-width":0.0915,"stroke-miterlimit":10,"path":"M169.7,92.3c4.9,0,8.8,1.4,8.8,3.1\n\ts-4,3.1-8.8,3.1c-4.9,0-8.8-1.4-8.8-3.1C160.8,93.7,164.8,92.3,169.7,92.3z"},{"type":"ellipse","fill":"#60AA26","stroke":"none","cx":174,"cy":65.6,"rx":7.5,"ry":5.2},{"type":"ellipse","fill":"#60AA26","stroke":"none","transform":"t33.8919,189.6245r-65.9776,0,0","cx":163,"cy":68.7,"rx":5.8,"ry":9.6},{"type":"ellipse","fill":"#E0DA00","stroke":"none","cx":165.4,"cy":60.7,"rx":7.9,"ry":6.2},{"type":"ellipse","fill":"#B0BD56","stroke":"none","cx":173.4,"cy":61.9,"rx":8,"ry":6},{"type":"ellipse","fill":"#B0BD56","stroke":"none","cx":173.8,"cy":72.7,"rx":3.3,"ry":2.5},{"type":"path","fill":"#A18876","stroke":"none","path":"M167.7,69.5L167.7,69.5L167.7,69.5L167.7,69.5L167.7,69.5c0-0.4,0.7-0.6,1.7-0.6s1.7,0.2,1.7,0.6l0,0\n\tl0.8,25.1c0,0.5-1.1,0.8-2.4,0.8c-1.3,0-2.4-0.4-2.4-0.8L167.7,69.5z"},{"type":"path","fill":"#A18876","stroke":"none","path":"M176.8,67.9L176.8,67.9L176.8,67.9L176.8,67.9L176.8,67.9c0.1-0.1,0.5,0.1,0.8,0.4c0.4,0.4,0.5,0.7,0.4,0.8\n\tl0,0l-7.1,7.5c-0.2,0.1-0.7-0.1-1.2-0.6s-0.7-1.1-0.6-1.2L176.8,67.9z"},{"type":"path","fill":"#C8CF00","stroke":"none","path":"M163.4,66c0-3.7,3.4-6.6,7.7-6.6s7.7,3,7.7,6.6c0,3.7-3.4,6.6-7.7,6.6C166.8,72.7,163.4,69.7,163.4,66z"},{"type":"path","fill":"#D5B486","stroke":"none","path":"M102.2,46.7 104.4,45.9 61,37.4 61,37.4 58.8,38.1 z"},{"type":"path","fill":"#CCA462","stroke":"none","path":"M121.8,51 59,38.2 59,68.4 121.8,81.1 z"},{"type":"path","fill":"#CCA462","stroke":"none","path":"M31.3,39.8 28,39.2 28,80.1 31.3,80.7 z"},{"type":"path","fill":"#B89457","stroke":"none","path":"M31.3,80.7 31.3,39.8 50.8,32.5 62.5,35.1 62.5,69 z"},{"type":"path","fill":"#CBBB9D","stroke":"none","path":"M64.6,74.2 36.8,69.3 36.8,82.2 38.2,82.3 38.2,71.7 62.6,76 62.6,86.7 64.6,87.1 z"},{"type":"path","fill":"#A89D85","stroke":"none","path":"M64.6,87.1 64.6,74.2 81.4,68.2 81.4,81 79.9,81.6 79.9,71.1 66.6,76.4 66.6,86.4 z"},{"type":"path","fill":"#ECE0C2","stroke":"none","path":"M64.6,74.2 81.4,68.2 53.6,63.3 36.8,69.3 z"},{"type":"path","fill":"#CBBB9D","stroke":"none","path":"M92.4,79.2 64.6,74.3 64.6,87.1 66,87.3 66,76.6 90.4,80.9 90.3,91.6 92.4,92 z"},{"type":"path","fill":"#A89D85","stroke":"none","path":"M92.4,92 92.4,79.2 109.1,73.2 109.2,85.9 107.7,86.5 107.7,76 94.4,81.3 94.3,91.3 z"},{"type":"path","fill":"#ECE0C2","stroke":"none","path":"M92.4,79.2 109.1,73.2 81.3,68.2 64.6,74.3 z"},{"type":"path","fill":"#93D5F6","stroke":"none","path":"M28,39.2 28,25.7 121.8,42.7 121.8,56.3 z"},{"type":"path","fill":"#706F6F","stroke":"none","path":"M61.2,39.6c0-1-0.4-1.5-1.1-1.6c-0.2,0-0.3,0-0.5-0.1l-0.9,4.2L57,41.8l1.6-7l1.7,0.1l-0.5,2.4h0.1\n\t\tc0.4,0.1,0.8-0.1,1.2-0.4c0.3-0.3,0.5-0.7,0.5-1.2c0-0.6-0.3-1-0.8-1.3c-0.2-0.1-0.4-0.2-0.7-0.2c-0.2,0-0.5-0.1-0.7-0.1\n\t\ts-0.4,0-0.7,0.1c-0.5,0.1-0.8,0.4-1.1,0.8s-0.4,0.8-0.4,1.4c0,0.3,0,0.5,0.1,0.7v0.1c-0.6-0.1-1-0.4-1.1-0.8\n\t\tc-0.2,0-0.2-0.1-0.2-0.3c0-0.4,0.1-0.8,0.3-1.1c0.2-0.3,0.5-0.6,0.9-0.8c0.9-0.5,1.8-0.6,2.9-0.4c0.8,0.1,1.4,0.4,1.8,0.8\n\t\tc0.4,0.4,0.6,0.9,0.6,1.4c0,0.3-0.1,0.7-0.3,1s-0.5,0.5-0.9,0.7c0.5,0.2,0.8,0.4,1,0.8s0.3,0.8,0.3,1.3c0,0.3,0,0.6-0.1,1\n\t\tc-0.2,0.8-0.6,1.4-1.2,1.8c-0.3,0.2-0.7,0.2-1.2,0.1s-0.8-0.3-1-0.6C59,42,59,41.8,59,41.6s0-0.4,0.1-0.6c0.3,0.3,0.5,0.5,0.7,0.5\n\t\tc0.4,0.1,0.7-0.1,0.9-0.5C61.1,40.5,61.2,40.1,61.2,39.6z"},{"type":"path","fill":"#706F6F","stroke":"none","path":"M69.6,39.7c-0.5,0.4-1.1,0.6-2,0.6c-0.1,1-0.4,1.8-0.9,2.3s-1.1,0.7-1.8,0.6c-0.9-0.2-1.4-0.6-1.7-1.3\n\t\tc-0.1-0.2-0.2-0.4-0.2-0.7s0-0.6,0.1-0.8s0.1-0.6,0.2-0.8c0.2-0.6,0.6-1.1,1-1.5c0.5-0.4,1.1-0.6,1.9-0.4c1,0.2,1.5,0.9,1.5,2.1\n\t\tl0,0c0,0,0.1,0,0.2,0c0.2,0,0.5,0,0.8-0.1s0.6-0.2,0.9-0.3L69.6,39.7z M66.6,40.1c-0.2-0.1-0.3-0.3-0.3-0.6s0.1-0.5,0.4-0.5\n\t\tc0-0.2-0.1-0.4-0.1-0.5c-0.1-0.1-0.2-0.2-0.4-0.2c-0.3-0.1-0.7,0.3-1,1s-0.5,1.4-0.5,2c0,0.4,0,0.6,0.1,0.7\n\t\tc0.1,0.1,0.2,0.2,0.2,0.2c0.1,0,0.2,0.1,0.3,0.1c0.3,0,0.5-0.1,0.8-0.5C66.4,41.3,66.5,40.8,66.6,40.1z"},{"type":"path","fill":"#706F6F","stroke":"none","path":"M74.4,42.8c-0.5,1.3-1.2,1.9-2.3,1.7C71.4,44.4,71,44,71,43.2c-0.4,0.6-1,0.9-1.7,0.8\n\t\tc-0.3-0.1-0.6-0.2-0.9-0.5c-0.2-0.3-0.4-0.6-0.4-1.1c0-0.2,0-0.5,0.1-0.7l0.9-3.5l1.6,0.3l-0.8,3.7c0,0.1,0,0.2,0,0.3\n\t\tc0,0.3,0.1,0.5,0.3,0.5c0.4,0.1,0.7-0.2,0.9-0.8l0.8-3.5l1.6,0.3l-0.8,3.7c0,0.1-0.1,0.3-0.1,0.4c0,0.3,0.2,0.4,0.5,0.5\n\t\tc0.4,0.1,0.7-0.2,0.9-0.8H74.4z"},{"type":"path","fill":"#706F6F","stroke":"none","path":"M77.5,43.4c-0.5,1.3-1.3,1.9-2.5,1.7c-0.3-0.1-0.6-0.2-0.8-0.5c-0.2-0.3-0.4-0.6-0.4-1.1\n\t\tc0-0.2,0-0.5,0.1-0.7l0.7-3.1l-0.4-0.1l0.1-0.4l0.4,0.1l0.3-1.5l1.7,0.1l-0.4,1.7l0.7,0.1l0,0.4L76.3,40l-0.7,3.2\n\t\tc0,0.1,0,0.3,0,0.4c0,0.3,0.2,0.4,0.5,0.5c0.2,0,0.4,0,0.6-0.2s0.3-0.4,0.4-0.6L77.5,43.4z"},{"type":"path","fill":"#706F6F","stroke":"none","path":"M80.6,43.9c-0.5,1.3-1.3,1.9-2.5,1.7c-0.3-0.1-0.6-0.2-0.8-0.5c-0.2-0.3-0.4-0.6-0.4-1.1\n\t\tc0-0.2,0-0.5,0.1-0.7l0.8-3.5l1.6,0.3l-0.8,3.7c0,0.1,0,0.3,0,0.4c0,0.3,0.2,0.4,0.5,0.5c0.2,0,0.4,0,0.6-0.2s0.3-0.4,0.4-0.6\n\t\tL80.6,43.9z M79.8,38.6c0,0.3-0.1,0.5-0.3,0.6c-0.2,0.1-0.4,0.2-0.6,0.1c-0.3,0-0.5-0.2-0.6-0.4c-0.2-0.2-0.3-0.4-0.3-0.7\n\t\tc0-0.2,0.1-0.4,0.3-0.6s0.4-0.2,0.6-0.2s0.5,0.2,0.6,0.4C79.8,38.1,79.8,38.3,79.8,38.6z"},{"type":"path","fill":"#706F6F","stroke":"none","path":"M82.8,45.8c-0.4,0.3-0.8,0.5-1.4,0.4c-0.7-0.1-1.2-0.5-1.4-1.2c-0.1-0.2-0.1-0.5-0.1-0.8s0-0.6,0.1-0.9\n\t\ts0.1-0.6,0.2-0.9c0.2-0.6,0.6-1.1,1-1.4c0.4-0.4,1-0.5,1.6-0.4c0.3,0.1,0.6,0.2,0.7,0.3c0.1,0.1,0.2,0.3,0.2,0.5l0,0l0.1-0.5\n\t\tl1.6,0.3l-1.7,7.9L82,49.2L82.8,45.8z M81.6,44.3c0,0.6,0.2,0.9,0.6,0.9c0.2,0,0.3,0,0.5-0.1s0.3-0.3,0.4-0.5l0.6-2.7\n\t\tc0-0.1-0.1-0.2-0.1-0.3c-0.1-0.1-0.2-0.2-0.4-0.2s-0.4,0-0.6,0.2c-0.5,0.5-0.8,1.2-0.9,2.2C81.6,43.9,81.6,44.1,81.6,44.3z"},{"type":"path","fill":"#706F6F","stroke":"none","path":"M91.9,45.9c-0.5,1.3-1.2,1.9-2.3,1.7c-0.7-0.1-1.1-0.5-1.1-1.3c-0.4,0.6-1,0.9-1.7,0.8\n\t\tc-0.3-0.1-0.6-0.2-0.9-0.5c-0.2-0.3-0.4-0.6-0.4-1.1c0-0.2,0-0.5,0.1-0.7l0.8-3.5l1.6,0.3l-0.8,3.7c0,0.1,0,0.2,0,0.3\n\t\tc0,0.3,0.1,0.5,0.3,0.5c0.4,0.1,0.7-0.2,0.9-0.8l0.8-3.5l1.6,0.3L90,45.8c0,0.1-0.1,0.3-0.1,0.4c0,0.3,0.2,0.4,0.5,0.5\n\t\tc0.4,0.1,0.7-0.2,0.9-0.8H91.9z"},{"type":"path","fill":"#706F6F","stroke":"none","path":"M92.9,46.2c0,0.6,0.2,1,0.7,1.1c0.2,0,0.4,0,0.7-0.1c0.2-0.1,0.5-0.2,0.6-0.3c-0.2,1.1-0.9,1.5-2,1.3\n\t\tc-0.5-0.1-1-0.3-1.3-0.6c-0.3-0.3-0.5-0.8-0.5-1.5c0-0.9,0.2-1.7,0.7-2.4c0.3-0.6,0.8-0.9,1.4-1.1c0.3-0.1,0.6-0.1,0.9,0\n\t\tc0.5,0.1,0.9,0.3,1.1,0.5s0.3,0.5,0.3,0.8c0,0.7-0.3,1.2-0.8,1.5c-0.5,0.4-1.1,0.5-1.8,0.4C92.9,45.9,92.9,46,92.9,46.2z\n\t\t M94.7,43.6c0-0.3-0.1-0.4-0.3-0.5c-0.4,0-0.7,0.3-1,1.1c-0.1,0.3-0.3,0.7-0.3,1c0.4,0.1,0.8-0.1,1.2-0.4\n\t\tC94.5,44.6,94.7,44.2,94.7,43.6z"},{"type":"path","fill":"#A39B84","stroke":"none","path":"M57.7,67.7 67,64.3 50.1,61.3 40.6,64.7 z"},{"type":"path","fill":"#C34A3C","stroke":"none","path":"M60.7,65.1c-0.4-0.2-0.7-0.2-0.9-0.2c-0.1-0.7-0.8-1.3-1.9-0.5c-0.2-0.1-0.5-0.1-0.7-0.1\n\tc-0.2-0.7-0.8-1.3-1.9-0.4c-0.2-0.2-0.5-0.2-0.7-0.2c-0.2-0.7-0.8-1.1-1.9-0.3c-0.3-0.2-0.6-0.2-0.7-0.2c-0.2-0.6-0.9-0.9-1.8-0.2\n\tc-0.8-0.4-1.3-0.1-1.4,0.4c-0.2,0-0.6,0.2-0.9,0.4c-0.8-0.4-1.3-0.1-1.4,0.4c-0.2,0-0.6,0.2-0.9,0.4c-2.3-1.1-1.6,2.7,0.4,2.1\n\tc0.4,0,0.7-0.1,1-0.3c0.3,0.5,0.8,0.8,1.6,0.7c0.4,0,0.7-0.1,0.9-0.2c0.2,0.6,0.8,1,1.6,0.7c0.4,0,0.7-0.1,0.9-0.2\n\tc0.2,0.6,0.8,1.1,1.7,0.8c0.5,0,0.8-0.2,1.1-0.4c0.2,0.7,0.8,1.2,1.7,1c0.7,0,1.2-0.3,1.4-0.8c0.2,0.1,0.6,0.2,0.9,0\n\tc0.7,0,1.2-0.3,1.4-0.8c0.2,0.1,0.6,0.2,0.9,0C63.5,67.2,62.9,63.3,60.7,65.1z"},{"type":"path","fill":"#8DB763","stroke":"none","path":"M51,62.2c0,0,0.1,1.7-0.7,1C49.4,62.8,51,62.2,51,62.2z M48.1,63.9c0.7,0.7,0.7-1,0.7-1S47.1,63.6,48.1,63.9\n\tz M45.7,64.7c0.7,0.7,0.7-1,0.7-1S44.8,64.4,45.7,64.7z M43.5,65.5c0.7,0.7,0.7-1,0.7-1S42.5,65.2,43.5,65.5z M53,63.4\n\tc0.7,0.7,0.7-1,0.7-1S52,63.2,53,63.4z M50.6,64.2c0.7,0.7,0.7-1,0.7-1S49.7,63.9,50.6,64.2z M48.3,65.1c0.7,0.7,0.7-1,0.7-1\n\tS47.4,64.7,48.3,65.1z M46,65.8c0.7,0.7,0.7-1,0.7-1S45.1,65.5,46,65.8z M55.5,64c0.7,0.7,0.7-1,0.7-1S54.6,63.7,55.5,64z\n\t M53.2,64.7c0.7,0.7,0.7-1,0.7-1S52.3,64.5,53.2,64.7z M50.9,65.5c0.7,0.7,0.7-1,0.7-1S50,65.2,50.9,65.5z M48.6,66.4\n\tc0.7,0.7,0.7-1,0.7-1S47.6,66,48.6,66.4z M58.1,64.6c0.7,0.7,0.7-1,0.7-1S57.2,64.2,58.1,64.6z M55.8,65.4c0.7,0.7,0.7-1,0.7-1\n\tS54.9,65.1,55.8,65.4z M53.5,66.2c0.7,0.7,0.7-1,0.7-1S52.5,65.9,53.5,66.2z M51.2,66.9c0.7,0.7,0.7-1,0.7-1S50.2,66.6,51.2,66.9z\n\t M60.9,65.2c0.7,0.7,0.7-1,0.7-1S60,64.9,60.9,65.2z M58.6,65.9c0.7,0.7,0.7-1,0.7-1S57.7,65.6,58.6,65.9z M56.3,66.8\n\tc0.7,0.7,0.7-1,0.7-1S55.4,66.4,56.3,66.8z M54,67.6c0.7,0.7,0.7-1,0.7-1S53.1,67.3,54,67.6z"},{"type":"path","fill":"#C4B99C","stroke":"none","path":"M57.7,67.7 40.6,64.7 40.6,68 57.7,71 z"},{"type":"path","fill":"#A39B84","stroke":"none","path":"M57.7,71 67,67.6 67,64.3 57.7,67.7 z"},{"type":"path","fill":"#A39B84","stroke":"none","path":"M76,70.9 85.4,67.5 68.4,64.5 59,67.9 z"},{"type":"path","fill":"#C34A3C","stroke":"none","path":"M79.1,68.2c-0.4-0.2-0.7-0.2-0.9-0.2c-0.1-0.7-0.8-1.3-1.9-0.5c-0.2-0.1-0.5-0.1-0.7-0.1\n\tc-0.2-0.7-0.8-1.3-1.9-0.4c-0.2-0.2-0.5-0.2-0.7-0.2c-0.2-0.7-0.8-1.1-1.9-0.3c-0.3-0.2-0.6-0.2-0.7-0.2c-0.2-0.6-0.9-0.9-1.8-0.2\n\tc-0.8-0.4-1.3-0.1-1.4,0.4c-0.2,0-0.6,0.2-0.9,0.4c-0.8-0.4-1.3-0.1-1.4,0.4c-0.2,0-0.6,0.2-0.9,0.4c-2.3-1.1-1.6,2.7,0.4,2.1\n\tc0.4,0,0.7-0.1,1-0.3c0.3,0.5,0.8,0.8,1.6,0.7c0.4,0,0.7-0.1,0.9-0.2c0.2,0.6,0.8,1,1.6,0.7c0.4,0,0.7-0.1,0.9-0.2\n\tc0.2,0.6,0.8,1.1,1.7,0.8c0.5,0,0.8-0.2,1.1-0.4c0.2,0.7,0.8,1.2,1.7,1c0.7,0,1.2-0.3,1.4-0.8c0.2,0.1,0.6,0.2,0.9,0\n\tc0.7,0,1.2-0.3,1.4-0.8c0.2,0.1,0.6,0.2,0.9,0C81.9,70.4,81.3,66.5,79.1,68.2z"},{"type":"path","fill":"#8DB763","stroke":"none","path":"M69.4,65.4c0,0,0.1,1.7-0.7,1C67.8,66,69.4,65.4,69.4,65.4z M66.5,67.1c0.7,0.7,0.7-1,0.7-1\n\tS65.5,66.8,66.5,67.1z M64.1,67.9c0.7,0.7,0.7-1,0.7-1S63.2,67.6,64.1,67.9z M61.8,68.7c0.7,0.7,0.7-1,0.7-1S60.9,68.4,61.8,68.7z\n\t M71.4,66.6c0.7,0.7,0.7-1,0.7-1S70.4,66.4,71.4,66.6z M69,67.4c0.7,0.7,0.7-1,0.7-1S68.1,67.1,69,67.4z M66.7,68.2\n\tc0.7,0.7,0.7-1,0.7-1S65.8,67.9,66.7,68.2z M64.4,69c0.7,0.7,0.7-1,0.7-1S63.5,68.7,64.4,69z M73.9,67.2c0.7,0.7,0.7-1,0.7-1\n\tS73,66.9,73.9,67.2z M71.6,67.9c0.7,0.7,0.7-1,0.7-1S70.7,67.7,71.6,67.9z M69.3,68.7c0.7,0.7,0.7-1,0.7-1S68.4,68.4,69.3,68.7z\n\t M67,69.6c0.7,0.7,0.7-1,0.7-1S66,69.2,67,69.6z M76.5,67.8c0.7,0.7,0.7-1,0.7-1S75.5,67.4,76.5,67.8z M74.2,68.6\n\tc0.7,0.7,0.7-1,0.7-1S73.3,68.2,74.2,68.6z M71.9,69.4c0.7,0.7,0.7-1,0.7-1S70.9,69.1,71.9,69.4z M69.6,70.1c0.7,0.7,0.7-1,0.7-1\n\tS68.6,69.8,69.6,70.1z M79.3,68.4c0.7,0.7,0.7-1,0.7-1S78.4,68.1,79.3,68.4z M77,69.1c0.7,0.7,0.7-1,0.7-1S76,68.8,77,69.1z\n\t M74.7,70c0.7,0.7,0.7-1,0.7-1S73.8,69.6,74.7,70z M72.4,70.8c0.7,0.7,0.7-1,0.7-1S71.5,70.5,72.4,70.8z"},{"type":"path","fill":"#C4B99C","stroke":"none","path":"M76,70.9 59,67.9 59,71.2 76,74.2 z"},{"type":"path","fill":"#A39B84","stroke":"none","path":"M76,74.2 85.4,70.8 85.4,67.5 76,70.9 z"},{"type":"path","fill":"#A39B84","stroke":"none","path":"M94.5,74.1 103.9,70.6 86.9,67.6 77.5,71 z"},{"type":"path","fill":"#C34A3C","stroke":"none","path":"M97.6,71.4c-0.4-0.2-0.7-0.2-0.9-0.2c-0.1-0.7-0.8-1.3-1.9-0.5c-0.2-0.1-0.5-0.1-0.7-0.1\n\tc-0.2-0.7-0.8-1.3-1.9-0.4c-0.2-0.2-0.5-0.2-0.7-0.2c-0.2-0.7-0.8-1.1-1.9-0.3c-0.3-0.2-0.6-0.2-0.7-0.2c-0.2-0.6-0.9-0.9-1.8-0.2\n\tc-0.8-0.4-1.3-0.1-1.4,0.4c-0.2,0-0.6,0.2-0.9,0.4c-0.8-0.4-1.3-0.1-1.4,0.4c-0.2,0-0.6,0.2-0.9,0.4c-2.3-1.1-1.6,2.7,0.4,2.1\n\tc0.4,0,0.7-0.1,1-0.3c0.3,0.5,0.8,0.8,1.6,0.7c0.4,0,0.7-0.1,0.9-0.2c0.2,0.6,0.8,1,1.6,0.7c0.4,0,0.7-0.1,0.9-0.2\n\tc0.2,0.6,0.8,1.1,1.7,0.8c0.5,0,0.8-0.2,1.1-0.4c0.2,0.7,0.8,1.2,1.7,1c0.7,0,1.2-0.3,1.4-0.8c0.2,0.1,0.6,0.2,0.9,0\n\tc0.7,0,1.2-0.3,1.4-0.8c0.2,0.1,0.6,0.2,0.9,0C100.4,73.5,99.8,69.7,97.6,71.4z"},{"type":"path","fill":"#8DB763","stroke":"none","path":"M87.9,68.5c0,0,0.1,1.7-0.7,1C86.3,69.2,87.9,68.5,87.9,68.5z M85,70.2c0.7,0.7,0.7-1,0.7-1S84,69.9,85,70.2\n\tz M82.6,71c0.7,0.7,0.7-1,0.7-1S81.7,70.7,82.6,71z M80.3,71.9c0.7,0.7,0.7-1,0.7-1S79.4,71.5,80.3,71.9z M89.9,69.7\n\tc0.7,0.7,0.7-1,0.7-1S88.9,69.5,89.9,69.7z M87.5,70.6c0.7,0.7,0.7-1,0.7-1S86.6,70.2,87.5,70.6z M85.2,71.4c0.7,0.7,0.7-1,0.7-1\n\tS84.3,71,85.2,71.4z M82.9,72.1c0.7,0.7,0.7-1,0.7-1S82,71.9,82.9,72.1z M92.4,70.3c0.7,0.7,0.7-1,0.7-1S91.5,70,92.4,70.3z\n\t M90.1,71c0.7,0.7,0.7-1,0.7-1S89.2,70.8,90.1,71z M87.8,71.9c0.7,0.7,0.7-1,0.7-1S86.9,71.5,87.8,71.9z M85.5,72.7\n\tc0.7,0.7,0.7-1,0.7-1S84.5,72.4,85.5,72.7z M95,70.9c0.7,0.7,0.7-1,0.7-1S94,70.6,95,70.9z M92.7,71.7c0.7,0.7,0.7-1,0.7-1\n\tS91.8,71.4,92.7,71.7z M90.4,72.5c0.7,0.7,0.7-1,0.7-1S89.4,72.2,90.4,72.5z M88.1,73.2c0.7,0.7,0.7-1,0.7-1S87.1,72.9,88.1,73.2z\n\t M97.8,71.5c0.7,0.7,0.7-1,0.7-1S96.9,71.2,97.8,71.5z M95.5,72.3c0.7,0.7,0.7-1,0.7-1S94.5,71.9,95.5,72.3z M93.2,73.1\n\tc0.7,0.7,0.7-1,0.7-1S92.3,72.8,93.2,73.1z M90.9,73.9c0.7,0.7,0.7-1,0.7-1S90,73.6,90.9,73.9z"},{"type":"path","fill":"#C4B99C","stroke":"none","path":"M94.5,74.1 77.5,71 77.5,74.3 94.5,77.3 z"},{"type":"path","fill":"#A39B84","stroke":"none","path":"M94.5,77.3 103.9,73.9 103.9,70.6 94.5,74.1 z"}]}