{"width":"229.7","height":"175.8","dx":"0","dy":"0","geometry":[{"type":"path","fill":"#989797","stroke":"none","path":"M2.4,121.3v12.9C2.4,148,32,173.8,118,173.8c63.7,0,109.1-20.9,109.1-39.1v-10.4c-1.3,18-47.1,38.1-109,38.1C30.2,162.4,1.6,135.3,2.4,121.3z"},{"type":"ellipse","fill":"#92BD61","stroke":"#B3B3B3","stroke-miterlimit":10,"cx":114.9,"cy":122.2,"rx":112.1,"ry":39.9},{"type":"path","fill":"#5AAC26","stroke":"none","path":"M49.8,55.7c0-4,4.6-7.3,10.3-7.3c5.7,0,10.3,3.3,10.3,7.3c0,4-4.6,7.3-10.3,7.3\tC54.4,63,49.8,59.7,49.8,55.7z"},{"type":"path","fill":"#87BB56","stroke":"none","path":"M26.2,49.1c0-4.1,4.2-7.4,9.4-7.4c5.2,0,9.4,3.3,9.4,7.4c0,4.1-4.2,7.4-9.4,7.4\tC30.4,56.5,26.2,53.2,26.2,49.1z"},{"type":"ellipse","fill":"#5AAC26","stroke":"none","cx":40.8,"cy":58.2,"rx":13.3,"ry":8.1},{"type":"ellipse","fill":"#DFDB00","stroke":"none","cx":48.2,"cy":39.9,"rx":11.1,"ry":8.5},{"type":"path","fill":"#AEBD59","stroke":"none","path":"M45.4,45.1c0-4.6,5-8.3,11.1-8.3s11.1,3.7,11.1,8.3c0,4.6-5,8.3-11.1,8.3S45.4,49.7,45.4,45.1z"},{"type":"ellipse","fill":"#AEBD59","stroke":"none","cx":62.4,"cy":55.3,"rx":4.6,"ry":3.4},{"type":"ellipse","fill":"#AEBD59","stroke":"none","cx":59.3,"cy":61.4,"rx":4.6,"ry":3.4},{"type":"path","fill":"#A38978","stroke":"none","path":"M48.7,55.6C48.7,55.6,48.7,55.6,48.7,55.6C48.7,55.6,48.7,55.6,48.7,55.6L48.7,55.6\tC48.7,55.6,48.7,55.6,48.7,55.6c0-0.5,1-0.8,2.3-0.8c1.3,0,2.3,0.4,2.3,0.8c0,0,0,0,0,0l1.2,49c0,0.7-1.5,1.2-3.3,1.2\tc-1.8,0-3.3-0.5-3.3-1.2L48.7,55.6z"},{"type":"path","fill":"#A38978","stroke":"none","path":"M61.3,53.5C61.3,53.5,61.3,53.5,61.3,53.5C61.3,53.5,61.3,53.5,61.3,53.5L61.3,53.5\tC61.3,53.5,61.3,53.5,61.3,53.5c0.2-0.2,0.7,0.1,1.1,0.6c0.5,0.5,0.7,1,0.5,1.2c0,0,0,0,0,0l-9.8,10.4c-0.3,0.2-1-0.1-1.7-0.8\tc-0.7-0.7-1-1.4-0.8-1.7L61.3,53.5z"},{"type":"path","fill":"#C7D009","stroke":"none","path":"M42.6,50.9c0-5.1,4.8-9.2,10.7-9.2c5.9,0,10.7,4.1,10.7,9.2c0,5.1-4.8,9.2-10.7,9.2\tC47.4,60.1,42.6,55.9,42.6,50.9z"},{"type":"path","fill":"#5AAC26","stroke":"none","path":"M27.7,73.5c0-4,4.6-7.3,10.3-7.3c5.7,0,10.3,3.3,10.3,7.3c0,4-4.6,7.3-10.3,7.3\tC32.3,80.8,27.7,77.6,27.7,73.5z"},{"type":"path","fill":"#87BB56","stroke":"none","path":"M4.1,67c0-4.1,4.2-7.4,9.4-7.4c5.2,0,9.4,3.3,9.4,7.4c0,4.1-4.2,7.4-9.4,7.4C8.3,74.4,4.1,71.1,4.1,67z"},{"type":"ellipse","fill":"#5AAC26","stroke":"none","cx":18.7,"cy":76.1,"rx":13.3,"ry":8.1},{"type":"ellipse","fill":"#DFDB00","stroke":"none","cx":26.1,"cy":57.7,"rx":11.1,"ry":8.5},{"type":"path","fill":"#AEBD59","stroke":"none","path":"M23.3,62.9c0-4.6,5-8.3,11.1-8.3s11.1,3.7,11.1,8.3c0,4.6-5,8.3-11.1,8.3S23.3,67.5,23.3,62.9z"},{"type":"ellipse","fill":"#AEBD59","stroke":"none","cx":40.3,"cy":73.2,"rx":4.6,"ry":3.4},{"type":"ellipse","fill":"#AEBD59","stroke":"none","cx":37.1,"cy":79.2,"rx":4.6,"ry":3.4},{"type":"path","fill":"#A38978","stroke":"none","path":"M26.6,73.5C26.6,73.5,26.5,73.5,26.6,73.5C26.5,73.5,26.6,73.5,26.6,73.5L26.6,73.5\tC26.6,73.5,26.6,73.5,26.6,73.5c0-0.5,1-0.8,2.3-0.8c1.3,0,2.3,0.4,2.3,0.8c0,0,0,0,0,0l1.2,49c0,0.7-1.5,1.2-3.3,1.2\tc-1.8,0-3.3-0.5-3.3-1.2L26.6,73.5z"},{"type":"path","fill":"#A38978","stroke":"none","path":"M39.2,71.4C39.2,71.4,39.2,71.4,39.2,71.4C39.2,71.4,39.2,71.4,39.2,71.4L39.2,71.4\tC39.2,71.4,39.2,71.4,39.2,71.4c0.2-0.2,0.7,0.1,1.1,0.6c0.5,0.5,0.7,1,0.5,1.2c0,0,0,0,0,0l-9.8,10.4c-0.3,0.2-1-0.1-1.7-0.8\tc-0.7-0.7-1-1.4-0.8-1.7L39.2,71.4z"},{"type":"path","fill":"#C7D009","stroke":"none","path":"M20.5,68.7c0-5.1,4.8-9.2,10.7-9.2c5.9,0,10.7,4.1,10.7,9.2c0,5.1-4.8,9.2-10.7,9.2\tC25.3,77.9,20.5,73.8,20.5,68.7z"},{"type":"rect","fill":"#CBBB9D","stroke":"none","x":94.4,"y":67.3,"width":50.3,"height":3.6},{"type":"rect","fill":"#CBBB9D","stroke":"none","x":94.4,"y":91.5,"width":50.3,"height":3.6},{"type":"path","fill":"#CBBB9D","stroke":"none","path":"M179,91.5 144.6,70.9 144.6,66.7 179,87.3 z"},{"type":"path","fill":"#CBBB9D","stroke":"none","path":"M179,115.5 144.6,94.9 144.6,90.7 179,111.3 z"},{"type":"path","fill":"#CBBB9D","stroke":"none","path":"M62,90.7 96.3,70.1 96.3,65.9 62,86.5 z"},{"type":"path","fill":"#CBBB9D","stroke":"none","path":"M62,113.6 96.3,93.6 96.3,89.4 62,109.4 z"},{"type":"path","fill":"#5F4C3F","stroke":"none","path":"M179,119.1 150.7,142.5 88.2,142.5 59.5,118.7 59.5,114.8 179,115.5 \tz"},{"type":"path","fill":"#B07F48","stroke":"none","path":"M94.1,95 98.6,95 98.6,21.4 94.1,20.4 \tz"},{"type":"path","fill":"#B07F48","stroke":"none","path":"M140.2,95 144.6,95 144.6,21.4 140.2,20.4 \tz"},{"type":"path","fill":"#D5B190","stroke":"none","path":"M179,115.2 150.7,138.6 88.2,138.6 59.5,114.8 94.1,94.9 144.6,94.9 \tz"},{"type":"path","fill":"#AF8453","stroke":"none","path":"M174.8,118.7 179,115.2 179,42.6 174.8,44 \tz"},{"type":"path","fill":"#BD8F64","stroke":"none","path":"M119.9,0 87.9,64.9 150.7,64.9 \tz"},{"type":"path","fill":"#D0AC7F","stroke":"none","path":"M119.9,0 59.5,40.5 87.9,64.9 \tz"},{"type":"path","fill":"#AF8453","stroke":"none","path":"M150.7,64.9 179,42.6 119.9,0 \tz"},{"type":"path","fill":"#B07F48","stroke":"none","path":"M59.5,114.8 63,117.7 63,43.5 59.5,40.5 \tz"},{"type":"path","fill":"#B07F48","stroke":"none","path":"M87.8,138.6 92.2,138.6 92.4,64.9 87.9,64.9 \tz"},{"type":"rect","fill":"#B07F48","stroke":"none","x":146.3,"y":64.9,"width":4.5,"height":73.7},{"type":"path","fill":"#B07F48","stroke":"none","path":"M59.5,114.8 87.8,138.6 87.8,134.4 59.5,110.5 z"},{"type":"path","fill":"#B07F48","stroke":"none","path":"M179,115.2 150.7,138.6 150.7,134.4 179,110.9 z"},{"type":"path","fill":"#5AAC26","stroke":"none","path":"M189.7,68.8c0-4.2-4.8-7.6-10.7-7.6c-5.9,0-10.7,3.4-10.7,7.6c0,4.2,4.8,7.6,10.7,7.6\tC184.8,76.4,189.7,73,189.7,68.8z"},{"type":"path","fill":"#87BB56","stroke":"none","path":"M216.9,64.7c0-4.2-4.4-7.7-9.8-7.7s-9.8,3.4-9.8,7.7c0,4.2,4.4,7.7,9.8,7.7S216.9,68.9,216.9,64.7z"},{"type":"ellipse","fill":"#5AAC26","stroke":"none","cx":201.7,"cy":74.2,"rx":13.8,"ry":8.5},{"type":"path","fill":"#DFDB00","stroke":"none","path":"M199.1,56.1c0-6.1-5.2-11-11.5-11c-6.4,0-11.5,4.9-11.5,11c0,6.1,5.2,11,11.5,11\tC193.9,67.1,199.1,62.2,199.1,56.1z"},{"type":"ellipse","fill":"#AEBD59","stroke":"none","cx":179.2,"cy":71.1,"rx":4.8,"ry":3.6},{"type":"ellipse","fill":"#AEBD59","stroke":"none","cx":182.5,"cy":77.4,"rx":4.8,"ry":3.6},{"type":"path","fill":"#A38978","stroke":"none","path":"M193.5,71.4C193.5,71.4,193.5,71.4,193.5,71.4C193.5,71.4,193.5,71.4,193.5,71.4L193.5,71.4\tC193.5,71.4,193.5,71.4,193.5,71.4c0-0.5-1.1-0.9-2.4-0.9c-1.3,0-2.4,0.4-2.4,0.9c0,0,0,0,0,0l-1.3,51c0,0.7,1.6,1.2,3.5,1.2\tc1.9,0,3.5-0.6,3.5-1.2L193.5,71.4z"},{"type":"path","fill":"#A38978","stroke":"none","path":"M180.4,69.2C180.4,69.2,180.4,69.2,180.4,69.2C180.4,69.2,180.4,69.2,180.4,69.2L180.4,69.2\tC180.4,69.2,180.4,69.2,180.4,69.2c-0.2-0.2-0.7,0.1-1.2,0.6c-0.5,0.5-0.7,1-0.5,1.2c0,0,0,0,0,0l10.2,10.8c0.3,0.2,1-0.1,1.7-0.9\tc0.7-0.7,1-1.5,0.8-1.8L180.4,69.2z"},{"type":"path","fill":"#C7D009","stroke":"none","path":"M216.6,62.2c0-5.7-5.8-10.3-13-10.3c-7.2,0-13,4.6-13,10.3c0,5.7,5.8,10.3,13,10.3\tC210.8,72.5,216.6,67.9,216.6,62.2z"},{"type":"path","fill":"#AEBD59","stroke":"none","path":"M200.3,68c0-5.4-5.9-9.8-13.3-9.8c-7.3,0-13.3,4.4-13.3,9.8c0,5.4,5.9,9.8,13.3,9.8\tC194.4,77.8,200.3,73.4,200.3,68z"},{"type":"rect","fill":"#CBBB9D","stroke":"none","x":85.1,"y":73.1,"width":1.6,"height":22.9},{"type":"rect","fill":"#CBBB9D","stroke":"none","x":79.9,"y":78.1,"width":1.6,"height":22.9},{"type":"rect","fill":"#CBBB9D","stroke":"none","x":100.8,"y":69.2,"width":1.6,"height":22.9},{"type":"rect","fill":"#CBBB9D","stroke":"none","x":107.7,"y":69.2,"width":1.6,"height":22.9},{"type":"rect","fill":"#CBBB9D","stroke":"none","x":114.5,"y":69.2,"width":1.6,"height":22.9},{"type":"rect","fill":"#CBBB9D","stroke":"none","x":121.4,"y":69.2,"width":1.6,"height":22.9},{"type":"rect","fill":"#CBBB9D","stroke":"none","x":128.3,"y":69.2,"width":1.6,"height":22.9},{"type":"rect","fill":"#CBBB9D","stroke":"none","x":135.2,"y":69.2,"width":1.6,"height":22.9},{"type":"rect","fill":"#CBBB9D","stroke":"none","x":74.6,"y":81,"width":1.6,"height":22.9},{"type":"rect","fill":"#CBBB9D","stroke":"none","x":69.4,"y":84.5,"width":1.6,"height":22.9},{"type":"rect","fill":"#CBBB9D","stroke":"none","x":152.4,"y":73.1,"width":1.6,"height":22.9},{"type":"rect","fill":"#CBBB9D","stroke":"none","x":157.6,"y":78.1,"width":1.6,"height":22.9},{"type":"rect","fill":"#CBBB9D","stroke":"none","x":162.9,"y":81,"width":1.6,"height":22.9},{"type":"rect","fill":"#CBBB9D","stroke":"none","x":168.1,"y":84.5,"width":1.6,"height":22.9},{"type":"path","fill":"#B07F48","stroke":"none","path":"M59.5,90.7 87.8,114.5 87.8,110.3 59.5,86.4 z"},{"type":"rect","fill":"#B07F48","stroke":"none","x":65.9,"y":94.9,"width":1.6,"height":22.9},{"type":"rect","fill":"#B07F48","stroke":"none","x":71.2,"y":99.9,"width":1.6,"height":22.9},{"type":"rect","fill":"#B07F48","stroke":"none","x":76.4,"y":104.1,"width":1.6,"height":22.9},{"type":"rect","fill":"#B07F48","stroke":"none","x":81.7,"y":108.9,"width":1.6,"height":22.9},{"type":"path","fill":"#B07F48","stroke":"none","path":"M179,90.7 150.7,114.5 150.7,110.3 179,86.4 z"},{"type":"rect","fill":"#B07F48","stroke":"none","x":170.7,"y":95.2,"width":1.6,"height":22.9},{"type":"rect","fill":"#B07F48","stroke":"none","x":165.5,"y":100.2,"width":1.6,"height":22.9},{"type":"rect","fill":"#B07F48","stroke":"none","x":160.2,"y":104.4,"width":1.6,"height":22.9},{"type":"rect","fill":"#B07F48","stroke":"none","x":155,"y":109.2,"width":1.6,"height":22.9}]}