{"width":"229.7","height":"172.5","dx":"0","dy":"0","geometry":[{"type":"path","fill":"none","stroke":"#989797","stroke-width":0.8,"stroke-miterlimit":10,"path":"M167,128.4c5.9-2.5,14.4-13.3,1.2-12.8c-12.3,0.5-14.8-7.3-30.1-4"},{"type":"ellipse","fill":"none","stroke":"#B3B3B3","stroke-width":0.9996,"stroke-miterlimit":10,"cx":114.9,"cy":119,"rx":112.1,"ry":39.9},{"type":"path","fill":"#989797","stroke":"none","path":"M2.4,118.1V131c0,13.7,29.6,39.5,115.6,39.5c63.7,0,109.1-20.9,109.1-39.1V121c-1.3,18-47.1,38.1-109,38.1C30.2,159.2,1.6,132.1,2.4,118.1z"},{"type":"path","fill":"#D8D9DA","stroke":"none","path":"M69.7,114.8 127.2,124.8 127.2,132.5 69.7,122.6 z"},{"type":"path","fill":"#989797","stroke":"none","path":"M127.2,124.8 154.4,114.8 154.4,122.6 127.2,132.5 z"},{"type":"path","fill":"#B0B2B3","stroke":"none","path":"M69.7,114.8 96.9,104.9 154.4,114.8 127.2,124.8 z"},{"type":"path","fill":"#D8D9DA","stroke":"none","path":"M101.7,97.1 114.2,99.4 114.2,118.7 101.7,116.4 z"},{"type":"path","fill":"#989797","stroke":"none","path":"M114.2,99.4 124.6,95.5 124.6,114.8 114.2,118.7 z"},{"type":"path","fill":"#C6C6C6","stroke":"none","path":"M101.7,97.1 112.1,93.3 124.5,95.5 114.2,99.4 z"},{"type":"path","fill":"#D8D9DA","stroke":"none","path":"M48.9,8 159.2,27.6 159.2,108.2 48.9,88.6 z"},{"type":"path","fill":"#B0B2B3","stroke":"none","path":"M159.2,27.6 172.4,22.7 172.4,103.4 159.2,108.2 z"},{"type":"path","fill":"#C6C6C6","stroke":"none","path":"M48.9,8 62.1,3.1 172.4,22.7 159.2,27.6 z"},{"type":"path","fill":"#A8C1E1","stroke":"none","path":"M55.3,15.9 153.4,33.4 153.4,100.2 55.3,82.8 z"},{"type":"ellipse","fill":"#FFFFFF","stroke":"#B3B3B3","transform":"t211.4206,108.2323r182.9427,0,0","stroke-width":0.9996,"stroke-miterlimit":10,"cx":107.1,"cy":51.4,"rx":10.3,"ry":4.5},{"type":"ellipse","fill":"#FFFFFF","stroke":"#B3B3B3","transform":"t166.4107,139.8737r182.9414,0,0","stroke-width":0.9996,"stroke-miterlimit":10,"cx":85,"cy":67.8,"rx":10.3,"ry":4.5},{"type":"ellipse","fill":"#FFFFFF","stroke":"#B3B3B3","transform":"t238.2017,163.5185r182.9414,0,0","stroke-width":0.9996,"stroke-miterlimit":10,"cx":121.2,"cy":78.7,"rx":10.3,"ry":4.5},{"type":"path","fill":"#F8B055","stroke":"none","path":"M108.6,43.6h-3c-2.5,0-4.5,2-4.5,4.5v3.7v0.1l0.3,0.1c2.4,0.7,4.5,1,6.2,1c3.3,0,5.3-1,5.4-1l0.2-0.1l0,0\tv-3.7C113.1,45.6,111.1,43.6,108.6,43.6z"},{"type":"circle","fill":"#F8B055","stroke":"none","cx":107.1,"cy":39.4,"r":3.5},{"type":"path","fill":"#F8B055","stroke":"none","path":"M86.5,60.2h-3c-2.5,0-4.5,2-4.5,4.5v3.7v0.1l0.3,0.1c2.4,0.7,4.5,1,6.2,1c3.3,0,5.3-1,5.4-1l0.2-0.1l0,0\tv-3.7C91,62.2,89,60.2,86.5,60.2z"},{"type":"circle","fill":"#F8B055","stroke":"none","cx":85,"cy":56,"r":3.5},{"type":"path","fill":"#F8B055","stroke":"none","path":"M122.7,70.7h-3c-2.5,0-4.5,2-4.5,4.5v3.7V79l0.3,0.1c2.4,0.7,4.5,1,6.2,1c3.3,0,5.3-1,5.4-1l0.2-0.1l0,0\tv-3.7C127.2,72.7,125.2,70.7,122.7,70.7z"},{"type":"circle","fill":"#F8B055","stroke":"none","cx":121.2,"cy":66.5,"r":3.5},{"type":"path","fill":"none","stroke":"#878787","stroke-miterlimit":10,"path":"M107.1,50.3 121.2,75.3 85,65.7 z"},{"type":"path","fill":"#989797","stroke":"none","path":"M168.5,128.2c1.1,1.5,2.5,5.2-2.5,8.1c-5.1,3-12.4,5.7-15.9,2S168.5,128.2,168.5,128.2z"},{"type":"path","fill":"#C6C6C6","stroke":"none","path":"M150.1,138.4c-8-6.2,10-16.9,17.7-10.8c3.8,3-0.6,4-4.8,6.7C158.6,137.1,154.2,141.6,150.1,138.4z"},{"type":"path","fill":"#989797","stroke":"none","path":"M162.1,129.5c2-1,3.3-1.3,5.9-1.8l-0.6-0.5c-2.6,0.5-3.8,0.9-5.8,1.9c-2.2-1.6-4.3-2.5-4.5-2.6l-0.8,0.3c0.1,0,5.8,2.6,8.5,6.5l0.6-0.4C164.4,131.6,163.3,130.5,162.1,129.5z"}]}