{"width":"224.9","height":"144.1","dx":"-98","dy":"226.2","geometry":[{"type":"path","fill":"#FBFAFA","stroke":"none","path":"M126.7,295.3c0,22.2-50.1,40.2-111.8,40.2s-111.8-18-111.8-40.2s50-40.1,111.8-40.1S126.7,273.1,126.7,295.3z"},{"type":"path","fill":"#F9F7F1","stroke":"#B4B4B4","stroke-width":0.9996,"stroke-miterlimit":10,"path":"M14.6,255.7c61.9,0,112.1,17.9,112.1,39.9s-50.2,39.9-112.1,39.9c-47.6,0-85.4-12.4-101.7-27.3c-4.9-4.5-10.4-7.5-10.4-12.6C-97.5,273.6-47.3,255.7,14.6,255.7z"},{"type":"path","fill":"#B1B3B4","stroke":"none","path":"M-40.8,299.9 50.4,266.5 50.4,237.8 -40.8,271.2 z"},{"type":"path","fill":"#D9DADB","stroke":"none","path":"M-88.6,261.9 -64.7,259.5 -40.8,271.2 -40.8,299.9 -88.6,291.4 z"},{"type":"path","fill":"#A9C2E1","stroke":"none","path":"M-65.6,275.4 -65.6,268.3 -75,266.7 -75,273.7 z"},{"type":"path","fill":"#A9C2E1","stroke":"none","path":"M-76.9,273.3 -76.9,266.2 -86.3,264.6 -86.3,271.6 z"},{"type":"path","fill":"#A9C2E1","stroke":"none","path":"M-43.2,279.7 -43.2,272.7 -52.7,271.1 -52.7,278.1 z"},{"type":"path","fill":"#A9C2E1","stroke":"none","path":"M-54.6,277.6 -54.6,270.6 -64,268.9 -64,275.9 z"},{"type":"path","fill":"#B1B3B4","stroke":"none","path":"M19.2,309.4 110.4,276.1 110.4,247.4 19.2,280.7 z"},{"type":"path","fill":"#8F9091","stroke":"none","path":"M86,235.7 62.6,238.1 -28.5,271.4 -4.6,269.1 z"},{"type":"path","fill":"#D9DADB","stroke":"none","path":"M-28.5,271.4 -4.6,269.1 19.2,280.7 19.2,309.4 -28.5,301 z"},{"type":"path","fill":"#88888A","stroke":"none","path":"M82.3,273.4l13.6-4.9v12.9l-13.6,4.9V273.4z"},{"type":"path","fill":"#88888A","stroke":"none","path":"M57.4,282.8l13.6-4.9v12.9l-13.6,4.9V282.8z"},{"type":"path","fill":"#88888A","stroke":"none","path":"M29.2,292.9l13.6-4.9v12.9l-13.6,4.9C29.2,305.8,29.2,292.9,29.2,292.9z"},{"type":"path","fill":"#88888A","stroke":"none","path":"M-23.5,289l13.6,2.4v12.9l-13.6-2.4V289z"},{"type":"path","fill":"#88888A","stroke":"none","path":"M-1.4,292.9l13.6,2.4v12.9l-13.6-2.4V292.9z"},{"type":"path","fill":"#88888A","stroke":"none","path":"M-83.7,279.4l13.6,2.4v12.9l-13.6-2.5V279.4z"},{"type":"path","fill":"#88888A","stroke":"none","path":"M-61.5,283.3l13.6,2.4v12.9l-13.6-2.4V283.3z"},{"type":"path","fill":"#8F8F8E","stroke":"none","path":"M-98,296.5v12l9.8,1.4c0,5.8-9.8,15.9-9.8,15.9v13.3l177.1,31.2v-42L-98,296.5z"},{"type":"path","fill":"#999898","stroke":"none","path":"M79.1,370.3c28.9-7.2,47.8-19.2,47.8-32.7v-13.1l-2.7-8.5c0,0,2.9-5,2.7-7.8v-12.6c0,13.5-18.9,25.5-47.8,32.7V370.3z"},{"type":"path","fill":"#666666","stroke":"none","path":"M-88.2,309.9c0,0-1.4,0.5-5.8,5.7c-4,4.8-4.1,10.1-4.1,10.1v0.3l177.2,31.2v-17.3L-88.2,309.9z"},{"type":"path","fill":"#A9C2E1","stroke":"none","path":"M-5.4,285.3 -5.4,278.2 -14.9,276.6 -14.9,283.7 z"},{"type":"path","fill":"#A9C2E1","stroke":"none","path":"M-16.8,283.2 -16.8,276.2 -26.2,274.5 -26.2,281.5 z"},{"type":"path","fill":"#A9C2E1","stroke":"none","path":"M16.9,289.7 16.9,282.6 7.5,281 7.5,288 z"},{"type":"path","fill":"#98ADC8","stroke":"none","path":"M34.7,285.8 34.7,278.7 25.3,282.2 25.3,289.2 z"},{"type":"path","fill":"#98ADC8","stroke":"none","path":"M45.1,282.1 45.1,275 35.7,278.5 35.7,285.5 z"},{"type":"path","fill":"#98ADC8","stroke":"none","path":"M55.5,278.4 55.5,271.3 46,274.7 46,281.7 z"},{"type":"path","fill":"#98ADC8","stroke":"none","path":"M65.8,274.7 65.8,267.6 56.4,271 56.4,278 z"},{"type":"path","fill":"#98ADC8","stroke":"none","path":"M76.2,270.9 76.2,263.9 66.8,267.3 66.8,274.3 z"},{"type":"path","fill":"#98ADC8","stroke":"none","path":"M86.6,267.2 86.6,260.1 77.2,263.6 77.2,270.6 z"},{"type":"path","fill":"#98ADC8","stroke":"none","path":"M97,263.5 97,256.4 87.6,259.9 87.6,266.9 z"},{"type":"path","fill":"#98ADC8","stroke":"none","path":"M107.4,259.8 107.4,252.7 97.9,256.1 97.9,263.1 z"},{"type":"path","fill":"#A9C2E1","stroke":"none","path":"M5.6,287.5 5.6,280.5 -3.9,278.8 -3.9,285.8 z"},{"type":"path","fill":"#9F9F9F","stroke":"none","path":"M-4.8,269.1 86,235.7 110.4,247.4 19.2,280.7 z"},{"type":"path","fill":"#8F9091","stroke":"none","path":"M25.9,226.2 2.5,228.5 -88.6,261.9 -64.7,259.5 z"},{"type":"path","fill":"#9F9F9F","stroke":"none","path":"M-64.8,259.6 25.9,226.2 50.4,237.8 -40.8,271.2 z"},{"type":"path","fill":"#727279","stroke":"none","path":"M70.4,312.4"},{"type":"path","fill":"#5D5C60","stroke":"none","path":"M60.8,308.2 63.1,307.8 63.1,305.3 52,301.9 38.8,304.3 \tz"},{"type":"path","fill":"#5D5C60","stroke":"none","path":"M60.8,308.2 63.4,307.7 63.4,311 60.8,311.4 \tz"},{"type":"path","fill":"#C5DCEC","stroke":"none","path":"M68.1,300.1 70.6,309.7 70.6,313.2 81.4,309.2 81.4,305.6 78.7,296.3 \tz"},{"type":"path","fill":"#E8CC57","stroke":"none","path":"M80.3,306.7c0.3-0.1,0.6,0.4,0.7,1.1c0,0.7-0.2,1.2-0.6,1.3c-0.3,0.1-0.6-0.4-0.6-0.9\tC79.6,307.6,79.9,306.9,80.3,306.7z"},{"type":"path","fill":"#E8CC57","stroke":"none","path":"M72.1,309.7c0.3-0.1,0.6,0.4,0.7,1.1c0,0.7-0.2,1.2-0.6,1.3c-0.3,0.1-0.6-0.4-0.6-0.9\tC71.4,310.6,71.6,309.9,72.1,309.7z"},{"type":"path","fill":"#8A8A8F","stroke":"none","path":"M60.8,308.2 38.8,304.3 38.8,307.5 60.8,311.5 \tz"},{"type":"path","fill":"#A8C1E5","stroke":"none","path":"M71.4,307.1 69.9,301.2 78.4,298 80,303.8 \tz"},{"type":"path","fill":"#727279","stroke":"none","opacity":0.2,"path":"M71.4,307.1 69.9,301.2 78.4,298 \tz"},{"type":"path","fill":"#5D5C60","stroke":"none","path":"M73.2,309.8 73.2,311.3 79.3,309.1 79.3,307.6 \tz"},{"type":"path","fill":"#CBE3F5","stroke":"none","path":"M70.9,293.4 60.5,297.2 38.9,293.4 49.2,289.6 \tz"},{"type":"path","fill":"#A2B5C2","stroke":"none","path":"M60.5,297.2 38.9,293.4 38.9,303.8 60.5,307.4 \tz"},{"type":"path","fill":"#8D9EA9","stroke":"none","path":"M60.5,297.2 70.9,293.4 70.9,297.2 64.4,299.5 64.5,306.2 60.5,307.5 \tz"},{"type":"path","fill":"#A2B5C2","stroke":"none","path":"M61.4,311.5 70.6,313.2 70.6,309.7 68.1,300.1 61.3,298.9 \tz"},{"type":"path","fill":"#A8C1E5","stroke":"none","path":"M67.2,301.2 65.4,300.8 65.3,306 68.4,306.5 \tz"},{"type":"path","fill":"#A8C1E5","stroke":"none","path":"M62.6,300.4 62.6,305.5 65,305.9 65,300.8 \tz"},{"type":"path","fill":"#CBE3F5","stroke":"none","path":"M61.3,298.8 68.1,300.1 78.7,296.3 71.7,295 \tz"},{"type":"path","fill":"#727279","stroke":"none","opacity":0.2,"path":"M78.5,296.4 61.3,298.8 68.1,300.1 \tz"},{"type":"path","fill":"#C8C6C7","stroke":"none","path":"M46.6,296.3"},{"type":"path","fill":"#5D5C60","stroke":"none","path":"M65.5,313.8c0,0,0.9-0.3,1.1-0.4c0.4-0.3,0.6-0.7,0.6-1.1c0.1-1-0.3-2-1.2-2.1l-1.1,0.3"},{"type":"path","fill":"#8A8A8F","stroke":"none","path":"M66.4,312.5c0,0.6-0.4,1.4-1.2,1.3c-0.6-0.1-1.2-0.7-1.2-1.7c0-0.9,0.5-1.7,1.2-1.7\tC66.2,310.6,66.4,311.5,66.4,312.5z"},{"type":"path","fill":"#5D5C60","stroke":"none","path":"M53.7,311.7c0,0,0.9-0.3,1.1-0.4c0.4-0.3,0.6-0.7,0.6-1.1c0.1-1-0.3-2-1.2-2.1l-1.1,0.3"},{"type":"path","fill":"#9F9D9C","stroke":"none","path":"M54.7,310.4c0,0.6-0.4,1.4-1.2,1.3c-0.6-0.1-1.2-0.7-1.2-1.7c0-0.9,0.5-1.7,1.2-1.7\tC54.4,308.5,54.7,309.4,54.7,310.4z"},{"type":"path","fill":"#5D5C60","stroke":"none","path":"M41.8,309.6c0,0,0.9-0.3,1.1-0.4c0.4-0.3,0.6-0.7,0.6-1.1c0.1-1-0.3-2-1.2-2.1l-1.1,0.3"},{"type":"path","fill":"#9F9D9C","stroke":"none","path":"M42.7,308.3c0,0.6-0.4,1.4-1.2,1.3c-0.6-0.1-1.2-0.7-1.2-1.7s0.5-1.7,1.2-1.7\tC42.4,306.4,42.7,307.3,42.7,308.3z"},{"type":"path","fill":"#727279","stroke":"none","path":"M99.9,300.3"},{"type":"path","fill":"#5D5C60","stroke":"none","path":"M90.4,296.1 92.7,295.7 92.7,293.2 81.6,289.8 68.4,292.2 \tz"},{"type":"path","fill":"#5D5C60","stroke":"none","path":"M90.4,296.1 93,295.6 93,298.9 90.4,299.3 \tz"},{"type":"path","fill":"#E8B07E","stroke":"none","path":"M97.6,288 100.1,297.6 100.2,301.1 111,297.1 111,293.5 108.2,284.2 \tz"},{"type":"path","fill":"#E8CC57","stroke":"none","path":"M109.9,294.6c0.3-0.1,0.6,0.4,0.7,1.1c0,0.7-0.2,1.2-0.6,1.3c-0.3,0.1-0.6-0.4-0.6-0.9\tC109.2,295.5,109.5,294.8,109.9,294.6z"},{"type":"path","fill":"#E8CC57","stroke":"none","path":"M101.6,297.6c0.3-0.1,0.6,0.4,0.7,1.1c0,0.7-0.2,1.2-0.6,1.3c-0.3,0.1-0.6-0.4-0.6-0.9\tC100.9,298.5,101.2,297.7,101.6,297.6z"},{"type":"path","fill":"#8A8A8F","stroke":"none","path":"M90.4,296.1 68.4,292.2 68.4,295.4 90.4,299.4 \tz"},{"type":"path","fill":"#A8C1E5","stroke":"none","path":"M100.9,295 99.5,289.1 107.9,285.9 109.6,291.7 \tz"},{"type":"path","fill":"#727279","stroke":"none","opacity":0.2,"path":"M101,295 99.5,289.1 107.9,285.9 \tz"},{"type":"path","fill":"#5D5C60","stroke":"none","path":"M102.8,297.7 102.8,299.2 108.9,297 108.9,295.5 \tz"},{"type":"path","fill":"#F4C391","stroke":"none","path":"M100.5,281.3 90.1,285.1 68.5,281.3 78.8,277.5 \tz"},{"type":"path","fill":"#D29F71","stroke":"none","path":"M90.1,285.1 68.5,281.3 68.5,291.6 90.1,295.3 \tz"},{"type":"path","fill":"#B38962","stroke":"none","path":"M90.1,285.1 100.5,281.3 100.5,285 94,287.4 94.1,294.1 90.1,295.4 \tz"},{"type":"path","fill":"#C4966B","stroke":"none","path":"M91,299.4 100.2,301.1 100.1,297.6 97.6,288 90.9,286.8 \tz"},{"type":"path","fill":"#A8C1E5","stroke":"none","path":"M96.8,289.1 94.9,288.7 94.9,293.9 97.9,294.4 \tz"},{"type":"path","fill":"#A8C1E5","stroke":"none","path":"M92.2,288.2 92.2,293.4 94.6,293.8 94.6,288.6 \tz"},{"type":"path","fill":"#F4C391","stroke":"none","path":"M90.9,286.7 97.6,288 108.2,284.2 101.2,282.9 \tz"},{"type":"path","fill":"#727279","stroke":"none","opacity":0.2,"path":"M108.1,284.3 90.9,286.7 97.6,288 \tz"},{"type":"path","fill":"#C8C6C7","stroke":"none","path":"M76.2,284.2"},{"type":"path","fill":"#5D5C60","stroke":"none","path":"M95.1,301.7c0,0,0.9-0.3,1.1-0.4c0.4-0.3,0.6-0.7,0.6-1.1c0.1-1-0.3-2-1.2-2.1l-1.1,0.3"},{"type":"path","fill":"#8A8A8F","stroke":"none","path":"M96,300.4c0,0.6-0.4,1.4-1.2,1.3c-0.6-0.1-1.2-0.7-1.2-1.7c0-0.9,0.5-1.7,1.2-1.7\tC95.7,298.5,96,299.4,96,300.4z"},{"type":"path","fill":"#5D5C60","stroke":"none","path":"M83.3,299.6c0,0,0.9-0.3,1.1-0.4c0.4-0.3,0.6-0.7,0.6-1.1c0.1-1-0.3-2-1.2-2.1l-1.1,0.3"},{"type":"path","fill":"#9F9D9C","stroke":"none","path":"M84.2,298.3c0,0.6-0.4,1.4-1.2,1.3c-0.6-0.1-1.2-0.7-1.2-1.7c0-0.9,0.5-1.7,1.2-1.7\tC84,296.4,84.3,297.3,84.2,298.3z"},{"type":"path","fill":"#5D5C60","stroke":"none","path":"M71.4,297.5c0,0,0.9-0.3,1.1-0.4c0.4-0.3,0.6-0.7,0.6-1.1c0.1-1-0.3-2-1.2-2.1l-1.1,0.3"},{"type":"path","fill":"#9F9D9C","stroke":"none","path":"M72.3,296.2c0,0.6-0.4,1.4-1.2,1.3c-0.6-0.1-1.2-0.7-1.2-1.7s0.5-1.7,1.2-1.7\tC72,294.3,72.3,295.2,72.3,296.2z"},{"type":"path","fill":"#BCBCBB","stroke":"none","path":"M23.7,266 35.2,261.8 35.2,257 23.7,261.1 z"},{"type":"path","fill":"#E3E3E2","stroke":"none","path":"M4.9,263.1 16.5,258.9 16.5,254.1 4.9,258.3 z"},{"type":"path","fill":"#7E8689","stroke":"none","path":"M23.7,266 14.2,262.2 4.9,263.1 4.9,258.3 14.2,261.1 23.7,261.1 z"},{"type":"path","fill":"#6A7072","stroke":"none","path":"M25.8,256.9 35.3,257 23.7,261.1 14.2,261.1 4.9,258.3 16.5,254.1 25.8,256.9 z"},{"type":"path","fill":"#BCBCBB","stroke":"none","path":"M47.5,257 59,252.8 59,248 47.5,252.2 z"},{"type":"path","fill":"#7E8689","stroke":"none","path":"M47.5,257 38,253.2 28.7,254.1 28.7,249.3 38,252.1 47.5,252.2 z"},{"type":"path","fill":"#6A7072","stroke":"none","path":"M49.6,247.9 59.1,248 47.5,252.2 38,252.1 28.7,249.3 40.3,245.1 49.6,247.9 z"},{"type":"path","fill":"#BCBCBB","stroke":"none","path":"M70.8,248.6 82.3,244.5 82.3,239.7 70.8,243.8 z"},{"type":"path","fill":"#7E8689","stroke":"none","path":"M70.8,248.6 61.3,244.9 52,245.7 52,240.9 61.3,243.8 70.8,243.8 z"},{"type":"path","fill":"#6A7072","stroke":"none","path":"M72.9,239.6 82.4,239.7 70.8,243.8 61.3,243.8 52,240.9 63.6,236.8 72.9,239.6 z"},{"type":"path","fill":"#BCBCBB","stroke":"none","path":"M-33.9,255.5 -22.4,251.4 -22.4,246.6 -33.9,250.7 z"},{"type":"path","fill":"#7E8689","stroke":"none","path":"M-33.9,255.5 -43.4,251.8 -52.7,252.6 -52.7,247.8 -43.4,250.7 -33.9,250.7 z"},{"type":"path","fill":"#6A7072","stroke":"none","path":"M-31.8,246.5 -22.3,246.6 -33.9,250.7 -43.4,250.7 -52.7,247.8 -41.1,243.7 -31.8,246.5 z"},{"type":"path","fill":"#BCBCBB","stroke":"none","path":"M-10.1,246.6 1.4,242.4 1.4,237.6 -10.1,241.7 z"},{"type":"path","fill":"#7E8689","stroke":"none","path":"M-10.1,246.6 -19.6,242.8 -28.9,243.7 -28.9,238.9 -19.6,241.7 -10.1,241.7 z"},{"type":"path","fill":"#6A7072","stroke":"none","path":"M-8,237.5 1.5,237.6 -10.1,241.7 -19.6,241.7 -28.9,238.9 -17.3,234.7 -8,237.5 z"},{"type":"path","fill":"#BCBCBB","stroke":"none","path":"M13.2,238.2 24.7,234 24.7,229.2 13.2,233.4 z"},{"type":"path","fill":"#7E8689","stroke":"none","path":"M13.2,238.2 3.7,234.5 -5.6,235.3 -5.6,230.5 3.7,233.3 13.2,233.4 z"},{"type":"path","fill":"#6A7072","stroke":"none","path":"M15.3,229.2 24.8,229.2 13.2,233.4 3.7,233.3 -5.6,230.5 6,226.3 15.3,229.2 z"},{"type":"path","fill":"#666666","stroke":"none","path":"M79.1,357.2c28.9-7.2,47.8-19.2,47.8-32.7c0,0-1.1-7.5-2.7-8.5c-6.2,9.8-22.6,18.3-45.1,23.9V357.2z"},{"type":"path","fill":"#AC8A53","stroke":"none","path":"M-69.1,328.3 -69.1,323.1 -50.2,316.7 -40.5,318.4 z"},{"type":"path","fill":"#756447","stroke":"none","path":"M-69.1,323.1 -83.7,320.5 -65,314 -50.2,316.7 z"},{"type":"path","fill":"#BE995B","stroke":"none","path":"M-83.7,325.7 -83.7,320.5 -69.1,323.1 -69.1,328.3 z"},{"type":"path","fill":"#95663D","stroke":"none","path":"M-80.6,321.1c0,0,2.5-0.9,3.8-1.4c1.3-0.5,3.5-0.6,4.9-1.3c1.4-0.7,2.9-1.1,3.5-1.5c0.7-0.5,6.3-2.1,6.8-2.1s11.3,2,11.3,2l-18.8,6.5L-80.6,321.1z"},{"type":"path","fill":"#DCBFA7","stroke":"none","path":"M-69.7,321c-0.1,0.2,0.2,0.3,0.4,0.4s0,0.7,0.1,0.8c0.3,0.2,0.5,0,0.5,0c-0.1-0.1,0-0.7,0.1-0.8\ts0.6,0,0.3-0.4C-68.6,320.6-69.6,320.8-69.7,321z"},{"type":"path","fill":"#DCBFA7","stroke":"none","path":"M-71.5,320.4c-0.1,0.2,0.2,0.3,0.4,0.4c0.2,0.1,0,0.7,0.1,0.8c0.3,0.2,0.5,0,0.5,0c-0.1-0.1,0-0.7,0.1-0.8\ts0.6,0,0.3-0.4C-70.4,320-71.4,320.2-71.5,320.4z"},{"type":"path","fill":"#DCBFA7","stroke":"none","path":"M-73.9,320.4c-0.1,0.2,0.2,0.3,0.4,0.4s0,0.7,0.1,0.8c0.3,0.2,0.5,0,0.5,0c-0.1-0.1,0-0.7,0.1-0.8\tc0.1-0.1,0.6,0,0.3-0.4S-73.8,320.2-73.9,320.4z"},{"type":"path","fill":"#DCBFA7","stroke":"none","path":"M-75.7,320.4c-0.1,0.2,0.2,0.3,0.4,0.4s0,0.7,0.1,0.8c0.3,0.2,0.5,0,0.5,0c-0.1-0.1,0-0.7,0.1-0.8\ts0.6,0,0.3-0.4C-74.6,320-75.6,320.2-75.7,320.4z"},{"type":"path","fill":"#DCBFA7","stroke":"none","path":"M-71.3,318.1c-0.3-0.4-1.3-0.2-1.4,0c-0.1,0.2,0.2,0.3,0.4,0.4c0.2,0.1,0,0.7,0.1,0.8c0.3,0.2,0.5,0,0.5,0\tc-0.1-0.1,0-0.7,0.1-0.8S-71,318.5-71.3,318.1z"},{"type":"path","fill":"#DCBFA7","stroke":"none","path":"M-69.4,318.7c0.1-0.1,0.6,0,0.3-0.4c-0.3-0.4-1.3-0.2-1.4,0c-0.1,0.2,0.2,0.3,0.4,0.4c0.2,0,0,0.7,0.1,0.8\tc0.3,0.2,0.5,0,0.5,0C-69.5,319.4-69.5,318.9-69.4,318.7z"},{"type":"path","fill":"#DCBFA7","stroke":"none","path":"M-68.2,319.3c-0.1,0.2,0.2,0.3,0.4,0.4s0,0.7,0.1,0.8c0.3,0.2,0.5,0,0.5,0c-0.1-0.1,0-0.7,0.1-0.8\ts0.6,0,0.3-0.4C-67.1,319-68.1,319.1-68.2,319.3z"},{"type":"path","fill":"#DCBFA7","stroke":"none","path":"M-64.9,319.3c-0.1,0.2,0.2,0.3,0.4,0.4s0,0.7,0.1,0.8c0.3,0.2,0.5,0,0.5,0c-0.1-0.1,0-0.7,0.1-0.8\ts0.6,0,0.3-0.4C-63.7,319-64.7,319.1-64.9,319.3z"},{"type":"path","fill":"#DCBFA7","stroke":"none","path":"M-66.4,317.4c-0.1,0.2,0.2,0.3,0.4,0.4s0,0.7,0.1,0.8c0.3,0.2,0.5,0,0.5,0c-0.1-0.1,0-0.7,0.1-0.8\ts0.6,0,0.3-0.4C-65.2,317-66.2,317.2-66.4,317.4z"},{"type":"path","fill":"#DCBFA7","stroke":"none","path":"M-68.7,317c0.2,0,0,0.7,0.1,0.8c0.3,0.2,0.5,0,0.5,0c-0.1-0.1,0-0.7,0.1-0.8s0.6,0,0.3-0.4\tc-0.3-0.4-1.3-0.2-1.4,0C-69.2,316.8-68.9,317-68.7,317z"},{"type":"path","fill":"#DCBFA7","stroke":"none","path":"M-64.8,315.4c0.2,0,0,0.7,0.1,0.8c0.3,0.2,0.5,0,0.5,0c-0.1-0.1,0-0.7,0.1-0.8c0.1-0.1,0.6,0,0.3-0.4\tc-0.3-0.4-1.3-0.2-1.4,0C-65.3,315.2-65,315.4-64.8,315.4z"},{"type":"path","fill":"#DCBFA7","stroke":"none","path":"M-61.9,315.6c0.1-0.1,0.6,0,0.3-0.4s-1.3-0.2-1.4,0c-0.1,0.2,0.2,0.3,0.4,0.4c0.2,0,0,0.7,0.1,0.8\tc0.3,0.2,0.5,0,0.5,0C-62.1,316.3-62,315.7-61.9,315.6z"},{"type":"path","fill":"#DCBFA7","stroke":"none","path":"M-64.4,317.1c-0.1,0.2,0.2,0.3,0.4,0.4c0.2,0.1,0,0.7,0.1,0.8c0.3,0.2,0.5,0,0.5,0c-0.1-0.1,0-0.7,0.1-0.8\ts0.6,0,0.3-0.4C-63.3,316.7-64.3,316.9-64.4,317.1z"},{"type":"path","fill":"#DCBFA7","stroke":"none","path":"M-60.8,316.5c-0.1,0.2,0.2,0.3,0.4,0.4c0.2,0,0,0.7,0.1,0.8c0.3,0.2,0.5,0,0.5,0c-0.1-0.1,0-0.7,0.1-0.8\ts0.6,0,0.3-0.4C-59.7,316.1-60.7,316.3-60.8,316.5z"},{"type":"path","fill":"#DCBFA7","stroke":"none","path":"M-62.2,318.3c-0.1,0.2,0.2,0.3,0.4,0.4c0.2,0,0,0.7,0.1,0.8c0.3,0.2,0.5,0,0.5,0c-0.1-0.1,0-0.7,0.1-0.8\ts0.6,0,0.3-0.4C-61.1,317.9-62.1,318.1-62.2,318.3z"},{"type":"path","fill":"#DCBFA7","stroke":"none","path":"M-58.3,316.2c0.3,0.2,0.5,0,0.5,0c-0.1-0.1,0-0.7,0.1-0.8c0-0.1,0.2-0.1,0.3-0.1l-1.4-0.3\tc-0.1,0.2,0.2,0.3,0.4,0.3S-58.4,316.1-58.3,316.2z"},{"type":"path","fill":"#DCBFA7","stroke":"none","path":"M-55.1,316.7c-0.3-0.4-1.3-0.2-1.4,0c-0.1,0.2,0.2,0.3,0.4,0.4c0.2,0.1,0,0.7,0.1,0.8c0.3,0.2,0.5,0,0.5,0\tc-0.1-0.1,0-0.7,0.1-0.8C-55.3,316.9-54.9,317-55.1,316.7z"},{"type":"path","fill":"#DCBFA7","stroke":"none","path":"M-58.8,317.5c-0.1,0.2,0.2,0.3,0.4,0.4s0,0.7,0.1,0.8c0.3,0.2,0.5,0,0.5,0c-0.1-0.1,0-0.7,0.1-0.8\ts0.6,0,0.3-0.4C-57.6,317.1-58.6,317.3-58.8,317.5z"},{"type":"path","fill":"#AC8A53","stroke":"none","path":"M-49.6,331.8 -49.6,326.7 -30.8,320.2 -21,321.9 z"},{"type":"path","fill":"#756447","stroke":"none","path":"M-49.6,326.7 -64.2,324.1 -45.6,317.6 -30.8,320.2 z"},{"type":"path","fill":"#BE995B","stroke":"none","path":"M-64.2,329.2 -64.2,324.1 -49.6,326.7 -49.6,331.8 z"},{"type":"path","fill":"#95663D","stroke":"none","path":"M-61.2,324.6c0,0,2.5-0.9,3.8-1.4s3.5-0.6,4.9-1.3c1.4-0.7,2.9-1.1,3.5-1.5c0.7-0.5,6.3-2.1,6.8-2.1s11.3,2,11.3,2l-18.8,6.5L-61.2,324.6z"},{"type":"path","fill":"#DCBFA7","stroke":"none","path":"M-50.3,324.5c-0.1,0.2,0.2,0.3,0.4,0.4s0,0.7,0.1,0.8c0.3,0.2,0.5,0,0.5,0c-0.1-0.1,0-0.7,0.1-0.8\ts0.6,0,0.3-0.4C-49.1,324.1-50.1,324.3-50.3,324.5z"},{"type":"path","fill":"#DCBFA7","stroke":"none","path":"M-52.1,323.9c-0.1,0.2,0.2,0.3,0.4,0.4s0,0.7,0.1,0.8c0.3,0.2,0.5,0,0.5,0c-0.1-0.1,0-0.7,0.1-0.8\ts0.6,0,0.3-0.4C-51,323.6-52,323.7-52.1,323.9z"},{"type":"path","fill":"#DCBFA7","stroke":"none","path":"M-54.5,323.9c-0.1,0.2,0.2,0.3,0.4,0.4s0,0.7,0.1,0.8c0.3,0.2,0.5,0,0.5,0c-0.1-0.1,0-0.7,0.1-0.8\ts0.6,0,0.3-0.4C-53.3,323.6-54.3,323.7-54.5,323.9z"},{"type":"path","fill":"#DCBFA7","stroke":"none","path":"M-56.3,323.9c-0.1,0.2,0.2,0.3,0.4,0.4s0,0.7,0.1,0.8c0.3,0.2,0.5,0,0.5,0c-0.1-0.1,0-0.7,0.1-0.8\ts0.6,0,0.3-0.4C-55.2,323.6-56.2,323.7-56.3,323.9z"},{"type":"path","fill":"#DCBFA7","stroke":"none","path":"M-51.8,321.6c-0.3-0.4-1.3-0.2-1.4,0c-0.1,0.2,0.2,0.3,0.4,0.4c0.2,0.1,0,0.7,0.1,0.8c0.3,0.2,0.5,0,0.5,0\tc-0.1-0.1,0-0.7,0.1-0.8S-51.6,322-51.8,321.6z"},{"type":"path","fill":"#DCBFA7","stroke":"none","path":"M-49.9,322.3c0.1-0.1,0.6,0,0.3-0.4c-0.3-0.4-1.3-0.2-1.4,0c-0.1,0.2,0.2,0.3,0.4,0.4c0.2,0,0,0.7,0.1,0.8\tc0.3,0.2,0.5,0,0.5,0C-50.1,322.9-50,322.4-49.9,322.3z"},{"type":"path","fill":"#DCBFA7","stroke":"none","path":"M-48.8,322.9c-0.1,0.2,0.2,0.3,0.4,0.4s0,0.7,0.1,0.8c0.3,0.2,0.5,0,0.5,0c-0.1-0.1,0-0.7,0.1-0.8\ts0.6,0,0.3-0.4C-47.6,322.5-48.6,322.7-48.8,322.9z"},{"type":"path","fill":"#DCBFA7","stroke":"none","path":"M-45.4,322.9c-0.1,0.2,0.2,0.3,0.4,0.4s0,0.7,0.1,0.8c0.3,0.2,0.5,0,0.5,0c-0.1-0.1,0-0.7,0.1-0.8\ts0.6,0,0.3-0.4C-44.3,322.5-45.3,322.7-45.4,322.9z"},{"type":"path","fill":"#DCBFA7","stroke":"none","path":"M-46.9,320.9c-0.1,0.2,0.2,0.3,0.4,0.4s0,0.7,0.1,0.8c0.3,0.2,0.5,0,0.5,0c-0.1-0.1,0-0.7,0.1-0.8\ts0.6,0,0.3-0.4C-45.8,320.5-46.8,320.7-46.9,320.9z"},{"type":"path","fill":"#DCBFA7","stroke":"none","path":"M-49.2,320.6c0.2,0,0,0.7,0.1,0.8c0.3,0.2,0.5,0,0.5,0c-0.1-0.1,0-0.7,0.1-0.8s0.6,0,0.3-0.4\ts-1.3-0.2-1.4,0C-49.7,320.4-49.4,320.5-49.2,320.6z"},{"type":"path","fill":"#DCBFA7","stroke":"none","path":"M-45.4,319c0.2,0,0,0.7,0.1,0.8c0.3,0.2,0.5,0,0.5,0c-0.1-0.1,0-0.7,0.1-0.8s0.6,0,0.3-0.4\tc-0.3-0.4-1.3-0.2-1.4,0C-45.9,318.8-45.6,318.9-45.4,319z"},{"type":"path","fill":"#DCBFA7","stroke":"none","path":"M-42.5,319.1c0.1-0.1,0.6,0,0.3-0.4s-1.3-0.2-1.4,0c-0.1,0.2,0.2,0.3,0.4,0.4c0.2,0,0,0.7,0.1,0.8\tc0.3,0.2,0.5,0,0.5,0C-42.6,319.8-42.6,319.3-42.5,319.1z"},{"type":"path","fill":"#DCBFA7","stroke":"none","path":"M-45,320.7c-0.1,0.2,0.2,0.3,0.4,0.4c0.2,0.1,0,0.7,0.1,0.8c0.3,0.2,0.5,0,0.5,0c-0.1-0.1,0-0.7,0.1-0.8\ts0.6,0,0.3-0.4C-43.8,320.3-44.8,320.5-45,320.7z"},{"type":"path","fill":"#DCBFA7","stroke":"none","path":"M-41.4,320c-0.1,0.2,0.2,0.3,0.4,0.4c0.2,0,0,0.7,0.1,0.8c0.3,0.2,0.5,0,0.5,0c-0.1-0.1,0-0.7,0.1-0.8\ts0.6,0,0.3-0.4C-40.3,319.7-41.2,319.8-41.4,320z"},{"type":"path","fill":"#DCBFA7","stroke":"none","path":"M-42.8,321.8c-0.1,0.2,0.2,0.3,0.4,0.4c0.2,0,0,0.7,0.1,0.8c0.3,0.2,0.5,0,0.5,0c-0.1-0.1,0-0.7,0.1-0.8\ts0.6,0,0.3-0.4C-41.7,321.5-42.7,321.6-42.8,321.8z"},{"type":"path","fill":"#DCBFA7","stroke":"none","path":"M-38.8,319.7c0.3,0.2,0.5,0,0.5,0c-0.1-0.1,0-0.7,0.1-0.8c0-0.1,0.2-0.1,0.3-0.1l-1.4-0.3\tc-0.1,0.2,0.2,0.3,0.4,0.3S-39,319.6-38.8,319.7z"},{"type":"path","fill":"#DCBFA7","stroke":"none","path":"M-35.7,320.2c-0.3-0.4-1.3-0.2-1.4,0c-0.1,0.2,0.2,0.3,0.4,0.4c0.2,0.1,0,0.7,0.1,0.8c0.3,0.2,0.5,0,0.5,0\tc-0.1-0.1,0-0.7,0.1-0.8C-35.9,320.4-35.4,320.6-35.7,320.2z"},{"type":"path","fill":"#DCBFA7","stroke":"none","path":"M-39.3,321c-0.1,0.2,0.2,0.3,0.4,0.4s0,0.7,0.1,0.8c0.3,0.2,0.5,0,0.5,0c-0.1-0.1,0-0.7,0.1-0.8\ts0.6,0,0.3-0.4C-38.2,320.7-39.2,320.8-39.3,321z"},{"type":"path","fill":"#AC8A53","stroke":"none","path":"M-29.8,335.4 -29.8,330.2 -10.9,323.7 -1.2,325.5 z"},{"type":"path","fill":"#756447","stroke":"none","path":"M-29.8,330.2 -44.3,327.6 -25.7,321.1 -10.9,323.7 z"},{"type":"path","fill":"#BE995B","stroke":"none","path":"M-44.3,332.8 -44.3,327.6 -29.8,330.2 -29.8,335.4 z"},{"type":"path","fill":"#95663D","stroke":"none","path":"M-41.3,328.1c0,0,2.5-0.9,3.8-1.4s3.5-0.6,4.9-1.3c1.4-0.7,2.9-1.1,3.5-1.5c0.7-0.5,6.3-2.1,6.8-2.1s11.3,2,11.3,2l-18.8,6.4L-41.3,328.1z"},{"type":"path","fill":"#DCBFA7","stroke":"none","path":"M-30.4,328.1c-0.1,0.2,0.2,0.3,0.4,0.4c0.2,0.1,0,0.7,0.1,0.8c0.3,0.2,0.5,0,0.5,0c-0.1-0.1,0-0.7,0.1-0.8\ts0.6,0,0.3-0.4C-29.3,327.7-30.3,327.9-30.4,328.1z"},{"type":"path","fill":"#DCBFA7","stroke":"none","path":"M-32.2,327.5c-0.1,0.2,0.2,0.3,0.4,0.4s0,0.7,0.1,0.8c0.3,0.2,0.5,0,0.5,0c-0.1-0.1,0-0.7,0.1-0.8\ts0.6,0,0.3-0.4C-31.1,327.1-32.1,327.3-32.2,327.5z"},{"type":"path","fill":"#DCBFA7","stroke":"none","path":"M-34.6,327.5c-0.1,0.2,0.2,0.3,0.4,0.4c0.2,0.1,0,0.7,0.1,0.8c0.3,0.2,0.5,0,0.5,0c-0.1-0.1,0-0.7,0.1-0.8\ts0.6,0,0.3-0.4C-33.4,327.1-34.4,327.3-34.6,327.5z"},{"type":"path","fill":"#DCBFA7","stroke":"none","path":"M-36.4,327.5c-0.1,0.2,0.2,0.3,0.4,0.4s0,0.7,0.1,0.8c0.3,0.2,0.5,0,0.5,0c-0.1-0.1,0-0.7,0.1-0.8\ts0.6,0,0.3-0.4C-35.3,327.1-36.3,327.3-36.4,327.5z"},{"type":"path","fill":"#DCBFA7","stroke":"none","path":"M-32,325.2c-0.3-0.4-1.3-0.2-1.4,0c-0.1,0.2,0.2,0.3,0.4,0.4c0.2,0.1,0,0.7,0.1,0.8c0.3,0.2,0.5,0,0.5,0\tc-0.1-0.1,0-0.7,0.1-0.8S-31.7,325.5-32,325.2z"},{"type":"path","fill":"#DCBFA7","stroke":"none","path":"M-30.1,325.8c0.1-0.1,0.6,0,0.3-0.4c-0.3-0.4-1.3-0.2-1.4,0c-0.1,0.2,0.2,0.3,0.4,0.4c0.2,0,0,0.7,0.1,0.8\tc0.3,0.2,0.5,0,0.5,0C-30.2,326.5-30.2,325.9-30.1,325.8z"},{"type":"path","fill":"#DCBFA7","stroke":"none","path":"M-28.9,326.4c-0.1,0.2,0.2,0.3,0.4,0.4s0,0.7,0.1,0.8c0.3,0.2,0.5,0,0.5,0c-0.1-0.1,0-0.7,0.1-0.8\ts0.6,0,0.3-0.4C-27.7,326-28.7,326.2-28.9,326.4z"},{"type":"path","fill":"#DCBFA7","stroke":"none","path":"M-25.5,326.4c-0.1,0.2,0.2,0.3,0.4,0.4s0,0.7,0.1,0.8c0.3,0.2,0.5,0,0.5,0c-0.1-0.1,0-0.7,0.1-0.8\ts0.6,0,0.3-0.4C-24.4,326-25.4,326.2-25.5,326.4z"},{"type":"path","fill":"#DCBFA7","stroke":"none","path":"M-27.1,324.5c-0.1,0.2,0.2,0.3,0.4,0.4s0,0.7,0.1,0.8c0.3,0.2,0.5,0,0.5,0c-0.1-0.1,0-0.7,0.1-0.8\ts0.6,0,0.3-0.4C-25.9,324.1-26.9,324.2-27.1,324.5z"},{"type":"path","fill":"#DCBFA7","stroke":"none","path":"M-29.3,324.1c0.2,0,0,0.7,0.1,0.8c0.3,0.2,0.5,0,0.5,0c-0.1-0.1,0-0.7,0.1-0.8s0.6,0,0.3-0.4\tc-0.3-0.4-1.3-0.2-1.4,0C-29.8,323.9-29.5,324.1-29.3,324.1z"},{"type":"path","fill":"#DCBFA7","stroke":"none","path":"M-25.5,322.5c0.2,0,0,0.7,0.1,0.8c0.3,0.2,0.5,0,0.5,0c-0.1-0.1,0-0.7,0.1-0.8s0.6,0,0.3-0.4\tc-0.3-0.4-1.3-0.2-1.4,0C-26,322.3-25.7,322.5-25.5,322.5z"},{"type":"path","fill":"#DCBFA7","stroke":"none","path":"M-22.6,322.7c0.1-0.1,0.6,0,0.3-0.4c-0.3-0.4-1.3-0.2-1.4,0c-0.1,0.2,0.2,0.3,0.4,0.4c0.2,0,0,0.7,0.1,0.8\tc0.3,0.2,0.5,0,0.5,0C-22.7,323.3-22.7,322.8-22.6,322.7z"},{"type":"path","fill":"#DCBFA7","stroke":"none","path":"M-25.1,324.2c-0.1,0.2,0.2,0.3,0.4,0.4c0.2,0.1,0,0.7,0.1,0.8c0.3,0.2,0.5,0,0.5,0c-0.1-0.1,0-0.7,0.1-0.8\ts0.6,0,0.3-0.4C-24,323.8-24.9,324-25.1,324.2z"},{"type":"path","fill":"#DCBFA7","stroke":"none","path":"M-21.5,323.6c-0.1,0.2,0.2,0.3,0.4,0.4c0.2,0,0,0.7,0.1,0.8c0.3,0.2,0.5,0,0.5,0c-0.1-0.1,0-0.7,0.1-0.8\ts0.6,0,0.3-0.4C-20.4,323.2-21.4,323.4-21.5,323.6z"},{"type":"path","fill":"#DCBFA7","stroke":"none","path":"M-22.9,325.4c-0.1,0.2,0.2,0.3,0.4,0.4c0.2,0,0,0.7,0.1,0.8c0.3,0.2,0.5,0,0.5,0c-0.1-0.1,0-0.7,0.1-0.8\ts0.6,0,0.3-0.4C-21.8,325-22.8,325.2-22.9,325.4z"},{"type":"path","fill":"#DCBFA7","stroke":"none","path":"M-19,323.3c0.3,0.2,0.5,0,0.5,0c-0.1-0.1,0-0.7,0.1-0.8c0-0.1,0.2-0.1,0.3-0.1l-1.4-0.3\tc-0.1,0.2,0.2,0.3,0.4,0.3S-19.1,323.2-19,323.3z"},{"type":"path","fill":"#DCBFA7","stroke":"none","path":"M-15.8,323.7c-0.3-0.4-1.3-0.2-1.4,0c-0.1,0.2,0.2,0.3,0.4,0.4c0.2,0.1,0,0.7,0.1,0.8c0.3,0.2,0.5,0,0.5,0\tc-0.1-0.1,0-0.7,0.1-0.8C-16,324-15.5,324.1-15.8,323.7z"},{"type":"path","fill":"#DCBFA7","stroke":"none","path":"M-19.4,324.6c-0.1,0.2,0.2,0.3,0.4,0.4c0.2,0.1,0,0.7,0.1,0.8c0.3,0.2,0.5,0,0.5,0c-0.1-0.1,0-0.7,0.1-0.8\ts0.6,0,0.3-0.4C-18.3,324.2-19.3,324.4-19.4,324.6z"},{"type":"path","fill":"#AC8A53","stroke":"none","path":"M-10.1,338.9 -10.1,333.7 8.8,327.3 18.5,329 z"},{"type":"path","fill":"#756447","stroke":"none","path":"M-10.1,333.7 -24.7,331.2 -6,324.7 8.8,327.3 z"},{"type":"path","fill":"#BE995B","stroke":"none","path":"M-24.7,336.3 -24.7,331.2 -10.1,333.7 -10.1,338.9 z"},{"type":"path","fill":"#95663D","stroke":"none","path":"M-21.6,331.7c0,0,2.5-0.9,3.8-1.4s3.5-0.6,4.9-1.3c1.4-0.7,2.9-1.1,3.5-1.5c0.7-0.5,6.3-2.1,6.8-2.1s11.3,2,11.3,2l-18.8,6.5L-21.6,331.7z"},{"type":"path","fill":"#DCBFA7","stroke":"none","path":"M-10.7,331.6c-0.1,0.2,0.2,0.3,0.4,0.4c0.2,0.1,0,0.7,0.1,0.8c0.3,0.2,0.5,0,0.5,0c-0.1-0.1,0-0.7,0.1-0.8\ts0.6,0,0.3-0.4C-9.6,331.2-10.6,331.4-10.7,331.6z"},{"type":"path","fill":"#DCBFA7","stroke":"none","path":"M-12.6,331c-0.1,0.2,0.2,0.3,0.4,0.4s0,0.7,0.1,0.8c0.3,0.2,0.5,0,0.5,0c-0.1-0.1,0-0.7,0.1-0.8\ts0.6,0,0.3-0.4C-11.4,330.7-12.4,330.8-12.6,331z"},{"type":"path","fill":"#DCBFA7","stroke":"none","path":"M-14.9,331c-0.1,0.2,0.2,0.3,0.4,0.4s0,0.7,0.1,0.8c0.3,0.2,0.5,0,0.5,0c-0.1-0.1,0-0.7,0.1-0.8\ts0.6,0,0.3-0.4C-13.8,330.7-14.8,330.8-14.9,331z"},{"type":"path","fill":"#DCBFA7","stroke":"none","path":"M-16.8,331c-0.1,0.2,0.2,0.3,0.4,0.4s0,0.7,0.1,0.8c0.3,0.2,0.5,0,0.5,0c-0.1-0.1,0-0.7,0.1-0.8\ts0.6,0,0.3-0.4C-15.6,330.7-16.6,330.8-16.8,331z"},{"type":"path","fill":"#DCBFA7","stroke":"none","path":"M-12.3,328.7c-0.3-0.4-1.3-0.2-1.4,0c-0.1,0.2,0.2,0.3,0.4,0.4c0.2,0.1,0,0.7,0.1,0.8c0.3,0.2,0.5,0,0.5,0\tc-0.1-0.1,0-0.7,0.1-0.8S-12,329.1-12.3,328.7z"},{"type":"path","fill":"#DCBFA7","stroke":"none","path":"M-10.4,329.4c0.1-0.1,0.6,0,0.3-0.4c-0.3-0.4-1.3-0.2-1.4,0c-0.1,0.2,0.2,0.3,0.4,0.4c0.2,0,0,0.7,0.1,0.8\tc0.3,0.2,0.5,0,0.5,0C-10.6,330-10.5,329.5-10.4,329.4z"},{"type":"path","fill":"#DCBFA7","stroke":"none","path":"M-9.2,330c-0.1,0.2,0.2,0.3,0.4,0.4s0,0.7,0.1,0.8c0.3,0.2,0.5,0,0.5,0c-0.1-0.1,0-0.7,0.1-0.8\ts0.6,0,0.3-0.4C-8.1,329.6-9.1,329.7-9.2,330z"},{"type":"path","fill":"#DCBFA7","stroke":"none","path":"M-5.9,330c-0.1,0.2,0.2,0.3,0.4,0.4s0,0.7,0.1,0.8c0.3,0.2,0.5,0,0.5,0c-0.1-0.1,0-0.7,0.1-0.8\ts0.6,0,0.3-0.4C-4.7,329.6-5.7,329.7-5.9,330z"},{"type":"path","fill":"#DCBFA7","stroke":"none","path":"M-7.4,328c-0.1,0.2,0.2,0.3,0.4,0.4s0,0.7,0.1,0.8c0.3,0.2,0.5,0,0.5,0c-0.1-0.1,0-0.7,0.1-0.8\ts0.6,0,0.3-0.4C-6.3,327.6-7.2,327.8-7.4,328z"},{"type":"path","fill":"#DCBFA7","stroke":"none","path":"M-9.7,327.6c0.2,0,0,0.7,0.1,0.8c0.3,0.2,0.5,0,0.5,0c-0.1-0.1,0-0.7,0.1-0.8s0.6,0,0.3-0.4\tc-0.3-0.4-1.3-0.2-1.4,0C-10.2,327.4-9.9,327.6-9.7,327.6z"},{"type":"path","fill":"#DCBFA7","stroke":"none","path":"M-5.8,326.1c0.2,0,0,0.7,0.1,0.8c0.3,0.2,0.5,0,0.5,0c-0.1-0.1,0-0.7,0.1-0.8s0.6,0,0.3-0.4\tc-0.3-0.4-1.3-0.2-1.4,0C-6.3,325.9-6,326-5.8,326.1z"},{"type":"path","fill":"#DCBFA7","stroke":"none","path":"M-2.9,326.2c0.1-0.1,0.6,0,0.3-0.4c-0.3-0.4-1.3-0.2-1.4,0c-0.1,0.2,0.2,0.3,0.4,0.4c0.2,0,0,0.7,0.1,0.8\tc0.3,0.2,0.5,0,0.5,0C-3.1,326.9-3,326.3-2.9,326.2z"},{"type":"path","fill":"#DCBFA7","stroke":"none","path":"M-5.4,327.8c-0.1,0.2,0.2,0.3,0.4,0.4s0,0.7,0.1,0.8c0.3,0.2,0.5,0,0.5,0c-0.1-0.1,0-0.7,0.1-0.8\ts0.6,0,0.3-0.4C-4.3,327.4-5.3,327.5-5.4,327.8z"},{"type":"path","fill":"#DCBFA7","stroke":"none","path":"M-1.8,327.1c-0.1,0.2,0.2,0.3,0.4,0.4c0.2,0,0,0.7,0.1,0.8c0.3,0.2,0.5,0,0.5,0c-0.1-0.1,0-0.7,0.1-0.8\ts0.6,0,0.3-0.4C-0.7,326.8-1.7,326.9-1.8,327.1z"},{"type":"path","fill":"#DCBFA7","stroke":"none","path":"M-3.3,328.9c-0.1,0.2,0.2,0.3,0.4,0.4c0.2,0,0,0.7,0.1,0.8c0.3,0.2,0.5,0,0.5,0c-0.1-0.1,0-0.7,0.1-0.8\ts0.6,0,0.3-0.4C-2.1,328.6-3.1,328.7-3.3,328.9z"},{"type":"path","fill":"#DCBFA7","stroke":"none","path":"M0.7,326.8c0.3,0.2,0.5,0,0.5,0c-0.1-0.1,0-0.7,0.1-0.8c0-0.1,0.2-0.1,0.3-0.1l-1.4-0.3\tc-0.1,0.2,0.2,0.3,0.4,0.3S0.5,326.7,0.7,326.8z"},{"type":"path","fill":"#DCBFA7","stroke":"none","path":"M3.9,327.3c-0.3-0.4-1.3-0.2-1.4,0c-0.1,0.2,0.2,0.3,0.4,0.4s0,0.7,0.1,0.8c0.3,0.2,0.5,0,0.5,0\tc-0.1-0.1,0-0.7,0.1-0.8C3.7,327.5,4.1,327.7,3.9,327.3z"},{"type":"path","fill":"#DCBFA7","stroke":"none","path":"M0.2,328.1c-0.1,0.2,0.2,0.3,0.4,0.4c0.2,0.1,0,0.7,0.1,0.8c0.3,0.2,0.5,0,0.5,0c-0.1-0.1,0-0.7,0.1-0.8\ts0.6,0,0.3-0.4C1.3,327.8,0.4,327.9,0.2,328.1z"},{"type":"path","fill":"#AC8A53","stroke":"none","path":"M9.9,342.5 9.9,337.3 28.7,330.9 38.5,332.6 z"},{"type":"path","fill":"#756447","stroke":"none","path":"M9.9,337.3 -4.7,334.7 13.9,328.2 28.7,330.9 z"},{"type":"path","fill":"#BE995B","stroke":"none","path":"M-4.7,339.9 -4.7,334.7 9.9,337.3 9.9,342.5 z"},{"type":"path","fill":"#95663D","stroke":"none","path":"M-1.7,335.3c0,0,2.5-0.9,3.8-1.4s3.5-0.6,4.9-1.3s2.9-1.1,3.5-1.5c0.7-0.5,6.3-2.1,6.8-2.1s11.3,2,11.3,2l-18.8,6.5L-1.7,335.3z"},{"type":"path","fill":"#DCBFA7","stroke":"none","path":"M9.2,335.2c-0.1,0.2,0.2,0.3,0.4,0.4c0.2,0.1,0,0.7,0.1,0.8c0.3,0.2,0.5,0,0.5,0c-0.1-0.1,0-0.7,0.1-0.8\tc0.1-0.1,0.6,0,0.3-0.4C10.4,334.8,9.4,335,9.2,335.2z"},{"type":"path","fill":"#DCBFA7","stroke":"none","path":"M7.4,334.6c-0.1,0.2,0.2,0.3,0.4,0.4c0.2,0.1,0,0.7,0.1,0.8c0.3,0.2,0.5,0,0.5,0c-0.1-0.1,0-0.7,0.1-0.8\ts0.6,0,0.3-0.4C8.5,334.2,7.6,334.4,7.4,334.6z"},{"type":"path","fill":"#DCBFA7","stroke":"none","path":"M5.1,334.6c-0.1,0.2,0.2,0.3,0.4,0.4c0.2,0.1,0,0.7,0.1,0.8c0.3,0.2,0.5,0,0.5,0c-0.1-0.1,0-0.7,0.1-0.8\ts0.6,0,0.3-0.4C6.2,334.2,5.2,334.4,5.1,334.6z"},{"type":"path","fill":"#DCBFA7","stroke":"none","path":"M3.2,334.6c-0.1,0.2,0.2,0.3,0.4,0.4c0.2,0.1,0,0.7,0.1,0.8c0.3,0.2,0.5,0,0.5,0c-0.1-0.1,0-0.7,0.1-0.8\ts0.6,0,0.3-0.4C4.3,334.2,3.4,334.4,3.2,334.6z"},{"type":"path","fill":"#DCBFA7","stroke":"none","path":"M7.7,332.3c-0.3-0.4-1.3-0.2-1.4,0c-0.1,0.2,0.2,0.3,0.4,0.4s0,0.7,0.1,0.8c0.3,0.2,0.5,0,0.5,0\tc-0.1-0.1,0-0.7,0.1-0.8S7.9,332.7,7.7,332.3z"},{"type":"path","fill":"#DCBFA7","stroke":"none","path":"M9.6,333c0.1-0.1,0.6,0,0.3-0.4c-0.3-0.4-1.3-0.2-1.4,0c-0.1,0.2,0.2,0.3,0.4,0.4c0.2,0,0,0.7,0.1,0.8\tc0.3,0.2,0.5,0,0.5,0C9.4,333.6,9.5,333.1,9.6,333z"},{"type":"path","fill":"#DCBFA7","stroke":"none","path":"M10.8,333.5c-0.1,0.2,0.2,0.3,0.4,0.4s0,0.7,0.1,0.8c0.3,0.2,0.5,0,0.5,0c-0.1-0.1,0-0.7,0.1-0.8\ts0.6,0,0.3-0.4C11.9,333.2,10.9,333.3,10.8,333.5z"},{"type":"path","fill":"#DCBFA7","stroke":"none","path":"M14.1,333.5c-0.1,0.2,0.2,0.3,0.4,0.4s0,0.7,0.1,0.8c0.3,0.2,0.5,0,0.5,0c-0.1-0.1,0-0.7,0.1-0.8\ts0.6,0,0.3-0.4C15.2,333.2,14.2,333.3,14.1,333.5z"},{"type":"path","fill":"#DCBFA7","stroke":"none","path":"M12.6,331.6c-0.1,0.2,0.2,0.3,0.4,0.4c0.2,0.1,0,0.7,0.1,0.8c0.3,0.2,0.5,0,0.5,0c-0.1-0.1,0-0.7,0.1-0.8\ts0.6,0,0.3-0.4C13.7,331.2,12.7,331.4,12.6,331.6z"},{"type":"path","fill":"#DCBFA7","stroke":"none","path":"M10.3,331.2c0.2,0,0,0.7,0.1,0.8c0.3,0.2,0.5,0,0.5,0c-0.1-0.1,0-0.7,0.1-0.8s0.6,0,0.3-0.4\tc-0.3-0.4-1.3-0.2-1.4,0C9.8,331,10.1,331.2,10.3,331.2z"},{"type":"path","fill":"#DCBFA7","stroke":"none","path":"M14.1,329.6c0.2,0,0,0.7,0.1,0.8c0.3,0.2,0.5,0,0.5,0c-0.1-0.1,0-0.7,0.1-0.8s0.6,0,0.3-0.4\tc-0.3-0.4-1.3-0.2-1.4,0C13.6,329.4,13.9,329.6,14.1,329.6z"},{"type":"path","fill":"#DCBFA7","stroke":"none","path":"M17,329.8c0.1-0.1,0.6,0,0.3-0.4c-0.3-0.4-1.3-0.2-1.4,0c-0.1,0.2,0.2,0.3,0.4,0.4c0.2,0,0,0.7,0.1,0.8\tc0.3,0.2,0.5,0,0.5,0C16.9,330.5,16.9,329.9,17,329.8z"},{"type":"path","fill":"#DCBFA7","stroke":"none","path":"M14.5,331.3c-0.1,0.2,0.2,0.3,0.4,0.4s0,0.7,0.1,0.8c0.3,0.2,0.5,0,0.5,0c-0.1-0.1,0-0.7,0.1-0.8\ts0.6,0,0.3-0.4C15.7,331,14.7,331.1,14.5,331.3z"},{"type":"path","fill":"#DCBFA7","stroke":"none","path":"M18.1,330.7c-0.1,0.2,0.2,0.3,0.4,0.4c0.2,0,0,0.7,0.1,0.8c0.3,0.2,0.5,0,0.5,0c-0.1-0.1,0-0.7,0.1-0.8\tc0.1-0.1,0.6,0,0.3-0.4C19.3,330.3,18.3,330.5,18.1,330.7z"},{"type":"path","fill":"#DCBFA7","stroke":"none","path":"M16.7,332.5c-0.1,0.2,0.2,0.3,0.4,0.4c0.2,0,0,0.7,0.1,0.8c0.3,0.2,0.5,0,0.5,0c-0.1-0.1,0-0.7,0.1-0.8\ts0.6,0,0.3-0.4C17.8,332.1,16.8,332.3,16.7,332.5z"},{"type":"path","fill":"#DCBFA7","stroke":"none","path":"M20.7,330.4c0.3,0.2,0.5,0,0.5,0c-0.1-0.1,0-0.7,0.1-0.8c0-0.1,0.2-0.1,0.3-0.1l-1.4-0.3\tc-0.1,0.2,0.2,0.3,0.4,0.3S20.5,330.3,20.7,330.4z"},{"type":"path","fill":"#DCBFA7","stroke":"none","path":"M23.8,330.9c-0.3-0.4-1.3-0.2-1.4,0c-0.1,0.2,0.2,0.3,0.4,0.4s0,0.7,0.1,0.8c0.3,0.2,0.5,0,0.5,0\tc-0.1-0.1,0-0.7,0.1-0.8C23.6,331.1,24.1,331.2,23.8,330.9z"},{"type":"path","fill":"#DCBFA7","stroke":"none","path":"M20.2,331.7c-0.1,0.2,0.2,0.3,0.4,0.4c0.2,0.1,0,0.7,0.1,0.8c0.3,0.2,0.5,0,0.5,0c-0.1-0.1,0-0.7,0.1-0.8\tc0.1-0.1,0.6,0,0.3-0.4C21.3,331.4,20.3,331.5,20.2,331.7z"},{"type":"path","fill":"#AC8A53","stroke":"none","path":"M29.8,346 29.8,340.9 48.6,334.4 58.4,336.2 z"},{"type":"path","fill":"#756447","stroke":"none","path":"M29.8,340.9 15.2,338.3 33.8,331.8 48.6,334.4 z"},{"type":"path","fill":"#BE995B","stroke":"none","path":"M15.2,343.5 15.2,338.3 29.8,340.9 29.8,346 z"},{"type":"path","fill":"#95663D","stroke":"none","path":"M18.2,338.8c0,0,2.5-0.9,3.8-1.4s3.5-0.6,4.9-1.3s2.9-1.1,3.5-1.5c0.7-0.5,6.3-2.1,6.8-2.1s11.3,2,11.3,2L29.7,341L18.2,338.8z"},{"type":"path","fill":"#DCBFA7","stroke":"none","path":"M29.1,338.7c-0.1,0.2,0.2,0.3,0.4,0.4c0.2,0.1,0,0.7,0.1,0.8c0.3,0.2,0.5,0,0.5,0c-0.1-0.1,0-0.7,0.1-0.8\ts0.6,0,0.3-0.4C30.3,338.4,29.3,338.5,29.1,338.7z"},{"type":"path","fill":"#DCBFA7","stroke":"none","path":"M27.3,338.1c-0.1,0.2,0.2,0.3,0.4,0.4c0.2,0.1,0,0.7,0.1,0.8c0.3,0.2,0.5,0,0.5,0c-0.1-0.1,0-0.7,0.1-0.8\ts0.6,0,0.3-0.4C28.4,337.8,27.5,337.9,27.3,338.1z"},{"type":"path","fill":"#DCBFA7","stroke":"none","path":"M25,338.1c-0.1,0.2,0.2,0.3,0.4,0.4c0.2,0.1,0,0.7,0.1,0.8c0.3,0.2,0.5,0,0.5,0c-0.1-0.1,0-0.7,0.1-0.8\ts0.6,0,0.3-0.4C26.1,337.8,25.1,337.9,25,338.1z"},{"type":"path","fill":"#DCBFA7","stroke":"none","path":"M23.1,338.1c-0.1,0.2,0.2,0.3,0.4,0.4c0.2,0.1,0,0.7,0.1,0.8c0.3,0.2,0.5,0,0.5,0c-0.1-0.1,0-0.7,0.1-0.8\ts0.6,0,0.3-0.4C24.2,337.8,23.3,337.9,23.1,338.1z"},{"type":"path","fill":"#DCBFA7","stroke":"none","path":"M27.6,335.8c-0.3-0.4-1.3-0.2-1.4,0c-0.1,0.2,0.2,0.3,0.4,0.4s0,0.7,0.1,0.8c0.3,0.2,0.5,0,0.5,0\tc-0.1-0.1,0-0.7,0.1-0.8S27.8,336.2,27.6,335.8z"},{"type":"path","fill":"#DCBFA7","stroke":"none","path":"M29.5,336.5c0.1-0.1,0.6,0,0.3-0.4c-0.3-0.4-1.3-0.2-1.4,0c-0.1,0.2,0.2,0.3,0.4,0.4c0.2,0,0,0.7,0.1,0.8\tc0.3,0.2,0.5,0,0.5,0C29.3,337.1,29.4,336.6,29.5,336.5z"},{"type":"path","fill":"#DCBFA7","stroke":"none","path":"M30.6,337.1c-0.1,0.2,0.2,0.3,0.4,0.4c0.2,0.1,0,0.7,0.1,0.8c0.3,0.2,0.5,0,0.5,0c-0.1-0.1,0-0.7,0.1-0.8\ts0.6,0,0.3-0.4C31.8,336.7,30.8,336.9,30.6,337.1z"},{"type":"path","fill":"#DCBFA7","stroke":"none","path":"M34,337.1c-0.1,0.2,0.2,0.3,0.4,0.4c0.2,0.1,0,0.7,0.1,0.8c0.3,0.2,0.5,0,0.5,0c-0.1-0.1,0-0.7,0.1-0.8\ts0.6,0,0.3-0.4C35.1,336.7,34.1,336.9,34,337.1z"},{"type":"path","fill":"#DCBFA7","stroke":"none","path":"M32.5,335.1c-0.1,0.2,0.2,0.3,0.4,0.4c0.2,0.1,0,0.7,0.1,0.8c0.3,0.2,0.5,0,0.5,0c-0.1-0.1,0-0.7,0.1-0.8\ts0.6,0,0.3-0.4C33.6,334.7,32.6,334.9,32.5,335.1z"},{"type":"path","fill":"#DCBFA7","stroke":"none","path":"M30.2,334.8c0.2,0,0,0.7,0.1,0.8c0.3,0.2,0.5,0,0.5,0c-0.1-0.1,0-0.7,0.1-0.8s0.6,0,0.3-0.4\tc-0.3-0.4-1.3-0.2-1.4,0C29.7,334.6,30,334.7,30.2,334.8z"},{"type":"path","fill":"#DCBFA7","stroke":"none","path":"M34,333.2c0.2,0,0,0.7,0.1,0.8c0.3,0.2,0.5,0,0.5,0c-0.1-0.1,0-0.7,0.1-0.8s0.6,0,0.3-0.4s-1.3-0.2-1.4,0\tC33.5,333,33.8,333.1,34,333.2z"},{"type":"path","fill":"#DCBFA7","stroke":"none","path":"M36.9,333.3c0.1-0.1,0.6,0,0.3-0.4c-0.3-0.4-1.3-0.2-1.4,0c-0.1,0.2,0.2,0.3,0.4,0.4c0.2,0,0,0.7,0.1,0.8\tc0.3,0.2,0.5,0,0.5,0C36.8,334,36.8,333.5,36.9,333.3z"},{"type":"path","fill":"#DCBFA7","stroke":"none","path":"M34.4,334.9c-0.1,0.2,0.2,0.3,0.4,0.4s0,0.7,0.1,0.8c0.3,0.2,0.5,0,0.5,0c-0.1-0.1,0-0.7,0.1-0.8\ts0.6,0,0.3-0.4C35.6,334.5,34.6,334.7,34.4,334.9z"},{"type":"path","fill":"#DCBFA7","stroke":"none","path":"M38,334.2c-0.1,0.2,0.2,0.3,0.4,0.4c0.2,0,0,0.7,0.1,0.8c0.3,0.2,0.5,0,0.5,0c-0.1-0.1,0-0.7,0.1-0.8\tc0.1-0.1,0.6,0,0.3-0.4C39.2,333.9,38.2,334,38,334.2z"},{"type":"path","fill":"#DCBFA7","stroke":"none","path":"M36.6,336c-0.1,0.2,0.2,0.3,0.4,0.4c0.2,0,0,0.7,0.1,0.8c0.3,0.2,0.5,0,0.5,0c-0.1-0.1,0-0.7,0.1-0.8\ts0.6,0,0.3-0.4C37.7,335.7,36.7,335.8,36.6,336z"},{"type":"path","fill":"#DCBFA7","stroke":"none","path":"M40.6,334c0.3,0.2,0.5,0,0.5,0c-0.1-0.1,0-0.7,0.1-0.8c0-0.1,0.2-0.1,0.3-0.1l-1.4-0.3\tc-0.1,0.2,0.2,0.3,0.4,0.3S40.4,333.9,40.6,334z"},{"type":"path","fill":"#DCBFA7","stroke":"none","path":"M43.7,334.4c-0.3-0.4-1.3-0.2-1.4,0c-0.1,0.2,0.2,0.3,0.4,0.4s0,0.7,0.1,0.8c0.3,0.2,0.5,0,0.5,0\tc-0.1-0.1,0-0.7,0.1-0.8C43.5,334.6,44,334.8,43.7,334.4z"},{"type":"path","fill":"#DCBFA7","stroke":"none","path":"M40.1,335.3c-0.1,0.2,0.2,0.3,0.4,0.4s0,0.7,0.1,0.8c0.3,0.2,0.5,0,0.5,0c-0.1-0.1,0-0.7,0.1-0.8\ts0.6,0,0.3-0.4S40.2,335.1,40.1,335.3z"},{"type":"path","fill":"#AC8A53","stroke":"none","path":"M49.8,349.6 49.8,344.5 68.7,338 78.5,339.8 z"},{"type":"path","fill":"#756447","stroke":"none","path":"M49.8,344.5 35.3,341.9 53.9,335.4 68.7,338 z"},{"type":"path","fill":"#BE995B","stroke":"none","path":"M35.3,347.1 35.3,341.9 49.8,344.5 49.8,349.6 z"},{"type":"path","fill":"#95663D","stroke":"none","path":"M38.3,342.4c0,0,2.5-0.9,3.8-1.4s3.5-0.6,4.9-1.3s2.9-1.1,3.5-1.5c0.7-0.5,6.3-2.1,6.8-2.1s11.3,2,11.3,2l-18.8,6.5L38.3,342.4z"},{"type":"path","fill":"#DCBFA7","stroke":"none","path":"M49.2,342.3c-0.1,0.2,0.2,0.3,0.4,0.4s0,0.7,0.1,0.8c0.3,0.2,0.5,0,0.5,0c-0.1-0.1,0-0.7,0.1-0.8\ts0.6,0,0.3-0.4C50.3,342,49.4,342.1,49.2,342.3z"},{"type":"path","fill":"#DCBFA7","stroke":"none","path":"M47.4,341.7c-0.1,0.2,0.2,0.3,0.4,0.4c0.2,0.1,0,0.7,0.1,0.8c0.3,0.2,0.5,0,0.5,0c-0.1-0.1,0-0.7,0.1-0.8\ts0.6,0,0.3-0.4C48.5,341.4,47.5,341.5,47.4,341.7z"},{"type":"path","fill":"#DCBFA7","stroke":"none","path":"M45,341.7c-0.1,0.2,0.2,0.3,0.4,0.4c0.2,0.1,0,0.7,0.1,0.8c0.3,0.2,0.5,0,0.5,0c-0.1-0.1,0-0.7,0.1-0.8\ts0.6,0,0.3-0.4C46.2,341.4,45.2,341.5,45,341.7z"},{"type":"path","fill":"#DCBFA7","stroke":"none","path":"M43.2,341.7c-0.1,0.2,0.2,0.3,0.4,0.4c0.2,0.1,0,0.7,0.1,0.8c0.3,0.2,0.5,0,0.5,0c-0.1-0.1,0-0.7,0.1-0.8\ts0.6,0,0.3-0.4C44.3,341.4,43.3,341.5,43.2,341.7z"},{"type":"path","fill":"#DCBFA7","stroke":"none","path":"M47.7,339.4c-0.3-0.4-1.3-0.2-1.4,0c-0.1,0.2,0.2,0.3,0.4,0.4s0,0.7,0.1,0.8c0.3,0.2,0.5,0,0.5,0\tc-0.1-0.1,0-0.7,0.1-0.8S47.9,339.8,47.7,339.4z"},{"type":"path","fill":"#DCBFA7","stroke":"none","path":"M49.5,340.1c0.1-0.1,0.6,0,0.3-0.4s-1.3-0.2-1.4,0c-0.1,0.2,0.2,0.3,0.4,0.4c0.2,0,0,0.7,0.1,0.8\tc0.3,0.2,0.5,0,0.5,0C49.4,340.7,49.4,340.2,49.5,340.1z"},{"type":"path","fill":"#DCBFA7","stroke":"none","path":"M50.7,340.7c-0.1,0.2,0.2,0.3,0.4,0.4c0.2,0.1,0,0.7,0.1,0.8c0.3,0.2,0.5,0,0.5,0c-0.1-0.1,0-0.7,0.1-0.8\ts0.6,0,0.3-0.4C51.9,340.3,50.9,340.5,50.7,340.7z"},{"type":"path","fill":"#DCBFA7","stroke":"none","path":"M54.1,340.7c-0.1,0.2,0.2,0.3,0.4,0.4c0.2,0.1,0,0.7,0.1,0.8c0.3,0.2,0.5,0,0.5,0c-0.1-0.1,0-0.7,0.1-0.8\ts0.6,0,0.3-0.4S54.2,340.5,54.1,340.7z"},{"type":"path","fill":"#DCBFA7","stroke":"none","path":"M52.5,338.7c-0.1,0.2,0.2,0.3,0.4,0.4c0.2,0.1,0,0.7,0.1,0.8c0.3,0.2,0.5,0,0.5,0c-0.1-0.1,0-0.7,0.1-0.8\ts0.6,0,0.3-0.4C53.7,338.3,52.7,338.5,52.5,338.7z"},{"type":"path","fill":"#DCBFA7","stroke":"none","path":"M50.3,338.4c0.2,0,0,0.7,0.1,0.8c0.3,0.2,0.5,0,0.5,0c-0.1-0.1,0-0.7,0.1-0.8s0.6,0,0.3-0.4\tc-0.3-0.4-1.3-0.2-1.4,0C49.8,338.2,50.1,338.3,50.3,338.4z"},{"type":"path","fill":"#DCBFA7","stroke":"none","path":"M54.1,336.8c0.2,0,0,0.7,0.1,0.8c0.3,0.2,0.5,0,0.5,0c-0.1-0.1,0-0.7,0.1-0.8s0.6,0,0.3-0.4\tc-0.3-0.4-1.3-0.2-1.4,0C53.6,336.6,53.9,336.7,54.1,336.8z"},{"type":"path","fill":"#DCBFA7","stroke":"none","path":"M57,336.9c0.1-0.1,0.6,0,0.3-0.4c-0.3-0.4-1.3-0.2-1.4,0c-0.1,0.2,0.2,0.3,0.4,0.4c0.2,0,0,0.7,0.1,0.8\tc0.3,0.2,0.5,0,0.5,0C56.9,337.6,56.9,337.1,57,336.9z"},{"type":"path","fill":"#DCBFA7","stroke":"none","path":"M54.5,338.5c-0.1,0.2,0.2,0.3,0.4,0.4s0,0.7,0.1,0.8c0.3,0.2,0.5,0,0.5,0c-0.1-0.1,0-0.7,0.1-0.8\ts0.6,0,0.3-0.4C55.6,338.1,54.7,338.3,54.5,338.5z"},{"type":"path","fill":"#DCBFA7","stroke":"none","path":"M58.1,337.8c-0.1,0.2,0.2,0.3,0.4,0.4c0.2,0,0,0.7,0.1,0.8c0.3,0.2,0.5,0,0.5,0c-0.1-0.1,0-0.7,0.1-0.8\ts0.6,0,0.3-0.4C59.2,337.5,58.2,337.6,58.1,337.8z"},{"type":"path","fill":"#DCBFA7","stroke":"none","path":"M56.7,339.6c-0.1,0.2,0.2,0.3,0.4,0.4c0.2,0,0,0.7,0.1,0.8c0.3,0.2,0.5,0,0.5,0c-0.1-0.1,0-0.7,0.1-0.8\ts0.6,0,0.3-0.4C57.8,339.3,56.8,339.4,56.7,339.6z"},{"type":"path","fill":"#DCBFA7","stroke":"none","path":"M60.6,337.6c0.3,0.2,0.5,0,0.5,0c-0.1-0.1,0-0.7,0.1-0.8c0-0.1,0.2-0.1,0.3-0.1l-1.4-0.3\tc-0.1,0.2,0.2,0.3,0.4,0.3S60.5,337.5,60.6,337.6z"},{"type":"path","fill":"#DCBFA7","stroke":"none","path":"M63.8,338c-0.3-0.4-1.3-0.2-1.4,0c-0.1,0.2,0.2,0.3,0.4,0.4s0,0.7,0.1,0.8c0.3,0.2,0.5,0,0.5,0\tc-0.1-0.1,0-0.7,0.1-0.8C63.6,338.2,64.1,338.4,63.8,338z"},{"type":"path","fill":"#DCBFA7","stroke":"none","path":"M60.2,338.9c-0.1,0.2,0.2,0.3,0.4,0.4s0,0.7,0.1,0.8c0.3,0.2,0.5,0,0.5,0c-0.1-0.1,0-0.7,0.1-0.8\ts0.6,0,0.3-0.4S60.3,338.7,60.2,338.9z"}]}