{"width":"224.7","height":"173.8","dx":"0","dy":"0","geometry":[{"type":"path","fill":"#ECEDED","stroke":"none","path":"M112.4,162.4c-61.6,0-111.8-17.9-111.8-39.9s50.2-39.9,111.8-39.9s111.8,17.9,111.8,39.9S174.1,162.4,112.4,162.4z"},{"type":"path","fill":"#999898","stroke":"none","path":"M224.1,124.2c-2.5,21.2-51.7,38.1-111.7,38.1c-61.6,0-111.8-17.9-111.8-39.9c0-0.4,0-0.8,0.1-1.2H0.3L0,133.6c0,22.2,51.1,40.2,112.9,40.2s111.8-18,111.8-40.2v-9.4H224.1z"},{"type":"ellipse","fill":"none","stroke":"#B4B4B4","stroke-width":0.9996,"stroke-miterlimit":10,"cx":112.5,"cy":122.1,"rx":112.1,"ry":39.9},{"type":"path","fill":"#ECE0C2","stroke":"none","path":"M48.2,118.8 48.2,44.7 105,24.8 105,98.9 z"},{"type":"path","fill":"#CAC1A9","stroke":"none","path":"M48.8,44.7 103.7,25.5 154.6,0.5 101.4,16.7 z"},{"type":"path","fill":"#A89D85","stroke":"none","path":"M105,98.9 210.5,118.4 210.5,44.7 156.2,0 105,24.8 z"},{"type":"path","fill":"#ECE0C2","stroke":"none","path":"M156.2,0 101.4,16.7 155.7,63.9 210.5,44.7 z"},{"type":"path","fill":"#AC8A53","stroke":"none","path":"M90.6,118.9 90.6,98.3 120.5,87.2 120.5,107.9 z"},{"type":"path","fill":"#756448","stroke":"none","path":"M90.6,98.3 75.1,95 104.4,84.1 120.5,87.2 z"},{"type":"path","fill":"#BF995B","stroke":"none","path":"M75.1,115.6 75.1,95 90.6,98.3 90.6,118.9 z"},{"type":"path","fill":"#AC8A53","stroke":"none","path":"M129.6,132.8 129.6,112.3 159.5,101.1 159.5,121.8 z"},{"type":"path","fill":"#756448","stroke":"none","path":"M129.6,112.3 105.5,106.8 134.7,95.9 159.5,101.1 z"},{"type":"path","fill":"#BF995B","stroke":"none","path":"M105.5,127.4 105.5,106.8 129.6,112.3 129.6,132.8 z"},{"type":"path","fill":"#396475","stroke":"none","path":"M119.3,108.3c0,0,5.2-4.6,5.6-4.8c0.4-0.1,9-2.2,9-2.2l7.1,2.2l5.7,2.4l-17.1,6.3l-16.1-3.6c0,0,2.3-1.8,3.2-2.1C117.6,106.2,119.3,108.3,119.3,108.3z"},{"type":"path","fill":"#728364","stroke":"none","path":"M123.2,107.2c0.7-0.1,3.6-2.4,4.4-2.5c0.8-0.1,4.9,0.5,4.9,0.5l4.5,1.6l2.6,0.4l0.7,1.1l-10.7,4l-2.3-0.5L123.2,107.2z"},{"type":"path","fill":"#679DBF","stroke":"none","path":"M115.6,109.1c1.3-1.1,4.6-2.4,5.7-2.6c1-0.2,4.2,1.2,4.2,1.2l2.6,1.5l1.5,3.1L115.6,109.1z"},{"type":"path","fill":"#728364","stroke":"none","path":"M94.4,93.6 97.8,90.3 102.6,91.2 104.1,90 108,89.5 110.4,91 95.1,96.7 z"},{"type":"path","fill":"#396475","stroke":"none","path":"M85.1,94.3c0,0,5.6-2.1,5.9-2.2c0.4-0.1,5.6,0.2,5.6,0.2l6.5,1.4l-12.3,4.6l-7.9-1.7L85.1,94.3z"},{"type":"path","fill":"#679DBF","stroke":"none","path":"M96.1,96.3 93,95.5 90.6,96.3 89.8,97.4 88.7,97.9 90.8,98.3 z"},{"type":"path","fill":"#A89D85","stroke":"none","path":"M23.8,122.1 21.7,123 21.7,73.1 23.8,73.3 z"},{"type":"path","fill":"#A89D85","stroke":"none","path":"M39.9,78.2 37.8,79.1 37.8,48.1 39.9,47.7 z"},{"type":"path","fill":"#ECE0C2","stroke":"none","path":"M39.9,47.7 7.6,41.2 5.5,41.6 5.5,73 19.2,75.7 19.2,122.9 21.7,123.3 21.7,76.2 37.8,79.4 37.8,48.1 z"},{"type":"path","fill":"#679DBF","stroke":"none","path":"M16.3,56.6c0.4-1.6,3.1-4.3,6-4.2c4.8,0.2,6.5,3,6.9,5.3h-2.6l4.1,5.8l3.7-5.6h-1.8c0,0-1-8-10.2-8.8c-8.8-0.8-10.7,7.5-10.7,7.5L16.3,56.6z"},{"type":"path","fill":"#679DBF","stroke":"none","path":"M26.9,66.1c-0.4,1.5-3,4.2-5.8,4.1c-4.6-0.2-6.3-2.9-6.7-5.1h2.5L13,59.5l-3.5,5.3h1.7c0,0,0.9,7.7,9.8,8.4c8.5,0.7,10.2-7.2,10.2-7.2L26.9,66.1z"},{"type":"path","fill":"#CAC1A9","stroke":"none","path":"M210.5,118.4 155.7,138.6 155.7,63.9 210.5,44.7 z"},{"type":"path","fill":"#B3B5B6","stroke":"none","path":"M56.1,80.6c-1.7-0.6-3.1-0.8-4.2-0.8c-1.2,0-2.2,0.2-3.7,0.8c0,0,0.2,4.5,4,4.5\t\t\tC52,85.2,56.1,84.7,56.1,80.6z"},{"type":"path","fill":"#B3B5B6","stroke":"none","path":"M52,78.4c-4,0-6.2-3.4-6.2-7.3c0-4.2,2.2-7.3,6.2-7.3s6.5,3.4,6.5,7.3C58.3,75.1,56.1,78.4,52,78.4z"},{"type":"path","fill":"#0BB0BD","stroke":"none","path":"M37.7,105.9c0,1.4,0.1,2.8,2.2,3.1c1.9,0.3,2.6-0.8,2.9-2.3c1.2-8.7,2.6-16.4,2.6-16.4\t\t\t\t\tc0,0.6,0,1.4,0,2.2l-0.6,8.5h14.7c0,0-0.6-7.7-0.8-10.2c0.8,2.2,2.2,14.7,2.6,15.7c0.2,1.4,1.4,2.2,2.6,2.2\t\t\t\t\tc2.4,0,2.8-1.7,2.8-3.1c-0.2-1.2-2-14.3-3.1-17.5c-0.6-2-1.7-4.2-3.4-5.7c-0.8-0.8-2.2-2-4.2-2.2C55.2,80,56,83,52.9,83\t\t\t\t\ts-2.8-3.1-3.4-3.1c-1.2,0.2-2,0.6-2.8,0.8c-1.2,0.6-2.6,1.2-3.7,2.6c-1,1-2.3,5-3.6,11.1C38.2,99.7,37.7,104.2,37.7,105.9z"},{"type":"path","fill":"#604D40","stroke":"none","path":"M45.9,71.1c0-4.2,2.2-7.3,6.2-7.3s6.5,3.4,6.5,7.3h-0.5c0,0-0.8-4.2-5.9-4.2c-5.4,0-5.9,4.2-5.9,4.2H45.9\t\t\tz"},{"type":"ellipse","fill":"#604D40","stroke":"none","cx":50.1,"cy":71.4,"rx":0.6,"ry":1.2},{"type":"ellipse","fill":"#604D40","stroke":"none","cx":53.6,"cy":71.4,"rx":0.6,"ry":1.2},{"type":"path","fill":"#5A595B","stroke":"none","path":"M44.7,101.1l-0.6,9.5l-0.8,12.8l-0.6,7.3c0,0.2,0,0.8,0,1.2c0.2,1.4,1.7,2.6,3.1,2.6H46\t\t\tc1.7,0,3.4-1.4,3.4-3.1l0.2-4.2L51,108c0.2,0,0.6,0,0.8,0c0,0,0,0,0.2,0c0,0,0.2,0,0.6,0l1.7,23.5c0,1.7,1.7,3.1,3.4,3.1h0.2\t\t\tc2,0,3.4-1.7,3.1-3.7l-2-29.7L44.7,101.1C44.7,101.2,44.7,101.1,44.7,101.1z"},{"type":"path","fill":"#FFFFFF","stroke":"none","path":"M49.4,74.5h5.1c0,0-0.9,1.2-2.7,1.2C50.3,75.7,49.4,74.5,49.4,74.5z"},{"type":"path","fill":"#AC8A53","stroke":"none","path":"M69,142.9 69,122.3 98.9,111.2 98.9,131.9 z"},{"type":"path","fill":"#756448","stroke":"none","path":"M69,122.3 53.6,118.9 82.8,108 98.9,111.2 z"},{"type":"path","fill":"#BF995B","stroke":"none","path":"M53.6,139.5 53.6,118.9 69,122.3 69,142.9 z"},{"type":"path","fill":"#AC8A53","stroke":"none","path":"M106.9,157.7 106.9,137.1 136.8,126 136.8,146.7 z"},{"type":"path","fill":"#756448","stroke":"none","path":"M106.9,137.1 82.8,131.7 112,120.7 136.8,126 z"},{"type":"path","fill":"#BF995B","stroke":"none","path":"M82.8,152.3 82.8,131.7 106.9,137.1 106.9,157.7 z"},{"type":"path","fill":"#C89B64","stroke":"none","path":"M128.9,128.9 110.8,124.9 110.8,132.5 115.2,134 122,131.5 z"},{"type":"path","fill":"#E8C19F","stroke":"none","path":"M106.9,127.8 101.8,130 109.8,136 123.6,131 z"},{"type":"path","fill":"#A3ACCC","stroke":"none","path":"M94.4,134.3 94.6,130.4 99.8,128.3 116.7,133.5 106.9,137.1 z"},{"type":"path","fill":"#717070","stroke":"none","path":"M19.8,62.8c-1.2,0.2-1.7,0.5-1.5,1.7c0.1,0.6,0.4,1.7,1.2,1.9c0,0,0.2-0.3,0.9-0.3V67c0,0-0.7,0-0.9-0.4c-0.1-0.1-0.7-0.2-1-0.9c-0.3-0.5-0.6-1.5-0.4-2.2s1.6-1,1.6-1L19.8,62.8z"},{"type":"path","fill":"#717070","stroke":"none","path":"M20.3,66.4 20.8,66.4 20.8,66.5 20.3,66.5 z"},{"type":"path","fill":"#717070","stroke":"none","path":"M20.3,66.6 20.8,66.6 20.8,66.8 20.3,66.8 z"},{"type":"path","fill":"#717070","stroke":"none","path":"M19.3,59.4 23,58.4 26,58.7 26,63.4 22.8,64.4 22.8,59.7 z"},{"type":"path","fill":"#B3B2B2","stroke":"none","path":"M19.3,59.4 22.8,59.7 22.8,64.4 19.3,64 z"}]}