{"width":"229.7","height":"180.2","dx":"0","dy":"0","geometry":[{"type":"path","fill":"#989797","stroke":"none","path":"M175.6,124.4c-0.5-2.7-1.4-4.3-1.4-4.3h-17.4c-1,0-1.8,2.3-1.8,5.2s0.8,5.2,1.8,5.2h18.4C175.3,130.5,176.2,127.5,175.6,124.4z"},{"type":"path","fill":"#D8D9D8","stroke":"none","path":"M190.5,117.5 201.1,113.9 180.8,113.9 170.6,117.4 z"},{"type":"path","fill":"#C5C6C4","stroke":"none","path":"M190.5,117.5 170.6,117.4 170.6,135 190.5,135.1 z"},{"type":"path","fill":"#838584","stroke":"none","path":"M190.5,135.1 190.5,117.5 201.1,113.9 201.2,131.5 z"},{"type":"ellipse","fill":"#B1B3B4","stroke":"none","cx":196.9,"cy":125.3,"rx":1.8,"ry":5.2},{"type":"path","fill":"#B1B3B4","stroke":"none","path":"M226.5,130.5h-29.6v-10.4h28.6c0,0,0.8,1.6,1.4,4.3C227.4,127.5,226.5,130.5,226.5,130.5z"}]}