{"width":"224.7","height":"180.3","dx":"0","dy":"0","geometry":[{"type":"path","fill":"#FBFAFA","stroke":"none","path":"M224.6,128.4c0,22.2-50.1,40.2-111.8,40.2S1,150.6,1,128.4s50.1-40.1,111.8-40.1S224.6,106.2,224.6,128.4z"},{"type":"ellipse","fill":"none","stroke":"#B4B4B4","stroke-width":0.9996,"stroke-miterlimit":10,"cx":112.5,"cy":128.7,"rx":112.1,"ry":39.9},{"type":"path","fill":"#999898","stroke":"none","path":"M0,127.9v12.9c0,13.7,29.6,39.5,115.6,39.5c63.7,0,109.1-20.9,109.1-39.1v-10.4c-1.3,18-47.1,38.1-109,38.1C27.8,168.9-0.8,141.9,0,127.9z"},{"type":"path","fill":"#999898","stroke":"none","path":"M1,129.7l175,31.6c0,0-62.8,15.8-126.5,0C-0.6,148.9,1,129.7,1,129.7z"},{"type":"path","fill":"#E6E6E6","stroke":"none","path":"M59.1,23.3 122.3,0 201.3,16.1 138.1,38.3 z"},{"type":"path","fill":"#DDDEDF","stroke":"none","path":"M58.8,133.5 58.8,23.3 138.1,38.3 138.1,148.6 z"},{"type":"path","fill":"#A9C2E1","stroke":"none","path":"M83.9,62.4 83.9,36.8 69,33.9 69,59.6 z"},{"type":"path","fill":"#A9C2E1","stroke":"none","path":"M107,67 107,41.3 92,38.5 92,64.2 z"},{"type":"path","fill":"#A9C2E1","stroke":"none","path":"M130.2,71.4 130.2,45.7 115.2,42.9 115.2,68.5 z"},{"type":"path","fill":"#A9C2E1","stroke":"none","path":"M83.9,97.3 83.9,71.6 69,68.8 69,94.5 z"},{"type":"path","fill":"#8D7870","stroke":"none","path":"M128.5,146.9v-19.6c0,0-0.4-6.8-5.5-8.2c-6.3-1.6-6.7,5.5-6.7,5.5v19.8L128.5,146.9z"},{"type":"path","fill":"#A9C2E1","stroke":"none","path":"M107,101.8 107,76.1 92,73.3 92,99 z"},{"type":"path","fill":"#A9C2E1","stroke":"none","path":"M130.2,106.4 130.2,80.7 115.2,77.9 115.2,103.6 z"},{"type":"path","fill":"#A9C2E1","stroke":"none","path":"M83.9,133.2 83.9,107.5 69,104.7 69,130.4 z"},{"type":"path","fill":"#A9C2E1","stroke":"none","path":"M107.5,137.6 107.5,111.9 92.5,109.1 92.5,134.8 z"},{"type":"ellipse","fill":"#5CAD31","stroke":"none","cx":41,"cy":91.4,"rx":7.6,"ry":5.4},{"type":"ellipse","fill":"#9DC352","stroke":"none","cx":23.1,"cy":86.6,"rx":7,"ry":5.4},{"type":"ellipse","fill":"#5CAD31","stroke":"none","cx":26.8,"cy":93.2,"rx":9.7,"ry":6},{"type":"ellipse","fill":"#DFDB05","stroke":"none","cx":32.4,"cy":79.8,"rx":8,"ry":6.2},{"type":"ellipse","fill":"#AEBD58","stroke":"none","cx":38.4,"cy":83.5,"rx":8.2,"ry":6},{"type":"ellipse","fill":"#D9DADB","stroke":"#FBFAFA","stroke-width":0.1415,"stroke-miterlimit":10,"cx":33.3,"cy":117,"rx":11.1,"ry":4},{"type":"path","fill":"#A38979","stroke":"none","path":"M31.3,89.4c0,0,0.8-0.6,1.7-0.6c0.9,0,1.7,0.3,1.7,0.6l0.9,27.2c0,0.5-1.1,0.9-2.5,0.9\tc-1.4,0-2.5-0.5-2.5-0.9C30.7,116.6,31.3,90,31.3,89.4z"},{"type":"path","fill":"#C7D00F","stroke":"none","path":"M24,88.3c0-3.1,2.9-5.7,6.7-5.7c3.7,0,6.6,2.5,6.6,5.7c0,3.1-2.9,5.7-6.6,5.7C27,93.8,24,91.4,24,88.3z"},{"type":"path","fill":"#C8C7C8","stroke":"none","path":"M138.1,38.3 138.1,148.6 201.3,125.3 201.3,16.1 z"},{"type":"path","fill":"#A9C2E1","stroke":"none","path":"M167,64.6 167,38.9 152,44.3 152,69.9 z"},{"type":"path","fill":"#A9C2E1","stroke":"none","path":"M189.4,56.5 189.4,30.8 174.4,36.2 174.4,61.8 z"},{"type":"path","fill":"#A9C2E1","stroke":"none","path":"M167,100.7 167,73.6 152,79 152,106.1 z"},{"type":"path","fill":"#A9C2E1","stroke":"none","path":"M189.4,92.4 189.4,65.5 174.4,70.9 174.4,97.9 z"},{"type":"path","fill":"#A9C2E1","stroke":"none","path":"M167,133.8 167,106.8 152,112.1 152,139.3 z"},{"type":"path","fill":"#A9C2E1","stroke":"none","path":"M189.4,125.5 189.4,98.7 174.4,104 174.4,131.1 z"}]}