{"width":"224.7","height":"130.3","dx":"0","dy":"0","geometry":[{"type":"path","fill":"#999895","stroke":"none","path":"M0,76.6v13c0,13.7,29.6,39.5,115.6,39.5c63.7,0,109.1-20.9,109.1-39.1V79.6c-1.3,18-47.1,38.1-109,38.1\n\tC27.8,117.7-0.8,90.6,0,76.6z"},{"type":"ellipse","fill":"#F6F6F6","stroke":"#B3B3B3","stroke-width":0.9996,"stroke-miterlimit":10,"cx":112.5,"cy":77.5,"rx":112.1,"ry":39.9},{"type":"path","fill":"#DDDEDF","stroke":"none","path":"M22.5,79.2 22.5,21 130.5,40.6 130.5,98.8 z"},{"type":"path","fill":"#878787","stroke":"none","path":"M28,80 28,41.9 121.8,58.9 121.8,97 z"},{"type":"path","fill":"#FFE251","stroke":"none","path":"M28,38.2 28,24.7 121.8,41.7 121.8,55.3 z"},{"type":"path","fill":"#EDEDED","stroke":"none","path":"M22.5,21 87.5,0 190.7,18.9 130.6,40.6 z"},{"type":"path","fill":"#C6C7C8","stroke":"none","path":"M190.7,75.6 130.5,98.8 130.5,40.6 190.7,18.9 z"},{"type":"path","fill":"#A9C2E1","stroke":"none","path":"M90.4,91.2 90.2,54.6 74.4,51.7 74.5,88.3 z"},{"type":"path","fill":"#A9C2E1","stroke":"none","path":"M74,88.2 73.8,51.6 58,48.7 58.1,85.3 z"},{"type":"path","fill":"#A9C2E1","stroke":"none","path":"M57.6,80.6 57.4,48.6 41.6,45.7 41.7,77.7 z"},{"type":"path","fill":"#A9C2E1","stroke":"none","path":"M41.4,77.6 41.1,45.6 28.8,43.3 28.9,75.3 z"},{"type":"path","fill":"#A9C2E1","stroke":"none","path":"M119.8,92 119.6,60 103.8,57.1 103.9,89.1 z"},{"type":"path","fill":"#A9C2E1","stroke":"none","path":"M103.6,89 103.4,57 91,54.8 91.1,86.7 z"},{"type":"path","fill":"#7E7F7F","stroke":"none","path":"M137.6,96.4 137.6,58.2 185.9,39.1 185.9,77.3 z"},{"type":"path","fill":"#C6C7C8","stroke":"#FBFAF9","stroke-width":0.0915,"stroke-miterlimit":10,"path":"M208.7,73.8c4.9,0,8.8,1.4,8.8,3.1\n\ts-4,3.1-8.8,3.1c-4.9,0-8.8-1.4-8.8-3.1C199.8,75.2,203.8,73.8,208.7,73.8z"},{"type":"ellipse","fill":"#60AA26","stroke":"none","cx":215,"cy":51.1,"rx":7.5,"ry":5.2},{"type":"ellipse","fill":"#60AA26","stroke":"none","transform":"t73.7471,214.304r-65.9828,0,0","cx":201.9,"cy":50.4,"rx":5.8,"ry":9.6},{"type":"ellipse","fill":"#E0DA00","stroke":"none","cx":204.3,"cy":42.2,"rx":7.9,"ry":6.2},{"type":"ellipse","fill":"#B0BD56","stroke":"none","cx":212.4,"cy":43.4,"rx":8,"ry":6},{"type":"ellipse","fill":"#B0BD56","stroke":"none","cx":212.8,"cy":54.1,"rx":3.3,"ry":2.5},{"type":"path","fill":"#A18876","stroke":"none","path":"M206.7,50.9L206.7,50.9L206.7,50.9L206.7,50.9L206.7,50.9c0-0.4,0.7-0.6,1.7-0.6s1.7,0.2,1.7,0.6l0,0\n\tl0.8,25.1c0,0.5-1.1,0.8-2.4,0.8c-1.3,0-2.4-0.4-2.4-0.8L206.7,50.9z"},{"type":"path","fill":"#A18876","stroke":"none","path":"M215.8,49.4L215.8,49.4L215.8,49.4L215.8,49.4L215.8,49.4c0.1-0.1,0.5,0.1,0.8,0.4c0.4,0.4,0.5,0.7,0.4,0.8\n\tl0,0l-7.1,7.5c-0.2,0.1-0.7-0.1-1.2-0.6s-0.7-1.1-0.6-1.2L215.8,49.4z"},{"type":"path","fill":"#C8CF00","stroke":"none","path":"M202.3,47.5c0-3.7,3.4-6.6,7.7-6.6s7.7,3,7.7,6.6c0,3.7-3.4,6.6-7.7,6.6C205.8,54.1,202.3,51.2,202.3,47.5z"},{"type":"path","fill":"#A9C2E1","stroke":"none","path":"M184.6,72 184.6,42.2 139.8,59.3 139.8,89.1 z"},{"type":"path","fill":"#7E7F7F","stroke":"none","path":"M155.7,86.6 155.5,53.2 154.3,52.9 154.4,86.3 z"},{"type":"path","fill":"#7E7F7F","stroke":"none","path":"M170.7,77.9 170.5,47.3 169.4,47.1 169.5,79.9 z"},{"type":"path","fill":"#C6C7C8","stroke":"#FBFAF9","stroke-width":0.0915,"stroke-miterlimit":10,"path":"M169.7,92.3c4.9,0,8.8,1.4,8.8,3.1\n\ts-4,3.1-8.8,3.1c-4.9,0-8.8-1.4-8.8-3.1C160.8,93.7,164.8,92.3,169.7,92.3z"},{"type":"ellipse","fill":"#60AA26","stroke":"none","cx":174,"cy":65.6,"rx":7.5,"ry":5.2},{"type":"ellipse","fill":"#60AA26","stroke":"none","transform":"t33.8446,189.5686r-65.9776,0,0","cx":162.9,"cy":68.7,"rx":5.8,"ry":9.6},{"type":"ellipse","fill":"#E0DA00","stroke":"none","cx":165.4,"cy":60.7,"rx":7.9,"ry":6.2},{"type":"ellipse","fill":"#B0BD56","stroke":"none","cx":173.4,"cy":61.9,"rx":8,"ry":6},{"type":"ellipse","fill":"#B0BD56","stroke":"none","cx":173.8,"cy":72.7,"rx":3.3,"ry":2.5},{"type":"path","fill":"#A18876","stroke":"none","path":"M167.7,69.5L167.7,69.5L167.7,69.5L167.7,69.5L167.7,69.5c0-0.4,0.7-0.6,1.7-0.6s1.7,0.2,1.7,0.6l0,0\n\tl0.8,25.1c0,0.5-1.1,0.8-2.4,0.8c-1.3,0-2.4-0.4-2.4-0.8L167.7,69.5z"},{"type":"path","fill":"#A18876","stroke":"none","path":"M176.8,67.9L176.8,67.9L176.8,67.9L176.8,67.9L176.8,67.9c0.1-0.1,0.5,0.1,0.8,0.4c0.4,0.4,0.5,0.7,0.4,0.8\n\tl0,0l-7.1,7.5c-0.2,0.1-0.7-0.1-1.2-0.6s-0.7-1.1-0.6-1.2L176.8,67.9z"},{"type":"path","fill":"#C8CF00","stroke":"none","path":"M163.4,66c0-3.7,3.4-6.6,7.7-6.6s7.7,3,7.7,6.6c0,3.7-3.4,6.6-7.7,6.6C166.8,72.7,163.4,69.7,163.4,66z"},{"type":"path","fill":"#C6C7C8","stroke":"#FBFAF9","stroke-width":0.0915,"stroke-miterlimit":10,"path":"M124.9,104.1c4.9,0,8.8,1.4,8.8,3.1\n\ts-4,3.1-8.8,3.1c-4.9,0-8.8-1.4-8.8-3.1C116,105.5,120,104.1,124.9,104.1z"},{"type":"ellipse","fill":"#60AA26","stroke":"none","cx":131.2,"cy":81.4,"rx":7.5,"ry":5.2},{"type":"ellipse","fill":"#60AA26","stroke":"none","transform":"t-3.6895,155.6414r-65.9828,0,0","cx":118,"cy":80.7,"rx":5.8,"ry":9.6},{"type":"ellipse","fill":"#E0DA00","stroke":"none","cx":120.5,"cy":72.5,"rx":7.9,"ry":6.2},{"type":"ellipse","fill":"#B0BD56","stroke":"none","cx":128.6,"cy":73.7,"rx":8,"ry":6},{"type":"ellipse","fill":"#B0BD56","stroke":"none","cx":129,"cy":84.5,"rx":3.3,"ry":2.5},{"type":"path","fill":"#A18876","stroke":"none","path":"M122.9,81.3L122.9,81.3L122.9,81.3L122.9,81.3L122.9,81.3c0-0.4,0.7-0.6,1.7-0.6s1.7,0.2,1.7,0.6l0,0\n\tl0.8,25.1c0,0.5-1.1,0.8-2.4,0.8s-2.4-0.4-2.4-0.8L122.9,81.3z"},{"type":"path","fill":"#A18876","stroke":"none","path":"M132,79.7L132,79.7L132,79.7L132,79.7L132,79.7c0.1-0.1,0.5,0.1,0.8,0.4c0.4,0.4,0.5,0.7,0.4,0.8l0,0\n\tl-7.1,7.5c-0.2,0.1-0.7-0.1-1.2-0.6s-0.7-1.1-0.6-1.2L132,79.7z"},{"type":"path","fill":"#C8CF00","stroke":"none","path":"M118.5,77.8c0-3.7,3.4-6.6,7.7-6.6c4.3,0,7.7,3,7.7,6.6c0,3.7-3.4,6.6-7.7,6.6\n\tC122,84.5,118.5,81.5,118.5,77.8z"},{"type":"path","fill":"#FBDD55","stroke":"none","path":"M60.9,69.6 60.9,58.7 70.4,60.3 70.4,71.3 z"},{"type":"path","fill":"#E40429","stroke":"none","path":"M44.8,70.2 44.8,59.4 54.4,61 54.4,71.9 z"},{"type":"path","fill":"#E40429","stroke":"none","path":"M92.5,76 92.5,65.1 102.1,66.8 102.1,77.7 z"},{"type":"path","fill":"#FBDD55","stroke":"none","path":"M78.1,77.3 78.1,66.4 87.7,68 87.7,79 z"},{"type":"text","fill":"#E40429","stroke":"none","transform":"m1,0.1763,0,1,43.25,","font-family":"Lobster1.4","font-size":12,"text-anchor":"start","text":"Supermarché"}]}