{"width":"225.2","height":"194.5","dx":"0","dy":"0","geometry":[{"type":"path","fill":"#FAF9F9","stroke":"none","path":"M112.7,183.1c-61.6,0-111.8-17.9-111.8-39.9s50.2-39.9,111.8-39.9c61.6,0,111.8,17.9,111.8,39.9S174.4,183.1,112.7,183.1z"},{"type":"path","fill":"#989797","stroke":"none","path":"M0.3,142.1V155c0,13.7,29.6,39.5,115.6,39.5c63.7,0,109.1-20.9,109.1-39.1V145c-1.3,18-47.1,38.1-109,38.1C28.1,183.1-0.5,156.1,0.3,142.1z"},{"type":"ellipse","fill":"none","stroke":"#B3B3B3","stroke-width":0.9996,"stroke-miterlimit":10,"cx":112.8,"cy":142.9,"rx":112.1,"ry":39.9},{"type":"path","fill":"#D9DADB","stroke":"none","path":"M56.1,76 55.9,40.8 53.2,40.3 53.2,70 z"},{"type":"path","fill":"#9C9EA0","stroke":"none","path":"M55.9,40.8 61.5,38.9 61.5,66.7 56.1,76.3 z"},{"type":"path","fill":"#ECECED","stroke":"none","path":"M53.2,40.3 58.8,38.4 61.5,38.9 55.9,40.8 53.2,40.3 z"},{"type":"path","fill":"#D9DADB","stroke":"none","path":"M144.5,90.9 144.3,55.6 141.6,55.2 141.6,84.8 z"},{"type":"path","fill":"#9C9EA0","stroke":"none","path":"M144.3,55.6 149.9,53.7 149.9,81.6 144.5,91.1 z"},{"type":"path","fill":"#ECECED","stroke":"none","path":"M141.6,55.2 147.2,53.3 149.9,53.7 144.3,55.6 141.6,55.2 z"},{"type":"path","fill":"#9C9EA0","stroke":"none","path":"M75.9,104.5 75.9,85 99.5,76 z"},{"type":"path","fill":"#9C9EA0","stroke":"none","path":"M188.3,91.7 188.3,153.8 162.7,163.6 162.7,100.7 186.4,92.4 z"},{"type":"path","fill":"#748E9A","stroke":"none","path":"M163.7,90.3 166.4,62.7 188.3,91.7 166.4,99.4 z"},{"type":"path","fill":"#748E9A","stroke":"none","path":"M57.4,66.4 54.6,67.2 54.6,70.3 z"},{"type":"path","fill":"#D9DADB","stroke":"none","path":"M132.8,95v19.5l-56.9-10.2V85L44,79.8v62.9l118.7,20.9v-62.9L132.8,95z"},{"type":"path","fill":"#8EACBA","stroke":"none","path":"M75.9,85 78.4,47.3 68.7,45.9 44,79.8 z"},{"type":"path","fill":"#BECAD3","stroke":"none","path":"M51,81 50.9,66.7 48.7,66.3 44,79.8 z"},{"type":"path","fill":"#748E9A","stroke":"none","path":"M53.9,77.9 50.9,66.7 51,81 z"},{"type":"path","fill":"#748E9A","stroke":"none","path":"M75.9,85 78.4,47.3 99,76.2 z"},{"type":"path","fill":"#D9DADB","stroke":"none","path":"M85.1,81.2 84.9,45.9 82.2,45.5 82.2,75.1 z"},{"type":"path","fill":"#9C9EA0","stroke":"none","path":"M84.9,45.9 90.5,44 90.5,71.9 85.1,81.4 z"},{"type":"path","fill":"#ECECED","stroke":"none","path":"M82.2,45.5 87.8,43.6 90.5,44 84.9,45.9 82.2,45.5 z"},{"type":"path","fill":"#8EACBA","stroke":"none","path":"M157.1,61 132.8,95 162.7,100.7 166.4,62.7 \tz"},{"type":"path","fill":"#8EACBA","stroke":"none","path":"M135.3,77.7 89.5,69.4 75.9,104.3 132.8,114.5 132.8,95 134.3,92.8 \tz"},{"type":"path","fill":"#D9DADB","stroke":"none","path":"M173.4,96.7 173.2,60.5 170.5,60 170.5,90.7 z"},{"type":"path","fill":"#9C9EA0","stroke":"none","path":"M173.2,60.5 178.8,58.6 179.1,95 173.4,97 z"},{"type":"path","fill":"#ECECED","stroke":"none","path":"M170.5,60 176.1,58.1 178.8,58.6 173.2,60.5 170.5,60 z"},{"type":"path","fill":"#748E9A","stroke":"none","path":"M134.3,92.8 135.3,77.7 139.1,86.1 z"},{"type":"path","fill":"#888989","stroke":"none","path":"M150.2,143.4c0-2.6-1.3-6.7-7.6-7.4c-4.5-0.5-7,2.4-7,5v17.5l14.7,2.5L150.2,143.4z"},{"type":"path","fill":"#888989","stroke":"none","path":"M105.3,138.6c0-2.2-0.9-4.3-3.9-4.8c-2.4-0.4-4,1.3-4,3.5v15l7.9,1.3L105.3,138.6z"},{"type":"path","fill":"#888989","stroke":"none","path":"M49.6,93.2c0-0.9-0.4-1.8-1.7-2c-1-0.2-1.7,0.6-1.7,1.5v6.3l3.3,0.6L49.6,93.2z"},{"type":"path","fill":"#888989","stroke":"none","path":"M60.4,94.9c0-0.9-0.4-1.8-1.7-2c-1-0.2-1.7,0.6-1.7,1.5v6.3l3.3,0.6L60.4,94.9z"},{"type":"path","fill":"#888989","stroke":"none","path":"M69.2,96.2c0-0.9-0.4-1.8-1.7-2c-1-0.2-1.7,0.6-1.7,1.5v6.3l3.3,0.6L69.2,96.2z"},{"type":"path","fill":"#888989","stroke":"none","path":"M79.6,111.6 76.3,111.1 76.3,119.5 79.6,120.1 z"},{"type":"path","fill":"#888989","stroke":"none","path":"M88.5,113.3 85.1,112.8 85.1,121.3 88.5,121.8 z"},{"type":"path","fill":"#888989","stroke":"none","path":"M97.3,115.1 94,114.6 94,123 97.3,123.6 z"},{"type":"path","fill":"#888989","stroke":"none","path":"M76.5,133.3 73.2,132.8 73.2,139 76.5,139.6 z"},{"type":"path","fill":"#888989","stroke":"none","path":"M83.7,134.8 80.4,134.3 80.4,140.5 83.7,141.1 z"},{"type":"path","fill":"#888989","stroke":"none","path":"M91.1,136.2 87.8,135.6 87.8,141.9 91.1,142.5 z"},{"type":"path","fill":"#888989","stroke":"none","path":"M114.9,140.8 111.6,140.3 111.6,146.6 114.9,147.1 z"},{"type":"path","fill":"#888989","stroke":"none","path":"M122.2,142.3 118.9,141.8 118.9,148.1 122.2,148.6 z"},{"type":"path","fill":"#888989","stroke":"none","path":"M129.6,143.7 126.3,143.2 126.3,149.5 129.6,150 z"},{"type":"path","fill":"#888989","stroke":"none","path":"M106.2,116.8 102.9,116.3 102.9,124.8 106.2,125.3 z"},{"type":"path","fill":"#888989","stroke":"none","path":"M115.1,118.6 111.8,118 111.8,126.5 115.1,127.1 z"},{"type":"path","fill":"#888989","stroke":"none","path":"M124,120.3 120.7,119.8 120.7,128.3 124,128.8 z"},{"type":"path","fill":"#888989","stroke":"none","path":"M132.9,122.1 129.6,121.5 129.6,130 132.9,130.6 z"},{"type":"path","fill":"#888989","stroke":"none","path":"M141,124.6 137.7,124.1 137.7,131.4 141,132 z"},{"type":"path","fill":"#888989","stroke":"none","path":"M149.9,126.4 146.6,125.8 146.6,133.2 149.9,133.8 z"},{"type":"path","fill":"#888989","stroke":"none","path":"M160.8,128.5 157.5,128 157.5,135.3 160.9,135.9 z"},{"type":"path","fill":"#888989","stroke":"none","path":"M49.4,107.6 46.1,107.1 46.1,114.5 49.4,115 z"},{"type":"path","fill":"#888989","stroke":"none","path":"M60.4,109.4 57.1,108.8 57.1,116.2 60.4,116.8 z"},{"type":"path","fill":"#888989","stroke":"none","path":"M69.2,111 65.9,110.5 65.9,117.9 69.2,118.4 z"},{"type":"path","fill":"#888989","stroke":"none","path":"M141.4,108.9c0-0.9-0.4-1.8-1.7-2c-1-0.2-1.7,0.6-1.7,1.5v6.3l3.3,0.6L141.4,108.9z"},{"type":"path","fill":"#888989","stroke":"none","path":"M149.9,110.2c0-0.9-0.4-1.8-1.7-2c-1-0.2-1.7,0.6-1.7,1.5v6.3l3.3,0.6L149.9,110.2z"},{"type":"path","fill":"#888989","stroke":"none","path":"M161,112c0-0.9-0.4-1.8-1.7-2c-1-0.2-1.7,0.6-1.7,1.5v6.3l3.3,0.6L161,112z"},{"type":"path","fill":"#888989","stroke":"none","path":"M70,129.4c0-2.6-1.3-6.7-7.6-7.4c-4.5-0.5-7,2.4-7,5v17.5l14.7,2.5L70,129.4z"},{"type":"path","fill":"#D9DADB","stroke":"none","path":"M117.5,44.6c-1-1.2-1.6-1.9-2.2-2.3l0.1-7.6c0-2.2-1.2-3.4-2.6-3.7c-1.9-0.5-4.2,0.8-4.2,3.9l0,7.4c-0.1,0.1-0.1,0.3-0.1,0.4c-0.7,0.5-1.4,1.1-1.9,2C105.4,47,105,50,105,50v30.1l4.7,1.1l3,0.8l3.3-7.8l3.3,0.6l0.1-24C119.5,50.8,119.4,46.9,117.5,44.6z"},{"type":"path","fill":"#888989","stroke":"none","path":"M118.9,62.4l-1.8,0.5l0-6.8l0.1-0.8l0.3-0.6l0.9-0.3l0.3,0.4l0,0l0.1,0.7L118.9,62.4z M112.3,55.9l-0.2,0.8l0,6.8l3.1-0.1l0-6.8l-0.2-0.7l-0.6-0.5l-1.5,0.1L112.3,55.9z M107.4,55.4l-0.2,0.7l0,6.8l2.5,0.4l0-6.8l-0.2-0.8l-0.5-0.6l-1.3-0.2L107.4,55.4z M105.6,53.8l-0.1,0l-0.1,1.1l0,6.8l0.5,0.8l0-7.6L105.6,53.8z"},{"type":"path","fill":"#FFFFFF","stroke":"none","path":"M128.4,7.9c-3-1.2-5.1-2.4-7-3.4v14.5c1.9,1,4,2.2,7,3.4c0.6,0.3,1.3,0.5,1.9,0.6V8.6\tC129.7,8.4,129.1,8.2,128.4,7.9z"},{"type":"path","fill":"#00A9C7","stroke":"none","path":"M112.1,3v14.5c4-0.8,6.4,0.1,9.3,1.6V4.6C118.5,3.1,116.1,2.2,112.1,3z"},{"type":"path","fill":"#E42B2E","stroke":"none","path":"M130.3,8.6v14.5c5.2,1.4,9.9,0,9.9,0V8.6C140.3,8.6,135.6,9.9,130.3,8.6z"},{"type":"path","fill":"none","stroke":"#58585A","stroke-width":0.5,"stroke-miterlimit":10,"path":"M112.1,17.5c4-0.8,6.4,0.1,9.3,1.6\tc1.9,1,4,2.2,7,3.4c0.6,0.3,1.3,0.5,1.9,0.6c5.2,1.4,9.9,0,9.9,0V8.6c0,0-4.7,1.4-9.9,0c-0.6-0.2-1.3-0.4-1.9-0.6\tc-3-1.2-5.1-2.4-7-3.4c-2.9-1.5-5.3-2.4-9.3-1.6v29.2"},{"type":"path","fill":"#BECAD3","stroke":"none","path":"M162.7,100.7 162.6,86.4 160.4,86 155.7,99.5 z"},{"type":"path","fill":"#748E9A","stroke":"none","path":"M166.4,99.4 162.6,86.4 162.7,100.7 z"}]}