{"width":"224.9","height":"194.5","dx":"0","dy":"0","geometry":[{"type":"path","fill":"#8F8F8E","stroke":"none","path":"M0,120.7v12c0,0,5.7,2.8,5.7,9.1c0,5.8-5.7,8.2-5.7,8.2v13.3l177.1,31.2v-42L0,120.7z"},{"type":"path","fill":"#FCFBFB","stroke":"#B5B4B4","stroke-width":0.9996,"stroke-miterlimit":10,"path":"M0.5,121.4c-0.1-0.6-0.1-1.1-0.1-1.7c0-22,50.2-39.9,112.1-39.9c61.9,0,112.1,17.9,112.1,39.9c0,13.5-18.9,25.5-47.8,32.7L0.5,121.4z"},{"type":"path","fill":"#C9C9C9","stroke":"none","path":"M185.5,127.9l37.5-13.8c0,0-2.8-9.7-21.4-18c-15.2-6.8-17.3-6.4-17.3-6.4L185.5,127.9z"},{"type":"path","fill":"#B1B3B4","stroke":"none","path":"M149,141.3 185.5,127.9 185.5,75.9 168.9,64.8 149,89.3 z"},{"type":"ellipse","fill":"#5DAE30","stroke":"none","cx":177.1,"cy":119.8,"rx":6.4,"ry":4.5},{"type":"ellipse","fill":"#8ABD58","stroke":"none","cx":161.9,"cy":115.7,"rx":5.8,"ry":4.6},{"type":"ellipse","fill":"#5DAE30","stroke":"none","cx":165.1,"cy":121.4,"rx":8.2,"ry":5},{"type":"ellipse","fill":"#DFDB09","stroke":"none","cx":169.7,"cy":110,"rx":6.8,"ry":5.3},{"type":"ellipse","fill":"#8ABD58","stroke":"none","cx":174.9,"cy":113.2,"rx":6.9,"ry":5.1},{"type":"path","fill":"#D9DBDB","stroke":"#FCFBFB","stroke-width":0.0804,"stroke-miterlimit":10,"path":"M162.3,144.9c0,1.9,4.2,3.4,9.4,3.4s9.4-1.5,9.4-3.4c0-1.9-4.2-3.4-9.4-3.4C166.6,141.5,162.3,143,162.3,144.9z"},{"type":"path","fill":"#A38979","stroke":"none","path":"M170,119.8C170,119.7,170,119.7,170,119.8C170,119.7,170,119.7,170,119.8L170,119.8L170,119.8c0-0.3,0.6-0.5,1.4-0.5s1.4,0.2,1.4,0.5l0,0l0.8,24.7c0,0.4-0.9,0.7-2.1,0.7c-1.1,0-2.1-0.3-2.1-0.7L170,119.8z"},{"type":"path","fill":"#A38979","stroke":"none","path":"M175.8,120.6c0,0,0.4,0.1,0.7,0.4s0.3,0.7,0.3,0.7l-4,4.3c-0.2,0.1-0.6-0.1-1-0.5c-0.4-0.4-0.6-0.9-0.5-1L175.8,120.6z"},{"type":"ellipse","fill":"#C7D015","stroke":"none","cx":168.3,"cy":117.2,"rx":5.6,"ry":4.8},{"type":"path","fill":"#B1B3B4","stroke":"none","path":"M99.6,80.3 136.1,66.9 136.1,34.7 99.6,48.2 z"},{"type":"path","fill":"#96ADC9","stroke":"none","path":"M149,89.3 168.9,64.8 119.5,55.8 99.6,80.3 z"},{"type":"path","fill":"#96ADC9","stroke":"none","path":"M72.5,75.4 92.5,50.9 40.7,41.3 20.7,65.9 z"},{"type":"path","fill":"#96ADC9","stroke":"none","path":"M99.6,48.2 99.6,0 72.5,43.5 z"},{"type":"path","fill":"#5F7894","stroke":"none","path":"M136.1,34.7 99.6,48.2 99.6,0 z"},{"type":"path","fill":"#D9DBDB","stroke":"none","path":"M99.6,80.2 99.6,48.2 72.5,43.5 72.5,75.4 20.7,65.9 20.7,117.8 149,141.3 149,89.3 z"},{"type":"path","fill":"#88888A","stroke":"none","path":"M86.2,102c8,1.7,9.2,9.6,9.2,12.9v16.5L77,128.1v-16.7C77,111.4,77.7,100.7,86.2,102z"},{"type":"path","fill":"#A9C2E1","stroke":"none","path":"M34.4,86.8 34.4,74.1 26.8,72.8 26.8,85.5 z"},{"type":"path","fill":"#A9C2E1","stroke":"none","path":"M43,88.3 43,75.6 35.4,74.3 35.4,87 z"},{"type":"path","fill":"#A9C2E1","stroke":"none","path":"M51.5,89.9 51.5,77.2 43.9,75.9 43.9,88.6 z"},{"type":"path","fill":"#A9C2E1","stroke":"none","path":"M60.1,91.4 60.1,78.7 52.5,77.4 52.5,90.1 z"},{"type":"path","fill":"#A9C2E1","stroke":"none","path":"M68.6,93 68.6,80.3 61,79 61,91.7 z"},{"type":"path","fill":"#A9C2E1","stroke":"none","path":"M85.7,96 85.7,83.3 78.1,82 78.1,94.7 z"},{"type":"path","fill":"#A9C2E1","stroke":"none","path":"M94.3,97.6 94.3,84.9 86.7,83.5 86.7,96.2 z"},{"type":"path","fill":"#A9C2E1","stroke":"none","path":"M111.4,100.7 111.4,88 103.8,86.7 103.8,99.4 z"},{"type":"path","fill":"#A9C2E1","stroke":"none","path":"M119.9,102.3 119.9,89.6 112.3,88.2 112.3,100.9 z"},{"type":"path","fill":"#A9C2E1","stroke":"none","path":"M128.4,103.8 128.4,91.1 120.9,89.8 120.9,102.5 z"},{"type":"path","fill":"#A9C2E1","stroke":"none","path":"M137,105.4 137,92.7 129.4,91.3 129.4,104 z"},{"type":"path","fill":"#A9C2E1","stroke":"none","path":"M145.5,106.9 145.5,94.2 137.9,92.9 137.9,105.6 z"},{"type":"path","fill":"#A9C2E1","stroke":"none","path":"M34.4,102.4 34.4,89.7 26.8,88.3 26.8,101 z"},{"type":"path","fill":"#A9C2E1","stroke":"none","path":"M43,103.9 43,91.2 35.4,89.8 35.4,102.5 z"},{"type":"path","fill":"#A9C2E1","stroke":"none","path":"M51.5,105.5 51.5,92.8 43.9,91.4 43.9,104.1 z"},{"type":"path","fill":"#A9C2E1","stroke":"none","path":"M60.1,107 60.1,94.3 52.5,92.9 52.5,105.6 z"},{"type":"path","fill":"#A9C2E1","stroke":"none","path":"M68.6,108.6 68.6,95.9 61,94.5 61,107.2 z"},{"type":"path","fill":"#A9C2E1","stroke":"none","path":"M111.4,116.3 111.4,103.6 103.8,102.2 103.8,114.9 z"},{"type":"path","fill":"#A9C2E1","stroke":"none","path":"M119.9,117.8 119.9,105.1 112.3,103.8 112.3,116.5 z"},{"type":"path","fill":"#A9C2E1","stroke":"none","path":"M128.4,119.4 128.4,106.7 120.9,105.3 120.9,118 z"},{"type":"path","fill":"#A9C2E1","stroke":"none","path":"M137,120.9 137,108.2 129.4,106.9 129.4,119.6 z"},{"type":"path","fill":"#A9C2E1","stroke":"none","path":"M145.5,122.5 145.5,109.8 137.9,108.4 137.9,121.1 z"},{"type":"ellipse","fill":"#9E9D9C","stroke":"none","cx":86.1,"cy":63,"rx":6.3,"ry":7.2},{"type":"path","fill":"#E3E3E2","stroke":"none","path":"M84.8,63.7 88.9,58.3 85.7,64.2 z"},{"type":"path","fill":"#E3E3E2","stroke":"none","path":"M88.3,66.4 84.8,63.7 86.1,62.7 z"},{"type":"ellipse","fill":"#5DAE30","stroke":"none","cx":210.9,"cy":105.6,"rx":6.4,"ry":4.5},{"type":"ellipse","fill":"#8ABD58","stroke":"none","cx":195.8,"cy":101.5,"rx":5.8,"ry":4.6},{"type":"ellipse","fill":"#5DAE30","stroke":"none","cx":199,"cy":107.2,"rx":8.2,"ry":5},{"type":"ellipse","fill":"#DFDB09","stroke":"none","cx":203.6,"cy":95.8,"rx":6.8,"ry":5.3},{"type":"ellipse","fill":"#8ABD58","stroke":"none","cx":208.7,"cy":99,"rx":6.9,"ry":5.1},{"type":"path","fill":"#D9DBDB","stroke":"#FCFBFB","stroke-width":0.0804,"stroke-miterlimit":10,"path":"M196.2,130.7c0,1.9,4.2,3.4,9.4,3.4c5.2,0,9.4-1.5,9.4-3.4c0-1.9-4.2-3.4-9.4-3.4C200.4,127.3,196.2,128.8,196.2,130.7z"},{"type":"path","fill":"#A38979","stroke":"none","path":"M203.9,105.6C203.9,105.6,203.8,105.6,203.9,105.6C203.8,105.5,203.9,105.5,203.9,105.6L203.9,105.6L203.9,105.6c0-0.3,0.6-0.5,1.4-0.5c0.8,0,1.4,0.2,1.4,0.5l0,0l0.8,24.7c0,0.4-0.9,0.7-2.1,0.7c-1.1,0-2.1-0.3-2.1-0.7L203.9,105.6z"},{"type":"path","fill":"#A38979","stroke":"none","path":"M209.6,106.4c0,0,0.4,0.1,0.7,0.4c0.3,0.3,0.3,0.7,0.3,0.7l-4,4.3c-0.2,0.1-0.6-0.1-1-0.5c-0.4-0.4-0.6-0.9-0.5-1L209.6,106.4z"},{"type":"ellipse","fill":"#C7D015","stroke":"none","cx":202.1,"cy":103,"rx":5.6,"ry":4.8},{"type":"path","fill":"#4E4E4E","stroke":"none","path":"M130.5,141.6 129.6,141.4 129.6,117.3 130.5,117.5 z"},{"type":"path","fill":"#4E4E4E","stroke":"none","path":"M131.3,141.3 130.5,141.6 130.5,117.5 131.3,117.2 z"},{"type":"path","fill":"#F6F4F5","stroke":"none","path":"M130.7,106.3 120.6,120.8 137.7,124.1 130.7,106.5 z"},{"type":"path","fill":"none","stroke":"none","path":"M120.8,120.7 131.4,122.8 130.7,106.6 130.6,106.4 z"},{"type":"path","fill":"#DF5C2D","stroke":"none","path":"M139.2,125.7L139.2,125.7L139.2,125.7z"},{"type":"path","fill":"#DF5C2D","stroke":"none","path":"M139.7,124.9L139.7,124.9C139.8,124.9,139.7,124.9,139.7,124.9z"},{"type":"path","fill":"#DF5C2D","stroke":"none","path":"M139.8,125c0,0.1,0,0.3-0.1,0.5C139.7,125.3,139.8,125.1,139.8,125z"},{"type":"path","fill":"#717173","stroke":"none","opacity":0.2,"path":"M139.2,125.7c-0.1,0-0.1,0-0.2,0C139,125.7,139,125.7,139.2,125.7z"},{"type":"path","fill":"#717173","stroke":"none","opacity":0.2,"path":"M139.7,124.8L139.7,124.8L139.7,124.8L139.7,124.8z"},{"type":"path","fill":"#717173","stroke":"none","opacity":0.2,"path":"M139.2,125.7c0.1,0,0.3-0.1,0.5-0.3C139.6,125.6,139.4,125.6,139.2,125.7z"},{"type":"path","fill":"#717173","stroke":"none","opacity":0.2,"path":"M139.8,125L139.8,125L139.8,125z"},{"type":"path","fill":"#DF5C2D","stroke":"none","path":"M139.8,124.9C139.8,124.9,139.8,124.8,139.8,124.9l-8.5-20.2c0,0-0.2-0.3-0.7-0.5l0,0c-0.3-0.1-0.5,0.1-0.7,0.3l-11.1,16.3c-0.1,0.2-0.1,0.5,0,0.8c0.1,0.3,0.4,0.5,0.7,0.5l11.9,2.3l7.6,1.5c0.1,0,0.1,0,0.2,0h0.1c0.2,0,0.3-0.1,0.5-0.3C139.7,125.3,139.8,125.1,139.8,124.9L139.8,124.9z M131.4,122.9L131.4,122.9l-10.6-2.1l9.8-14.2l0,0l7,17.5L131.4,122.9z"},{"type":"path","fill":"#343434","stroke":"none","path":"M131.8,112.8c0,0.6-0.5,1.1-1.1,1.1s-1.1-0.5-1.1-1.1c0-0.6,0.5-1.1,1.1-1.1S131.8,112.1,131.8,112.8\t\tL131.8,112.8z"},{"type":"path","fill":"#343434","stroke":"none","path":"M133.7,115.5l-1.9-0.5l-1-0.9l0,0c-0.1,0-0.1-0.1-0.2-0.1c-0.1,0-0.2-0.1-0.3-0.1c-0.2,0-0.4,0-0.5,0.1\t\tc-0.1,0-0.1,0-0.2,0.1l-1.2,0.6l0,0c-0.1,0-0.1,0.1-0.2,0.2l-0.3,0.9l-0.2,0.5l-0.1,0.2v0.1v0.1l0,0v0.1v0.1l-1,0.4l-0.9-0.2\t\tc-0.1,0-0.1-0.1-0.2-0.1c-0.1,0-0.2,0-0.3,0h-0.1l-0.8,0.2l0,0c0,0-0.1,0-0.1,0.1l-0.3,0.5l-0.1,0.3l-0.1,0.1v0.1l0,0l0,0\t\tc0,0,0,0,0,0.1c0,0.1,0.1,0.2,0.2,0.2c0.1,0,0.2-0.1,0.2-0.2l0,0l0,0l0,0l0,0v-0.1l0.1-0.1l0.2-0.2l0.3-0.4h0.2l-0.3,0.9\t\tc0,0.1,0,0.2,0,0.3v0.1v0.7l-0.6,0.9c-0.1,0.1,0,0.2,0,0.3c0.1,0.1,0.2,0.1,0.3,0l0.8-0.9c0,0,0-0.1,0.1-0.1l0,0l0.1-0.4l0,0\t\tl0.7,0.8l-0.2,0.8c0,0.1,0,0.2,0.1,0.2c0.1,0,0.2,0,0.2-0.1l0.3-0.9c0-0.1,0-0.1,0-0.2l0,0l-0.6-0.8l0.1-0.1l0.4-1.2\t\tc0,0,0,0,0-0.1l0.6,0.1l0,0h0.1l1.2-0.6l0.1-0.1c0.1-0.1,0.1-0.2,0.1-0.3c0,0,0,0,0,0.1l0,0l0,0l0,0l0,0l0,0v-0.1l0.1-0.2l0.2-0.4\t\tl0.3-0.7v-0.4l-0.2,1.7c0,0.2,0,0.3,0,0.4c0,0.1,0,0.1,0,0.2l0.2,1.3l-0.9,2.5c-0.1,0.2,0,0.3,0.2,0.4c0.2,0.1,0.4,0,0.4-0.2\t\tl1.2-2.5c0-0.1,0-0.1,0-0.2l0,0v-0.7l0,0l1.3,1.1l-0.1,2.2c0,0.2,0.1,0.3,0.3,0.3s0.4-0.1,0.4-0.3l0.3-2.4c0-0.1,0-0.2-0.1-0.3\t\tl0,0l-1.2-1.2c0-0.1,0.1-0.2,0.1-0.3l0.2-1.7l0.3,0.2l0,0c0,0,0.1,0,0.1,0.1l2,0.4c0.2,0,0.3-0.1,0.4-0.2\t\tC133.9,115.7,133.8,115.5,133.7,115.5L133.7,115.5z"},{"type":"path","fill":"#343434","stroke":"none","path":"M125.6,117.1c0.3,0.1,0.7,0,0.8-0.4c0.1-0.2,0.1-0.3,0-0.5l0,0c0.2,0.1,0.3-0.5,0.1-0.3\tc-0.1,0.1-0.2,0.1-0.3,0c-0.1-0.1-0.1-0.1-0.2-0.1c-0.3-0.1-0.7,0-0.8,0.4C125.1,116.6,125.3,116.9,125.6,117.1L125.6,117.1z"},{"type":"path","fill":"#999898","stroke":"none","path":"M177.1,194.5c28.9-7.2,47.8-19.2,47.8-32.7v-42c0,13.5-18.9,25.5-47.8,32.7V194.5z"},{"type":"path","fill":"#656565","stroke":"none","path":"M182.9,173.3c0-6.3-5.7-9.1-5.7-9.1v17.3C177.1,181.5,182.9,179,182.9,173.3z"},{"type":"path","fill":"#656565","stroke":"none","path":"M0,132.3v0.3c0,0,5.7,2.8,5.7,9.1c0,5.8-5.7,8.2-5.7,8.2v0.3l177.1,31.2v-17.3L0,132.3z"},{"type":"path","fill":"#5F7894","stroke":"none","path":"M177.1,174.5 177.1,181.5 0,150.3 0,142.7 z"},{"type":"path","fill":"#5F7894","stroke":"none","path":"M182.9,173.3l-5.7,1.3v7C177.1,181.5,182.9,179,182.9,173.3z"},{"type":"path","fill":"#66819F","stroke":"none","path":"M5.7,141.5 182.9,173.3 177.1,174.5 0,142.7 z"}]}