{"width":"224.7","height":"130.1","dx":"0","dy":"76.3","geometry":[{"type":"path","fill":"#F6F6F6","stroke":"none","path":"M224.6,155.1c0,22.2-50.1,40.2-111.8,40.2C51.1,195.3,1,177.3,1,155.1c0-22.2,50-40.2,111.8-40.2C174.6,114.9,224.6,132.9,224.6,155.1z"},{"type":"path","fill":"#EDE1C3","stroke":"none","path":"M40.5,135.8 51.7,137.8 62.9,133.7 51.7,131.7 \tz"},{"type":"path","fill":"#EDE1C3","stroke":"none","path":"M145.3,133.2 156.5,135.2 167.7,131.1 156.5,129.1 \tz"},{"type":"path","fill":"#EDE1C3","stroke":"none","path":"M102.3,140.8 91.1,138.8 80,142.9 91.2,144.8 \tz"},{"type":"path","fill":"#EDE1C3","stroke":"none","path":"M89.2,138.4 78,136.4 66.8,140.5 78,142.5 \tz"},{"type":"path","fill":"#EDE1C3","stroke":"none","path":"M128.6,145.4 117.5,143.4 106.3,147.5 117.5,149.5 \tz"},{"type":"path","fill":"#EDE1C3","stroke":"none","path":"M141.8,147.8 130.6,145.8 119.4,149.9 130.6,151.9 \tz"},{"type":"path","fill":"#EDE1C3","stroke":"none","path":"M76,136.1 64.8,134.1 53.7,138.2 64.9,140.2 \tz"},{"type":"path","fill":"#EDE1C3","stroke":"none","path":"M92.7,123.8 103.9,125.8 115.1,121.7 103.9,119.7 \tz"},{"type":"path","fill":"#EDE1C3","stroke":"none","path":"M105.9,126.2 117.1,128.2 128.2,124.1 117,122.1 \tz"},{"type":"path","fill":"#EDE1C3","stroke":"none","path":"M119,128.5 130.2,130.5 141.4,126.4 130.2,124.4 \tz"},{"type":"path","fill":"#EDE1C3","stroke":"none","path":"M66.6,126.3 77.8,128.3 88.9,124.2 77.7,122.2 \tz"},{"type":"path","fill":"#EDE1C3","stroke":"none","path":"M79.6,121.5 90.8,123.5 101.9,119.4 90.7,117.4 \tz"},{"type":"path","fill":"#EDE1C3","stroke":"none","path":"M53.6,131 64.7,133 75.9,128.9 64.7,126.9 \tz"},{"type":"path","fill":"#EDE1C3","stroke":"none","path":"M132.2,130.9 143.4,132.9 154.5,128.8 143.4,126.8 \tz"},{"type":"path","fill":"#EDE1C3","stroke":"none","path":"M222.5,146.8c-0.9-1.6-2.1-3.3-3.5-4.8l-7.9,2.9l11.2,2L222.5,146.8z"},{"type":"path","fill":"#EDE1C3","stroke":"none","path":"M209,137.4l3.3-1.2c-1.9-1.3-4-2.6-6.2-3.8l-8.2,3L209,137.4z"},{"type":"path","fill":"#EDE1C3","stroke":"none","path":"M215.4,138.6c-0.7-0.5-1.4-1.1-2.1-1.6l-2.3,0.8L215.4,138.6z"},{"type":"path","fill":"#EDE1C3","stroke":"none","path":"M184.7,133.1l11.2,2l9-3.3c-1.2-0.6-2.4-1.2-3.7-1.8l-5.3-1L184.7,133.1z"},{"type":"path","fill":"#EDE1C3","stroke":"none","path":"M171.5,130.8 182.7,132.8 193.9,128.7 182.7,126.7 \tz"},{"type":"path","fill":"#EDE1C3","stroke":"none","path":"M158.4,128.4 169.6,130.4 180.7,126.3 169.5,124.3 \tz"},{"type":"path","fill":"#EDE1C3","stroke":"none","path":"M194.4,157.2 183.2,155.2 172.1,159.3 183.3,161.3 \tz"},{"type":"path","fill":"#EDE1C3","stroke":"none","path":"M181.3,154.8 170.1,152.8 158.9,156.9 170.1,158.9 \tz"},{"type":"path","fill":"#EDE1C3","stroke":"none","path":"M155,150.1 143.8,148.1 132.6,152.2 143.8,154.2 \tz"},{"type":"path","fill":"#EDE1C3","stroke":"none","path":"M168.1,152.5 156.9,150.5 145.8,154.6 157,156.6 \tz"},{"type":"path","fill":"#EDE1C3","stroke":"none","path":"M220.4,147.6 209.2,145.6 198.1,149.7 209.3,151.7 \tz"},{"type":"path","fill":"#EDE1C3","stroke":"none","path":"M196.2,150.4 185.1,154.5 196.3,156.5 207.4,152.4 \tz"},{"type":"path","fill":"#EDE1C3","stroke":"none","path":"M207.6,159.5 196.4,157.5 185.2,161.6 196.4,163.6 \tz"},{"type":"path","fill":"#EDE1C3","stroke":"none","path":"M181.1,147.7 169.9,145.7 158.8,149.8 170,151.8 \tz"},{"type":"path","fill":"#EDE1C3","stroke":"none","path":"M145.5,140.3 156.7,142.3 167.8,138.2 156.6,136.2 \tz"},{"type":"path","fill":"#EDE1C3","stroke":"none","path":"M92.9,130.9 104.1,132.9 115.2,128.8 104,126.9 \tz"},{"type":"path","fill":"#EDE1C3","stroke":"none","path":"M158.6,142.7 169.8,144.7 181,140.6 169.8,138.6 \tz"},{"type":"path","fill":"#EDE1C3","stroke":"none","path":"M132.3,138 143.5,140 154.7,135.9 143.5,133.9 \tz"},{"type":"path","fill":"#EDE1C3","stroke":"none","path":"M119.2,135.6 130.4,137.6 141.5,133.5 130.3,131.5 \tz"},{"type":"path","fill":"#EDE1C3","stroke":"none","path":"M106,133.3 117.2,135.3 128.4,131.2 117.2,129.2 \tz"},{"type":"path","fill":"#EDE1C3","stroke":"none","path":"M194.1,142.9 182.9,140.9 171.8,145 183,147 \tz"},{"type":"path","fill":"#EDE1C3","stroke":"none","path":"M23.7,140.9l-11.2-2L8,140.6c-1,1-2,2.1-2.8,3.1l7.4,1.3L23.7,140.9z"},{"type":"path","fill":"#EDE1C3","stroke":"none","path":"M36.7,136.2 25.5,134.2 14.4,138.3 25.6,140.3 \tz"},{"type":"path","fill":"#EDE1C3","stroke":"none","path":"M12.6,146.1l-10.9,4c-0.5,1.5-0.7,3-0.7,4.5c0,0.6,0,1.2,0.1,1.8l22.7-8.3L12.6,146.1z"},{"type":"path","fill":"#EDE1C3","stroke":"none","path":"M103.8,118.7l11.2-4.1l-1.1-0.2c-0.4,0-0.7,0-1.1,0c-5.1,0-10,0.1-14.9,0.4l-5.3,1.9L103.8,118.7z"},{"type":"path","fill":"#EDE1C3","stroke":"none","path":"M158.5,135.5 169.7,137.5 180.9,133.4 169.7,131.4 \tz"},{"type":"path","fill":"#EDE1C3","stroke":"none","path":"M77.6,121.1l11.2-4.1l-6.4-1.1c-3.7,0.4-7.2,0.8-10.7,1.3l-5.3,1.9L77.6,121.1z"},{"type":"path","fill":"#EDE1C3","stroke":"none","path":"M198,142.6l11.2,2l9.1-3.3c-0.5-0.5-0.9-0.9-1.4-1.4l-7.7-1.4L198,142.6z"},{"type":"path","fill":"#EDE1C3","stroke":"none","path":"M207.3,145.3 196.1,143.3 184.9,147.4 196.1,149.4 \tz"},{"type":"path","fill":"#EDE1C3","stroke":"none","path":"M194.3,150 183.1,148 171.9,152.1 183.1,154.1 \tz"},{"type":"path","fill":"#EDE1C3","stroke":"none","path":"M145.2,126.1 156.4,128.1 167.6,124 156.4,122 \tz"},{"type":"path","fill":"#EDE1C3","stroke":"none","path":"M79.7,128.6 90.9,130.6 102.1,126.5 90.9,124.5 \tz"},{"type":"path","fill":"#EDE1C3","stroke":"none","path":"M168,145.3 156.8,143.4 145.6,147.4 156.8,149.4 \tz"},{"type":"path","fill":"#EDE1C3","stroke":"none","path":"M184.8,140.2 196,142.2 207.2,138.1 196,136.1 \tz"},{"type":"path","fill":"#EDE1C3","stroke":"none","path":"M171.7,137.9 182.9,139.9 194,135.8 182.8,133.8 \tz"},{"type":"path","fill":"#EDE1C3","stroke":"none","path":"M115.4,136 104.2,134 93,138.1 104.2,140.1 \tz"},{"type":"path","fill":"#EDE1C3","stroke":"none","path":"M154.8,143 143.6,141 132.5,145.1 143.7,147.1 \tz"},{"type":"path","fill":"#EDE1C3","stroke":"none","path":"M66.7,133.4 77.9,135.4 89.1,131.3 77.9,129.3 \tz"},{"type":"path","fill":"#EDE1C3","stroke":"none","path":"M102.2,133.6 91,131.6 79.9,135.7 91.1,137.7 \tz"},{"type":"path","fill":"#EDE1C3","stroke":"none","path":"M128.5,138.3 117.3,136.3 106.2,140.4 117.4,142.4 \tz"},{"type":"path","fill":"#EDE1C3","stroke":"none","path":"M141.7,140.7 130.5,138.7 119.3,142.8 130.5,144.8 \tz"},{"type":"path","fill":"#EDE1C3","stroke":"none","path":"M115.5,143.1 104.3,141.1 93.1,145.2 104.3,147.2 \tz"},{"type":"path","fill":"#EDE1C3","stroke":"none","path":"M10.5,138.6l-0.3,0c-0.1,0.1-0.2,0.2-0.3,0.3L10.5,138.6z"},{"type":"path","fill":"#EDE1C3","stroke":"none","path":"M36.9,143.3 25.7,141.3 14.5,145.4 25.7,147.4 \tz"},{"type":"path","fill":"#EDE1C3","stroke":"none","path":"M89.5,152.7 78.3,150.7 67.1,154.8 78.3,156.8 \tz"},{"type":"path","fill":"#EDE1C3","stroke":"none","path":"M132.1,123.7 143.3,125.7 154.4,121.6 143.2,119.6 \tz"},{"type":"path","fill":"#EDE1C3","stroke":"none","path":"M63.2,148 52,146 40.8,150.1 52,152.1 \tz"},{"type":"path","fill":"#EDE1C3","stroke":"none","path":"M76.3,150.3 65.1,148.3 54,152.4 65.2,154.4 \tz"},{"type":"path","fill":"#EDE1C3","stroke":"none","path":"M4.5,144.6c-1,1.4-1.8,2.8-2.3,4.2l8.5-3.1L4.5,144.6z"},{"type":"path","fill":"#EDE1C3","stroke":"none","path":"M51.5,123.6l11.2-4.1l-2.2-0.4c-5.2,1-10.2,2.1-14.9,3.4L51.5,123.6z"},{"type":"path","fill":"#EDE1C3","stroke":"none","path":"M64.5,118.8l2.3-0.8c-1.2,0.2-2.4,0.4-3.5,0.6L64.5,118.8z"},{"type":"path","fill":"#EDE1C3","stroke":"none","path":"M12.4,137.9l11.2-4.1l-5-0.9c-2.7,1.5-5.2,3.1-7.3,4.8L12.4,137.9z"},{"type":"path","fill":"#EDE1C3","stroke":"none","path":"M130,116.3l3.2-1.2c-4.3-0.3-8.7-0.5-13.2-0.6L130,116.3z"},{"type":"path","fill":"#EDE1C3","stroke":"none","path":"M38.4,128.3l11.2-4.1l-6.3-1.1c-4.2,1.2-8.2,2.5-11.9,4L38.4,128.3z"},{"type":"path","fill":"#EDE1C3","stroke":"none","path":"M25.4,133.1l11.2-4.1l-7.1-1.3c-3.4,1.4-6.6,2.8-9.5,4.4L25.4,133.1z"},{"type":"path","fill":"#EDE1C3","stroke":"none","path":"M210.4,174.2l-13.8-2.5l-11.2,4.1l16.6,3C205.1,177.3,207.9,175.8,210.4,174.2z"},{"type":"path","fill":"#EDE1C3","stroke":"none","path":"M209.7,167l-11.2,4.1l13.1,2.3c2.4-1.6,4.4-3.3,6.2-5L209.7,167z"},{"type":"path","fill":"#EDE1C3","stroke":"none","path":"M131.9,116.6l11.2,2l5.7-2.1c-4.3-0.5-8.7-1-13.1-1.3L131.9,116.6z"},{"type":"path","fill":"#EDE1C3","stroke":"none","path":"M211.5,166.3l7.1,1.3c1.6-1.7,3-3.5,3.9-5.3L211.5,166.3z"},{"type":"path","fill":"#EDE1C3","stroke":"none","path":"M222.5,155.1l-11.2,4.1l11.2,2l0.6-0.2c0.8-1.8,1.3-3.6,1.4-5.5L222.5,155.1z"},{"type":"path","fill":"#EDE1C3","stroke":"none","path":"M183.6,176.5l-31.5,11.6l-0.3-0.9l29.9-11l-11.2-2l-31,11.4l-0.3-0.9l29.4-10.8l-11.2-2L126.8,183l-0.3-0.9\tl28.9-10.6l-11.2-2l-30,11l-0.3-0.9l28.3-10.4l-11.2-2L101.6,178l-0.3-0.9l27.8-10.2l-11.2-2l-28.9,10.6l-0.3-0.9l27.3-10l-11.2-2\tl-28.4,10.4L76,172l26.8-9.8l-11.2-2l-27.9,10.2l-0.3-0.9l26.3-9.6l-11.2-2l-27.4,10l-0.3-0.9l25.8-9.5l-11.2-2l-26.8,9.9l-0.3-0.9\tl25.2-9.3l-11.2-2l-26.3,9.7l-0.3-0.9l24.7-9.1l-11.2-2l-25.8,9.5l-0.3-0.9l24.2-8.9l-11.2-2l-24.5,9c4,20.9,52.4,37.4,111.5,37.4\tc35.5,0,67.2-6,87.7-15.3L183.6,176.5z"},{"type":"path","fill":"#EDE1C3","stroke":"none","path":"M194.7,171.4 183.5,169.4 172.3,173.5 183.5,175.5 \tz"},{"type":"path","fill":"#EDE1C3","stroke":"none","path":"M168.4,166.7 157.2,164.7 146,168.8 157.2,170.8 \tz"},{"type":"path","fill":"#EDE1C3","stroke":"none","path":"M181.5,169.1 170.3,167.1 159.2,171.2 170.4,173.2 \tz"},{"type":"path","fill":"#EDE1C3","stroke":"none","path":"M142.1,162 130.9,160 119.7,164.1 130.9,166.1 \tz"},{"type":"path","fill":"#EDE1C3","stroke":"none","path":"M115.8,157.3 104.6,155.3 93.4,159.4 104.6,161.4 \tz"},{"type":"path","fill":"#EDE1C3","stroke":"none","path":"M128.9,159.7 117.7,157.7 106.6,161.8 117.8,163.8 \tz"},{"type":"path","fill":"#EDE1C3","stroke":"none","path":"M155.2,164.4 144,162.4 132.9,166.5 144.1,168.5 \tz"},{"type":"path","fill":"#EDE1C3","stroke":"none","path":"M102.6,155 91.4,153 80.3,157.1 91.5,159.1 \tz"},{"type":"path","fill":"#EDE1C3","stroke":"none","path":"M50,145.6 38.8,143.6 27.7,147.7 38.8,149.7 \tz"},{"type":"path","fill":"#EDE1C3","stroke":"none","path":"M49.9,138.5 38.7,136.5 27.5,140.6 38.7,142.6 \tz"},{"type":"path","fill":"#EDE1C3","stroke":"none","path":"M89.3,145.5 78.1,143.5 67,147.6 78.2,149.6 \tz"},{"type":"path","fill":"#EDE1C3","stroke":"none","path":"M128.8,152.6 117.6,150.6 106.4,154.7 117.6,156.7 \tz"},{"type":"path","fill":"#EDE1C3","stroke":"none","path":"M76.2,143.2 65,141.2 53.8,145.3 65,147.3 \tz"},{"type":"path","fill":"#EDE1C3","stroke":"none","path":"M115.6,150.2 104.4,148.2 93.3,152.3 104.5,154.3 \tz"},{"type":"path","fill":"#EDE1C3","stroke":"none","path":"M102.5,147.9 91.3,145.9 80.1,150 91.3,152 \tz"},{"type":"path","fill":"#EDE1C3","stroke":"none","path":"M63,140.8 51.8,138.8 40.7,142.9 51.9,144.9 \tz"},{"type":"path","fill":"#EDE1C3","stroke":"none","path":"M27.4,133.5 38.6,135.5 49.7,131.4 38.5,129.4 \tz"},{"type":"path","fill":"#EDE1C3","stroke":"none","path":"M118.9,121.4 130.1,123.4 141.3,119.3 130.1,117.3 \tz"},{"type":"path","fill":"#EDE1C3","stroke":"none","path":"M90.6,116.4l3.8-1.4c-2.8,0.2-5.6,0.4-8.3,0.6L90.6,116.4z"},{"type":"path","fill":"#EDE1C3","stroke":"none","path":"M105.8,119 117,121 128.1,116.9 116.9,114.9 \tz"},{"type":"path","fill":"#EDE1C3","stroke":"none","path":"M40.4,128.7 51.6,130.7 62.8,126.6 51.6,124.6 \tz"},{"type":"path","fill":"#EDE1C3","stroke":"none","path":"M145.1,119l11.2,2l6.4-2.3c-3.8-0.7-7.7-1.3-11.7-1.8L145.1,119z"},{"type":"path","fill":"#EDE1C3","stroke":"none","path":"M53.4,123.9 64.6,125.9 75.8,121.8 64.6,119.8 \tz"},{"type":"path","fill":"#EDE1C3","stroke":"none","path":"M224.6,154.3l-0.2,0.1l0.2,0C224.6,154.4,224.6,154.4,224.6,154.3z"},{"type":"path","fill":"#EDE1C3","stroke":"none","path":"M184.5,126l11.2,2l0.4-0.2c-2.6-1.1-5.4-2.1-8.4-3L184.5,126z"},{"type":"path","fill":"#EDE1C3","stroke":"none","path":"M224.5,153.3c-0.2-1.8-0.6-3.5-1.4-5.2l-0.7-0.1l-11.2,4.1l11.2,2L224.5,153.3z"},{"type":"path","fill":"#EDE1C3","stroke":"none","path":"M209.4,152.7 198.2,156.8 209.4,158.8 220.6,154.7 \tz"},{"type":"path","fill":"#EDE1C3","stroke":"none","path":"M158.2,121.3l11.2,2l5.7-2.1c-3.4-0.8-6.9-1.6-10.5-2.2L158.2,121.3z"},{"type":"path","fill":"#EDE1C3","stroke":"none","path":"M171.4,123.6l11.2,2l3.7-1.3c-3-0.9-6.1-1.8-9.4-2.6L171.4,123.6z"},{"type":"path","fill":"#EDE1C3","stroke":"none","path":"M194.5,164.3 183.3,162.3 172.2,166.4 183.4,168.4 \tz"},{"type":"path","fill":"#EDE1C3","stroke":"none","path":"M168.2,159.6 157,157.6 145.9,161.7 157.1,163.7 \tz"},{"type":"path","fill":"#EDE1C3","stroke":"none","path":"M220.7,161.8 209.5,159.9 198.4,163.9 209.6,165.9 \tz"},{"type":"path","fill":"#EDE1C3","stroke":"none","path":"M181.4,161.9 170.2,159.9 159,164 170.2,166 \tz"},{"type":"path","fill":"#EDE1C3","stroke":"none","path":"M155.1,157.3 143.9,155.3 132.7,159.4 143.9,161.3 \tz"},{"type":"path","fill":"#EDE1C3","stroke":"none","path":"M207.7,166.6 196.5,164.6 185.3,168.7 196.5,170.7 \tz"},{"type":"path","fill":"#EDE1C3","stroke":"none","path":"M141.9,154.9 130.7,152.9 119.6,157 130.8,159 \tz"},{"type":"path","fill":"#999898","stroke":"none","path":"M0,154v12.9c0,13.7,29.6,39.5,115.6,39.5c63.7,0,109.1-20.9,109.1-39.1v-10.4c-1.3,18-47.1,38.1-109,38.1C27.8,195.1-0.8,168,0,154z"},{"type":"ellipse","fill":"none","stroke":"#B4B4B4","stroke-width":0.9996,"stroke-miterlimit":10,"cx":112.5,"cy":154.9,"rx":112.1,"ry":39.9},{"type":"path","fill":"#989797","stroke":"none","path":"M1,155.8l175,31.6c0,0-62.8,15.8-126.5,0C-0.6,175,1,155.8,1,155.8z"},{"type":"ellipse","fill":"#5DAE30","stroke":"none","cx":104.9,"cy":94.9,"rx":7.9,"ry":5.6},{"type":"ellipse","fill":"#8ABD58","stroke":"none","cx":86.2,"cy":89.9,"rx":7.2,"ry":5.7},{"type":"ellipse","fill":"#5DAE30","stroke":"none","cx":90.2,"cy":96.9,"rx":10.1,"ry":6.2},{"type":"ellipse","fill":"#DFDB09","stroke":"none","cx":95.9,"cy":82.8,"rx":8.4,"ry":6.5},{"type":"ellipse","fill":"#8ABD58","stroke":"none","cx":102.2,"cy":86.8,"rx":8.5,"ry":6.3},{"type":"path","fill":"#D9DBDB","stroke":"#FCFBFB","stroke-width":0.09933906,"stroke-miterlimit":10,"path":"M86.7,125.9c0,2.3,5.2,4.2,11.6,4.2c6.4,0,11.6-1.9,11.6-4.2c0-2.3-5.2-4.2-11.6-4.2C91.9,121.7,86.7,123.6,86.7,125.9z"},{"type":"path","fill":"#A38979","stroke":"none","path":"M96.2,94.9C96.2,94.9,96.1,94.9,96.2,94.9C96.1,94.8,96.2,94.8,96.2,94.9L96.2,94.9L96.2,94.9c0-0.4,0.7-0.6,1.7-0.6c1,0,1.7,0.2,1.7,0.6l0,0l1,30.5c0,0.5-1.1,0.9-2.6,0.9c-1.4,0-2.6-0.4-2.6-0.9L96.2,94.9z"},{"type":"path","fill":"#A38979","stroke":"none","path":"M103.3,95.9c0,0,0.5,0.1,0.9,0.5c0.4,0.4,0.4,0.9,0.4,0.9l-4.9,5.3c-0.2,0.1-0.7-0.1-1.2-0.6c-0.5-0.5-0.7-1.1-0.6-1.2L103.3,95.9z"},{"type":"ellipse","fill":"#C7D015","stroke":"none","cx":94,"cy":91.7,"rx":6.9,"ry":5.9},{"type":"ellipse","fill":"#5DAE30","stroke":"none","cx":151.9,"cy":102,"rx":7.9,"ry":5.6},{"type":"ellipse","fill":"#8ABD58","stroke":"none","cx":133.2,"cy":97,"rx":7.2,"ry":5.7},{"type":"ellipse","fill":"#5DAE30","stroke":"none","cx":137.2,"cy":104,"rx":10.1,"ry":6.2},{"type":"ellipse","fill":"#DFDB09","stroke":"none","cx":142.9,"cy":89.9,"rx":8.4,"ry":6.5},{"type":"ellipse","fill":"#8ABD58","stroke":"none","cx":149.2,"cy":93.9,"rx":8.5,"ry":6.3},{"type":"path","fill":"#D9DBDB","stroke":"#FCFBFB","stroke-width":0.09933906,"stroke-miterlimit":10,"path":"M133.7,133c0,2.3,5.2,4.2,11.6,4.2c6.4,0,11.6-1.9,11.6-4.2c0-2.3-5.2-4.2-11.6-4.2C138.9,128.8,133.7,130.7,133.7,133z"},{"type":"path","fill":"#A38979","stroke":"none","path":"M143.2,102C143.2,102,143.1,102,143.2,102C143.1,101.9,143.2,101.9,143.2,102L143.2,102L143.2,102c0-0.4,0.7-0.6,1.7-0.6c1,0,1.7,0.2,1.7,0.6l0,0l1,30.5c0,0.5-1.1,0.9-2.6,0.9c-1.4,0-2.6-0.4-2.6-0.9L143.2,102z"},{"type":"path","fill":"#A38979","stroke":"none","path":"M150.3,103c0,0,0.5,0.1,0.9,0.5c0.4,0.4,0.4,0.9,0.4,0.9l-4.9,5.3c-0.2,0.1-0.7-0.1-1.2-0.6c-0.5-0.5-0.7-1.1-0.6-1.2L150.3,103z"},{"type":"ellipse","fill":"#C7D015","stroke":"none","cx":141,"cy":98.8,"rx":6.9,"ry":5.9},{"type":"ellipse","fill":"#5DAE30","stroke":"none","cx":201.8,"cy":109.1,"rx":7.9,"ry":5.6},{"type":"ellipse","fill":"#8ABD58","stroke":"none","cx":183.2,"cy":104.1,"rx":7.2,"ry":5.7},{"type":"ellipse","fill":"#5DAE30","stroke":"none","cx":187.1,"cy":111.1,"rx":10.1,"ry":6.2},{"type":"ellipse","fill":"#DFDB09","stroke":"none","cx":192.8,"cy":97,"rx":8.4,"ry":6.5},{"type":"ellipse","fill":"#8ABD58","stroke":"none","cx":199.1,"cy":101,"rx":8.5,"ry":6.3},{"type":"path","fill":"#D9DBDB","stroke":"#FCFBFB","stroke-width":0.09933906,"stroke-miterlimit":10,"path":"M183.7,140.1c0,2.3,5.2,4.2,11.6,4.2c6.4,0,11.6-1.9,11.6-4.2c0-2.3-5.2-4.2-11.6-4.2C188.8,135.9,183.7,137.8,183.7,140.1z"},{"type":"path","fill":"#A38979","stroke":"none","path":"M193.2,109.1C193.2,109.1,193,109.1,193.2,109.1C193,109,193.2,109,193.2,109.1L193.2,109.1L193.2,109.1c0-0.4,0.7-0.6,1.7-0.6c1,0,1.7,0.2,1.7,0.6l0,0l1,30.5c0,0.5-1.1,0.9-2.6,0.9c-1.4,0-2.6-0.4-2.6-0.9L193.2,109.1z"},{"type":"path","fill":"#A38979","stroke":"none","path":"M200.2,110.1c0,0,0.5,0.1,0.9,0.5c0.4,0.4,0.4,0.9,0.4,0.9l-4.9,5.3c-0.2,0.1-0.7-0.1-1.2-0.6c-0.5-0.5-0.7-1.1-0.6-1.2L200.2,110.1z"},{"type":"ellipse","fill":"#C7D015","stroke":"none","cx":190.9,"cy":105.9,"rx":6.9,"ry":5.9},{"type":"path","fill":"#959799","stroke":"none","path":"M224,154.6c-3,11.8-23.1,20.9-48,26.8l0,6c-0.2,0,0.3-0.1,0.4-0.1C223.9,175.3,224.1,158.2,224,154.6z"},{"type":"path","fill":"#7F8182","stroke":"none","path":"M0,149.8 176,181.3 176,187.4 0,155.8 z"},{"type":"path","fill":"#EDE1C3","stroke":"none","path":"M0,149.8c0,0,4.8-11,17.9-16.9l2.5,0.3l-4.9,3.5l-4.5,1.9l2.7,0.5l-4,5.4l-3.9-0.7l-1,0.9l5.9,1l-10.3,4.1L0,149.8z"},{"type":"path","fill":"#F6F6F6","stroke":"none","path":"M4.1,148.4 0.4,149.9 1.7,150.1 4.8,149 z"},{"type":"path","fill":"#F6F6F6","stroke":"none","path":"M21.1,132.4 20.2,132.2 17.9,132.9 20.5,133.3 z"},{"type":"path","fill":"#EDE1C3","stroke":"none","path":"M20.2,132.2 27.5,129.4 22.3,132.6 z"}]}