{"width":"229.9","height":"144.9","dx":"-95","dy":"225.4","geometry":[{"type":"path","fill":"#ECEDED","stroke":"none","path":"M17.4,358.9c-61.6,0-111.8-17.9-111.8-39.9s50.2-39.9,111.8-39.9S129.2,297,129.2,319S79.1,358.9,17.4,358.9z"},{"type":"path","fill":"#989797","stroke":"none","path":"M129.1,320.7c-2.5,21.2-51.7,38.1-111.7,38.1c-61.6,0-111.8-17.9-111.8-39.9c0-0.4,0-0.8,0.1-1.2h-0.4l-0.3,12.4c0,22.2,51.1,40.2,112.9,40.2s111.8-18,111.8-40.2v-9.4L129.1,320.7z"},{"type":"ellipse","fill":"none","stroke":"#B3B3B3","stroke-width":0.9996,"stroke-miterlimit":10,"cx":17.5,"cy":318.6,"rx":112.1,"ry":39.9},{"type":"path","fill":"#6F7072","stroke":"none","path":"M197.8,349.6"},{"type":"path","fill":"#B1B3B4","stroke":"none","path":"M110.7,245.3 115.4,243.6 22.7,225.4 22.7,225.4 17.9,227 \tz"},{"type":"path","fill":"#C5C6C4","stroke":"none","path":"M110.7,245.3 17.9,227 17.9,291.5 110.7,309.7 \tz"},{"type":"path","fill":"#979997","stroke":"none","path":"M110.7,309.7 110.7,245.3 115.4,243.6 115.4,308.1 \tz"},{"type":"path","fill":"#B1B3B4","stroke":"none","path":"M-73.7,265 25.2,228.4 17.9,227 17.9,227.1 -80.9,263.7 \tz"},{"type":"path","fill":"#C5C6C4","stroke":"none","path":"M-73.7,265 -80.9,263.7 -80.9,328.1 -73.7,329.4 \tz"},{"type":"path","fill":"#979997","stroke":"none","path":"M-73.7,329.4 -73.7,265 25.2,228.4 25.3,292.8 \tz"},{"type":"path","fill":"#BF995B","stroke":"none","path":"M59.1,242.3 29.5,236.4 29.5,268 59.1,273.9 z"},{"type":"path","fill":"#ECEDED","stroke":"none","path":"M43.6,241.8 32.3,239.5 32.3,256 43.6,258.2 z"},{"type":"path","fill":"#ECEDED","stroke":"none","path":"M56.5,247.9 45.1,246.5 46.3,262.9 57.7,264.3 z"},{"type":"path","fill":"#BF995B","stroke":"none","path":"M97.2,250.8 67.6,244.9 67.6,276.5 97.2,282.4 z"},{"type":"path","fill":"#ECEDED","stroke":"none","path":"M82.2,259.7 71.2,256.4 69.6,272.8 80.6,276.1 z"},{"type":"path","fill":"#ECEDED","stroke":"none","path":"M92.2,253.2 81,250.8 80.7,267.3 92,269.7 z"},{"type":"path","fill":"#AC8A53","stroke":"none","path":"M3.7,311.7 3.7,291.1 33.6,280 33.6,300.7 z"},{"type":"path","fill":"#746347","stroke":"none","path":"M3.7,291.1 -11.8,287.7 17.5,276.8 33.6,280 z"},{"type":"path","fill":"#BF995B","stroke":"none","path":"M-11.8,308.3 -11.8,287.7 3.7,291.1 3.7,311.7 z"},{"type":"path","fill":"#AC8A53","stroke":"none","path":"M-43.6,330.9 -43.6,310.3 -13.7,299.2 -13.7,319.9 z"},{"type":"path","fill":"#746347","stroke":"none","path":"M-43.6,310.3 -59,307 -29.8,296 -13.7,299.2 z"},{"type":"path","fill":"#BF995B","stroke":"none","path":"M-59,327.6 -59,307 -43.6,310.3 -43.6,330.9 z"},{"type":"path","fill":"#AC8A53","stroke":"none","path":"M33.6,329.3 33.6,308.7 63.5,297.6 63.5,318.3 z"},{"type":"path","fill":"#746347","stroke":"none","path":"M33.6,308.7 9.5,303.3 38.7,292.4 63.5,297.6 z"},{"type":"path","fill":"#BF995B","stroke":"none","path":"M9.5,323.9 9.5,303.3 33.6,308.7 33.6,329.3 z"},{"type":"path","fill":"#AC8A53","stroke":"none","path":"M75.9,334.8 75.9,314.2 105.8,303.1 105.8,323.8 z"},{"type":"path","fill":"#746347","stroke":"none","path":"M75.9,314.2 51.7,308.8 81,297.9 105.8,303.1 z"},{"type":"path","fill":"#BF995B","stroke":"none","path":"M51.7,329.4 51.7,308.8 75.9,314.2 75.9,334.8 z"},{"type":"path","fill":"#AC8A53","stroke":"none","path":"M-4.9,346.3 -4.9,325.7 25,314.6 25,335.3 z"},{"type":"path","fill":"#746347","stroke":"none","path":"M-4.9,325.7 -29.1,320.3 0.2,309.4 25,314.6 z"},{"type":"path","fill":"#BF995B","stroke":"none","path":"M-29.1,340.9 -29.1,320.3 -4.9,325.7 -4.9,346.3 z"},{"type":"path","fill":"#A89D85","stroke":"none","path":"M-26.8,349.8 -28.9,350.7 -28.9,300.9 -26.8,301 z"},{"type":"path","fill":"#A89D85","stroke":"none","path":"M-10.6,306 -12.8,306.8 -12.8,275.9 -10.6,275.4 z"},{"type":"path","fill":"#ECE0C2","stroke":"none","path":"M-10.6,275.4 -42.9,268.9 -45.1,269.3 -45.1,300.7 -31.3,303.4 -31.3,350.6 -28.9,351 -28.9,303.9 -12.8,307.1 -12.8,275.9 z"},{"type":"path","fill":"#008DBE","stroke":"none","path":"M-30.2,301.2c0-7.6-8.2-12.3-5.7-20c2.2-6.8,13-3.7,13,3.2C-22.9,292.5-30.1,293.7-30.2,301.2z"},{"type":"path","fill":"#FFEF2D","stroke":"none","path":"M-30.6,284.1c-1.7-0.6-2.2-2.4-1.3-3.8c0.9-1.4,3.9-1.4,4.6,0.6C-26.9,281.9-27.2,285.2-30.6,284.1z"},{"type":"path","fill":"#FFEF2D","stroke":"none","path":"M-33.1,282 -36.6,282.8 -36.3,283.2 -33,282.6 \tz"},{"type":"path","fill":"#FFEF2D","stroke":"none","path":"M-32.3,279.7 -34.3,276.4 -33.3,276.1 -31.9,279.2 \tz"},{"type":"path","fill":"#FFEF2D","stroke":"none","path":"M-28.1,278.8 -27,275.6 -26.5,276 -27.5,278.9 \tz"},{"type":"rect","fill":"#FFEF2D","stroke":"none","x":-26.2,"y":281.7,"width":4.5,"height":0.7},{"type":"path","fill":"#FFEF2D","stroke":"none","path":"M-26.8,283.8 -23.5,285.6 -24.2,286.1 -27.2,284.3 \tz"},{"type":"path","fill":"#FFEF2D","stroke":"none","path":"M-30.5,284.7 -29.6,285 -30.1,286.7 -31.2,286.4 \tz"},{"type":"path","fill":"#FFFFFF","stroke":"none","path":"M-37.6,284.9 -37.5,287.3 -22.4,289.8 -22.4,287 \tz"},{"type":"path","fill":"#AC8A53","stroke":"none","path":"M38.2,351.7 38.2,331.1 68.1,320 68.1,340.7 z"},{"type":"path","fill":"#746347","stroke":"none","path":"M38.2,331.1 14,325.7 43.3,314.8 68.1,320 z"},{"type":"path","fill":"#BF995B","stroke":"none","path":"M14,346.3 14,325.7 38.2,331.1 38.2,351.7 z"},{"type":"path","fill":"#C99B64","stroke":"none","path":"M60.1,322.9 42.1,318.9 42.1,326.5 46.4,328.1 53.2,325.5 z"},{"type":"path","fill":"#E8C19F","stroke":"none","path":"M38.2,321.8 33.1,324 41,330.1 54.8,325 z"},{"type":"path","fill":"#A2ACCC","stroke":"none","path":"M25.6,328.3 25.8,324.4 31.1,322.3 47.9,327.6 38.2,331.1 z"},{"type":"path","fill":"#376374","stroke":"none","path":"M23.3,304.8c0,0,5.2-4.6,5.6-4.8c0.4-0.1,9-2.2,9-2.2L45,300l5.7,2.4l-17.1,6.3l-16.1-3.6c0,0,2.3-1.8,3.2-2.1S23.3,304.8,23.3,304.8z"},{"type":"path","fill":"#728263","stroke":"none","path":"M27.2,303.7c0.7-0.1,3.6-2.4,4.4-2.5c0.8-0.1,4.9,0.5,4.9,0.5l4.5,1.6l2.6,0.4l0.7,1.1l-10.7,4l-2.3-0.5L27.2,303.7z"},{"type":"path","fill":"#659DBE","stroke":"none","path":"M19.6,305.6c1.3-1.1,4.6-2.4,5.7-2.6c1-0.2,4.2,1.2,4.2,1.2l2.6,1.5l1.5,3.1L19.6,305.6z"},{"type":"path","fill":"#C99B64","stroke":"none","path":"M62.9,311.3 62.3,302.4 70.7,299.5 71.3,310.3 82.4,311.8 75.9,314.2 z"},{"type":"path","fill":"#E8C19F","stroke":"none","path":"M72.9,299.5 79.5,296.8 80.8,305.9 92.2,308.1 83.9,311.2 74.1,309.4 z"},{"type":"path","fill":"#728263","stroke":"none","path":"M7.5,286.3 10.9,283.1 15.7,284 17.2,282.8 21.1,282.3 23.5,283.7 8.2,289.5 z"},{"type":"path","fill":"#376374","stroke":"none","path":"M-1.8,287.1c0,0,5.6-2.1,5.9-2.2s5.6,0.2,5.6,0.2l6.5,1.4l-12.3,4.6l-7.9-1.7L-1.8,287.1z"},{"type":"path","fill":"#659DBE","stroke":"none","path":"M9.3,289.1 6.1,288.3 3.7,289.1 2.9,290.1 1.8,290.7 3.9,291.1 z"}]}