{"width":"224.7","height":"226","dx":"0","dy":"0","geometry":[{"type":"path","fill":"#9A9996","stroke":"none","path":"M0,173.5v13C0,200.2,29.6,226,115.6,226c63.7,0,109.1-20.9,109.1-39.1v-10.4c-1.3,18-47.1,38.1-109,38.1C27.8,214.6-0.8,187.5,0,173.5z"},{"type":"ellipse","fill":"#F6F6F6","stroke":"#B4B4B4","stroke-width":0.9996,"stroke-miterlimit":10,"cx":112.5,"cy":174.4,"rx":112.1,"ry":39.9},{"type":"path","fill":"#DDDEDF","stroke":"none","path":"M21.5,174.1 21.5,51 73.6,21.6 129.5,70.6 129.5,193.8 z"},{"type":"path","fill":"#B68E63","stroke":"none","path":"M27,175 27,133.9 120.8,150.9 120.8,192 z"},{"type":"path","fill":"#745B40","stroke":"none","path":"M27,133.2 27,119.7 120.8,136.7 120.8,150.2 z"},{"type":"path","fill":"#C7C7C8","stroke":"none","path":"M189.7,170.5 129.5,193.8 129.5,70.6 189.7,48.8 z"},{"type":"path","fill":"#A9C2E1","stroke":"none","path":"M62.6,171.7 62.6,144.7 33.7,139.5 33.7,166.5 z"},{"type":"path","fill":"#A9C2E1","stroke":"none","path":"M81.8,184.9 81.6,148.3 65.8,145.4 65.9,182 z"},{"type":"path","fill":"#B68E63","stroke":"none","path":"M136.6,191.3 136.6,150.2 184.9,131.2 184.9,172.3 z"},{"type":"path","fill":"#A9C2E1","stroke":"none","path":"M113.8,181.2 113.8,154.3 84.9,149 84.9,176 z"},{"type":"path","fill":"#87888A","stroke":"none","path":"M116.9,213.8l107.2-39.4c0,0,1.7,14-26.5,25.3C159,215.2,116.9,213.8,116.9,213.8z"},{"type":"path","fill":"#C7C7C8","stroke":"#FCFBFA","stroke-width":0.091495,"stroke-miterlimit":10,"path":"M207.7,168.7c4.9,0,8.8,1.4,8.8,3.1s-4,3.1-8.8,3.1c-4.9,0-8.8-1.4-8.8-3.1C198.8,170.1,202.8,168.7,207.7,168.7z"},{"type":"ellipse","fill":"#61AB30","stroke":"none","cx":214,"cy":146,"rx":7.5,"ry":5.2},{"type":"ellipse","fill":"#61AB30","stroke":"none","transform":"t303.8712,-85.3681r78.8957,0,0","cx":203.8,"cy":142,"rx":5.8,"ry":7.5},{"type":"ellipse","fill":"#E0DA04","stroke":"none","cx":206.5,"cy":135.9,"rx":7.9,"ry":6.2},{"type":"ellipse","fill":"#B0BD55","stroke":"none","cx":211.8,"cy":140.7,"rx":8,"ry":6},{"type":"ellipse","fill":"#B0BD55","stroke":"none","cx":211.8,"cy":149.1,"rx":3.3,"ry":2.5},{"type":"path","fill":"#A08876","stroke":"none","path":"M205.7,145.9L205.7,145.9L205.7,145.9L205.7,145.9L205.7,145.9c0-0.4,0.7-0.6,1.7-0.6c0.9,0,1.7,0.2,1.7,0.6l0,0l0.8,25.1c0,0.5-1.1,0.8-2.4,0.8s-2.4-0.4-2.4-0.8L205.7,145.9z"},{"type":"path","fill":"#A08876","stroke":"none","path":"M214.8,144.4L214.8,144.4L214.8,144.4L214.8,144.4L214.8,144.4c0.1-0.1,0.5,0.1,0.8,0.4c0.4,0.4,0.5,0.7,0.4,0.8l0,0l-7.1,7.5c-0.2,0.1-0.7-0.1-1.2-0.6s-0.7-1.1-0.6-1.2L214.8,144.4z"},{"type":"path","fill":"#C9D005","stroke":"none","path":"M201.3,142.5c0-3.7,3.4-6.6,7.7-6.6c4.3,0,7.7,3,7.7,6.6c0,3.7-3.4,6.6-7.7,6.6C204.8,149.1,201.3,146.2,201.3,142.5z"},{"type":"text","fill":"#ECEDED","stroke":"none","transform":"m1,0.1763,0,1,38.7648,","font-family":"Lobster1.4","font-size":10.8997,"text-anchor":"start","text":"Hôtel Restaurant"},{"type":"path","fill":"#B68E63","stroke":"none","path":"M100,187.1 99.9,150.5 98.6,150.2 98.8,186.9 z"},{"type":"path","fill":"#A9C2E1","stroke":"none","path":"M181,164.1 181,137.2 140.5,152.6 140.5,179.6 z"},{"type":"path","fill":"#B68E63","stroke":"none","path":"M154.7,177 154.5,146.3 153.3,146 153.4,176.8 z"},{"type":"path","fill":"#B68E63","stroke":"none","path":"M169.7,169.1 169.5,140.9 168.4,140.7 168.5,170.9 z"},{"type":"path","fill":"#B68E63","stroke":"none","path":"M48.8,175.5 48.7,138.9 47.4,138.7 47.6,175.3 z"},{"type":"path","fill":"#EBEDEE","stroke":"none","path":"M71.4,153.8 83.3,143.3 121.1,150.2 110.4,160.1 z"},{"type":"path","fill":"#DDDEDF","stroke":"none","path":"M110.3,160.1 112.5,158.2 120.6,155.2 120.6,156.4 \tz"},{"type":"path","fill":"#EBEDEE","stroke":"none","path":"M14.5,143.3 27,133.9 64.8,140.8 54,150.7 z"},{"type":"path","fill":"#DDDEDF","stroke":"none","path":"M54,150.7 56.2,148.7 65.3,145.4 65.3,146.5 \tz"},{"type":"path","fill":"#B68E63","stroke":"none","path":"M67.1,167.3 67.1,160.5 67.7,160.7 67.7,167.4 z"},{"type":"path","fill":"#C7C7C8","stroke":"#FCFBFA","stroke-width":0.091495,"stroke-miterlimit":10,"path":"M166.7,183.3c4.9,0,8.8,1.4,8.8,3.1s-4,3.1-8.8,3.1c-4.9,0-8.8-1.4-8.8-3.1C157.8,184.7,161.8,183.3,166.7,183.3z"},{"type":"path","fill":"#61AB30","stroke":"none","path":"M172,155.4c3.6,0,6.5,2.7,6.5,6s-2.9,6-6.5,6c-3.6,0-6.5-2.7-6.5-6C165.6,158.1,168.4,155.4,172,155.4z"},{"type":"ellipse","fill":"#61AB30","stroke":"none","transform":"t290.8332,-27.5088r79.6654,0,0","cx":161.9,"cy":160.6,"rx":5.8,"ry":7.5},{"type":"ellipse","fill":"#E0DA04","stroke":"none","transform":"t383.6855,108.155r124.4386,0,0","cx":163.4,"cy":155.1,"rx":6.2,"ry":6.7},{"type":"ellipse","fill":"#B0BD55","stroke":"none","cx":169.6,"cy":152.1,"rx":7.3,"ry":6.9},{"type":"ellipse","fill":"#B0BD55","stroke":"none","cx":170.8,"cy":163.7,"rx":3.3,"ry":2.5},{"type":"path","fill":"#A08876","stroke":"none","path":"M164.7,160.5L164.7,160.5L164.7,160.5L164.7,160.5L164.7,160.5c0-0.4,0.7-0.6,1.7-0.6s1.7,0.2,1.7,0.6l0,0l0.8,25.1c0,0.5-1.1,0.8-2.4,0.8s-2.4-0.4-2.4-0.8L164.7,160.5z"},{"type":"path","fill":"#A08876","stroke":"none","path":"M173.8,159L173.8,159L173.8,159L173.8,159L173.8,159c0.1-0.1,0.5,0.1,0.8,0.4c0.4,0.4,0.5,0.7,0.4,0.8l0,0l-7.1,7.5c-0.2,0.1-0.7-0.1-1.2-0.6s-0.7-1.1-0.6-1.2L173.8,159z"},{"type":"path","fill":"#C9D005","stroke":"none","path":"M163.6,156.1c0-3.7,3.1-6.6,6.9-6.6s6.9,3,6.9,6.6c0,3.7-3.1,6.6-6.9,6.6S163.6,159.8,163.6,156.1z"},{"type":"path","fill":"#C7C7C8","stroke":"#FCFBFA","stroke-width":0.091495,"stroke-miterlimit":10,"path":"M123.9,199c4.9,0,8.8,1.4,8.8,3.1s-4,3.1-8.8,3.1c-4.9,0-8.8-1.4-8.8-3.1C115,200.4,119,199,123.9,199z"},{"type":"ellipse","fill":"#61AB30","stroke":"none","cx":130.2,"cy":176.3,"rx":7.5,"ry":5.2},{"type":"ellipse","fill":"#61AB30","stroke":"none","transform":"t290.8361,55.716r89.1227,0,0","cx":117.1,"cy":175.5,"rx":5.8,"ry":9.6},{"type":"ellipse","fill":"#E0DA04","stroke":"none","cx":119.5,"cy":167.5,"rx":7.9,"ry":6.2},{"type":"ellipse","fill":"#B0BD55","stroke":"none","cx":127.6,"cy":168.6,"rx":8,"ry":6},{"type":"ellipse","fill":"#B0BD55","stroke":"none","cx":128,"cy":179.4,"rx":3.3,"ry":2.5},{"type":"path","fill":"#A08876","stroke":"none","path":"M121.9,176.2L121.9,176.2L121.9,176.2L121.9,176.2L121.9,176.2c0-0.4,0.7-0.6,1.7-0.6c0.9,0,1.7,0.2,1.7,0.6l0,0l0.8,25.1c0,0.5-1.1,0.8-2.4,0.8c-1.3,0-2.4-0.4-2.4-0.8L121.9,176.2z"},{"type":"path","fill":"#A08876","stroke":"none","path":"M131,174.7L131,174.7L131,174.7L131,174.7L131,174.7c0.1-0.1,0.5,0.1,0.8,0.4c0.4,0.4,0.5,0.7,0.4,0.8l0,0l-7.1,7.5c-0.2,0.1-0.7-0.1-1.2-0.6s-0.7-1.1-0.6-1.2L131,174.7z"},{"type":"path","fill":"#C9D005","stroke":"none","path":"M117.5,172.8c0-3.7,3.4-6.6,7.7-6.6c4.3,0,7.7,3,7.7,6.6c0,3.7-3.4,6.6-7.7,6.6C121,179.4,117.5,176.5,117.5,172.8z"},{"type":"path","fill":"#A28975","stroke":"none","path":"M133.5,2.5 73.6,21.6 129.5,70.6 189.7,48.8 z"},{"type":"path","fill":"#E5D4C3","stroke":"none","path":"M115,45.6 115,39.6 126.2,41.6 126.2,54.6 z"},{"type":"path","fill":"#796956","stroke":"none","path":"M115,39.6 121.7,37.4 132.4,39.3 126.2,41.6 z"},{"type":"path","fill":"#A48A77","stroke":"none","path":"M132.4,52.2 126.2,54.6 126.2,41.6 132.4,39.3 z"},{"type":"path","fill":"#959EB3","stroke":"none","opacity":0.5,"path":"M126.7,41.4 124.3,32.1 126.1,27.5 127.9,20.9 125.1,16.3 125.3,12.4 126,7.3 124.9,3.1 122.5,2.5 119.2,6.9 117.7,13.5 118.6,20 117.5,23 119,27.8 121.9,31.8 122.5,34.7 122.3,40.9 126.2,41.6 z"},{"type":"path","fill":"#AAC1E0","stroke":"none","path":"M44.1,115.9 44.1,92 31.1,89.8 31.1,113.6 z"},{"type":"path","fill":"#AAC1E0","stroke":"none","path":"M69.9,120.5 69.9,96.6 56.7,94.4 56.7,118.3 z"},{"type":"path","fill":"#AAC1E0","stroke":"none","path":"M86.2,123.4 86.2,99.5 73.1,97.3 73.1,121.2 z"},{"type":"path","fill":"#796956","stroke":"none","path":"M20.3,106 26.9,103.2 26.9,112.7 20.3,115.5 z"},{"type":"path","fill":"#9C9E9E","stroke":"none","path":"M20.3,115.6 26.9,112.8 121.6,129.9 115.1,132.8 z"},{"type":"path","fill":"#796956","stroke":"none","path":"M92.1,124.7 85.5,127.7 85.5,118 92.1,115.2 z"},{"type":"path","fill":"#796956","stroke":"none","path":"M53.1,117.5 46.6,120.4 46.6,110.7 53.1,108 z"},{"type":"path","fill":"#A38979","stroke":"none","path":"M80.6,117.1 78.7,116.7 78.7,126.4 80.6,126.8 \tz"},{"type":"path","fill":"#A38979","stroke":"none","path":"M73.7,125.6 75.7,125.9 75.7,116.2 73.7,115.9 \tz"},{"type":"path","fill":"#A38979","stroke":"none","path":"M78.2,116.6 76.2,116.2 76.2,125.9 78.2,126.3 \tz"},{"type":"path","fill":"#A38979","stroke":"none","path":"M73.2,115.8 71.5,115.5 71.5,125.2 73.2,125.5 \tz"},{"type":"path","fill":"#A38979","stroke":"none","path":"M83.1,117.6 81.1,117.2 81.1,126.9 83.1,127.2 \tz"},{"type":"path","fill":"#A38979","stroke":"none","path":"M83.6,117.7 83.6,127.3 85.5,127.7 85.5,118 \tz"},{"type":"path","fill":"#A38979","stroke":"none","path":"M37,109 34.9,108.8 34.9,118.5 37,118.7 \tz"},{"type":"path","fill":"#A38979","stroke":"none","path":"M30,117.5 32.1,117.9 32.1,108.2 30,107.8 \tz"},{"type":"path","fill":"#A38979","stroke":"none","path":"M34.5,108.7 32.5,108.3 32.5,118 34.5,118.4 \tz"},{"type":"path","fill":"#A38979","stroke":"none","path":"M25,116.5 27.1,116.9 27.1,107.2 25,106.8 \tz"},{"type":"path","fill":"#A38979","stroke":"none","path":"M29.5,107.7 27.5,107.3 27.5,117 29.5,117.4 \tz"},{"type":"path","fill":"#A38979","stroke":"none","path":"M20.1,115.7 22.2,116.1 22.2,106.4 20.1,106 \tz"},{"type":"path","fill":"#A38979","stroke":"none","path":"M24.6,106.9 22.6,106.5 22.6,116.2 24.6,116.6 \tz"},{"type":"path","fill":"#A38979","stroke":"none","path":"M39.5,109.5 37.4,109.1 37.4,118.8 39.5,119.2 \tz"},{"type":"path","fill":"#A38979","stroke":"none","path":"M39.9,109.6 39.9,119.3 41.9,119.7 41.9,110 \tz"},{"type":"path","fill":"#A38979","stroke":"none","path":"M66.1,114.4 64.2,114 64.2,123.7 66.1,124.1 \tz"},{"type":"path","fill":"#A38979","stroke":"none","path":"M59.1,122.9 61.2,123.3 61.2,113.6 59.1,113.2 \tz"},{"type":"path","fill":"#A38979","stroke":"none","path":"M63.7,113.9 61.7,113.6 61.7,123.4 63.7,123.6 \tz"},{"type":"path","fill":"#A38979","stroke":"none","path":"M58.7,113.1 57,112.8 57,122.5 58.7,122.8 \tz"},{"type":"path","fill":"#A38979","stroke":"none","path":"M68.6,114.9 66.6,114.5 66.6,124.2 68.6,124.6 \tz"},{"type":"path","fill":"#A38979","stroke":"none","path":"M69.1,115 69.1,124.7 71,125 71,115.3 \tz"},{"type":"path","fill":"#AAC1E0","stroke":"none","path":"M110.8,127.7 110.8,103.8 97.6,101.6 97.6,125.5 z"},{"type":"path","fill":"#796956","stroke":"none","path":"M121.6,130.1 115.1,133 115.1,123.3 121.6,120.6 z"},{"type":"path","fill":"#A38979","stroke":"none","path":"M110.1,122.5 108.2,122 108.2,131.8 110.1,132.2 \tz"},{"type":"path","fill":"#A38979","stroke":"none","path":"M103.2,130.9 105.2,131.2 105.2,121.5 103.2,121.2 \tz"},{"type":"path","fill":"#A38979","stroke":"none","path":"M107.7,122 105.7,121.6 105.7,131.3 107.7,131.7 \tz"},{"type":"path","fill":"#A38979","stroke":"none","path":"M102.7,121.1 101,120.8 101,130.5 102.7,130.8 \tz"},{"type":"path","fill":"#A38979","stroke":"none","path":"M112.7,122.9 110.6,122.5 110.6,132.2 112.7,132.5 \tz"},{"type":"path","fill":"#A38979","stroke":"none","path":"M113.1,123 113.1,132.6 115.1,133 115.1,123.3 \tz"},{"type":"path","fill":"#A38979","stroke":"none","path":"M95.6,119.8 93.7,119.4 93.7,129.1 95.6,129.5 \tz"},{"type":"path","fill":"#A38979","stroke":"none","path":"M88.7,128.2 90.7,128.6 90.7,118.9 88.7,118.5 \tz"},{"type":"path","fill":"#A38979","stroke":"none","path":"M93.2,119.3 91.2,119 91.2,128.7 93.2,129 \tz"},{"type":"path","fill":"#A38979","stroke":"none","path":"M88.2,118.4 86.5,118.1 86.5,127.8 88.2,128.1 \tz"},{"type":"path","fill":"#A38979","stroke":"none","path":"M98.2,120.2 96.1,119.8 96.1,129.5 98.2,129.9 \tz"},{"type":"path","fill":"#A38979","stroke":"none","path":"M98.6,120.3 98.6,130 100.6,130.3 100.6,120.6 \tz"},{"type":"path","fill":"#A38979","stroke":"none","path":"M51.5,111.7 49.4,111.3 49.4,121 51.5,121.4 \tz"},{"type":"path","fill":"#A38979","stroke":"none","path":"M44.5,120.2 46.5,120.6 46.5,110.9 44.5,110.5 \tz"},{"type":"path","fill":"#A38979","stroke":"none","path":"M49,111.3 46.9,111 46.9,120.7 49,121 \tz"},{"type":"path","fill":"#A38979","stroke":"none","path":"M44.1,110.4 42.2,110.1 42.2,119.8 44.1,120.1 \tz"},{"type":"path","fill":"#A38979","stroke":"none","path":"M54,112.2 51.9,111.8 51.9,121.5 54,121.9 \tz"},{"type":"path","fill":"#A38979","stroke":"none","path":"M54.5,112.3 54.5,122 56.4,122.3 56.4,112.6 \tz"},{"type":"path","fill":"#AAC1E0","stroke":"none","path":"M49.7,86.9 49.7,63 36.5,60.8 36.5,84.7 z"},{"type":"path","fill":"#AAC1E0","stroke":"none","path":"M77.6,91.9 77.6,68 64.4,65.7 64.4,89.6 z"},{"type":"path","fill":"#796956","stroke":"none","path":"M20.3,77.5 26.9,74.7 26.9,84.2 20.3,87 z"},{"type":"path","fill":"#9C9E9E","stroke":"none","path":"M20.3,87.1 26.9,84.3 121.6,101.4 115.1,104.3 z"},{"type":"path","fill":"#796956","stroke":"none","path":"M92.1,96.2 85.5,99.2 85.5,89.5 92.1,86.7 z"},{"type":"path","fill":"#796956","stroke":"none","path":"M53.1,89 46.6,91.9 46.6,82.2 53.1,79.5 z"},{"type":"path","fill":"#A38979","stroke":"none","path":"M80.6,88.6 78.7,88.2 78.7,97.9 80.6,98.3 \tz"},{"type":"path","fill":"#A38979","stroke":"none","path":"M73.7,97.1 75.7,97.4 75.7,87.7 73.7,87.4 \tz"},{"type":"path","fill":"#A38979","stroke":"none","path":"M78.2,88.1 76.2,87.7 76.2,97.4 78.2,97.8 \tz"},{"type":"path","fill":"#A38979","stroke":"none","path":"M73.2,87.3 71.5,87 71.5,96.7 73.2,97 \tz"},{"type":"path","fill":"#A38979","stroke":"none","path":"M83.1,89.1 81.1,88.7 81.1,98.4 83.1,98.7 \tz"},{"type":"path","fill":"#A38979","stroke":"none","path":"M83.6,89.2 83.6,98.8 85.5,99.2 85.5,89.5 \tz"},{"type":"path","fill":"#A38979","stroke":"none","path":"M37,80.5 34.9,80.3 34.9,90 37,90.2 \tz"},{"type":"path","fill":"#A38979","stroke":"none","path":"M30,89 32.1,89.4 32.1,79.7 30,79.3 \tz"},{"type":"path","fill":"#A38979","stroke":"none","path":"M34.5,80.2 32.5,79.8 32.5,89.5 34.5,89.9 \tz"},{"type":"path","fill":"#A38979","stroke":"none","path":"M25,88 27.1,88.4 27.1,78.7 25,78.3 \tz"},{"type":"path","fill":"#A38979","stroke":"none","path":"M29.5,79.2 27.5,78.8 27.5,88.5 29.5,88.9 \tz"},{"type":"path","fill":"#A38979","stroke":"none","path":"M20.1,87.2 22.2,87.6 22.2,77.9 20.1,77.5 \tz"},{"type":"path","fill":"#A38979","stroke":"none","path":"M24.6,78.4 22.6,78 22.6,87.7 24.6,88.1 \tz"},{"type":"path","fill":"#A38979","stroke":"none","path":"M39.5,81 37.4,80.6 37.4,90.3 39.5,90.7 \tz"},{"type":"path","fill":"#A38979","stroke":"none","path":"M39.9,81.1 39.9,90.8 41.9,91.2 41.9,81.5 \tz"},{"type":"path","fill":"#A38979","stroke":"none","path":"M66.1,85.9 64.2,85.5 64.2,95.2 66.1,95.6 \tz"},{"type":"path","fill":"#A38979","stroke":"none","path":"M59.1,94.4 61.2,94.8 61.2,85.1 59.1,84.7 \tz"},{"type":"path","fill":"#A38979","stroke":"none","path":"M63.7,85.4 61.7,85.1 61.7,94.9 63.7,95.1 \tz"},{"type":"path","fill":"#A38979","stroke":"none","path":"M58.7,84.6 57,84.3 57,94 58.7,94.3 \tz"},{"type":"path","fill":"#A38979","stroke":"none","path":"M68.6,86.4 66.6,86 66.6,95.7 68.6,96.1 \tz"},{"type":"path","fill":"#A38979","stroke":"none","path":"M69.1,86.5 69.1,96.2 71,96.5 71,86.8 \tz"},{"type":"path","fill":"#AAC1E0","stroke":"none","path":"M110.8,97.7 110.8,73.8 97.6,71.6 97.6,95.5 z"},{"type":"path","fill":"#AAC1E0","stroke":"none","path":"M148.8,94.7 148.8,70.8 135.6,75.6 135.6,99.5 z"},{"type":"path","fill":"#AAC1E0","stroke":"none","path":"M167.3,88.8 167.3,65 154.1,69.7 154.1,93.6 z"},{"type":"path","fill":"#AAC1E0","stroke":"none","path":"M185.8,83 185.8,59.1 172.6,63.9 172.6,87.7 z"},{"type":"path","fill":"#AAC1E0","stroke":"none","path":"M148.8,122.7 148.8,98.8 135.6,103.6 135.6,127.5 z"},{"type":"path","fill":"#AAC1E0","stroke":"none","path":"M167.3,116.9 167.3,93 154.1,97.7 154.1,121.6 z"},{"type":"path","fill":"#AAC1E0","stroke":"none","path":"M185.8,111 185.8,87.1 172.6,91.9 172.6,115.8 z"},{"type":"path","fill":"#796956","stroke":"none","path":"M121.6,101.6 115.1,104.5 115.1,94.8 121.6,92.1 z"},{"type":"path","fill":"#A38979","stroke":"none","path":"M110.1,94 108.2,93.5 108.2,103.3 110.1,103.7 \tz"},{"type":"path","fill":"#A38979","stroke":"none","path":"M103.2,102.4 105.2,102.7 105.2,93 103.2,92.7 \tz"},{"type":"path","fill":"#A38979","stroke":"none","path":"M107.7,93.5 105.7,93.1 105.7,102.8 107.7,103.2 \tz"},{"type":"path","fill":"#A38979","stroke":"none","path":"M102.7,92.6 101,92.3 101,102 102.7,102.3 \tz"},{"type":"path","fill":"#A38979","stroke":"none","path":"M112.7,94.4 110.6,94 110.6,103.7 112.7,104 \tz"},{"type":"path","fill":"#A38979","stroke":"none","path":"M113.1,94.5 113.1,104.1 115.1,104.5 115.1,94.8 \tz"},{"type":"path","fill":"#A38979","stroke":"none","path":"M95.6,91.3 93.7,90.9 93.7,100.6 95.6,101 \tz"},{"type":"path","fill":"#A38979","stroke":"none","path":"M88.7,99.7 90.7,100.1 90.7,90.4 88.7,90 \tz"},{"type":"path","fill":"#A38979","stroke":"none","path":"M93.2,90.8 91.2,90.5 91.2,100.2 93.2,100.5 \tz"},{"type":"path","fill":"#A38979","stroke":"none","path":"M88.2,89.9 86.5,89.6 86.5,99.3 88.2,99.6 \tz"},{"type":"path","fill":"#A38979","stroke":"none","path":"M98.2,91.7 96.1,91.3 96.1,101 98.2,101.4 \tz"},{"type":"path","fill":"#A38979","stroke":"none","path":"M98.6,91.8 98.6,101.5 100.6,101.8 100.6,92.1 \tz"},{"type":"path","fill":"#A38979","stroke":"none","path":"M51.5,83.2 49.4,82.8 49.4,92.5 51.5,92.9 \tz"},{"type":"path","fill":"#A38979","stroke":"none","path":"M44.5,91.7 46.5,92.1 46.5,82.4 44.5,82 \tz"},{"type":"path","fill":"#A38979","stroke":"none","path":"M49,82.8 46.9,82.5 46.9,92.2 49,92.5 \tz"},{"type":"path","fill":"#A38979","stroke":"none","path":"M44.1,81.9 42.2,81.6 42.2,91.3 44.1,91.6 \tz"},{"type":"path","fill":"#A38979","stroke":"none","path":"M54,83.7 51.9,83.3 51.9,93 54,93.4 \tz"},{"type":"path","fill":"#A38979","stroke":"none","path":"M54.5,83.8 54.5,93.5 56.4,93.8 56.4,84.1 \tz"}]}