{"width":"229.9","height":"151.2","dx":"0","dy":"0","geometry":[{"type":"path","fill":"#E3D3C3","stroke":"none","path":"M112.4,139.8c-61.6,0-111.8-17.9-111.8-39.9S50.8,60,112.4,60c61.6,0,111.8,17.9,111.8,39.9S174.1,139.8,112.4,139.8z"},{"type":"path","fill":"#989797","stroke":"none","path":"M224.1,101.7c-2.5,21.2-51.7,38.1-111.7,38.1c-61.6,0-111.8-17.9-111.8-39.9c0-0.4,0-0.8,0.1-1.2H0.3L0,111.1c0,22.2,51.1,40.2,112.9,40.2s111.8-18,111.8-40.2v-9.4H224.1z"},{"type":"ellipse","fill":"none","stroke":"#B3B3B3","stroke-width":0.9996,"stroke-miterlimit":10,"cx":112.5,"cy":99.6,"rx":112.1,"ry":39.9},{"type":"path","fill":"#6F7072","stroke":"none","path":"M204.2,114.4"},{"type":"path","fill":"#CBBB9D","stroke":"none","path":"M95.5,118.8 130.3,106.1 53.9,92.7 19.4,105.3 z"},{"type":"path","fill":"#B1B3B4","stroke":"none","path":"M95.5,118.8 19.4,105.3 19.4,109 95.5,122.5 z"},{"type":"path","fill":"#888989","stroke":"none","path":"M95.5,122.1 95.5,118.4 130.3,105.7 130.4,109.5 z"},{"type":"path","fill":"#ECE0C2","stroke":"none","path":"M26.1,103.9 32.3,101.7 26.6,100.7 26.6,100.7 20.5,102.9 z"},{"type":"path","fill":"#AB9066","stroke":"none","path":"M26.1,103.9 20.5,102.9 20.5,105.1 26.1,106.1 z"},{"type":"path","fill":"#A89D85","stroke":"none","path":"M26.1,106.1 26.1,103.9 32.3,101.7 32.3,103.8 z"},{"type":"path","fill":"#ECE0C2","stroke":"none","path":"M31.8,105.1 38,102.8 32.3,101.8 32.3,101.8 26.3,104.1 z"},{"type":"path","fill":"#AB9066","stroke":"none","path":"M31.8,105.1 26.3,104.1 26.3,106.2 31.8,107.2 z"},{"type":"path","fill":"#A89D85","stroke":"none","path":"M31.8,107.2 31.8,105.1 38,102.8 38,105 z"},{"type":"path","fill":"#ECE0C2","stroke":"none","path":"M37.7,106.1 43.9,103.9 38.2,102.9 38.2,102.9 32.1,105.1 z"},{"type":"path","fill":"#AB9066","stroke":"none","path":"M37.7,106.1 32.1,105.1 32.1,107.3 37.7,108.3 z"},{"type":"path","fill":"#A89D85","stroke":"none","path":"M37.7,108.3 37.7,106.1 43.9,103.9 43.9,106 z"},{"type":"path","fill":"#ECE0C2","stroke":"none","path":"M43.6,107.3 49.8,105 44.1,104 44.1,104 38,106.2 z"},{"type":"path","fill":"#AB9066","stroke":"none","path":"M43.6,107.3 38,106.2 38,108.4 43.6,109.4 z"},{"type":"path","fill":"#A89D85","stroke":"none","path":"M43.6,109.4 43.6,107.3 49.8,105 49.8,107.1 z"},{"type":"path","fill":"#ECE0C2","stroke":"none","path":"M49.4,108.4 55.6,106.1 49.9,105.1 50,105.1 43.9,107.4 z"},{"type":"path","fill":"#AB9066","stroke":"none","path":"M49.4,108.4 43.9,107.4 43.9,109.5 49.4,110.5 z"},{"type":"path","fill":"#826E4E","stroke":"none","path":"M49.4,110.5 49.4,108.4 55.6,106.1 55.6,108.3 z"},{"type":"path","fill":"#ECE0C2","stroke":"none","path":"M55.2,94.1 61.4,91.8 55.7,90.8 55.7,90.9 49.7,93.1 z"},{"type":"path","fill":"#CBBB9D","stroke":"none","path":"M55.2,94.1 49.7,93.1 49.7,95.2 55.2,96.2 z"},{"type":"path","fill":"#A89D85","stroke":"none","path":"M55.2,96.2 55.2,94.1 61.4,91.8 61.4,94 z"},{"type":"path","fill":"#AB9066","stroke":"none","path":"M60.9,95.2 55.4,94.2 55.4,96.4 60.9,97.4 z"},{"type":"path","fill":"#A89D85","stroke":"none","path":"M60.9,97.4 60.9,95.2 67.1,93 67.1,95.1 z"},{"type":"path","fill":"#ECE0C2","stroke":"none","path":"M66.8,96.3 73,94 67.3,93 67.3,93 61.3,95.3 z"},{"type":"path","fill":"#AB9066","stroke":"none","path":"M66.8,96.3 61.3,95.3 61.3,97.4 66.8,98.4 z"},{"type":"path","fill":"#A89D85","stroke":"none","path":"M66.8,98.4 66.8,96.3 73,94 73,96.2 z"},{"type":"path","fill":"#ECE0C2","stroke":"none","path":"M72.7,97.4 78.9,95.2 73.2,94.1 73.2,94.2 67.1,96.4 z"},{"type":"path","fill":"#AB9066","stroke":"none","path":"M72.7,97.4 67.1,96.4 67.1,98.5 72.7,99.6 z"},{"type":"path","fill":"#ECE0C2","stroke":"none","path":"M78.6,98.5 84.8,96.3 79.1,95.3 79.1,95.3 73,97.5 z"},{"type":"path","fill":"#AB9066","stroke":"none","path":"M78.6,98.5 73,97.5 73,99.7 78.6,100.7 z"},{"type":"path","fill":"#826E4E","stroke":"none","path":"M78.6,100.7 78.6,98.5 84.8,96.3 84.8,98.4 z"},{"type":"path","fill":"#6F7072","stroke":"none","path":"M292.8,130.6"},{"type":"path","fill":"#826E4E","stroke":"none","path":"M82.9,63.8c1,0.2,1.2-1,2.4-0.7c1.1,0.3,2.3,0.7,4,1.7c1.8,0.9,4.2-0.6,4.6,1.2c0.4,1.8,0.9,0.1,0.1,1.3c-0.8,1.2-0.7,1.7-1.8,2c-1,0.3-0.9,1.2-2.9,0.6s-5.5,3.3-5.8,2.7C83.3,71.8,82.9,63.8,82.9,63.8z"},{"type":"path","fill":"#EBD958","stroke":"none","path":"M34.1,74.8 64.1,63.8 64.1,62.2 61.3,56.4 34.1,66.2 z"},{"type":"path","fill":"#58585A","stroke":"none","path":"M87.2,68 79.1,66.6 50.5,75.5 50.4,79.3 54.1,80 z"},{"type":"path","fill":"#58585A","stroke":"none","path":"M54.1,85.1 49.9,84.4 49.9,79.2 54.1,80 z"},{"type":"path","fill":"#EBEBED","stroke":"none","path":"M19.5,66.2 15.8,79.3 15.7,87.7 36.5,91.5 36.6,83.1 40.3,70 z"},{"type":"ellipse","fill":"#CECE8E","stroke":"none","transform":"t35.0169,170.0569r182.1832,0,0","cx":19.1,"cy":84.7,"rx":1,"ry":1.9},{"type":"ellipse","fill":"#CECE8E","stroke":"none","transform":"t63.5966,175.7186r182.1832,0,0","cx":33.5,"cy":87.3,"rx":1,"ry":1.9},{"type":"path","fill":"#88888A","stroke":"none","path":"M54.1,85.1 87.2,73.1 87.2,68 54.1,80 z"},{"type":"path","fill":"#58585A","stroke":"none","path":"M77.1,80.2c-0.8,0-1.4-1.8-1.4-4c0-2.2,0.7-3.8,1.5-3.8l2.1,0.4v7.9L77.1,80.2z"},{"type":"path","fill":"#88888A","stroke":"none","path":"M77.9,76.6c0-2.2,0.6-3.9,1.3-3.9s1.5,1.7,1.5,3.9c0,2.2-0.6,4.1-1.4,4.1C78.5,80.7,77.9,78.8,77.9,76.6z"},{"type":"path","fill":"#A9C2E1","stroke":"none","path":"M18.8,78.5 21.4,68.9 37.2,71.7 34.5,81.4 z"},{"type":"path","fill":"#6F7072","stroke":"none","opacity":0.2,"path":"M22.6,69.1 37.2,71.7 34.5,80.9 z"},{"type":"path","fill":"#B1B3B4","stroke":"none","path":"M20.9,83.7 20.9,86.5 31.5,88.4 31.5,85.6 z"},{"type":"path","fill":"#A4955E","stroke":"none","path":"M64.1,63.8 69.4,64.7 54.9,70 51.2,69.3 51.2,68.6 z"},{"type":"path","fill":"#AB9066","stroke":"none","path":"M45.9,66.3c0.4-0.7,0.5-1.8,2.3-2.2s2.8,0.1,4.7-0.5c1.9-0.6,2.7-0.8,3.5-1.6s2.1-1.5,3.5-1.7c1.4-0.2,0.8-0.2,3.7-0.2c2.9,0,1.7-0.9,4.3,0.2c2.7,1.1,1.2,1.1,3.6,1.6c2.4,0.4,2.1-0.1,3.3,0.4c1.2,0.5,1.8,0.2,2,1.7c0.2,1.4,4.4,2.2-1.7,3.6c-6.1,1.4-6.4,1.7-9.9,3.3c-3.5,1.5-2.3,3.2-7.4,3.1c-5.1-0.1-4.2,1-6-0.5C50.1,71.8,45.9,66.3,45.9,66.3z"},{"type":"path","fill":"#826E4E","stroke":"none","path":"M65.8,60c-0.6,0.5,2.2,1.4,2.2,1.9s-0.7,0.2-1.3,1.1s0,0.8-1.1,2c-1.1,1.1-0.8,1.2-2.5,1.8c-1.7,0.5-2.4,0.4-4.3,1.8c-2,1.4-2.7,2-3.3,2.8c-0.6,0.8-3,2-0.7,2.1c2.3,0.1,11.4-1.1,15.3-2.7c3.9-1.6,7.2-3.5,7.3-5.1c0-1.7-0.4-3.1-1.4-3.4c-1-0.3-2.4-0.2-3.3-0.6c-0.9-0.4-1.8-0.7-2.9-1.2C68.4,59.7,66.2,59.7,65.8,60z"},{"type":"path","fill":"#EBD958","stroke":"none","path":"M54.9,78.6 84.9,67.6 84.9,66 82.1,60.1 54.9,70 z"},{"type":"path","fill":"#DAB722","stroke":"none","path":"M54.9,78.5 51.2,77.9 51.2,69.3 54.9,70 z"},{"type":"path","fill":"#9C9E9F","stroke":"none","path":"M51.2,66 40.3,70 36.6,83.1 36.5,91.5 51.2,86.1 z"},{"type":"path","fill":"#58585A","stroke":"none","path":"M46.4,91.1c-0.8,0-1.4-1.8-1.4-4c0-2.2,0.7-3.8,1.5-3.8l2.1,0.4v7.9L46.4,91.1z"},{"type":"path","fill":"#88888A","stroke":"none","path":"M47.1,87.5c0-2.2,0.6-3.8,1.4-3.8s1.4,1.6,1.4,3.8s-0.5,4.1-1.3,4.1C47.8,91.6,47.1,89.7,47.1,87.5z"},{"type":"path","fill":"#A9C2E1","stroke":"none","path":"M38.5,81.9 43.9,79.9 44,71.9 40.9,73 z"},{"type":"path","fill":"#A9C2E1","stroke":"none","path":"M44.8,71.6 44.8,79.6 48.6,78.2 48.6,70.2 z"},{"type":"path","fill":"#F6F5F6","stroke":"none","path":"M30.4,62.2 19.4,66.2 40.3,70 51.2,66 z"},{"type":"path","fill":"#6F7072","stroke":"none","opacity":0.2,"path":"M40.3,70 51.2,66 30.4,62.2 z"},{"type":"path","fill":"#ECE0C2","stroke":"none","path":"M40.4,103.9 47.7,101.3 41,100.1 41,100.1 33.9,102.7 z"},{"type":"path","fill":"#AB9066","stroke":"none","path":"M40.4,103.9 33.9,102.7 33.9,105.2 40.4,106.4 z"},{"type":"path","fill":"#A89D85","stroke":"none","path":"M40.4,106.4 40.4,103.9 47.7,101.3 47.7,103.8 z"},{"type":"path","fill":"#ECE0C2","stroke":"none","path":"M47.3,105.2 54.6,102.5 47.9,101.3 47.9,101.4 40.8,104 z"},{"type":"path","fill":"#AB9066","stroke":"none","path":"M47.3,105.2 40.8,104 40.8,106.5 47.3,107.7 z"},{"type":"path","fill":"#826E4E","stroke":"none","path":"M47.3,107.7 47.3,105.2 54.6,102.5 54.6,105.1 z"},{"type":"path","fill":"#ECE0C2","stroke":"none","path":"M65.1,93.4 72.4,90.7 65.7,89.5 65.8,89.6 58.6,92.2 z"},{"type":"path","fill":"#AB9066","stroke":"none","path":"M65.1,93.4 58.6,92.2 58.6,94.7 65.1,95.9 z"},{"type":"path","fill":"#826E4E","stroke":"none","path":"M65.1,95.9 65.1,93.4 72.4,90.7 72.4,93.2 z"},{"type":"path","fill":"#ECE0C2","stroke":"none","path":"M49.1,96.3 55.3,94.1 49.6,93.1 49.6,93.1 43.6,95.3 z"},{"type":"path","fill":"#AB9066","stroke":"none","path":"M49.1,96.3 43.6,95.3 43.6,97.5 49.1,98.5 z"},{"type":"path","fill":"#826E4E","stroke":"none","path":"M49.1,98.5 49.1,96.3 55.3,94.1 55.3,96.2 z"},{"type":"path","fill":"#58585A","stroke":"none","path":"M131.1,101.7 142.3,117.8 141.5,118.1 131,102.8 z"},{"type":"path","fill":"#58585A","stroke":"none","path":"M141.4,117.2 138.7,118.3 139.1,119.2 142.3,117.8 z"},{"type":"path","fill":"#F6F5F6","stroke":"none","path":"M129.4,101.5 115.1,120.8 130.4,123.5 129.5,101.8 z"},{"type":"path","fill":"#DBDBDD","stroke":"none","path":"M129.4,101.5 130.4,123.5 140.2,125.2 z"},{"type":"path","fill":"#58585A","stroke":"none","path":"M129.7,117.2 122.8,112.5 122.4,112.8 129.4,117.6 z"},{"type":"path","fill":"#58585A","stroke":"none","path":"M121.4,119.6l2-5.7l1.1-1.8c0,0,0.1-0.1,0-0.4c-0.2-0.2-0.6-0.1-0.6-0.1l-0.9,1.2c0,0-0.3,0.2-0.5,0c-0.2-0.1,0-0.5,0-0.5l0.9-1.3c0,0,0.3-0.4,1.3-0.4c0.8,0,1.5,0.2,1.8,0.5c0.3,0.4,0.4,0.6,0.4,0.9c0,0.3,0.2,3.5,0.2,3.5s-0.1,0.3-0.3,0.3c-0.3,0-0.4-0.4-0.4-0.4l-0.2-1.7l-0.6,0.9l1.1,2.5l0.2,3.4c0,0-0.1,0.3-0.4,0.3c-0.2,0-0.5-0.4-0.5-0.4l-0.3-3.1l-1.3-1.7l-2.2,4.3c0,0-0.1,0.7-0.7,0.3C121.1,119.9,121.4,119.6,121.4,119.6z"},{"type":"path","fill":"#58585A","stroke":"none","path":"M129,118.2l1-1.6c0,0,1.5,1.3,0.9,2C130.4,119.3,129,118.2,129,118.2z"},{"type":"path","fill":"#58585A","stroke":"none","path":"M126.5,121.8c0,0,5.6-3.4,7.2-3.3c1.7,0.1,4.6,5.5,4.6,5.5L126.5,121.8z"},{"type":"path","fill":"#58585A","stroke":"none","path":"M128.2,110.4c0-0.6-0.5-1.1-1.1-1.1c-0.6-0.1-1,0.3-0.9,0.9c0,0.6,0.5,1.1,1.1,1.1C127.8,111.3,128.2,110.9,128.2,110.4z"},{"type":"path","fill":"none","stroke":"none","path":"M115.1,120.8 130.4,123.5 129.5,101.8 129.4,101.5 z"},{"type":"path","fill":"#DF5C2F","stroke":"none","path":"M142.3,127.6L142.3,127.6L142.3,127.6z"},{"type":"path","fill":"#DF5C2F","stroke":"none","path":"M143,126.5c0,0,0,0.1,0,0.2C143,126.6,143,126.5,143,126.5z"},{"type":"path","fill":"#DF5C2F","stroke":"none","path":"M143.1,126.7c0,0.1,0,0.4-0.1,0.6C143,127.1,143.1,126.9,143.1,126.7z"},{"type":"path","fill":"#DF5C2F","stroke":"none","path":"M130.4,123.5l-15.3-2.7l14.3-19.3v-3.1l0,0c-0.4-0.1-0.7,0.1-0.9,0.4l-16,22c-0.2,0.3-0.2,0.7,0,1c0.2,0.4,0.5,0.6,0.9,0.7l17.2,2.9L130.4,123.5z"},{"type":"path","fill":"#6F7072","stroke":"none","opacity":0.2,"path":"M142.3,127.6c-0.1,0-0.2,0-0.2,0C142,127.6,142.1,127.6,142.3,127.6z"},{"type":"path","fill":"#6F7072","stroke":"none","opacity":0.2,"path":"M143,126.4L143,126.4L143,126.4L143,126.4z"},{"type":"path","fill":"#6F7072","stroke":"none","opacity":0.2,"path":"M142.3,127.6c0.2,0,0.5-0.1,0.6-0.4C142.8,127.5,142.6,127.6,142.3,127.6z"},{"type":"path","fill":"#6F7072","stroke":"none","opacity":0.2,"path":"M143.1,126.6C143.1,126.6,143.1,126.7,143.1,126.6C143.1,126.7,143.1,126.7,143.1,126.6z"},{"type":"path","fill":"#DF5C2F","stroke":"none","path":"M143.1,126.6c0-0.1,0-0.1,0-0.2v-0.1l-12.7-27.2c0,0-0.3-0.5-0.9-0.7v3.1l10.9,23.7l-9.8-1.7l0.1,1.9l11.5,2.2c0.1,0,0.2,0,0.2,0h0.1c0.2,0,0.5-0.2,0.6-0.4C143,127,143.1,126.8,143.1,126.6C143.1,126.7,143.1,126.6,143.1,126.6z"},{"type":"path","fill":"#87888A","stroke":"none","path":"M134.3,80.4 134.2,23.3 185.9,31.8 185.9,88.3 z"},{"type":"path","fill":"#B1B3B4","stroke":"none","path":"M102.7,34.5 104.6,33.2 131.2,37.4 131.5,61.7 156.2,65.8 156.2,98.8 128.6,68.6 z"},{"type":"path","fill":"#DDDEDF","stroke":"none","path":"M102.7,91.6 102.7,34.5 129.4,38.7 129.6,63 154.4,67.1 154.4,100.2 z"},{"type":"path","fill":"#C6C7C8","stroke":"none","path":"M186.2,88.4 154.4,100.2 154.4,43 186.2,31.8 z"},{"type":"path","fill":"#ECEDED","stroke":"none","path":"M148,37.9 156.3,34.9 148.7,33.5 140.5,36.5 z"},{"type":"path","fill":"#9C9E9F","stroke":"none","path":"M148,37.9 140.5,36.5 140.5,39.4 148,40.8 z"},{"type":"path","fill":"#58585A","stroke":"none","path":"M148,40.8 148,37.9 156.3,34.9 156.3,37.8 z"},{"type":"path","fill":"#58585A","stroke":"none","path":"M153.2,34.3 149.1,30.6 149.1,6.7 148.3,6.7 148.3,30.2 144.7,35 145.6,34.7 146.9,33.2 143.1,39.9 143.9,40 148.6,31.7 151.7,39.4 152.5,39.1 149.7,32.2 151.9,34.1 z"},{"type":"path","fill":"#9C9E9F","stroke":"none","path":"M169.1,47.7 147.8,5.2 147.8,6.7 166.7,48.1 z"},{"type":"path","fill":"#88888A","stroke":"none","path":"M172.1,46.9 169.1,48 147.8,5.2 149,5.2 z"},{"type":"path","fill":"#58585A","stroke":"none","path":"M215.5,99.6 206.5,98 185.6,104 185.6,108.2 189.7,109 z"},{"type":"path","fill":"#58585A","stroke":"none","path":"M189.7,114.7 185,113.9 185,108.2 189.7,109 z"},{"type":"path","fill":"#EBEBED","stroke":"none","path":"M151.4,93.9 147.3,108.4 147.3,117.6 170.3,121.8 170.3,112.5 174.4,98 z"},{"type":"path","fill":"#E8CB57","stroke":"none","path":"M150,113.9c-0.1-1.2,0.4-2.2,1-2.2s1.3,1,1.2,2.1c0,1.2-0.6,2.1-1.2,2.1C150.4,115.8,150.1,115,150,113.9z"},{"type":"path","fill":"#E8CB57","stroke":"none","path":"M165.1,116.4c0-1.2,0.4-2.3,1-2.3s1.2,1,1.2,2.1s-0.6,2.1-1.2,2.1S165.1,117.6,165.1,116.4z"},{"type":"path","fill":"#88888A","stroke":"none","path":"M189.7,114.7 215.5,105.1 215.5,99.6 189.7,109 z"},{"type":"path","fill":"#58585A","stroke":"none","path":"M204.4,113.1c-0.9,0-1.6-2-1.6-4.4s0.8-4.2,1.7-4.2l2.3,0.4v8.7L204.4,113.1z"},{"type":"path","fill":"#88888A","stroke":"none","path":"M206.8,104.9c0.9,0,1.6,1.8,1.6,4.2s-0.7,4.4-1.6,4.4c-0.9,0-1.6-2-1.6-4.4S205.9,104.9,206.8,104.9z"},{"type":"path","fill":"#A9C2E1","stroke":"none","path":"M150.6,107.5 153.5,96.9 171,99.9 168,110.6 z"},{"type":"path","fill":"#6F7072","stroke":"none","opacity":0.2,"path":"M154.8,97.1 170.9,99.9 168.1,110.1 z"},{"type":"path","fill":"#9C9E9F","stroke":"none","path":"M153,112.8 153,115.1 164.7,117.2 164.7,114.8 z"},{"type":"path","fill":"#EBD958","stroke":"none","path":"M199.5,88 213,90.5 190.6,97.9 177.5,95.7 z"},{"type":"path","fill":"#E8CB57","stroke":"none","path":"M190.6,107.4 213,99.1 213,97.4 213,90.5 190.6,97.9 z"},{"type":"path","fill":"#DAB722","stroke":"none","path":"M190.6,107.4 186.4,106.7 186.4,97.2 190.6,97.9 z"},{"type":"path","fill":"#9C9E9F","stroke":"none","path":"M186.5,93.5 174.4,98 170.3,112.5 170.3,121.8 186.4,115.8 z"},{"type":"path","fill":"#58585A","stroke":"none","path":"M181.2,121.3c-0.9,0-1.6-2-1.6-4.4s0.8-4.2,1.7-4.2l2.3,0.4v8.7L181.2,121.3z"},{"type":"path","fill":"#88888A","stroke":"none","path":"M183.6,113.2c0.9,0,1.6,1.7,1.6,4.2s-0.7,4.4-1.6,4.4s-1.6-2-1.6-4.4S182.7,113.2,183.6,113.2z"},{"type":"path","fill":"#A9C2E1","stroke":"none","path":"M172.4,111.1 178.4,108.9 178.5,100 175.1,101.3 z"},{"type":"path","fill":"#A9C2E1","stroke":"none","path":"M179.4,99.7 179.4,108.6 183.6,107.1 183.6,98.2 z"},{"type":"path","fill":"#F6F5F6","stroke":"none","path":"M163.4,89.4 151.3,93.9 174.4,98 186.5,93.5 z"},{"type":"path","fill":"#6F7072","stroke":"none","opacity":0.2,"path":"M174.4,98 186.5,93.5 163.4,89.4 z"},{"type":"path","fill":"#F29400","stroke":"none","path":"M175.3,65.3 177.3,67.3 183.9,93.1 181.2,92.6 z"},{"type":"path","fill":"#EBD958","stroke":"none","path":"M194.2,94.2 166.1,42.6 166.1,48.3 188.1,93 z"},{"type":"path","fill":"#E8CB57","stroke":"none","path":"M200.5,91.7 194.2,94.2 166.1,42.6 170.6,42.6 z"},{"type":"path","fill":"#AB9066","stroke":"none","path":"M78.5,110.6c1.5-1.9,2.2-4.7,4.4-4.9c3-0.2,4.7-1.8,6.3-3.6c1.3-1.4,5.6-0.4,7.5-0.8c1.9-0.4,9.1-2.5,11.4-2.4c2.3,0.2,4.2,2.8,4.2,2.8l2.6,3.6c0,0-2,3.3-11.8,4.7c-9.7,1.4-7.9,3.7-13.8,4.1c-5.9,0.4-11.7-1.9-11.7-1.9L78.5,110.6z"},{"type":"path","fill":"#826E4E","stroke":"none","path":"M106.5,99.1c-0.2,1-8.2,3.1-9.1,4.3c-1,1.2,0.1,2-0.7,3.6c-0.8,1.6-2.8,1.3-3.9,3.2c-1.1,1.9-2.4,3.2-2.3,3.6c0.1,0.4,0.1,0.4,0.1,0.4s4.2-1,7.5-1.6c3.3-0.6,2.7-1.4,8.4-2.7s8.6-2.7,10.1-4.4c1.5-1.7,2.3-2.9,0-3.9c-1.2-0.5-3.9-2.8-6.2-3.3C108.4,97.8,106.5,99.1,106.5,99.1z"}]}