{"width":"224.7","height":"225.5","dx":"0","dy":"0","geometry":[{"type":"path","fill":"#999898","stroke":"none","path":"M0,173.1V186c0,13.7,29.6,39.5,115.6,39.5c63.7,0,109.1-20.9,109.1-39.1V176c-1.3,18-47.1,38.1-109,38.1\n\tC27.8,214.2-0.8,187.1,0,173.1z"},{"type":"path","fill":"#FBFAFA","stroke":"none","path":"M224.6,173.7c0,22.2-50.1,40.2-111.8,40.2S1,195.9,1,173.7s50-40.2,111.8-40.2S224.6,151.5,224.6,173.7z"},{"type":"ellipse","fill":"none","stroke":"#B4B4B4","stroke-width":0.9996,"stroke-miterlimit":10,"cx":112.5,"cy":174,"rx":112.1,"ry":39.9},{"type":"path","fill":"#989797","stroke":"none","path":"M1,174.9l175,31.6c0,0-62.8,15.8-126.5,0C-0.6,194.1,1,174.9,1,174.9z"},{"type":"path","fill":"#DDDEDF","stroke":"none","path":"M4.5,164 4.5,58.9 129,83.6 129,187.9 z"},{"type":"path","fill":"#8A9EBA","stroke":"none","path":"M4.5,59 16.8,27.4 134.4,50.2 129,83.8 z"},{"type":"path","fill":"#BC3500","stroke":"none","path":"M2,133.9 4.3,129.4 129,153.2 126.8,157.8 z"},{"type":"path","fill":"#96ADC9","stroke":"none","path":"M17.2,27.6 101.5,8.2 171.2,37.2 134.4,50.2 z"},{"type":"path","fill":"#60AA26","stroke":"none","path":"M46.5,28.7 109.7,15 162.7,36.7 132.2,45.8 z"},{"type":"path","fill":"#A9C2E1","stroke":"none","path":"M68.3,115.3 68.3,97.7 58.1,95.8 58.1,113.4 z"},{"type":"path","fill":"#A9C2E1","stroke":"none","path":"M84.6,118.4 84.6,100.9 74.4,99 74.4,116.5 z"},{"type":"path","fill":"#A9C2E1","stroke":"none","path":"M100.3,121.5 100.3,103.9 90.1,102 90.1,119.6 z"},{"type":"path","fill":"#A9C2E1","stroke":"none","path":"M116.2,124.6 116.2,107.1 105.9,105.2 105.9,122.7 z"},{"type":"path","fill":"#A9C2E1","stroke":"none","path":"M36.8,131.6 36.8,114 26.6,112.1 26.6,129.7 z"},{"type":"path","fill":"#A9C2E1","stroke":"none","path":"M52.5,134.6 52.5,117.1 42.3,115.2 42.3,132.7 z"},{"type":"path","fill":"#A9C2E1","stroke":"none","path":"M68.3,137.8 68.3,120.2 58.1,118.3 58.1,135.9 z"},{"type":"path","fill":"#A9C2E1","stroke":"none","path":"M84.6,140.9 84.6,123.4 74.4,121.5 74.4,139 z"},{"type":"path","fill":"#A9C2E1","stroke":"none","path":"M100.3,144 100.3,126.4 90.1,124.5 90.1,142.1 z"},{"type":"path","fill":"#A9C2E1","stroke":"none","path":"M116.2,147.1 116.2,129.6 105.9,127.7 105.9,145.2 z"},{"type":"path","fill":"#A9C2E1","stroke":"none","path":"M129,187.8 129,161.3 4.5,137.5 4.5,164 z"},{"type":"path","fill":"#87888A","stroke":"none","path":"M30.9,27.8 26.9,29.7 24.2,37.6 24.2,20.6 30.9,17.8 z"},{"type":"path","fill":"#B1B3B4","stroke":"none","path":"M20.8,19.7 20.8,36.8 24.2,37.6 24.2,20.6 \tz"},{"type":"path","fill":"#C7C7C8","stroke":"none","path":"M27.3,16.9 20.8,19.7 24.2,20.6 30.7,17.8 \tz"},{"type":"path","fill":"#C7C7C8","stroke":"none","path":"M129,83.6 129,187.9 192.2,164.6 192.2,60.5 z"},{"type":"ellipse","fill":"#60AA26","stroke":"none","cx":154.5,"cy":15.7,"rx":7.5,"ry":5.2},{"type":"ellipse","fill":"#60AA26","stroke":"none","transform":"t70.2244,138.1938r-65.9828,0,0","cx":141.5,"cy":15,"rx":5.8,"ry":9.6},{"type":"ellipse","fill":"#E0DA00","stroke":"none","cx":143.8,"cy":6.8,"rx":7.9,"ry":6.2},{"type":"ellipse","fill":"#B0BD56","stroke":"none","cx":151.9,"cy":8,"rx":8,"ry":6},{"type":"ellipse","fill":"#B0BD56","stroke":"none","cx":152.3,"cy":18.7,"rx":3.3,"ry":2.5},{"type":"path","fill":"#A18876","stroke":"none","path":"M146.2,15.5L146.2,15.5L146.2,15.5L146.2,15.5L146.2,15.5c0-0.4,0.7-0.6,1.7-0.6s1.7,0.2,1.7,0.6l0,0\n\tl0.8,17.1c0,0.5-1.1,0.8-2.4,0.8c-1.3,0-2.4-0.4-2.4-0.8L146.2,15.5z"},{"type":"path","fill":"#A18876","stroke":"none","path":"M155.3,14L155.3,14L155.3,14L155.3,14L155.3,14c0.1-0.1,0.5,0.1,0.8,0.4c0.4,0.4,0.5,0.7,0.4,0.8l0,0\n\tl-7.1,7.5c-0.2,0.1-0.7-0.1-1.2-0.6s-0.7-1.1-0.6-1.2L155.3,14z"},{"type":"path","fill":"#C8CF00","stroke":"none","path":"M141.8,12.1c0-3.7,3.4-6.6,7.7-6.6s7.7,3,7.7,6.6c0,3.7-3.4,6.6-7.7,6.6C145.3,18.7,141.8,15.8,141.8,12.1z"},{"type":"ellipse","fill":"#60AA26","stroke":"none","cx":145.9,"cy":21.7,"rx":7.5,"ry":5.2},{"type":"path","fill":"#B0BD56","stroke":"none","path":"M127.2,21.2c-0.3-2.9,2.9-5.1,7.2-5c4.2,0.1,7.9,2.6,8.2,5.4c0.3,2.9-2.9,5.1-7.2,5\n\tC131.2,26.5,127.5,24,127.2,21.2z"},{"type":"ellipse","fill":"#E0DA00","stroke":"none","cx":135.2,"cy":12.8,"rx":7.9,"ry":6.2},{"type":"ellipse","fill":"#B0BD56","stroke":"none","cx":143.3,"cy":14,"rx":8,"ry":6},{"type":"ellipse","fill":"#B0BD56","stroke":"none","cx":143.7,"cy":24.7,"rx":3.3,"ry":2.5},{"type":"path","fill":"#A18876","stroke":"none","path":"M137.6,21.5L137.6,21.5L137.6,21.5L137.6,21.5L137.6,21.5c0-0.4,0.7-0.6,1.7-0.6s1.7,0.2,1.7,0.6l0,0\n\tl0.8,17.1c0,0.5-1.1,0.8-2.4,0.8c-1.3,0-2.4-0.4-2.4-0.8L137.6,21.5z"},{"type":"path","fill":"#A18876","stroke":"none","path":"M146.7,20L146.7,20L146.7,20L146.7,20L146.7,20c0.1-0.1,0.5,0.1,0.8,0.4c0.4,0.4,0.5,0.7,0.4,0.8l0,0\n\tl-7.1,7.5c-0.2,0.1-0.7-0.1-1.2-0.6s-0.7-1.1-0.6-1.2L146.7,20z"},{"type":"path","fill":"#C8CF00","stroke":"none","path":"M133.2,18.1c0-3.7,3.4-6.6,7.7-6.6s7.7,3,7.7,6.6c0,3.7-3.4,6.6-7.7,6.6C136.7,24.7,133.2,21.8,133.2,18.1z"},{"type":"path","fill":"#6F6561","stroke":"none","path":"M80.1,14.7 92.5,10.8 108.4,14 96,17.8 z"},{"type":"path","fill":"#A29590","stroke":"none","path":"M80.1,22.4 80.1,14.7 96,17.8 96,25.5 z"},{"type":"path","fill":"#6A4937","stroke":"none","path":"M82.8,15.3c0.3-0.4,0.9,0,2.6-1S87,14.5,88,14s2.2-2.4,3.9-2.2c0.4,0,1.4,0.2,2.8,0.2s2.5-0.5,3.2,0.3\n\tc0.7,0.9,0.4,1.1,2.4,1.2c2,0.1,2.7,0.1,3,0.5s0.5,1.5,0.5,1.5L96,17.8L82.8,15.3z"},{"type":"path","fill":"#807A75","stroke":"none","path":"M108.4,21.7 96,25.5 96,17.8 108.4,14 z"},{"type":"path","fill":"#6F6561","stroke":"none","path":"M97.9,19.1 110.3,15.2 126.2,18.4 113.8,22.2 z"},{"type":"path","fill":"#A29590","stroke":"none","path":"M97.9,26.8 97.9,19.1 113.8,22.2 113.8,30 z"},{"type":"path","fill":"#6A4937","stroke":"none","path":"M100.6,19.7c0.3-0.4,0.9,0,2.6-1s1.6,0.2,2.6-0.3s2.2-2.4,3.9-2.2c0.4,0,1.4,0.2,2.8,0.2s2.5-0.5,3.2,0.3\n\tc0.7,0.9,0.4,1.1,2.4,1.2s2.7,0.1,3,0.5s0.5,1.5,0.5,1.5l-7.8,2.3L100.6,19.7z"},{"type":"path","fill":"#807A75","stroke":"none","path":"M126.2,26.1 113.8,30 113.8,22.2 126.2,18.4 z"},{"type":"path","fill":"#AEBD59","stroke":"none","path":"M108.7,17.4c-0.4-0.4-0.4-1.4-0.2-1.6c0.2-0.2,0.9-0.4,1-0.2c0.2,0.2,0.4,1.1,1,0.4c0.5-0.7,1-1,1.1-1\n\tc0.2,0,0.1,0,0.3,0.4c0.2,0.4,1.1,0.3,0.8,0.8c-0.3,0.4-0.7,0.5-0.5,0.8s0.1,0.5,0.5,0.7c0.4,0.1,0.8-0.4,0.9-0.7\n\tc0-0.1,0.3-0.3,0.4,0s-0.2,1.1,0.3,0.4s0.3-0.7,0.7-1.1c0.3-0.4,1.1-0.3,1.2,0c0.1,0.3-0.2,0.2-0.1,0.7c0.1,0.4,0.3,0.7,0.7,0.7\n\tc0.3,0,1.5,0,1.4,0.4c0,0.3,0.4,1.2,0.1,1.3l-1,0.3L108.7,17.4z"},{"type":"path","fill":"#5AAC26","stroke":"none","path":"M107.2,18.8c-0.4-0.4-0.4-1.4-0.2-1.6c0.2-0.2,0.9-0.4,1-0.2c0.2,0.2,0.4,1.1,1,0.4c0.5-0.7,1-1,1.1-1\n\tc0.2,0,0.1,0,0.3,0.4c0.2,0.4,1.1,0.3,0.8,0.8s-0.7,0.5-0.5,0.8c0.1,0.2,0.1,0.5,0.5,0.7c0.4,0.1,0.8-0.4,0.9-0.7\n\tc0-0.1,0.3-0.3,0.4,0s-0.2,1.1,0.3,0.4s0.3-0.7,0.7-1.1c0.3-0.4,1.1-0.3,1.2,0s-0.2,0.2-0.1,0.7c0.1,0.4,0.3,0.7,0.7,0.7\n\tc0.3,0,1.5,0,1.4,0.4c0,0.3,0.4,1.2,0.1,1.3l-1,0.3L107.2,18.8z"},{"type":"path","fill":"#AEBD59","stroke":"none","path":"M104.4,19.4c-0.4-0.4-0.4-1.4-0.2-1.6c0.2-0.2,0.9-0.4,1-0.2c0.2,0.2,0.4,1.1,1,0.4c0.5-0.7,1-1,1.1-1\n\tc0.2,0,0.1,0,0.3,0.4c0.2,0.4,1.1,0.3,0.8,0.8c-0.3,0.4-0.7,0.5-0.5,0.8c0.1,0.2,0.1,0.5,0.5,0.7c0.4,0.1,0.8-0.4,0.9-0.7\n\tc0-0.1,0.3-0.3,0.4,0s-0.2,1.1,0.3,0.4s0.3-0.7,0.7-1.1c0.3-0.4,1.1-0.3,1.2,0s-0.2,0.2-0.1,0.7c0.1,0.4,0.3,0.7,0.7,0.7\n\tc0.3,0,1.5,0,1.4,0.4c0,0.3,0.4,1.2,0.1,1.3l-1,0.3L104.4,19.4z"},{"type":"path","fill":"#AEBD59","stroke":"none","path":"M90.9,12.3c-0.4-0.4-0.4-1.4-0.2-1.6c0.2-0.2,0.9-0.4,1-0.2c0.2,0.2,0.4,1.1,1,0.4c0.5-0.7,1-1,1.1-1\n\tc0.2,0,0.1,0,0.3,0.4c0.2,0.4,1.1,0.3,0.8,0.8c-0.3,0.4-0.7,0.5-0.5,0.8c0.1,0.2,0.1,0.5,0.5,0.7c0.4,0.1,0.8-0.4,0.9-0.7\n\tc0-0.1,0.3-0.3,0.4,0S96,13,96.5,12.3s0.3-0.7,0.7-1.1c0.3-0.4,1.1-0.3,1.2,0s-0.2,0.2-0.1,0.7c0.1,0.4,0.3,0.7,0.7,0.7\n\tc0.3,0,1.5,0,1.4,0.4c0,0.3,0.4,1.2,0.1,1.3l-1,0.3L90.9,12.3z"},{"type":"path","fill":"#5AAC26","stroke":"none","path":"M89.4,13.7c-0.4-0.4-0.4-1.4-0.2-1.6s0.9-0.4,1-0.2c0.2,0.2,0.4,1.1,1,0.4c0.5-0.7,1-1,1.1-1\n\tc0.2,0,0.1,0,0.3,0.4c0.2,0.4,1.1,0.3,0.8,0.8s-0.7,0.5-0.5,0.8s0.1,0.5,0.5,0.7c0.4,0.1,0.8-0.4,0.9-0.7c0-0.1,0.3-0.3,0.4,0\n\ts-0.2,1.1,0.3,0.4c0.5-0.7,0.3-0.7,0.7-1.1c0.3-0.4,1.1-0.3,1.2,0s-0.2,0.2-0.1,0.7c0.1,0.4,0.3,0.7,0.7,0.7c0.3,0,1.5,0,1.4,0.4\n\tc0,0.3,0.4,1.2,0.1,1.3L98,16L89.4,13.7z"},{"type":"path","fill":"#AEBD59","stroke":"none","path":"M86.6,14.3c-0.4-0.4-0.4-1.4-0.2-1.6c0.2-0.2,0.9-0.4,1-0.2c0.2,0.2,0.4,1.1,1,0.4c0.5-0.7,1-1,1.1-1\n\tc0.2,0,0.1,0,0.3,0.4c0.2,0.4,1.1,0.3,0.8,0.8c-0.3,0.4-0.7,0.5-0.5,0.8s0.1,0.5,0.5,0.7c0.4,0.1,0.8-0.4,0.9-0.7\n\tc0-0.1,0.3-0.3,0.4,0s-0.2,1.1,0.3,0.4s0.3-0.7,0.7-1.1c0.3-0.4,1.1-0.3,1.2,0s-0.2,0.2-0.1,0.7c0.1,0.4,0.3,0.7,0.7,0.7\n\tc0.3,0,1.5,0,1.4,0.4c0,0.3,0.4,1.2,0.1,1.3l-1,0.3L86.6,14.3z"},{"type":"path","fill":"#7189A3","stroke":"none","path":"M134.4,50.2 129,83.6 192.2,60.5 171.2,37.2 z"},{"type":"path","fill":"#6F6561","stroke":"none","path":"M50.8,20.7 63.2,16.8 79.1,20 66.7,23.8 z"},{"type":"path","fill":"#A29590","stroke":"none","path":"M50.8,28.4 50.8,20.7 66.7,23.8 66.7,31.5 z"},{"type":"path","fill":"#6A4937","stroke":"none","path":"M53.5,21.3c0.3-0.4,0.9,0,2.6-1s1.6,0.2,2.6-0.3s2.2-2.4,3.9-2.2c0.4,0,1.4,0.2,2.8,0.2s2.5-0.5,3.2,0.3\n\tc0.7,0.9,0.4,1.1,2.4,1.2s2.7,0.1,3,0.5s0.5,1.5,0.5,1.5l-7.8,2.3L53.5,21.3z"},{"type":"path","fill":"#807A75","stroke":"none","path":"M79.1,27.7 66.7,31.5 66.7,23.8 79.1,20 z"},{"type":"path","fill":"#6F6561","stroke":"none","path":"M71.9,24.6 84.3,20.7 100.2,23.9 87.8,27.7 z"},{"type":"path","fill":"#A29590","stroke":"none","path":"M71.9,32.3 71.9,24.6 87.8,27.7 87.8,35.5 z"},{"type":"path","fill":"#6A4937","stroke":"none","path":"M74.6,25.2c0.3-0.4,0.9,0,2.6-1s1.6,0.2,2.6-0.3s2.2-2.4,3.9-2.2c0.4,0,1.4,0.2,2.8,0.2s2.5-0.5,3.2,0.3\n\tc0.7,0.9,0.4,1.1,2.4,1.2s2.7,0.1,3,0.5s0.5,1.5,0.5,1.5l-7.8,2.3L74.6,25.2z"},{"type":"path","fill":"#807A75","stroke":"none","path":"M100.2,31.6 87.8,35.5 87.8,27.7 100.2,23.9 z"},{"type":"path","fill":"#AEBD59","stroke":"none","path":"M82.7,22.9c-0.4-0.4-0.4-1.4-0.2-1.6s0.9-0.4,1-0.2c0.2,0.2,0.4,1.1,1,0.4c0.5-0.7,1-1,1.1-1\n\tc0.2,0,0.1,0,0.3,0.4c0.2,0.4,1.1,0.3,0.8,0.8c-0.3,0.4-0.7,0.5-0.5,0.8s0.1,0.5,0.5,0.7c0.4,0.1,0.8-0.4,0.9-0.7\n\tc0-0.1,0.3-0.3,0.4,0s-0.2,1.1,0.3,0.4s0.3-0.7,0.7-1.1c0.3-0.4,1.1-0.3,1.2,0S90,22,90.1,22.5c0.1,0.4,0.3,0.7,0.7,0.7\n\tc0.3,0,1.5,0,1.4,0.4c0,0.3,0.4,1.2,0.1,1.3l-1,0.3L82.7,22.9z"},{"type":"path","fill":"#5AAC26","stroke":"none","path":"M81.2,24.3c-0.4-0.4-0.4-1.4-0.2-1.6c0.2-0.2,0.9-0.4,1-0.2c0.2,0.2,0.4,1.1,1,0.4c0.5-0.7,1-1,1.1-1\n\tc0.2,0,0.1,0,0.3,0.4c0.2,0.4,1.1,0.3,0.8,0.8s-0.7,0.5-0.5,0.8c0.1,0.2,0.1,0.5,0.5,0.7c0.4,0.1,0.8-0.4,0.9-0.7\n\tc0-0.1,0.3-0.3,0.4,0s-0.2,1.1,0.3,0.4s0.3-0.7,0.7-1.1c0.3-0.4,1.1-0.3,1.2,0s-0.2,0.2-0.1,0.7c0.1,0.4,0.3,0.7,0.7,0.7\n\tc0.3,0,1.5,0,1.4,0.4c0,0.3,0.4,1.2,0.1,1.3l-1,0.3L81.2,24.3z"},{"type":"path","fill":"#AEBD59","stroke":"none","path":"M78.4,24.9c-0.4-0.4-0.4-1.4-0.2-1.6c0.2-0.2,0.9-0.4,1-0.2c0.2,0.2,0.4,1.1,1,0.4c0.5-0.7,1-1,1.1-1\n\tc0.2,0,0.1,0,0.3,0.4c0.2,0.4,1.1,0.3,0.8,0.8c-0.3,0.4-0.7,0.5-0.5,0.8c0.1,0.2,0.1,0.5,0.5,0.7c0.4,0.1,0.8-0.4,0.9-0.7\n\tc0-0.1,0.3-0.3,0.4,0s-0.2,1.1,0.3,0.4s0.3-0.7,0.7-1.1c0.3-0.4,1.1-0.3,1.2,0s-0.2,0.2-0.1,0.7c0.1,0.4,0.3,0.7,0.7,0.7\n\tc0.3,0,1.5,0,1.4,0.4c0,0.3,0.4,1.2,0.1,1.3l-1,0.3L78.4,24.9z"},{"type":"path","fill":"#AEBD59","stroke":"none","path":"M61.6,18.3c-0.4-0.4-0.4-1.4-0.2-1.6s0.9-0.4,1-0.2c0.2,0.2,0.4,1.1,1,0.4c0.5-0.7,1-1,1.1-1\n\tc0.2,0,0.1,0,0.3,0.4c0.2,0.4,1.1,0.3,0.8,0.8c-0.3,0.4-0.7,0.5-0.5,0.8c0.1,0.2,0.1,0.5,0.5,0.7c0.4,0.1,0.8-0.4,0.9-0.7\n\tc0-0.1,0.3-0.3,0.4,0s-0.2,1.1,0.3,0.4s0.3-0.7,0.7-1.1c0.3-0.4,1.1-0.3,1.2,0s-0.2,0.2-0.1,0.7c0.1,0.4,0.3,0.7,0.7,0.7\n\tc0.3,0,1.5,0,1.4,0.4c0,0.3,0.4,1.2,0.1,1.3l-1,0.3L61.6,18.3z"},{"type":"path","fill":"#5AAC26","stroke":"none","path":"M60.1,19.7c-0.4-0.4-0.4-1.4-0.2-1.6s0.9-0.4,1-0.2c0.2,0.2,0.4,1.1,1,0.4c0.5-0.7,1-1,1.1-1\n\tc0.2,0,0.1,0,0.3,0.4s1.1,0.3,0.8,0.8c-0.3,0.5-0.7,0.5-0.5,0.8s0.1,0.5,0.5,0.7c0.4,0.1,0.8-0.4,0.9-0.7c0-0.1,0.3-0.3,0.4,0\n\ts-0.2,1.1,0.3,0.4s0.3-0.7,0.7-1.1c0.3-0.4,1.1-0.3,1.2,0s-0.2,0.2-0.1,0.7c0.1,0.4,0.3,0.7,0.7,0.7c0.3,0,1.5,0,1.4,0.4\n\tc0,0.3,0.4,1.2,0.1,1.3l-1,0.3L60.1,19.7z"},{"type":"path","fill":"#AEBD59","stroke":"none","path":"M57.3,20.3c-0.4-0.4-0.4-1.4-0.2-1.6s0.9-0.4,1-0.2c0.2,0.2,0.4,1.1,1,0.4c0.5-0.7,1-1,1.1-1\n\tc0.2,0,0.1,0,0.3,0.4s1.1,0.3,0.8,0.8c-0.3,0.4-0.7,0.5-0.5,0.8s0.1,0.5,0.5,0.7c0.4,0.1,0.8-0.4,0.9-0.7c0-0.1,0.3-0.3,0.4,0\n\tc0.1,0.3-0.2,1.1,0.3,0.4s0.3-0.7,0.7-1.1c0.3-0.4,1.1-0.3,1.2,0s-0.2,0.2-0.1,0.7c0.1,0.4,0.3,0.7,0.7,0.7c0.3,0,1.5,0,1.4,0.4\n\tc0,0.3,0.4,1.2,0.1,1.3l-1,0.3L57.3,20.3z"},{"type":"path","fill":"#6F6561","stroke":"none","path":"M101.6,28.7 114,24.9 129.9,28 117.6,31.9 z"},{"type":"path","fill":"#A29590","stroke":"none","path":"M101.6,36.5 101.6,28.7 117.6,31.9 117.6,39.6 z"},{"type":"path","fill":"#6A4937","stroke":"none","path":"M104.4,29.4c0.3-0.4,0.9,0,2.6-1s1.6,0.2,2.6-0.3s2.2-2.4,3.9-2.2c0.4,0,1.4,0.2,2.8,0.2s2.5-0.5,3.2,0.3\n\tc0.7,0.9,0.4,1.1,2.4,1.2s2.7,0.1,3,0.5s0.5,1.5,0.5,1.5l-7.8,2.3L104.4,29.4z"},{"type":"path","fill":"#807A75","stroke":"none","path":"M129.9,35.8 117.6,39.6 117.6,31.9 129.9,28 z"},{"type":"path","fill":"#AEBD59","stroke":"none","path":"M112.3,26.7c-0.4-0.4-0.4-1.4-0.2-1.6c0.2-0.2,0.9-0.4,1-0.2c0.2,0.2,0.4,1.1,1,0.4c0.5-0.7,1-1,1.1-1\n\tc0.2,0,0.1,0,0.3,0.4c0.2,0.4,1.1,0.3,0.8,0.8s-0.7,0.5-0.5,0.8c0.1,0.2,0.1,0.5,0.5,0.7c0.4,0.1,0.8-0.4,0.9-0.7\n\tc0-0.1,0.3-0.3,0.4,0s-0.2,1.1,0.3,0.4s0.3-0.7,0.7-1.1c0.3-0.4,1.1-0.3,1.2,0s-0.2,0.2-0.1,0.7c0.1,0.4,0.3,0.7,0.7,0.7\n\tc0.3,0,1.5,0,1.4,0.4c0,0.3,0.4,1.2,0.1,1.3l-1,0.3L112.3,26.7z"},{"type":"path","fill":"#5AAC26","stroke":"none","path":"M110.8,28.2c-0.4-0.4-0.4-1.4-0.2-1.6c0.2-0.2,0.9-0.4,1-0.2c0.2,0.2,0.4,1.1,1,0.4c0.5-0.7,1-1,1.1-1\n\tc0.2,0,0.1,0,0.3,0.4c0.2,0.4,1.1,0.3,0.8,0.8c-0.3,0.4-0.7,0.5-0.5,0.8c0.1,0.2,0.1,0.5,0.5,0.7c0.4,0.1,0.8-0.4,0.9-0.7\n\tc0-0.1,0.3-0.3,0.4,0s-0.2,1.1,0.3,0.4s0.3-0.7,0.7-1.1c0.3-0.4,1.1-0.3,1.2,0s-0.2,0.2-0.1,0.7c0.1,0.4,0.3,0.7,0.7,0.7\n\tc0.3,0,1.5,0,1.4,0.4c0,0.3,0.4,1.2,0.1,1.3l-1,0.3L110.8,28.2z"},{"type":"path","fill":"#AEBD59","stroke":"none","path":"M108,28.7c-0.4-0.4-0.4-1.4-0.2-1.6c0.2-0.2,0.9-0.4,1-0.2c0.2,0.2,0.4,1.1,1,0.4c0.5-0.7,1-1,1.1-1\n\tc0.2,0,0.1,0,0.3,0.4c0.2,0.4,1.1,0.3,0.8,0.8s-0.7,0.5-0.5,0.8c0.1,0.2,0.1,0.5,0.5,0.7c0.4,0.1,0.8-0.4,0.9-0.7\n\tc0-0.1,0.3-0.3,0.4,0s-0.2,1.1,0.3,0.4s0.3-0.7,0.7-1.1c0.3-0.4,1.1-0.3,1.2,0s-0.2,0.2-0.1,0.7c0.1,0.4,0.3,0.7,0.7,0.7\n\tc0.3,0,1.5,0,1.4,0.4c0,0.3,0.4,1.2,0.1,1.3l-1,0.3L108,28.7z"},{"type":"path","fill":"#AE0D00","stroke":"none","path":"M131,157.3 194.2,134 192.3,130.3 129,153.2 z"},{"type":"path","fill":"#A9C2E1","stroke":"none","path":"M192,164.7 192,138.2 129,161.4 129,187.9 z"},{"type":"path","fill":"#8AA9C7","stroke":"none","path":"M70.7,176.5v-17.4c0,0-2.1-6.8-8.2-7.9c-7.5-1.3-9.6,4.1-9.6,4.1v17.5L70.7,176.5z"},{"type":"path","fill":"#8AA9C7","stroke":"none","path":"M49,172.3v-17.4c0,0-2.1-6.8-8.2-7.9c-7.5-1.3-9.6,4.1-9.6,4.1v17.5L49,172.3z"},{"type":"path","fill":"#8AA9C7","stroke":"none","path":"M27,168.3v-17.4c0,0-2.1-6.8-8.2-7.9c-7.5-1.3-9.6,4.1-9.6,4.1v17.5L27,168.3z"},{"type":"path","fill":"#8AA9C7","stroke":"none","path":"M92,180.5v-17.4c0,0-2.1-6.8-8.2-7.9c-7.5-1.3-9.6,4.1-9.6,4.1v17.5L92,180.5z"},{"type":"path","fill":"#8AA9C7","stroke":"none","path":"M113,184.5v-17.4c0,0-2.1-6.8-8.2-7.9c-7.5-1.3-9.6,4.1-9.6,4.1v17.5L113,184.5z"},{"type":"path","fill":"#8AA9C7","stroke":"none","path":"M182.5,168v-16.7c0,0-2-4.2-9.5-2.8c-6.2,1.1-8.3,8.8-8.3,8.8v17.4L182.5,168z"},{"type":"path","fill":"#8AA9C7","stroke":"none","path":"M161.8,175.7V159c0,0-2-4.2-9.5-2.8c-6.2,1.1-8.3,8.8-8.3,8.8v17.4L161.8,175.7z"},{"type":"path","fill":"#A9C2E1","stroke":"none","path":"M36.8,87.3 36.8,69.8 26.6,67.8 26.6,85.4 z"},{"type":"path","fill":"#A9C2E1","stroke":"none","path":"M52.5,90.4 52.5,72.9 42.3,71 42.3,88.5 z"},{"type":"path","fill":"#A9C2E1","stroke":"none","path":"M68.3,93.4 68.3,75.9 58.1,74 58.1,91.4 z"},{"type":"path","fill":"#A9C2E1","stroke":"none","path":"M36.8,109.1 36.8,91.5 26.6,89.6 26.6,107.2 z"},{"type":"path","fill":"#A9C2E1","stroke":"none","path":"M21,128.7 21,111.2 10.8,109.3 10.8,126.8 z"},{"type":"path","fill":"#A9C2E1","stroke":"none","path":"M21,84.4 21,66.9 10.8,65 10.8,82.5 z"},{"type":"path","fill":"#A9C2E1","stroke":"none","path":"M21,106.2 21,88.7 10.8,86.8 10.8,104.3 z"},{"type":"path","fill":"#A9C2E1","stroke":"none","path":"M52.5,112.1 52.5,94.6 42.3,92.7 42.3,110.2 z"},{"type":"path","fill":"#A9C2E1","stroke":"none","path":"M84.6,96.6 84.6,79.1 74.4,77.2 74.4,94.7 z"},{"type":"path","fill":"#A9C2E1","stroke":"none","path":"M100.3,99.7 100.3,82.2 90.1,80.3 90.1,97.8 z"},{"type":"path","fill":"#A9C2E1","stroke":"none","path":"M116.2,102.7 116.2,85.2 105.9,83.3 105.9,100.8 z"},{"type":"path","fill":"#A9C2E1","stroke":"none","path":"M36.8,59.3 42.4,45.6 32.3,43.6 26.6,57.4 z"},{"type":"path","fill":"#A9C2E1","stroke":"none","path":"M22.3,56.3 27.9,42.6 17.8,40.6 12.1,54.4 z"},{"type":"path","fill":"#A9C2E1","stroke":"none","path":"M52.5,62.4 58.2,48.7 48,46.8 42.3,60.5 z"},{"type":"path","fill":"#A9C2E1","stroke":"none","path":"M68.3,65.4 74,51.7 63.8,49.8 58.1,63.4 z"},{"type":"path","fill":"#A9C2E1","stroke":"none","path":"M84.6,68.6 90.3,54.9 80.1,53 74.4,66.7 z"},{"type":"path","fill":"#A9C2E1","stroke":"none","path":"M100.3,71.7 106,58 95.8,56.1 90.1,69.8 z"},{"type":"path","fill":"#A9C2E1","stroke":"none","path":"M116.2,74.7 121.8,61 111.6,59.1 105.9,72.8 z"},{"type":"path","fill":"#A9C2E1","stroke":"none","path":"M152.1,69.8 146.5,56.2 136.9,59.5 142.6,73.2 z"},{"type":"path","fill":"#A9C2E1","stroke":"none","path":"M166.8,64.5 161.1,50.8 151.5,54.2 157.2,67.9 z"},{"type":"path","fill":"#A9C2E1","stroke":"none","path":"M181.2,59.2 175.6,45.5 166,48.8 171.7,62.6 z"},{"type":"path","fill":"#A9C2E1","stroke":"none","path":"M143.8,99 143.9,83.8 134.3,87.2 134.3,102.4 z"},{"type":"path","fill":"#A9C2E1","stroke":"none","path":"M158.7,93.8 158.8,78.7 149.2,82 149.1,97.2 z"},{"type":"path","fill":"#A9C2E1","stroke":"none","path":"M173.6,88.7 173.6,73.6 164.1,76.9 164,92.1 z"},{"type":"path","fill":"#A9C2E1","stroke":"none","path":"M187.9,84 188,68.9 178.4,72.3 178.3,87.4 z"},{"type":"path","fill":"#A9C2E1","stroke":"none","path":"M143.8,119.6 143.9,104.5 134.3,107.8 134.3,123 z"},{"type":"path","fill":"#A9C2E1","stroke":"none","path":"M158.7,114.5 158.8,99.3 149.2,102.7 149.1,117.9 z"},{"type":"path","fill":"#A9C2E1","stroke":"none","path":"M173.6,109.3 173.6,94.2 164.1,97.5 164,112.7 z"},{"type":"path","fill":"#A9C2E1","stroke":"none","path":"M187.9,104.7 188,89.5 178.4,92.9 178.3,108.1 z"},{"type":"path","fill":"#A9C2E1","stroke":"none","path":"M143.8,143.5 143.9,125 134.3,128.3 134.3,146.9 z"},{"type":"path","fill":"#A9C2E1","stroke":"none","path":"M158.7,138.5 158.8,119.8 149.2,123.2 149.1,141.9 z"},{"type":"path","fill":"#A9C2E1","stroke":"none","path":"M173.6,133.3 173.6,114.7 164.1,118 164,136.8 z"},{"type":"path","fill":"#A9C2E1","stroke":"none","path":"M187.9,128.7 188,110 178.4,113.4 178.3,132.1 z"},{"type":"path","fill":"#262E36","stroke":"none","path":"M124.8,120.9 123.5,120.7 123.5,126 122.5,125.8 122.5,120.5 121.3,120.2 121.3,125.6 120.3,125.4 \n\t120.3,120 119.1,119.8 119.1,125.2 118.1,125 118.1,119.6 116.8,119.3 116.8,124.8 115.8,124.6 115.8,119.2 114.6,118.9 \n\t114.6,124.3 113.6,124.2 113.6,118.7 112.4,118.5 112.4,123.9 111.4,123.7 111.4,118.3 110.2,118 110.2,123.5 109.2,123.3 \n\t109.2,117.8 108,117.6 108,123.1 107,122.9 107,117.4 105.7,117.2 105.7,122.7 104.7,122.5 104.7,117 103.5,116.7 103.5,122.3 \n\t102.5,122.1 102.5,116.5 101.3,116.3 101.3,121.8 100.3,121.7 100.3,116.1 99.1,115.8 99.1,121.4 98.1,121.2 98.1,115.6 96.9,115.4 \n\t96.9,121 95.9,120.8 95.9,115.2 94.6,115 94.6,120.6 93.6,120.4 93.6,114.8 92.4,114.5 92.4,120.2 91.4,120 91.4,114.3 90.2,114.1 \n\t90.2,119.8 89.2,119.6 89.2,113.9 88,113.6 88,119.3 87,119.2 87,113.4 85.8,113.2 85.8,118.9 84.8,118.7 84.8,113 83.6,112.8 \n\t83.6,118.5 82.6,118.3 82.6,112.6 81.3,112.3 81.3,118.1 80.3,117.9 80.3,112.1 79.1,111.9 79.1,117.7 78.1,117.5 78.1,111.7 \n\t76.9,111.4 76.9,117.3 75.9,117.1 75.9,111.2 74.7,111 74.7,116.9 73.7,116.7 73.7,110.8 72.5,110.6 72.5,116.4 71.5,116.2 \n\t71.5,110.4 70.2,110.1 70.2,116 69.2,115.8 69.2,109.9 68,109.7 68,115.6 67,115.4 67,109.5 65.8,109.2 65.8,115.2 64.8,115 \n\t64.8,109 63.6,108.8 63.6,114.8 62.6,114.6 62.6,108.6 61.4,108.4 61.4,114.4 60.4,114.2 60.4,108.2 59.1,107.9 59.1,113.9 \n\t58.1,113.8 58.1,107.7 56.9,107.5 56.9,113.5 55.9,113.3 55.9,107.3 54.7,107 54.7,113.1 53.7,112.9 53.7,106.8 52.5,106.6 \n\t52.5,112.7 51.5,112.5 51.5,106.4 50.3,106.2 50.3,112.3 49.3,112.1 49.3,106 48,105.7 48,111.9 47,111.7 47,105.5 45.8,105.3 \n\t45.8,111.4 44.8,111.3 44.8,105.1 43.6,104.8 43.6,111 42.6,110.8 42.6,104.6 41.4,104.4 41.4,110.6 40.4,110.4 40.4,104.2 \n\t39.2,104 39.2,110.2 38.2,110 38.2,103.8 36.9,103.5 36.9,109.8 35.9,109.6 35.9,103.3 34.7,103.1 34.7,109.4 33.7,109.2 \n\t33.7,102.9 32.5,102.6 32.5,108.9 31.5,108.8 31.5,102.4 30.3,102.2 30.3,108.5 29.3,108.3 29.3,102 28.1,101.8 28.1,108.1 \n\t27.1,107.9 27.1,101.6 25.8,101.3 25.8,107.7 24.8,107.5 24.8,101.1 23.6,100.9 23.6,107.3 22.6,107.1 22.6,100.7 21.4,100.4 \n\t21.4,106.9 20.4,106.7 20.4,100.2 19.2,100 19.2,106.4 18.2,106.3 18.2,99.8 17,99.6 17,106 16,105.8 16,99.4 14.8,99.1 14.8,105.6 \n\t13.8,105.4 13.8,98.9 12.7,98.7 12.7,106 124.8,127.7 z"},{"type":"path","fill":"#262E36","stroke":"none","path":"M124.8,98.4 123.5,98.2 123.5,103.5 122.5,103.3 122.5,98 121.3,97.7 121.3,103.1 120.3,102.9 \n\t120.3,97.5 119.1,97.3 119.1,102.7 118.1,102.5 118.1,97.1 116.8,96.8 116.8,102.3 115.8,102.1 115.8,96.7 114.6,96.4 114.6,101.8 \n\t113.6,101.7 113.6,96.2 112.4,96 112.4,101.4 111.4,101.2 111.4,95.8 110.2,95.5 110.2,101 109.2,100.8 109.2,95.3 108,95.1 \n\t108,100.6 107,100.4 107,94.9 105.7,94.7 105.7,100.2 104.7,100 104.7,94.5 103.5,94.2 103.5,99.8 102.5,99.6 102.5,94 101.3,93.8 \n\t101.3,99.3 100.3,99.2 100.3,93.6 99.1,93.3 99.1,98.9 98.1,98.7 98.1,93.1 96.9,92.9 96.9,98.5 95.9,98.3 95.9,92.7 94.6,92.5 \n\t94.6,98.1 93.6,97.9 93.6,92.3 92.4,92 92.4,97.7 91.4,97.5 91.4,91.8 90.2,91.6 90.2,97.3 89.2,97.1 89.2,91.4 88,91.1 88,96.8 \n\t87,96.7 87,90.9 85.8,90.7 85.8,96.4 84.8,96.2 84.8,90.5 83.6,90.3 83.6,96 82.6,95.8 82.6,90.1 81.3,89.8 81.3,95.6 80.3,95.4 \n\t80.3,89.6 79.1,89.4 79.1,95.2 78.1,95 78.1,89.2 76.9,88.9 76.9,94.8 75.9,94.6 75.9,88.7 74.7,88.5 74.7,94.4 73.7,94.2 \n\t73.7,88.3 72.5,88.1 72.5,93.9 71.5,93.7 71.5,87.9 70.2,87.6 70.2,93.5 69.2,93.3 69.2,87.4 68,87.2 68,93.1 67,92.9 67,87 \n\t65.8,86.7 65.8,92.7 64.8,92.5 64.8,86.5 63.6,86.3 63.6,92.3 62.6,92.1 62.6,86.1 61.4,85.9 61.4,91.9 60.4,91.7 60.4,85.7 \n\t59.1,85.4 59.1,91.4 58.1,91.3 58.1,85.2 56.9,85 56.9,91 55.9,90.8 55.9,84.8 54.7,84.5 54.7,90.6 53.7,90.4 53.7,84.3 52.5,84.1 \n\t52.5,90.2 51.5,90 51.5,83.9 50.3,83.7 50.3,89.8 49.3,89.6 49.3,83.5 48,83.2 48,89.4 47,89.2 47,83 45.8,82.8 45.8,88.9 \n\t44.8,88.8 44.8,82.6 43.6,82.3 43.6,88.5 42.6,88.3 42.6,82.1 41.4,81.9 41.4,88.1 40.4,87.9 40.4,81.7 39.2,81.5 39.2,87.7 \n\t38.2,87.5 38.2,81.3 36.9,81 36.9,87.3 35.9,87.1 35.9,80.8 34.7,80.6 34.7,86.9 33.7,86.7 33.7,80.4 32.5,80.1 32.5,86.4 \n\t31.5,86.3 31.5,79.9 30.3,79.7 30.3,86 29.3,85.8 29.3,79.5 28.1,79.3 28.1,85.6 27.1,85.4 27.1,79.1 25.8,78.8 25.8,85.2 24.8,85 \n\t24.8,78.6 23.6,78.4 23.6,84.8 22.6,84.6 22.6,78.2 21.4,77.9 21.4,84.4 20.4,84.2 20.4,77.7 19.2,77.5 19.2,83.9 18.2,83.8 \n\t18.2,77.3 17,77.1 17,83.5 16,83.3 16,76.9 14.8,76.6 14.8,83.1 13.8,82.9 13.8,76.4 12.7,76.2 12.7,83.5 124.8,105.2 z"},{"type":"path","fill":"#262E36","stroke":"none","path":"M13.6,83.7 13.6,76.5 12.6,76.3 12.6,82.2 11.6,82.1 11.6,76.1 10.4,75.8 10.4,81.8 9.4,81.6 \n\t9.4,75.6 8.2,75.4 8.2,81.4 7.2,81.2 7.2,75.2 6,75 6,81 5,80.8 5,74.8 3.7,74.5 3.7,80.6 2.7,80.4 2.7,74.3 1.5,74.1 1.5,80.2 \n\t1.6,81.4 z"},{"type":"path","fill":"#262E36","stroke":"none","path":"M13.7,106.2 13.7,99.1 12.7,98.8 12.7,104.8 11.7,104.6 11.7,98.6 10.5,98.4 10.5,104.4 9.5,104.2 \n\t9.5,98.2 8.3,97.9 8.3,104 7.3,103.8 7.3,97.7 6,97.5 6,103.5 5,103.3 5,97.3 3.8,97 3.8,103.1 2.8,102.9 2.8,96.8 1.6,96.6 \n\t1.6,102.7 1.6,104 z"},{"type":"path","fill":"#AE0D00","stroke":"none","path":"M1.8,138.4 2,133.9 126.7,157.8 126.8,161.8 z"},{"type":"path","fill":"#AE0D00","stroke":"none","path":"M129,153.2 126.7,157.8 126.8,161.8 131.2,161.8 131,157.3 z"},{"type":"path","fill":"#9C0D00","stroke":"none","path":"M131.2,161.8 194.4,138.5 194.2,134 131,157.3 z"},{"type":"path","fill":"#262E36","stroke":"none","path":"M195.5,97.6 193.6,98.3 193.6,104.1 192.7,104.5 192.7,98.6 191.5,99.1 191.5,104.9 190.5,105.3 \n\t190.5,99.4 189.3,99.9 189.3,105.7 188.4,106.1 188.4,100.2 187.1,100.7 187.1,106.5 186.2,106.9 186.2,101 185,101.5 185,107.3 \n\t184,107.6 184,101.8 182.8,102.3 182.8,108.1 181.9,108.4 181.9,102.6 180.6,103.1 180.6,108.9 179.7,109.2 179.7,103.4 \n\t178.5,103.9 178.5,109.7 177.5,110 177.5,104.2 176.3,104.7 176.3,110.5 175.4,110.8 175.4,105 174.1,105.5 174.1,111.2 \n\t173.2,111.6 173.2,105.8 172,106.3 172,112 171,112.4 171,106.6 169.8,107.1 169.8,112.8 168.9,113.2 168.9,107.4 167.6,108 \n\t167.6,113.6 166.7,114 166.7,108.2 165.5,108.7 165.5,114.4 164.5,114.8 164.5,109 163.3,109.5 163.3,115.2 162.4,115.6 \n\t162.4,109.8 161.1,110.3 161.1,116 160.2,116.4 160.2,110.6 159,111.1 159,116.8 158,117.1 158,111.4 156.8,111.9 156.8,117.6 \n\t155.9,117.9 155.9,112.2 154.6,112.7 154.6,118.4 153.7,118.7 153.7,113 152.5,113.5 152.5,119.2 151.5,119.5 151.5,113.8 \n\t150.3,114.3 150.3,120 149.4,120.3 149.4,114.6 148.1,115.1 148.1,120.7 147.2,121.1 147.2,115.4 146,115.9 146,121.5 145,121.9 \n\t145,116.2 143.8,116.7 143.8,122.3 142.9,122.7 142.9,117 141.6,117.5 141.6,123.1 140.7,123.5 140.7,117.8 139.5,118.3 \n\t139.5,123.9 138.5,124.3 138.5,118.6 137.3,119.1 137.3,124.7 136.4,125.1 136.4,119.4 135.1,119.9 135.1,125.5 134.2,125.9 \n\t134.2,120.2 132.8,120.7 133,127.7 195.5,104.7 z"},{"type":"path","fill":"#262E36","stroke":"none","path":"M131.6,126.2 131.6,121 130.5,121 130.5,126.2 129.3,126.2 129.3,121 128.2,121 128.2,126.2 \n\t127.2,126.2 127.2,121 126.1,121 126.1,126.2 124.7,126.2 124.7,127.7 133,127.7 133,126.2 z"},{"type":"path","fill":"#262E36","stroke":"none","path":"M195.5,75.1 193.6,75.8 193.6,81.6 192.7,82 192.7,76.1 191.5,76.6 191.5,82.4 190.5,82.8 \n\t190.5,76.9 189.3,77.4 189.3,83.2 188.4,83.6 188.4,77.7 187.1,78.2 187.1,84 186.2,84.4 186.2,78.5 185,79 185,84.8 184,85.1 \n\t184,79.3 182.8,79.8 182.8,85.6 181.9,85.9 181.9,80.1 180.6,80.6 180.6,86.4 179.7,86.7 179.7,80.9 178.5,81.4 178.5,87.2 \n\t177.5,87.5 177.5,81.7 176.3,82.2 176.3,88 175.4,88.3 175.4,82.5 174.1,83 174.1,88.7 173.2,89.1 173.2,83.3 172,83.8 172,89.5 \n\t171,89.9 171,84.1 169.8,84.6 169.8,90.3 168.9,90.7 168.9,84.9 167.6,85.5 167.6,91.1 166.7,91.5 166.7,85.7 165.5,86.2 \n\t165.5,91.9 164.5,92.3 164.5,86.5 163.3,87 163.3,92.7 162.4,93.1 162.4,87.3 161.1,87.8 161.1,93.5 160.2,93.9 160.2,88.1 \n\t159,88.6 159,94.3 158,94.6 158,88.9 156.8,89.4 156.8,95.1 155.9,95.4 155.9,89.7 154.6,90.2 154.6,95.9 153.7,96.2 153.7,90.5 \n\t152.5,91 152.5,96.7 151.5,97 151.5,91.3 150.3,91.8 150.3,97.5 149.4,97.8 149.4,92.1 148.1,92.6 148.1,98.2 147.2,98.6 \n\t147.2,92.9 146,93.4 146,99 145,99.4 145,93.7 143.8,94.2 143.8,99.8 142.9,100.2 142.9,94.5 141.6,95 141.6,100.6 140.7,101 \n\t140.7,95.3 139.5,95.8 139.5,101.4 138.5,101.8 138.5,96.1 137.3,96.6 137.3,102.2 136.4,102.6 136.4,96.9 135.1,97.4 135.1,103 \n\t134.2,103.4 134.2,97.7 132.8,98.2 133,105.2 195.5,82.2 z"},{"type":"path","fill":"#262E36","stroke":"none","path":"M131.6,103.7 131.6,98.5 130.5,98.5 130.5,103.7 129.3,103.7 129.3,98.5 128.2,98.5 128.2,103.7 \n\t127.2,103.7 127.2,98.5 126.1,98.5 126.1,103.7 124.7,103.7 124.7,105.2 133,105.2 133,103.7 z"},{"type":"path","fill":"#FFFFFF","stroke":"none","path":"M185,55 139,71.3 139,140.3 185,124 z"},{"type":"text","fill":"#31312F","stroke":"none","transform":"m1,-0.3443,0,1,142.5858,","font-family":"Lobster1.4","font-size":12,"text-anchor":"start","text":"Galeries  "},{"type":"text","fill":"#31312F","stroke":"none","transform":"m1,-0.3443,0,1,141.686,","font-family":"Lobster1.4","font-size":12,"text-anchor":"start","text":"Lafayette"}]}