{"width":"224.7","height":"130.3","dx":"0","dy":"31.8","geometry":[{"type":"path","fill":"#999895","stroke":"none","path":"M0,108.4v13c0,13.7,29.6,39.5,115.6,39.5c63.7,0,109.1-20.9,109.1-39.1v-10.4c-1.3,18-47.1,38.1-109,38.1C27.8,149.5-0.8,122.4,0,108.4z"},{"type":"ellipse","fill":"#F6F6F6","stroke":"#B3B3B3","stroke-width":0.9996,"stroke-miterlimit":10,"cx":112.5,"cy":109.3,"rx":112.1,"ry":39.9},{"type":"path","fill":"#DDDEDF","stroke":"none","path":"M22.5,111 22.5,52.8 130.5,72.4 130.5,130.6 z"},{"type":"path","fill":"#878787","stroke":"none","path":"M28,111.8 28,73.7 121.8,90.7 121.8,128.8 z"},{"type":"path","fill":"#93D5F6","stroke":"none","path":"M28,71 28,57.5 121.8,74.5 121.8,88.1 z"},{"type":"path","fill":"#EDEDED","stroke":"none","path":"M22.5,52.8 87.5,31.8 190.7,50.7 130.6,72.4 z"},{"type":"path","fill":"#C6C7C8","stroke":"none","path":"M190.7,107.4 130.5,130.6 130.5,72.4 190.7,50.7 z"},{"type":"path","fill":"#A9C2E1","stroke":"none","path":"M84.6,122.1 84.4,85.5 68.6,82.6 68.7,119.2 z"},{"type":"path","fill":"#A9C2E1","stroke":"none","path":"M68.2,109.5 68,82.5 52.2,79.6 52.3,106.6 z"},{"type":"path","fill":"#A9C2E1","stroke":"none","path":"M51.8,106.4 51.6,79.6 35.8,76.7 35.9,103.5 z"},{"type":"path","fill":"#A9C2E1","stroke":"none","path":"M114,117.8 113.8,91 98,88.1 98.1,114.9 z"},{"type":"path","fill":"#A9C2E1","stroke":"none","path":"M97.8,114.8 97.6,88 85.2,85.7 85.3,112.5 z"},{"type":"path","fill":"#7E7F7F","stroke":"none","path":"M137.6,128.2 137.6,90 185.9,70.9 185.9,109.1 z"},{"type":"path","fill":"#C6C7C8","stroke":"#FBFAF9","stroke-width":0.0915,"stroke-miterlimit":10,"path":"M208.7,105.6c4.9,0,8.8,1.4,8.8,3.1c0,1.7-4,3.1-8.8,3.1c-4.9,0-8.8-1.4-8.8-3.1C199.8,107,203.8,105.6,208.7,105.6z"},{"type":"ellipse","fill":"#60AA26","stroke":"none","cx":215,"cy":82.9,"rx":7.5,"ry":5.2},{"type":"ellipse","fill":"#60AA26","stroke":"none","transform":"t50.9225,-75.1056r24.0172,0,0","cx":202,"cy":82.1,"rx":9.6,"ry":5.8},{"type":"ellipse","fill":"#E0DA00","stroke":"none","cx":204.3,"cy":74,"rx":7.9,"ry":6.2},{"type":"ellipse","fill":"#B0BD56","stroke":"none","cx":212.4,"cy":75.2,"rx":8,"ry":6},{"type":"ellipse","fill":"#B0BD56","stroke":"none","cx":212.8,"cy":85.9,"rx":3.3,"ry":2.5},{"type":"path","fill":"#A18876","stroke":"none","path":"M206.7,82.7L206.7,82.7L206.7,82.7L206.7,82.7L206.7,82.7c0-0.4,0.7-0.6,1.7-0.6s1.7,0.2,1.7,0.6l0,0l0.8,25.1c0,0.5-1.1,0.8-2.4,0.8c-1.3,0-2.4-0.4-2.4-0.8L206.7,82.7z"},{"type":"path","fill":"#A18876","stroke":"none","path":"M215.8,81.2L215.8,81.2L215.8,81.2L215.8,81.2L215.8,81.2c0.1-0.1,0.5,0.1,0.8,0.4c0.4,0.4,0.5,0.7,0.4,0.8l0,0l-7.1,7.5c-0.2,0.1-0.7-0.1-1.2-0.6s-0.7-1.1-0.6-1.2L215.8,81.2z"},{"type":"path","fill":"#C8CF00","stroke":"none","path":"M202.3,79.3c0-3.7,3.4-6.6,7.7-6.6c4.3,0,7.7,3,7.7,6.6c0,3.7-3.4,6.6-7.7,6.6C205.8,85.9,202.3,83,202.3,79.3z"},{"type":"path","fill":"#A9C2E1","stroke":"none","path":"M184.6,103.8 184.6,74 139.8,91.1 139.8,120.9 z"},{"type":"path","fill":"#7E7F7F","stroke":"none","path":"M155.7,118.4 155.5,85 154.3,84.7 154.4,118.1 z"},{"type":"path","fill":"#7E7F7F","stroke":"none","path":"M170.7,109.7 170.5,79.1 169.4,78.9 169.5,111.7 z"},{"type":"path","fill":"#C6C7C8","stroke":"#FBFAF9","stroke-width":0.0915,"stroke-miterlimit":10,"path":"M169.7,124.1c4.9,0,8.8,1.4,8.8,3.1c0,1.7-4,3.1-8.8,3.1c-4.9,0-8.8-1.4-8.8-3.1C160.8,125.5,164.8,124.1,169.7,124.1z"},{"type":"ellipse","fill":"#60AA26","stroke":"none","cx":174,"cy":97.4,"rx":7.5,"ry":5.2},{"type":"ellipse","fill":"#60AA26","stroke":"none","transform":"t55.0359,-57.6474r24.0224,0,0","cx":163,"cy":100.5,"rx":9.6,"ry":5.8},{"type":"ellipse","fill":"#E0DA00","stroke":"none","cx":165.4,"cy":92.5,"rx":7.9,"ry":6.2},{"type":"ellipse","fill":"#B0BD56","stroke":"none","cx":173.4,"cy":93.7,"rx":8,"ry":6},{"type":"ellipse","fill":"#B0BD56","stroke":"none","cx":173.8,"cy":104.5,"rx":3.3,"ry":2.5},{"type":"path","fill":"#A18876","stroke":"none","path":"M167.7,101.3L167.7,101.3L167.7,101.3L167.7,101.3L167.7,101.3c0-0.4,0.7-0.6,1.7-0.6s1.7,0.2,1.7,0.6l0,0l0.8,25.1c0,0.5-1.1,0.8-2.4,0.8c-1.3,0-2.4-0.4-2.4-0.8L167.7,101.3z"},{"type":"path","fill":"#A18876","stroke":"none","path":"M176.8,99.7L176.8,99.7L176.8,99.7L176.8,99.7L176.8,99.7c0.1-0.1,0.5,0.1,0.8,0.4c0.4,0.4,0.5,0.7,0.4,0.8l0,0l-7.1,7.5c-0.2,0.1-0.7-0.1-1.2-0.6s-0.7-1.1-0.6-1.2L176.8,99.7z"},{"type":"path","fill":"#C8CF00","stroke":"none","path":"M163.4,97.8c0-3.7,3.4-6.6,7.7-6.6c4.3,0,7.7,3,7.7,6.6c0,3.7-3.4,6.6-7.7,6.6C166.8,104.5,163.4,101.5,163.4,97.8z"},{"type":"path","fill":"#C6C7C8","stroke":"#FBFAF9","stroke-width":0.0915,"stroke-miterlimit":10,"path":"M124.9,135.9c4.9,0,8.8,1.4,8.8,3.1s-4,3.1-8.8,3.1c-4.9,0-8.8-1.4-8.8-3.1C116,137.3,120,135.9,124.9,135.9z"},{"type":"ellipse","fill":"#60AA26","stroke":"none","cx":131.2,"cy":113.2,"rx":7.5,"ry":5.2},{"type":"ellipse","fill":"#60AA26","stroke":"none","transform":"t55.9908,-38.3368r24.0172,0,0","cx":118.1,"cy":112.4,"rx":9.6,"ry":5.8},{"type":"ellipse","fill":"#E0DA00","stroke":"none","cx":120.5,"cy":104.3,"rx":7.9,"ry":6.2},{"type":"ellipse","fill":"#B0BD56","stroke":"none","cx":128.6,"cy":105.5,"rx":8,"ry":6},{"type":"ellipse","fill":"#B0BD56","stroke":"none","cx":129,"cy":116.3,"rx":3.3,"ry":2.5},{"type":"path","fill":"#A18876","stroke":"none","path":"M122.9,113.1L122.9,113.1L122.9,113.1L122.9,113.1L122.9,113.1c0-0.4,0.7-0.6,1.7-0.6s1.7,0.2,1.7,0.6l0,0l0.8,25.1c0,0.5-1.1,0.8-2.4,0.8c-1.3,0-2.4-0.4-2.4-0.8L122.9,113.1z"},{"type":"path","fill":"#A18876","stroke":"none","path":"M132,111.5L132,111.5L132,111.5L132,111.5L132,111.5c0.1-0.1,0.5,0.1,0.8,0.4c0.4,0.4,0.5,0.7,0.4,0.8l0,0l-7.1,7.5c-0.2,0.1-0.7-0.1-1.2-0.6s-0.7-1.1-0.6-1.2L132,111.5z"},{"type":"path","fill":"#C8CF00","stroke":"none","path":"M118.5,109.6c0-3.7,3.4-6.6,7.7-6.6s7.7,3,7.7,6.6c0,3.7-3.4,6.6-7.7,6.6C122,116.3,118.5,113.3,118.5,109.6z"},{"type":"path","fill":"#878787","stroke":"none","path":"M69.5,102.9 69.5,99.3 70.1,99.5 70.1,103 z"},{"type":"path","fill":"#706F6F","stroke":"none","path":"M61.2,71.4c0-1-0.4-1.5-1.1-1.6c-0.2,0-0.3,0-0.5-0.1l-0.9,4.2L57,73.6l1.6-7l1.7,0.1l-0.5,2.4l0.1,0\tc0.4,0.1,0.8-0.1,1.2-0.4c0.3-0.3,0.5-0.7,0.5-1.2c0-0.6-0.3-1-0.8-1.3c-0.2-0.1-0.4-0.2-0.7-0.2c-0.2,0-0.5-0.1-0.7-0.1\ts-0.4,0-0.7,0.1c-0.5,0.1-0.8,0.4-1.1,0.8c-0.3,0.4-0.4,0.8-0.4,1.4c0,0.3,0,0.5,0.1,0.7c0,0,0,0.1,0,0.1c-0.6-0.1-1-0.4-1.1-0.8\tC56,68.2,56,68.1,56,67.9c0-0.4,0.1-0.8,0.3-1.1c0.2-0.3,0.5-0.6,0.9-0.8c0.9-0.5,1.8-0.6,2.9-0.4c0.8,0.1,1.4,0.4,1.8,0.8\tc0.4,0.4,0.6,0.9,0.6,1.4c0,0.3-0.1,0.7-0.3,1c-0.2,0.3-0.5,0.5-0.9,0.7c0.5,0.2,0.8,0.4,1,0.8c0.2,0.4,0.3,0.8,0.3,1.3\tc0,0.3,0,0.6-0.1,1c-0.2,0.8-0.6,1.4-1.2,1.8c-0.3,0.2-0.7,0.2-1.2,0.1c-0.5-0.1-0.8-0.3-1-0.6c-0.1-0.1-0.1-0.3-0.1-0.5\tc0-0.2,0-0.4,0.1-0.6c0.3,0.3,0.5,0.5,0.7,0.5c0.4,0.1,0.7-0.1,0.9-0.5C61.1,72.3,61.2,71.9,61.2,71.4z"},{"type":"path","fill":"#706F6F","stroke":"none","path":"M69.6,71.5c-0.5,0.4-1.1,0.6-2,0.6c-0.1,1-0.4,1.8-0.9,2.3s-1.1,0.7-1.8,0.6c-0.9-0.2-1.4-0.6-1.7-1.3\tC63.1,73.5,63,73.3,63,73s0-0.6,0.1-0.8s0.1-0.6,0.2-0.8c0.2-0.6,0.6-1.1,1-1.5c0.5-0.4,1.1-0.6,1.9-0.4c1,0.2,1.5,0.9,1.5,2.1v0\tc0,0,0.1,0,0.2,0c0.2,0,0.5,0,0.8-0.1c0.3-0.1,0.6-0.2,0.9-0.3L69.6,71.5z M66.6,71.9c-0.2-0.1-0.3-0.3-0.3-0.6s0.1-0.5,0.4-0.5\tc0-0.2-0.1-0.4-0.1-0.5c-0.1-0.1-0.2-0.2-0.4-0.2c-0.3-0.1-0.7,0.3-1,1c-0.3,0.7-0.5,1.4-0.5,2c0,0.4,0,0.6,0.1,0.7\tC64.9,73.9,65,74,65,74c0.1,0,0.2,0.1,0.3,0.1c0.3,0,0.5-0.1,0.8-0.5C66.4,73.1,66.5,72.6,66.6,71.9z"},{"type":"path","fill":"#706F6F","stroke":"none","path":"M74.4,74.6c-0.5,1.3-1.2,1.9-2.3,1.7c-0.7-0.1-1.1-0.5-1.1-1.3c-0.4,0.6-1,0.9-1.7,0.8\tc-0.3-0.1-0.6-0.2-0.9-0.5c-0.2-0.3-0.4-0.6-0.4-1.1c0-0.2,0-0.5,0.1-0.7L69,70l1.6,0.3L69.8,74c0,0.1,0,0.2,0,0.3\tc0,0.3,0.1,0.5,0.3,0.5c0.4,0.1,0.7-0.2,0.9-0.8l0.8-3.5l1.6,0.3l-0.8,3.7c0,0.1-0.1,0.3-0.1,0.4c0,0.3,0.2,0.4,0.5,0.5\tc0.4,0.1,0.7-0.2,0.9-0.8L74.4,74.6z"},{"type":"path","fill":"#706F6F","stroke":"none","path":"M77.5,75.2c-0.5,1.3-1.3,1.9-2.5,1.7c-0.3-0.1-0.6-0.2-0.8-0.5c-0.2-0.3-0.4-0.6-0.4-1.1\tc0-0.2,0-0.5,0.1-0.7l0.7-3.1l-0.4-0.1l0.1-0.4l0.4,0.1l0.3-1.5l1.7,0.1l-0.4,1.7l0.7,0.1L77,71.9l-0.7-0.1L75.6,75\tc0,0.1,0,0.3,0,0.4c0,0.3,0.2,0.4,0.5,0.5c0.2,0,0.4,0,0.6-0.2c0.2-0.2,0.3-0.4,0.4-0.6L77.5,75.2z"},{"type":"path","fill":"#706F6F","stroke":"none","path":"M80.6,75.7c-0.5,1.3-1.3,1.9-2.5,1.7c-0.3-0.1-0.6-0.2-0.8-0.5c-0.2-0.3-0.4-0.6-0.4-1.1\tc0-0.2,0-0.5,0.1-0.7l0.8-3.5l1.6,0.3l-0.8,3.7c0,0.1,0,0.3,0,0.4c0,0.3,0.2,0.4,0.5,0.5c0.2,0,0.4,0,0.6-0.2\tc0.2-0.2,0.3-0.4,0.4-0.6L80.6,75.7z M79.8,70.4c0,0.3-0.1,0.5-0.3,0.6c-0.2,0.1-0.4,0.2-0.6,0.1c-0.3,0-0.5-0.2-0.6-0.4\tc-0.2-0.2-0.3-0.4-0.3-0.7c0-0.2,0.1-0.4,0.3-0.6s0.4-0.2,0.6-0.2s0.5,0.2,0.6,0.4C79.8,69.9,79.8,70.1,79.8,70.4z"},{"type":"path","fill":"#706F6F","stroke":"none","path":"M82.8,77.6c-0.4,0.3-0.8,0.5-1.4,0.4c-0.7-0.1-1.2-0.5-1.4-1.2c-0.1-0.2-0.1-0.5-0.1-0.8s0-0.6,0.1-0.9\tc0.1-0.3,0.1-0.6,0.2-0.9c0.2-0.6,0.6-1.1,1-1.4c0.4-0.4,1-0.5,1.6-0.4c0.3,0.1,0.6,0.2,0.7,0.3c0.1,0.1,0.2,0.3,0.2,0.5v0l0.1-0.5\tl1.6,0.3l-1.7,7.9l-1.7,0.1L82.8,77.6z M81.6,76.1c0,0.6,0.2,0.9,0.6,0.9c0.2,0,0.3,0,0.5-0.1c0.2-0.1,0.3-0.3,0.4-0.5l0.6-2.7\tc0-0.1-0.1-0.2-0.1-0.3c-0.1-0.1-0.2-0.2-0.4-0.2s-0.4,0-0.6,0.2c-0.5,0.5-0.8,1.2-0.9,2.2C81.6,75.7,81.6,75.9,81.6,76.1z"},{"type":"path","fill":"#706F6F","stroke":"none","path":"M91.9,77.7c-0.5,1.3-1.2,1.9-2.3,1.7c-0.7-0.1-1.1-0.5-1.1-1.3c-0.4,0.6-1,0.9-1.7,0.8\tc-0.3-0.1-0.6-0.2-0.9-0.5c-0.2-0.3-0.4-0.6-0.4-1.1c0-0.2,0-0.5,0.1-0.7l0.8-3.5l1.6,0.3l-0.8,3.7c0,0.1,0,0.2,0,0.3\tc0,0.3,0.1,0.5,0.3,0.5c0.4,0.1,0.7-0.2,0.9-0.8l0.8-3.5l1.6,0.3L90,77.6c0,0.1-0.1,0.3-0.1,0.4c0,0.3,0.2,0.4,0.5,0.5\tc0.4,0.1,0.7-0.2,0.9-0.8L91.9,77.7z"},{"type":"path","fill":"#706F6F","stroke":"none","path":"M92.9,78c0,0.6,0.2,1,0.7,1.1c0.2,0,0.4,0,0.7-0.1c0.2-0.1,0.5-0.2,0.6-0.3c-0.2,1.1-0.9,1.5-2,1.3\tc-0.5-0.1-1-0.3-1.3-0.6c-0.3-0.3-0.5-0.8-0.5-1.5c0-0.9,0.2-1.7,0.7-2.4c0.3-0.6,0.8-0.9,1.4-1.1c0.3-0.1,0.6-0.1,0.9,0\tc0.5,0.1,0.9,0.3,1.1,0.5s0.3,0.5,0.3,0.8c0,0.7-0.3,1.2-0.8,1.5c-0.5,0.4-1.1,0.5-1.8,0.4C92.9,77.7,92.9,77.8,92.9,78z\t M94.7,75.4c0-0.3-0.1-0.4-0.3-0.5c-0.4,0-0.7,0.3-1,1.1c-0.1,0.3-0.3,0.7-0.3,1c0.4,0.1,0.8-0.1,1.2-0.4\tC94.5,76.4,94.7,76,94.7,75.4z"},{"type":"path","fill":"#878787","stroke":"none","path":"M79.1,99.1 77.3,96.3 75.3,98.4 74.9,98.1 77.3,95.5 79.5,98.8 \tz"},{"type":"path","fill":"#93D5F6","stroke":"none","path":"M73.2,106.7 73.2,97.8 81,99.1 81,108.1 \tz"},{"type":"path","fill":"#878787","stroke":"none","path":"M81.2,108.4l-8.3-1.5v-9.4l8.3,1.4V108.4z M73.4,106.5l7.3,1.3v-8.4l-7.3-1.2V106.5z"},{"type":"path","fill":"#878787","stroke":"none","path":"M74.3,102.3 74.3,103.6 79.8,104.6 79.8,103.4 z"}]}