{"width":"229.7","height":"157.7","dx":"0","dy":"0","geometry":[{"type":"path","fill":"#989797","stroke":"none","path":"M2.4,103.2v12.9c0,13.7,29.6,39.5,115.6,39.5c63.7,0,109.1-20.9,109.1-39.1v-10.4c-1.3,18-47.1,38.1-109,38.1C30.2,144.3,1.6,117.2,2.4,103.2z"},{"type":"ellipse","fill":"#ECEDED","stroke":"#B3B3B3","stroke-miterlimit":10,"cx":114.9,"cy":104,"rx":112.1,"ry":39.9},{"type":"path","fill":"#DDDEDD","stroke":"none","path":"M42.6,109.5 42.6,41.2 91.6,15.4 141.6,58.9 141.6,127.7 z"},{"type":"path","fill":"#A28974","stroke":"none","path":"M142.1,0 91.6,15.4 141.6,58.9 192.1,41.2 z"},{"type":"path","fill":"#C7C7C6","stroke":"none","path":"M192.1,109.1 141.6,127.7 141.6,58.9 192.1,41.2 z"},{"type":"path","fill":"#B1B3B1","stroke":"none","path":"M128,124.9v-10.4c0,0-3-5.3-9.2-6.8c-5.9-1.4-9.2,2.2-9.2,2.2v11.6L128,124.9z"},{"type":"path","fill":"#A9C2DD","stroke":"none","path":"M128.1,104 128.1,83.2 110.7,80 110.7,100.7 z"},{"type":"path","fill":"#A9C2DD","stroke":"none","path":"M109.6,100.5 109.6,79.7 92.1,76.4 92.1,97.2 z"},{"type":"path","fill":"#A9C2DD","stroke":"none","path":"M91,96.9 91,76.2 73.6,72.9 73.6,93.7 z"},{"type":"path","fill":"#A9C2DD","stroke":"none","path":"M72.1,93.5 72.1,72.7 55.1,69.4 55.1,90.1 z"},{"type":"path","fill":"#A9C2DD","stroke":"none","path":"M128.1,79.4 128.1,58.6 110.7,55.4 110.7,76.1 z"},{"type":"path","fill":"#A9C2DD","stroke":"none","path":"M109.6,75.9 109.6,55.1 92.1,51.8 92.1,72.6 z"},{"type":"path","fill":"#A9C2DD","stroke":"none","path":"M91,72.3 91,51.6 73.6,48.3 73.6,69.1 z"},{"type":"path","fill":"#A9C2DD","stroke":"none","path":"M72.1,68.9 72.1,48.1 55.1,44.8 55.1,65.5 z"},{"type":"path","fill":"#90A6BD","stroke":"none","path":"M170.2,74.9 170.2,54.4 186.2,48.6 186.2,69.1 z"},{"type":"path","fill":"#90A6BD","stroke":"none","path":"M151.4,82 151.4,61.5 168.3,55.1 168.3,75.6 z"},{"type":"path","fill":"#90A6BD","stroke":"none","path":"M170.2,97.2 170.2,76.7 186.2,70.8 186.2,91.3 z"},{"type":"path","fill":"#90A6BD","stroke":"none","path":"M151.4,104.9 151.4,84.3 168.3,77.9 168.3,98.4 z"},{"type":"path","fill":"#DDDEDD","stroke":"none","path":"M139.1,57.6"},{"type":"path","fill":"#868786","stroke":"none","path":"M49.2,126.1 47.1,127 47.1,94.2 49.2,94.3 z"},{"type":"path","fill":"#868786","stroke":"none","path":"M65.3,99.2 63.2,100.1 63.2,59.2 65.3,58.7 z"},{"type":"path","fill":"#F8B334","stroke":"none","path":"M65.3,58.7 33,52.2 30.9,52.6 30.9,94 44.7,96.7 44.7,126.9 47.1,127.3 47.1,97.2 63.2,100.4 63.2,59.2 z"},{"type":"path","fill":"#3E3D40","stroke":"none","path":"M40.9,71.6v19.2c0,0.5,0.2,1,0.5,1.4c0.4,0.4,0.8,0.7,1.3,0.8c0.5,0.1,0.9,0,1.3-0.3\tc0.4-0.3,0.5-0.7,0.5-1.2V72.3c0.5-0.1,2.6-1.6,2.6-2.1v-7.7c0-0.3-0.1-0.5-0.3-0.7c-0.2-0.2-0.4-0.3-0.6-0.4c-0.3,0-0.5,0-0.6,0.2\ts-0.3,0.3-0.3,0.6v6c0,0.3-0.1,0.4-0.3,0.6c-0.2,0.2-0.4,0.2-0.6,0.2c-0.2,0-0.5-0.2-0.6-0.4s-0.3-0.4-0.3-0.7v-6\tc0-0.3-0.1-0.5-0.3-0.7c-0.2-0.2-0.4-0.3-0.6-0.4c-0.2,0-0.5,0-0.6,0.2c-0.2,0.2-0.3,0.4-0.3,0.6v6c0,0.2-0.1,0.4-0.3,0.6\tc-0.2,0.1-0.4,0.2-0.6,0.2c-0.2,0-0.5-0.2-0.6-0.4c-0.2-0.2-0.3-0.4-0.3-0.7v-6c0-0.3-0.1-0.5-0.3-0.7c-0.2-0.2-0.4-0.3-0.6-0.4\tc-0.3,0-0.5,0-0.6,0.2c-0.2,0.1-0.3,0.3-0.3,0.6v7.7C37.9,69.1,40.3,71.3,40.9,71.6z"},{"type":"path","fill":"#3E3D40","stroke":"none","path":"M42.7,93C42.7,92.9,42.7,92.9,42.7,93C42.7,92.9,42.7,92.9,42.7,93L42.7,93z"},{"type":"path","fill":"#3E3D40","stroke":"none","path":"M54.5,95.4C54.5,95.4,54.5,95.4,54.5,95.4C54.4,95.4,54.4,95.4,54.5,95.4L54.5,95.4z"},{"type":"path","fill":"#3E3D40","stroke":"none","path":"M50.5,77.9l2.1,0.4v14.9c0,0.5,0.2,1,0.5,1.4c0.4,0.4,0.8,0.7,1.3,0.8c0.5,0.1,0.9,0,1.3-0.3\tc0.4-0.3,0.5-0.7,0.5-1.2V63.3c0-0.3-0.1-0.5-0.3-0.7c-0.2-0.2-0.4-0.3-0.6-0.4l-0.7-0.1c-1.3-0.2-2.4,0-3.3,0.8\tc-0.9,0.7-1.4,1.7-1.4,3v11.5c0,0.1,0,0.2,0.1,0.3C50.3,77.9,50.4,77.9,50.5,77.9z"}]}