{"width":"225.3","height":"142.2","dx":"0","dy":"0","geometry":[{"type":"path","fill":"#EBDFC1","stroke":"none","path":"M112.4,130.8c-61.6,0-111.8-17.9-111.8-39.9S50.8,51,112.4,51s111.8,17.9,111.8,39.9\n\tS174.1,130.8,112.4,130.8z"},{"type":"path","fill":"#989797","stroke":"none","path":"M224.1,92.6c-2.5,21.2-51.7,38.1-111.7,38.1c-61.6,0-111.8-17.9-111.8-39.9c0-0.4,0-0.8,0.1-1.2H0.3L0,102\n\tc0,22.2,51.1,40.2,112.9,40.2s111.8-18,111.8-40.2v-9.4H224.1z"},{"type":"ellipse","fill":"none","stroke":"#B3B3B3","stroke-width":0.9996,"stroke-miterlimit":10,"cx":112.5,"cy":90.5,"rx":112.1,"ry":39.9},{"type":"path","fill":"#AC8A53","stroke":"none","path":"M104.6,62 101.2,58.3 41.7,48 37.9,50.3 z"},{"type":"path","fill":"#DDBC8E","stroke":"none","path":"M100.1,94.2 100.1,62.1 181.8,32.2 182,65.3 z"},{"type":"path","fill":"#DCBA32","stroke":"none","path":"M77.1,70.7 101,61.8 37.5,50.5 15,58.8 z"},{"type":"path","fill":"#DAAB31","stroke":"none","path":"M77.1,70.7 15,58.8 15,92.5 77.1,103.7 z"},{"type":"path","fill":"#55AF32","stroke":"none","path":"M26.1,71.4 21.9,70.6 21.9,76.3 26.1,77 z"},{"type":"path","fill":"#55AF32","stroke":"none","path":"M33.5,72.7 29.4,71.9 29.4,77.6 33.5,78.3 z"},{"type":"path","fill":"#F5EEDB","stroke":"none","path":"M60.2,77.2 53.4,75.9 53.4,85.3 60.2,86.4 z"},{"type":"path","fill":"#CC922F","stroke":"none","path":"M76.8,103.7 76.8,70.7 100.7,61.8 100.7,95.5 z"},{"type":"path","fill":"#EBDFC1","stroke":"none","path":"M128.5,84.4 128.5,53.8 144.5,48.1 144.5,78.7 z"},{"type":"path","fill":"#C5A980","stroke":"none","path":"M144.5,48.1 142.9,48.7 142.9,78.5 144.5,78.7 z"},{"type":"path","fill":"#EBDFC1","stroke":"none","path":"M152.6,60.9 152.6,49.3 168.5,43.7 168.5,55.3 z"},{"type":"path","fill":"#C5A980","stroke":"none","path":"M152.6,60.9 152.5,60.2 167,55.1 168.5,55.3 z"},{"type":"path","fill":"#C5A980","stroke":"none","path":"M168.5,43.7 166.9,44.2 166.9,55.1 168.5,55.3 z"},{"type":"path","fill":"#F6EDDB","stroke":"none","path":"M142.9,1.5 59.1,29.2 91.6,55.8 174.3,25.9 z"},{"type":"path","fill":"#FFFAE7","stroke":"none","path":"M174.3,25.9 91.6,55.8 104.7,58.3 187.4,28.3 z"},{"type":"path","fill":"#ECE0C2","stroke":"none","path":"M91.6,55.8 59.1,29.2 37.5,46.3 z"},{"type":"path","fill":"#A58F6B","stroke":"none","path":"M100.1,68 100.1,67.1 104.9,62.4 106.6,61.7 z"},{"type":"path","fill":"#E5C070","stroke":"none","path":"M105,62.4 37.5,50.5 37.5,46.3 105,58.2 z"},{"type":"path","fill":"#D3B268","stroke":"none","path":"M105,62.4 100.1,67.1 100.1,62.8 101.1,61.9 z"},{"type":"path","fill":"#A58F6B","stroke":"none","path":"M124.7,59.4 124.7,58.4 129.5,53.7 131.2,53 z"},{"type":"path","fill":"#D3B268","stroke":"none","path":"M129.5,53.7 124.7,58.4 124.7,54.2 125.7,53.2 z"},{"type":"path","fill":"#A58F6B","stroke":"none","path":"M170.7,42.9 170.7,41.9 175.5,37.3 177.2,36.6 z"},{"type":"path","fill":"#D3B268","stroke":"none","path":"M175.6,37.3 170.7,41.9 170.7,37.7 171.7,36.8 z"},{"type":"path","fill":"#A58F6B","stroke":"none","path":"M192.3,46.6 192.3,45.7 196.7,41.5 198.2,40.8 z"},{"type":"path","fill":"#D3B268","stroke":"none","path":"M190.5,35.3 185.7,40 185.7,35.8 186.6,34.8 z"},{"type":"path","fill":"#F6CE78","stroke":"none","path":"M187.5,32.5 104.8,62.3 104.8,58.1 187.5,28.3 z"},{"type":"path","fill":"#CBBB9D","stroke":"none","path":"M42.6,107.6 16.2,102.9 16.2,105.7 42.6,110.4 z"},{"type":"path","fill":"#A89D85","stroke":"none","path":"M42.6,110.4 42.6,107.6 58.5,101.8 58.6,104.1 57.1,104.7 44.5,109.6 z"},{"type":"path","fill":"#ECE0C2","stroke":"none","path":"M42.6,107.5 58.5,101.8 32.1,97.1 16.2,102.9 z"},{"type":"path","fill":"#BF995B","stroke":"none","path":"M42.6,107.5 58.5,101.8 32.1,97.1 16.2,102.9 z"},{"type":"path","fill":"#CBBB9D","stroke":"none","path":"M42.6,102.8 16.2,98 16.2,103.1 17.4,103.4 17.4,100.4 40.6,104.5 40.6,107.5 42.6,107.8 z"},{"type":"path","fill":"#CBBB9D","stroke":"none","path":"M57,99.4 55.2,99.2 55.2,102.2 57,102.6 z"},{"type":"path","fill":"#A89D85","stroke":"none","path":"M42.6,107.8 42.6,102.8 58.5,97 58.6,102.1 57.1,102.6 57.1,99.8 44.5,104.8 44.5,107.2 z"},{"type":"path","fill":"#A89D85","stroke":"none","path":"M17.4,103.4 17.4,100.4 19.6,100.7 19.6,102.6 z"},{"type":"path","fill":"#ECE0C2","stroke":"none","path":"M42.6,102.8 58.5,97 32.1,92.3 16.2,98 z"},{"type":"path","fill":"#BF995B","stroke":"none","path":"M42.6,102.8 58.5,97 32.1,92.3 16.2,98 z"},{"type":"path","fill":"#CBBB9D","stroke":"none","path":"M42.6,97.9 16.2,93.2 16.2,98.2 17.4,98.5 17.4,95.5 40.6,99.6 40.6,102.6 42.6,102.9 z"},{"type":"path","fill":"#CBBB9D","stroke":"none","path":"M57,94.6 55.2,94.4 55.2,97.3 57,97.7 z"},{"type":"path","fill":"#A89D85","stroke":"none","path":"M42.6,102.9 42.6,97.9 58.5,92.1 58.6,97.2 57.1,97.7 57.1,95 44.5,99.9 44.5,102.4 z"},{"type":"path","fill":"#A89D85","stroke":"none","path":"M17.4,98.5 17.4,95.5 19.6,95.9 19.6,97.7 z"},{"type":"path","fill":"#ECE0C2","stroke":"none","path":"M42.6,97.8 58.5,92.1 32.1,87.4 16.2,93.2 z"},{"type":"path","fill":"#BF995B","stroke":"none","path":"M42.6,97.8 58.5,92.1 32.1,87.4 16.2,93.2 z"},{"type":"path","fill":"#6F6561","stroke":"none","path":"M23.8,90.7 36.1,86.9 51.8,90 39.6,93.8 z"},{"type":"path","fill":"#A29590","stroke":"none","path":"M23.8,93.2 23.8,90.7 39.6,93.8 39.6,96.3 z"},{"type":"path","fill":"#6A4937","stroke":"none","path":"M26.5,91.3c0.3-0.4,0.9,0,2.6-1s1.6,0.2,2.6-0.3s2.2-2.4,3.9-2.2c0.4,0,1.4,0.2,2.8,0.2\n\tc1.4,0,2.5-0.5,3.2,0.3c0.7,0.9,0.4,1.1,2.4,1.2s2.7,0.1,3,0.5s0.5,1.5,0.5,1.5l-7.7,2.3L26.5,91.3z"},{"type":"path","fill":"#807A75","stroke":"none","path":"M51.8,92.6 39.6,96.3 39.6,93.8 51.8,90 z"},{"type":"path","fill":"#AEBD59","stroke":"none","path":"M35.5,88.3c-0.5-0.5-0.5-1.6-0.2-1.8c0.2-0.2,1-0.5,1.1-0.2c0.2,0.2,0.5,1.2,1.1,0.5\n\tc0.6-0.8,1.1-1.1,1.2-1.1c0.2,0,0.1,0,0.3,0.5s1.2,0.3,0.9,0.9c-0.3,0.5-0.8,0.6-0.6,0.9c0.1,0.2,0.1,0.6,0.6,0.8\n\tc0.5,0.1,0.9-0.5,1-0.8c0-0.1,0.3-0.3,0.5,0c0.1,0.3-0.2,1.2,0.3,0.5s0.3-0.8,0.8-1.2c0.3-0.5,1.2-0.3,1.4,0\n\tc0.1,0.3-0.2,0.2-0.1,0.8c0.1,0.5,0.3,0.8,0.8,0.8c0.3,0,1.7,0,1.6,0.5c0,0.3,0.5,1.4,0.1,1.5l-1.1,0.3L35.5,88.3z"},{"type":"path","fill":"#5AAC26","stroke":"none","path":"M33,89.7c-0.4-0.4-0.4-1.4-0.2-1.6s0.9-0.4,1-0.2c0.2,0.2,0.4,1.1,1,0.4c0.5-0.7,1-1,1.1-1\n\tc0.2,0,0.1,0,0.3,0.4s1.1,0.3,0.8,0.8s-0.7,0.5-0.5,0.8s0.1,0.5,0.5,0.7c0.4,0.1,0.8-0.4,0.9-0.7c0-0.1,0.3-0.3,0.4,0\n\tc0.1,0.3-0.2,1.1,0.3,0.4s0.3-0.7,0.7-1.1c0.3-0.4,1.1-0.3,1.2,0c0.1,0.3-0.2,0.2-0.1,0.7c0.1,0.4,0.3,0.7,0.7,0.7\n\tc0.3,0,1.5,0,1.4,0.4c0,0.3,0.4,1.2,0.1,1.3l-1,0.3L33,89.7z"},{"type":"path","fill":"#AEBD59","stroke":"none","path":"M30.3,90.3c-0.4-0.4-0.4-1.4-0.2-1.6c0.2-0.2,0.9-0.4,1-0.2c0.2,0.2,0.4,1.1,1,0.4c0.5-0.7,1-1,1.1-1\n\tc0.2,0,0.1,0,0.3,0.4s1.1,0.3,0.8,0.8c-0.3,0.4-0.7,0.5-0.5,0.8s0.1,0.5,0.5,0.7c0.4,0.1,0.8-0.4,0.9-0.7c0-0.1,0.3-0.3,0.4,0\n\tc0.1,0.3-0.2,1.1,0.3,0.4s0.3-0.7,0.7-1.1c0.3-0.4,1.1-0.3,1.2,0c0.1,0.3-0.2,0.2-0.1,0.7c0.1,0.4,0.3,0.7,0.7,0.7\n\tc0.3,0,1.5,0,1.4,0.4c0,0.3,0.4,1.2,0.1,1.3l-1,0.3L30.3,90.3z"},{"type":"path","fill":"#6F6561","stroke":"none","path":"M46.8,101.7 60.8,97.3 78.7,100.9 64.8,105.2 z"},{"type":"path","fill":"#A29590","stroke":"none","path":"M46.8,110.4 46.8,101.7 64.8,105.2 64.8,113.9 z"},{"type":"path","fill":"#6A4937","stroke":"none","path":"M49.9,102.4c0.3-0.5,1,0,2.9-1.1s1.8,0.2,2.9-0.3c1.1-0.6,2.5-2.7,4.4-2.5c0.5,0,1.6,0.2,3.2,0.2\n\ts2.8-0.6,3.6,0.3c0.8,1,0.5,1.2,2.7,1.4c2.3,0.1,3,0.1,3.4,0.6s0.6,1.7,0.6,1.7l-8.8,2.6L49.9,102.4z"},{"type":"path","fill":"#807A75","stroke":"none","path":"M78.7,109.6 64.8,113.9 64.8,105.2 78.7,100.9 z"},{"type":"path","fill":"#AEBD59","stroke":"none","path":"M58.7,100.4c-0.5-0.5-0.5-1.6-0.2-1.8c0.2-0.2,1-0.5,1.1-0.2c0.2,0.2,0.5,1.2,1.1,0.5\n\tc0.6-0.8,1.1-1.1,1.2-1.1c0.2,0,0.1,0,0.3,0.5s1.2,0.3,0.9,0.9c-0.3,0.5-0.8,0.6-0.6,0.9c0.1,0.2,0.1,0.6,0.6,0.8\n\tc0.5,0.1,0.9-0.5,1-0.8c0-0.1,0.3-0.3,0.5,0s-0.2,1.2,0.3,0.5c0.6-0.8,0.3-0.8,0.8-1.2c0.3-0.5,1.2-0.3,1.4,0\n\tc0.1,0.3-0.2,0.2-0.1,0.8c0.1,0.5,0.3,0.8,0.8,0.8c0.3,0,1.7,0,1.6,0.5c0,0.3,0.5,1.4,0.1,1.5l-1.1,0.3L58.7,100.4z"},{"type":"path","fill":"#5AAC26","stroke":"none","path":"M57.3,100.6c-0.5-0.5-0.5-1.6-0.2-1.8c0.2-0.2,1-0.5,1.1-0.2c0.2,0.2,0.5,1.2,1.1,0.5\n\tc0.6-0.8,1.1-1.1,1.2-1.1c0.2,0,0.1,0,0.3,0.5s1.2,0.3,0.9,0.9s-0.8,0.6-0.6,0.9s0.1,0.6,0.6,0.8c0.5,0.1,0.9-0.5,1-0.8\n\tc0-0.1,0.3-0.3,0.5,0c0.1,0.3-0.2,1.2,0.3,0.5c0.6-0.8,0.3-0.8,0.8-1.2c0.3-0.5,1.2-0.3,1.4,0c0.1,0.3-0.2,0.2-0.1,0.8\n\tc0.1,0.5,0.3,0.8,0.8,0.8c0.3,0,1.7,0,1.6,0.5c0,0.3,0.5,1.4,0.1,1.5l-1.1,0.3L57.3,100.6z"},{"type":"path","fill":"#AEBD59","stroke":"none","path":"M54.2,101.3c-0.5-0.5-0.5-1.6-0.2-1.8s1-0.5,1.1-0.2c0.2,0.2,0.5,1.2,1.1,0.5c0.6-0.8,1.1-1.1,1.2-1.1\n\tc0.2,0,0.1,0,0.3,0.5s1.2,0.3,0.9,0.9c-0.3,0.5-0.8,0.6-0.6,0.9s0.1,0.6,0.6,0.8c0.5,0.1,0.9-0.5,1-0.8c0-0.1,0.3-0.3,0.5,0\n\tc0.1,0.3-0.2,1.2,0.3,0.5c0.6-0.8,0.3-0.8,0.8-1.2c0.3-0.5,1.2-0.3,1.4,0c0.1,0.3-0.2,0.2-0.1,0.8c0.1,0.5,0.3,0.8,0.8,0.8\n\tc0.3,0,1.7,0,1.6,0.5c0,0.3,0.5,1.4,0.1,1.5l-1.1,0.3L54.2,101.3z"},{"type":"path","fill":"#6F6561","stroke":"none","path":"M165.8,64.9 179.8,60.5 197.7,64.1 183.8,68.4 z"},{"type":"path","fill":"#A29590","stroke":"none","path":"M165.8,73.6 165.8,64.9 183.8,68.4 183.8,77.1 z"},{"type":"path","fill":"#6A4937","stroke":"none","path":"M168.9,65.6c0.3-0.5,1,0,2.9-1.1s1.8,0.2,2.9-0.3c1.1-0.6,2.5-2.7,4.4-2.5c0.5,0,1.6,0.2,3.2,0.2\n\ts2.8-0.6,3.6,0.3c0.8,1,0.5,1.2,2.7,1.4c2.3,0.1,3,0.1,3.4,0.6c0.3,0.5,0.6,1.7,0.6,1.7l-8.8,2.6L168.9,65.6z"},{"type":"path","fill":"#807A75","stroke":"none","path":"M197.7,72.8 183.8,77.1 183.8,68.4 197.7,64.1 z"},{"type":"path","fill":"#AEBD59","stroke":"none","path":"M177.7,63.6c-0.5-0.5-0.5-1.6-0.2-1.8c0.2-0.2,1-0.5,1.1-0.2c0.2,0.2,0.5,1.2,1.1,0.5\n\tc0.6-0.8,1.1-1.1,1.2-1.1c0.2,0,0.1,0,0.3,0.5s1.2,0.3,0.9,0.9c-0.3,0.5-0.8,0.6-0.6,0.9c0.1,0.2,0.1,0.6,0.6,0.8\n\tc0.5,0.1,0.9-0.5,1-0.8c0-0.1,0.3-0.3,0.5,0s-0.2,1.2,0.3,0.5c0.6-0.8,0.3-0.8,0.8-1.2c0.3-0.5,1.2-0.3,1.4,0s-0.2,0.2-0.1,0.8\n\tc0.1,0.5,0.3,0.8,0.8,0.8c0.3,0,1.7,0,1.6,0.5c0,0.3,0.5,1.4,0.1,1.5l-1.1,0.3L177.7,63.6z"},{"type":"path","fill":"#5AAC26","stroke":"none","path":"M176.3,63.8c-0.5-0.5-0.5-1.6-0.2-1.8c0.2-0.2,1-0.5,1.1-0.2c0.2,0.2,0.5,1.2,1.1,0.5\n\tc0.6-0.8,1.1-1.1,1.2-1.1c0.2,0,0.1,0,0.3,0.5s1.2,0.3,0.9,0.9c-0.3,0.6-0.8,0.6-0.6,0.9c0.2,0.3,0.1,0.6,0.6,0.8\n\tc0.5,0.1,0.9-0.5,1-0.8c0-0.1,0.3-0.3,0.5,0s-0.2,1.2,0.3,0.5c0.6-0.8,0.3-0.8,0.8-1.2c0.3-0.5,1.2-0.3,1.4,0s-0.2,0.2-0.1,0.8\n\tc0.1,0.5,0.3,0.8,0.8,0.8c0.3,0,1.7,0,1.6,0.5c0,0.3,0.5,1.4,0.1,1.5l-1.1,0.3L176.3,63.8z"},{"type":"path","fill":"#AEBD59","stroke":"none","path":"M173.2,64.4c-0.5-0.5-0.5-1.6-0.2-1.8c0.2-0.2,1-0.5,1.1-0.2c0.2,0.2,0.5,1.2,1.1,0.5\n\tc0.6-0.8,1.1-1.1,1.2-1.1c0.2,0,0.1,0,0.3,0.5s1.2,0.3,0.9,0.9c-0.3,0.5-0.8,0.6-0.6,0.9s0.1,0.6,0.6,0.8c0.5,0.1,0.9-0.5,1-0.8\n\tc0-0.1,0.3-0.3,0.5,0c0.2,0.3-0.2,1.2,0.3,0.5s0.3-0.8,0.8-1.2c0.3-0.5,1.2-0.3,1.4,0c0.1,0.3-0.2,0.2-0.1,0.8\n\tc0.1,0.5,0.3,0.8,0.8,0.8c0.3,0,1.7,0,1.6,0.5c0,0.3,0.5,1.4,0.1,1.5l-1.1,0.3L173.2,64.4z"},{"type":"ellipse","fill":"#55AF32","stroke":"none","cx":209.8,"cy":46.4,"rx":9.3,"ry":6.5},{"type":"ellipse","fill":"#85BD59","stroke":"none","cx":187.8,"cy":40.4,"rx":8.5,"ry":6.7},{"type":"ellipse","fill":"#55AF32","stroke":"none","cx":192.5,"cy":48.6,"rx":11.9,"ry":7.3},{"type":"ellipse","fill":"#DEDC00","stroke":"none","cx":199.2,"cy":32.1,"rx":9.9,"ry":7.6},{"type":"ellipse","fill":"#ADBD5C","stroke":"none","cx":206.6,"cy":36.8,"rx":10,"ry":7.4},{"type":"ellipse","fill":"#D8D9DC","stroke":"#FAFAFA","stroke-width":0.0971394,"stroke-miterlimit":10,"cx":202.1,"cy":82.8,"rx":9.6,"ry":3.4},{"type":"path","fill":"#A3897B","stroke":"none","path":"M199.6,46.2L199.6,46.2L199.6,46.2L199.6,46.2L199.6,46.2c0-0.5,0.9-0.8,2.1-0.8s2.1,0.3,2.1,0.8l0,0l1.1,36\n\tc0,0.6-1.4,1.1-3,1.1c-1.7,0-3-0.5-3-1.1L199.6,46.2z"},{"type":"path","fill":"#A3897B","stroke":"none","path":"M210.9,44.4L210.9,44.4L210.9,44.4L210.9,44.4L210.9,44.4c0.2-0.2,0.6,0.2,1.1,0.5c0.5,0.5,0.6,0.9,0.5,1.1\n\tl0,0l-8.8,9.4c-0.2,0.2-0.9-0.2-1.5-0.8s-0.9-1.4-0.8-1.5L210.9,44.4z"},{"type":"ellipse","fill":"#C6D217","stroke":"none","cx":197,"cy":42.6,"rx":8.1,"ry":7},{"type":"path","fill":"#CBBB9D","stroke":"none","path":"M165.9,82.9c2.9,0,2.9-3.3,2.9-3.3c-1-0.4-1.9-0.6-2.7-0.6s-2,0.2-3,0.6C163,82.5,165.9,82.9,165.9,82.9z"},{"type":"path","fill":"#CBBB9D","stroke":"none","path":"M165.9,78c2.9,0,4.5-2.4,4.5-5.3c0-3-1.6-5.3-4.5-5.3s-4.7,2.4-4.7,5.3C161.1,75.6,162.8,78,165.9,78z"},{"type":"path","fill":"#9C9C9E","stroke":"none","path":"M171.6,101.4c2-2.9,3.3-5.6,3.9-9c0.6-4.5-0.4-8.4-2.9-10.6c-0.8-0.8-1.9-1.4-2.7-1.9\n\tc-0.6-0.2-1.3-0.4-2-0.6c-0.4,0-0.2,2.3-2.4,2.3s-1.6-2.3-2.3-2c-1.4,0.4-2.7,1-3,1.6c-1.3,1.3-2,2.9-2.4,4.1\n\tc-0.8,2.3-1,4.5-1.4,6.8c-0.3,0.8-0.3,1.6-0.4,2.4c-0.2,1,0.6,2,1.6,2.3c0.2,0,0.2,0,0.4,0c0.8,0,1.6-0.6,1.9-1.6\n\tc0.2-0.8,0.2-1.9,0.4-2.7c0.2-1.9,0.4-3.7,1-5.3c0,1.9-0.4,7.4-0.4,7.4h10.3L171.6,101.4z M171.6,91.8c-0.2,0.8-0.2,1.6-0.6,2.3\n\tc-0.2-1.6-0.2-4.1-0.4-5.9c0-0.6,0-1,0-1.6v-1.4C172,87.5,171.8,90.1,171.6,91.8z"},{"type":"path","fill":"#ECEDED","stroke":"none","path":"M168.1,75.1H164c0,0,0.6,1.4,2,1.4C167.3,76.6,168.1,75.1,168.1,75.1z"},{"type":"path","fill":"#5F4C3F","stroke":"none","path":"M170.2,72.7c1.4-0.2-0.2-6.2-4.5-6c-4.7,0-4.5,6-4.5,6h0.4c0,0,0.6-3,4.3-3\n\tC169.7,69.6,170.2,72.7,170.2,72.7L170.2,72.7z"},{"type":"path","fill":"#5F4C3F","stroke":"none","path":"M167.3,71.7c0.3,0,0.4,0.3,0.4,0.8c0,0.4-0.2,0.8-0.4,0.8c-0.3,0-0.4-0.3-0.4-0.8S167,71.7,167.3,71.7z"},{"type":"ellipse","fill":"#5F4C3F","stroke":"none","cx":164.8,"cy":72.4,"rx":0.4,"ry":0.8},{"type":"path","fill":"#3E3D40","stroke":"none","path":"M160.7,94.4l-1.4,21.5c0,1.4,1,2.4,2.3,2.7h0.2c1.3,0,2.4-1,2.4-2.3l1.3-17c0.2,0,0.4,0,0.4,0\n\tc0.2,0,1.4,13.9,1.4,13.9l0.2,3c0,1.3,1.3,2.3,2.4,2.3h0.2c1,0,2-0.8,2.3-1.9c0-0.2,0-0.6,0-0.8l-0.3-5.2l-0.6-9.2l-0.4-7\n\tC171,94.4,160.7,94.4,160.7,94.4z"},{"type":"path","fill":"#B2B4B5","stroke":"none","path":"M147.4,74.1c-1.3-0.4-2.3-0.6-3.1-0.6c-0.9,0-1.6,0.1-2.8,0.6c0,0,0.1,3.4,3,3.4\n\tC144.3,77.5,147.4,77.2,147.4,74.1z"},{"type":"path","fill":"#B2B4B5","stroke":"none","path":"M144.3,72.5c-3,0-4.6-2.5-4.6-5.4c0-3.1,1.6-5.4,4.6-5.4s4.8,2.5,4.8,5.4C149,70,147.4,72.5,144.3,72.5z"},{"type":"path","fill":"#00AFBC","stroke":"none","path":"M133.7,92.9c0,1,0.1,2.1,1.6,2.3c1.4,0.2,1.9-0.6,2.2-1.7c0.9-6.5,1.9-12.2,1.9-12.2c0,0.4,0,1,0,1.6\n\t\tl-0.4,6.3h10.9c0,0-0.4-5.7-0.6-7.6c0.6,1.6,1.6,10.9,1.9,11.7c0.1,1,1,1.6,1.9,1.6c1.8,0,2.1-1.3,2.1-2.3\n\t\tc-0.1-0.9-1.5-10.7-2.3-13c-0.4-1.5-1.3-3.1-2.5-4.2c-0.6-0.6-1.6-1.5-3.1-1.6c-0.6-0.1,0,2.1-2.3,2.1s-2.1-2.3-2.5-2.3\n\t\tc-0.9,0.1-1.5,0.4-2.1,0.6c-0.9,0.4-1.9,0.9-2.8,1.9c-0.7,0.7-1.7,3.7-2.7,8.3C134,88.3,133.7,91.7,133.7,92.9z"},{"type":"path","fill":"#5F4C3F","stroke":"none","path":"M139.8,67c0-3.1,1.6-5.4,4.6-5.4s4.8,2.5,4.8,5.4h-0.4c0,0-0.6-3.1-4.4-3.1c-4,0-4.4,3.1-4.4,3.1H139.8z"},{"type":"ellipse","fill":"#5F4C3F","stroke":"none","cx":142.9,"cy":67.2,"rx":0.4,"ry":0.9},{"type":"ellipse","fill":"#5F4C3F","stroke":"none","cx":145.5,"cy":67.2,"rx":0.4,"ry":0.9},{"type":"path","fill":"#58585A","stroke":"none","path":"M138.9,89.4l-0.4,7.1l-0.6,9.5l-0.4,5.4c0,0.1,0,0.6,0,0.9c0.1,1,1.3,1.9,2.3,1.9h0.1c1.3,0,2.5-1,2.5-2.3\n\tl0.1-3.1l1-14.3c0.1,0,0.4,0,0.6,0c0,0,0,0,0.1,0c0,0,0.1,0,0.4,0l1.3,17.5c0,1.3,1.3,2.3,2.5,2.3h0.1c1.5,0,2.5-1.3,2.3-2.8\n\tl-1.5-22.1H138.9L138.9,89.4z"},{"type":"path","fill":"#FFFFFF","stroke":"none","path":"M142.4,69.6h3.8c0,0-0.7,0.9-2,0.9C143.1,70.5,142.4,69.6,142.4,69.6z"},{"type":"path","fill":"#A89D85","stroke":"none","path":"M76.7,113.8 76.7,98.7 79.4,99.9 79.4,112.9 z"},{"type":"path","fill":"#CBBB9D","stroke":"none","path":"M119.6,95.9 117.2,95.6 117.2,108.6 119.6,109 z"},{"type":"path","fill":"#CBBB9D","stroke":"none","path":"M96.4,102.4 75.2,98.4 75.2,113.6 76.7,113.8 76.7,100.8 94.9,104.3 95,117.2 96.4,117.5 z"},{"type":"path","fill":"#FEF7F1","stroke":"none","path":"M96.4,102.4 122,93.1 100.8,89.4 75.2,98.4 z"},{"type":"path","fill":"#A89D85","stroke":"none","path":"M96.4,117.5 96.4,102.4 122,93.1 122,108.2 119.5,109 119.5,96.1 99.1,103.6 99.1,116.5 z"},{"type":"path","fill":"#AC8A53","stroke":"none","path":"M100.2,95.4 100.2,91.1 106.5,88.7 106.5,93.1 z"},{"type":"path","fill":"#CBBB9D","stroke":"none","path":"M100.2,91.1 91.5,89.3 97.6,87 106.5,88.7 z"},{"type":"path","fill":"#BF995B","stroke":"none","path":"M91.5,93.7 91.5,89.3 100.2,91.1 100.2,95.4 z"},{"type":"path","fill":"#AC8A53","stroke":"none","path":"M112.4,96.3 112.4,91.9 118.7,89.5 118.7,93.9 z"},{"type":"path","fill":"#CBBB9D","stroke":"none","path":"M112.4,91.9 103.7,90.1 109.9,87.8 118.7,89.5 z"},{"type":"path","fill":"#BF995B","stroke":"none","path":"M103.7,94.5 103.7,90.1 112.4,91.9 112.4,96.3 z"},{"type":"path","fill":"#AC8A53","stroke":"none","path":"M87.8,99 87.8,94.7 94.2,92.3 94.2,96.7 z"},{"type":"path","fill":"#CBBB9D","stroke":"none","path":"M87.8,94.7 79.1,92.9 85.3,90.6 94.2,92.3 z"},{"type":"path","fill":"#BF995B","stroke":"none","path":"M79.1,97.3 79.1,92.9 87.8,94.7 87.8,99 z"},{"type":"path","fill":"#AC8A53","stroke":"none","path":"M93.7,100.2 93.7,95.8 100.1,93.4 100.1,97.8 z"},{"type":"path","fill":"#CBBB9D","stroke":"none","path":"M93.7,95.8 90.4,95.1 96.7,92.8 100.1,93.4 z"},{"type":"path","fill":"#BF995B","stroke":"none","path":"M90.4,99.5 90.4,95.1 93.7,95.8 93.7,100.2 z"}]}