{"width":"224.7","height":"129.1","dx":"0","dy":"0","geometry":[{"type":"path","fill":"#9A9996","stroke":"none","path":"M0,76.6v13c0,13.7,29.6,39.5,115.6,39.5c63.7,0,109.1-20.9,109.1-39.1V79.6c-1.3,18-47.1,38.1-109,38.1C27.8,117.7-0.8,90.6,0,76.6z"},{"type":"ellipse","fill":"#F6F6F6","stroke":"#B4B4B4","stroke-width":0.9996,"stroke-miterlimit":10,"cx":112.5,"cy":77.5,"rx":112.1,"ry":39.9},{"type":"path","fill":"#DDDEDF","stroke":"none","path":"M22.5,79.2 22.5,21 130.5,40.6 130.5,98.8 z"},{"type":"path","fill":"#878787","stroke":"none","path":"M28,80 28,41.9 121.8,58.9 121.8,97 z"},{"type":"path","fill":"#EEEDED","stroke":"none","path":"M22.5,21 87.5,0 190.7,18.9 130.6,40.6 z"},{"type":"path","fill":"#C7C7C8","stroke":"none","path":"M190.7,75.6 130.5,98.8 130.5,40.6 190.7,18.9 z"},{"type":"path","fill":"#A9C2E1","stroke":"none","path":"M84.6,90.3 84.4,53.7 68.6,50.8 68.7,87.4 z"},{"type":"path","fill":"#A9C2E1","stroke":"none","path":"M67,71.6 66.8,50.6 51,47.7 51.1,68.7 z"},{"type":"path","fill":"#A9C2E1","stroke":"none","path":"M49.3,68.4 49.1,47.6 33.3,44.7 33.4,65.5 z"},{"type":"path","fill":"#A9C2E1","stroke":"none","path":"M115,79.9 114.8,59.1 100.4,56.5 100.5,77.3 z"},{"type":"path","fill":"#A9C2E1","stroke":"none","path":"M98.8,76.9 98.6,56.1 86.2,53.8 86.3,74.6 z"},{"type":"path","fill":"#7E8080","stroke":"none","path":"M137.6,96.4 137.6,58.2 185.9,39.1 185.9,77.3 z"},{"type":"path","fill":"#C7C7C8","stroke":"#FCFBFA","stroke-width":0.0915,"stroke-miterlimit":10,"path":"M208.7,73.8c4.9,0,8.8,1.4,8.8,3.1s-4,3.1-8.8,3.1c-4.9,0-8.8-1.4-8.8-3.1C199.8,75.2,203.8,73.8,208.7,73.8z"},{"type":"ellipse","fill":"#61AB30","stroke":"none","cx":215,"cy":51.1,"rx":7.5,"ry":5.2},{"type":"ellipse","fill":"#61AB30","stroke":"none","transform":"t366.1081,178.4755r204.0172,0,0","cx":202,"cy":50.3,"rx":9.6,"ry":5.8},{"type":"ellipse","fill":"#E0DA04","stroke":"none","cx":204.3,"cy":42.2,"rx":7.9,"ry":6.2},{"type":"ellipse","fill":"#B0BD55","stroke":"none","cx":212.4,"cy":43.4,"rx":8,"ry":6},{"type":"ellipse","fill":"#B0BD55","stroke":"none","cx":213.5,"cy":54.7,"rx":3.9,"ry":3},{"type":"path","fill":"#A08876","stroke":"none","path":"M206.7,50.9L206.7,50.9L206.7,50.9L206.7,50.9L206.7,50.9c0-0.4,0.7-0.6,1.7-0.6s1.7,0.2,1.7,0.6l0,0l0.8,25.1c0,0.5-1.1,0.8-2.4,0.8s-2.4-0.4-2.4-0.8L206.7,50.9z"},{"type":"path","fill":"#A08876","stroke":"none","path":"M215.8,49.4L215.8,49.4L215.8,49.4L215.8,49.4L215.8,49.4c0.1-0.1,0.5,0.1,0.8,0.4c0.4,0.4,0.5,0.7,0.4,0.8l0,0l-7.1,7.5c-0.2,0.1-0.7-0.1-1.2-0.6s-0.7-1.1-0.6-1.2L215.8,49.4z"},{"type":"path","fill":"#C9D005","stroke":"none","path":"M202.3,47.5c0-3.7,3.4-6.6,7.7-6.6c4.3,0,7.7,3,7.7,6.6c0,3.7-3.4,6.6-7.7,6.6C205.8,54.1,202.3,51.2,202.3,47.5z"},{"type":"path","fill":"#A9C2E1","stroke":"none","path":"M184.6,72 184.6,42.2 139.8,59.3 139.8,89.1 z"},{"type":"path","fill":"#7E8080","stroke":"none","path":"M155.7,86.6 155.5,53.2 154.3,52.9 154.4,86.3 z"},{"type":"path","fill":"#7E8080","stroke":"none","path":"M170.7,77.9 170.5,47.3 169.4,47.1 169.5,79.9 z"},{"type":"path","fill":"#C7C7C8","stroke":"#FCFBFA","stroke-width":0.0915,"stroke-miterlimit":10,"path":"M169.7,92.3c4.9,0,8.8,1.4,8.8,3.1s-4,3.1-8.8,3.1c-4.9,0-8.8-1.4-8.8-3.1C160.8,93.7,164.8,92.3,169.7,92.3z"},{"type":"ellipse","fill":"#61AB30","stroke":"none","cx":174,"cy":65.6,"rx":7.5,"ry":5.2},{"type":"ellipse","fill":"#61AB30","stroke":"none","transform":"t283.9865,197.8195r204.0224,0,0","cx":163,"cy":68.7,"rx":9.6,"ry":5.8},{"type":"ellipse","fill":"#E0DA04","stroke":"none","cx":165.4,"cy":60.7,"rx":7.9,"ry":6.2},{"type":"ellipse","fill":"#B0BD55","stroke":"none","cx":173.4,"cy":61.9,"rx":8,"ry":6},{"type":"ellipse","fill":"#B0BD55","stroke":"none","cx":175.4,"cy":71.1,"rx":4.8,"ry":3.6},{"type":"path","fill":"#A08876","stroke":"none","path":"M167.7,69.5L167.7,69.5L167.7,69.5L167.7,69.5L167.7,69.5c0-0.4,0.7-0.6,1.7-0.6s1.7,0.2,1.7,0.6l0,0l0.8,25.1c0,0.5-1.1,0.8-2.4,0.8s-2.4-0.4-2.4-0.8L167.7,69.5z"},{"type":"path","fill":"#A08876","stroke":"none","path":"M176.8,67.9L176.8,67.9L176.8,67.9L176.8,67.9L176.8,67.9c0.1-0.1,0.5,0.1,0.8,0.4c0.4,0.4,0.5,0.7,0.4,0.8l0,0l-7.1,7.5c-0.2,0.1-0.7-0.1-1.2-0.6s-0.7-1.1-0.6-1.2L176.8,67.9z"},{"type":"path","fill":"#C9D005","stroke":"none","path":"M163.4,66c0-3.7,3.4-6.6,7.7-6.6c4.3,0,7.7,3,7.7,6.6c0,3.7-3.4,6.6-7.7,6.6C166.8,72.7,163.4,69.7,163.4,66z"},{"type":"path","fill":"#C7C7C8","stroke":"#FCFBFA","stroke-width":0.0915,"stroke-miterlimit":10,"path":"M124.9,104.1c4.9,0,8.8,1.4,8.8,3.1s-4,3.1-8.8,3.1c-4.9,0-8.8-1.4-8.8-3.1C116,105.5,120,104.1,124.9,104.1z"},{"type":"ellipse","fill":"#61AB30","stroke":"none","cx":131.2,"cy":81.4,"rx":7.5,"ry":5.2},{"type":"ellipse","fill":"#61AB30","stroke":"none","transform":"t193.247,202.3017r204.0172,0,0","cx":118.1,"cy":80.6,"rx":9.6,"ry":5.8},{"type":"ellipse","fill":"#E0DA04","stroke":"none","cx":120.5,"cy":72.5,"rx":7.9,"ry":6.2},{"type":"ellipse","fill":"#B0BD55","stroke":"none","cx":128.6,"cy":73.7,"rx":8,"ry":6},{"type":"ellipse","fill":"#B0BD55","stroke":"none","cx":129.6,"cy":85.1,"rx":3.9,"ry":2.9},{"type":"path","fill":"#A08876","stroke":"none","path":"M122.9,81.3L122.9,81.3L122.9,81.3L122.9,81.3L122.9,81.3c0-0.4,0.7-0.6,1.7-0.6s1.7,0.2,1.7,0.6l0,0l0.8,25.1c0,0.5-1.1,0.8-2.4,0.8c-1.3,0-2.4-0.4-2.4-0.8L122.9,81.3z"},{"type":"path","fill":"#A08876","stroke":"none","path":"M132,79.7L132,79.7L132,79.7L132,79.7L132,79.7c0.1-0.1,0.5,0.1,0.8,0.4c0.4,0.4,0.5,0.7,0.4,0.8l0,0l-7.1,7.5c-0.2,0.1-0.7-0.1-1.2-0.6s-0.7-1.1-0.6-1.2L132,79.7z"},{"type":"path","fill":"#C9D005","stroke":"none","path":"M118.5,77.8c0-3.7,3.4-6.6,7.7-6.6c4.3,0,7.7,3,7.7,6.6c0,3.7-3.4,6.6-7.7,6.6C122,84.5,118.5,81.5,118.5,77.8z"},{"type":"path","fill":"#878787","stroke":"none","path":"M69.5,71.1 69.5,67.5 70.1,67.7 70.1,71.2 z"},{"type":"path","fill":"#878787","stroke":"none","path":"M79.1,67.3 77.3,64.5 75.3,66.6 74.9,66.3 77.3,63.7 79.5,67 \tz"},{"type":"path","fill":"#F9B45E","stroke":"none","path":"M73.2,74.9 73.2,66 81,67.3 81,76.3 \tz"},{"type":"path","fill":"#F9B45E","stroke":"none","path":"M81.2,76.6l-8.3-1.5v-9.4l8.3,1.4V76.6z M73.4,74.7l7.3,1.3v-8.4l-7.3-1.2C73.4,66.4,73.4,74.7,73.4,74.7z"},{"type":"path","fill":"#878787","stroke":"none","path":"M74.3,70.5 74.3,71.8 79.8,72.8 79.8,71.6 z"},{"type":"path","fill":"#F9B45E","stroke":"none","path":"M51.8,43.4 51.8,19.9 97.8,28.1 97.8,51.7 z"},{"type":"path","fill":"#878787","stroke":"none","path":"M63.9,28.4 66.9,32.3 69.7,30.2 66.7,26.2 70.3,26.1 72.4,29 71.8,33.7 80.2,44.7 78.2,46.2 69.9,35.3 64.9,34.7 62.7,31.8 z"},{"type":"path","fill":"#878787","stroke":"none","path":"M97.8,28.1 104,32.7 101.9,32.7 97.8,29.8 z"},{"type":"path","fill":"#878787","stroke":"none","path":"M68.7,45.1 71.7,43.8 76.6,38.2 79.2,37.3 75.5,32.9 74.2,35.3 67.8,39.2 66,41.9 \tz"},{"type":"path","fill":"#878787","stroke":"none","path":"M76.7,34.8 83.6,29 84.6,28.7 85,29.1 84.4,30 77.5,35.8 \tz"}]}