{"width":"229.7","height":"219.6","dx":"0","dy":"0","geometry":[{"type":"path","fill":"#FAF9F9","stroke":"none","path":"M226.9,162.7c0,22.2-50.1,40.2-111.8,40.2S3.4,184.9,3.4,162.7s50-40.2,111.8-40.2S226.9,140.5,226.9,162.7z"},{"type":"path","fill":"#989797","stroke":"none","path":"M2.4,162.1v12.9c0,13.7,29.6,39.5,115.6,39.5c63.7,0,109.1-20.9,109.1-39.1v-10.4c-1.3,18-47.1,38.1-109,38.1C30.2,203.2,1.6,176.1,2.4,162.1z"},{"type":"ellipse","fill":"none","stroke":"#B3B3B3","stroke-width":0.9996,"stroke-miterlimit":10,"cx":114.9,"cy":163,"rx":112.1,"ry":39.9},{"type":"path","fill":"#DDDEDF","stroke":"none","path":"M57.8,160.1 57.8,69.8 106.8,44 156.8,87.5 156.8,178.3 z"},{"type":"path","fill":"#A48A77","stroke":"none","path":"M157.3,28.6 106.8,44 156.8,87.5 207.3,69.8 z"},{"type":"path","fill":"#C6C7C8","stroke":"none","path":"M207.3,159.7 156.8,178.3 156.8,87.5 207.3,69.8 z"},{"type":"path","fill":"#B1B3B4","stroke":"none","path":"M129.3,173.2v-17.4c0,0-3-5.3-9.2-6.8c-5.9-1.4-9.2,2.2-9.2,2.2v18.6L129.3,173.2z"},{"type":"path","fill":"#A9C2E1","stroke":"none","path":"M149.9,147.4 149.9,126.7 138.6,124.6 138.6,145.4 z"},{"type":"path","fill":"#A9C2E1","stroke":"none","path":"M131.3,143.9 131.3,123.1 120.1,121.1 120.1,141.8 z"},{"type":"path","fill":"#A9C2E1","stroke":"none","path":"M112.8,140.4 112.8,119.6 101.5,117.5 101.5,138.3 z"},{"type":"path","fill":"#A9C2E1","stroke":"none","path":"M94.3,136.8 94.3,116.1 83,114 83,134.8 z"},{"type":"path","fill":"#A9C2E1","stroke":"none","path":"M75.8,133.3 75.8,112.5 64.5,110.5 64.5,131.2 z"},{"type":"path","fill":"#A9C2E1","stroke":"none","path":"M149.9,118.6 149.9,97.9 138.6,95.8 138.6,116.6 z"},{"type":"path","fill":"#A9C2E1","stroke":"none","path":"M131.3,115.1 131.3,94.4 120.1,92.3 120.1,113 z"},{"type":"path","fill":"#A9C2E1","stroke":"none","path":"M112.8,111.6 112.8,90.8 101.5,88.8 101.5,109.5 z"},{"type":"path","fill":"#A9C2E1","stroke":"none","path":"M94.3,108 94.3,87.3 83,85.2 83,106 z"},{"type":"path","fill":"#A9C2E1","stroke":"none","path":"M75.8,104.5 75.8,83.8 64.5,81.7 64.5,102.4 z"},{"type":"path","fill":"#88888A","stroke":"none","path":"M186.7,111.9 186.7,91.4 197.9,87.3 197.9,107.8 z"},{"type":"path","fill":"#88888A","stroke":"none","path":"M167.9,119 167.9,98.5 179.2,94.4 179.2,114.9 z"},{"type":"path","fill":"#88888A","stroke":"none","path":"M186.7,139.7 186.7,119.2 197.9,115.1 197.9,135.6 z"},{"type":"path","fill":"#88888A","stroke":"none","path":"M167.9,145.9 167.9,125.3 179.2,121.2 179.2,141.7 z"},{"type":"path","fill":"#989797","stroke":"none","path":"M-6.6,151.5L-6.6,151.5L-6.6,151.5C-6.6,151.6-6.6,151.6-6.6,151.5z"},{"type":"ellipse","fill":"#5AAC26","stroke":"none","cx":42.3,"cy":117.3,"rx":7.3,"ry":5.1},{"type":"ellipse","fill":"#87BB56","stroke":"none","cx":25,"cy":112.7,"rx":6.6,"ry":5.2},{"type":"ellipse","fill":"#5AAC26","stroke":"none","cx":28.7,"cy":119.1,"rx":9.3,"ry":5.7},{"type":"ellipse","fill":"#DFDB00","stroke":"none","cx":33.9,"cy":106.2,"rx":7.8,"ry":6},{"type":"ellipse","fill":"#AEBD59","stroke":"none","cx":39.8,"cy":109.8,"rx":7.8,"ry":5.9},{"type":"ellipse","fill":"#D9D9DA","stroke":"#FAF9F9","stroke-width":0.091495,"stroke-miterlimit":10,"cx":36.2,"cy":145.8,"rx":10.7,"ry":3.8},{"type":"path","fill":"#A38978","stroke":"none","path":"M34.2,117.3C34.2,117.3,34.2,117.2,34.2,117.3C34.2,117.2,34.2,117.2,34.2,117.3L34.2,117.3C34.2,117.2,34.2,117.2,34.2,117.3c0-0.3,0.7-0.6,1.6-0.6c0.9,0,1.6,0.3,1.6,0.6c0,0,0,0,0,0l0.9,28.1c0,0.5-1.1,0.8-2.4,0.8c-1.3,0-2.3-0.4-2.4-0.8L34.2,117.3z"},{"type":"path","fill":"#A38978","stroke":"none","path":"M43.1,115.8C43.1,115.8,43.1,115.8,43.1,115.8C43.1,115.8,43.1,115.8,43.1,115.8L43.1,115.8C43.1,115.7,43.1,115.8,43.1,115.8c0.1-0.1,0.5,0.1,0.8,0.4c0.3,0.3,0.5,0.7,0.4,0.8c0,0,0,0,0,0l-6.9,7.3c-0.2,0.2-0.7-0.1-1.2-0.6c-0.5-0.5-0.7-1-0.5-1.2L43.1,115.8z"},{"type":"path","fill":"#C7D009","stroke":"none","path":"M25.9,114.3c0-3,2.8-5.4,6.3-5.4c3.5,0,6.3,2.4,6.3,5.4c0,3-2.8,5.4-6.3,5.4C28.8,119.8,25.9,117.3,25.9,114.3z"},{"type":"path","fill":"#989797","stroke":"none","path":"M18.8,130.9L18.8,130.9L18.8,130.9C18.8,131,18.8,131,18.8,130.9z"},{"type":"ellipse","fill":"#5AAC26","stroke":"none","cx":169.9,"cy":159.5,"rx":7.3,"ry":5.1},{"type":"ellipse","fill":"#87BB56","stroke":"none","cx":152.6,"cy":154.9,"rx":6.6,"ry":5.2},{"type":"ellipse","fill":"#5AAC26","stroke":"none","cx":156.3,"cy":161.3,"rx":9.3,"ry":5.7},{"type":"ellipse","fill":"#DFDB00","stroke":"none","cx":161.5,"cy":148.4,"rx":7.8,"ry":6},{"type":"ellipse","fill":"#AEBD59","stroke":"none","cx":167.4,"cy":152,"rx":7.8,"ry":5.9},{"type":"ellipse","fill":"#D9D9DA","stroke":"#FAF9F9","stroke-width":0.091495,"stroke-miterlimit":10,"cx":163.8,"cy":188.1,"rx":10.7,"ry":3.8},{"type":"path","fill":"#A38978","stroke":"none","path":"M161.8,159.5C161.8,159.5,161.8,159.5,161.8,159.5C161.8,159.5,161.8,159.5,161.8,159.5L161.8,159.5C161.8,159.5,161.8,159.5,161.8,159.5c0-0.3,0.7-0.6,1.6-0.6c0.9,0,1.6,0.3,1.6,0.6c0,0,0,0,0,0l0.9,28.1c0,0.5-1.1,0.8-2.4,0.8c-1.3,0-2.3-0.4-2.4-0.8L161.8,159.5z"},{"type":"path","fill":"#A38978","stroke":"none","path":"M170.7,158C170.7,158,170.7,158,170.7,158C170.7,158,170.7,158,170.7,158L170.7,158C170.7,158,170.7,158,170.7,158c0.1-0.1,0.5,0.1,0.8,0.4c0.3,0.3,0.5,0.7,0.4,0.8c0,0,0,0,0,0l-6.9,7.3c-0.2,0.2-0.7-0.1-1.2-0.6c-0.5-0.5-0.7-1-0.5-1.2L170.7,158z"},{"type":"path","fill":"#C7D009","stroke":"none","path":"M153.5,156.6c0-3,2.8-5.4,6.3-5.4c3.5,0,6.3,2.4,6.3,5.4c0,3-2.8,5.4-6.3,5.4C156.4,162,153.5,159.6,153.5,156.6z"},{"type":"ellipse","fill":"#5AAC26","stroke":"none","cx":206.2,"cy":146.8,"rx":7.3,"ry":5.1},{"type":"ellipse","fill":"#87BB56","stroke":"none","cx":189,"cy":142.2,"rx":6.6,"ry":5.2},{"type":"ellipse","fill":"#5AAC26","stroke":"none","cx":192.6,"cy":148.7,"rx":9.3,"ry":5.7},{"type":"ellipse","fill":"#DFDB00","stroke":"none","cx":197.9,"cy":135.7,"rx":7.8,"ry":6},{"type":"ellipse","fill":"#AEBD59","stroke":"none","cx":203.7,"cy":139.4,"rx":7.8,"ry":5.9},{"type":"ellipse","fill":"#D9D9DA","stroke":"#FAF9F9","stroke-width":0.091495,"stroke-miterlimit":10,"cx":200.2,"cy":175.4,"rx":10.7,"ry":3.8},{"type":"ellipse","fill":"#705D50","stroke":"none","cx":145.9,"cy":48.5,"rx":3.3,"ry":1.2},{"type":"path","fill":"#A38978","stroke":"none","path":"M198.2,146.8C198.2,146.8,198.2,146.8,198.2,146.8C198.2,146.8,198.2,146.8,198.2,146.8L198.2,146.8C198.2,146.8,198.2,146.8,198.2,146.8c0-0.3,0.7-0.6,1.6-0.6c0.9,0,1.6,0.3,1.6,0.6c0,0,0,0,0,0l0.9,28.1c0,0.5-1.1,0.8-2.4,0.8c-1.3,0-2.3-0.4-2.4-0.8L198.2,146.8z"},{"type":"path","fill":"#A38978","stroke":"none","path":"M207.1,145.3C207.1,145.3,207.1,145.3,207.1,145.3C207.1,145.3,207.1,145.3,207.1,145.3L207.1,145.3C207.1,145.3,207.1,145.3,207.1,145.3c0.1-0.1,0.5,0.1,0.8,0.4c0.3,0.3,0.5,0.7,0.4,0.8c0,0,0,0,0,0l-6.9,7.3c-0.2,0.2-0.7-0.1-1.2-0.6c-0.5-0.5-0.7-1-0.5-1.2L207.1,145.3z"},{"type":"path","fill":"#C7D009","stroke":"none","path":"M189.9,143.9c0-3,2.8-5.4,6.3-5.4c3.5,0,6.3,2.4,6.3,5.4c0,3-2.8,5.4-6.3,5.4C192.7,149.3,189.9,146.9,189.9,143.9z"},{"type":"path","fill":"#FFFFFF","stroke":"none","path":"M164.5,8c-3.4-1.4-5.8-2.8-8-3.9v16.6c2.2,1.1,4.6,2.5,8,3.9c0.7,0.3,1.5,0.5,2.2,0.7V8.7C165.9,8.5,165.2,8.3,164.5,8z"},{"type":"path","fill":"#00A9C7","stroke":"none","path":"M145.9,2.4v16.6c4.6-0.9,7.3,0.1,10.6,1.8V4.1C153.2,2.4,150.5,1.4,145.9,2.4z"},{"type":"path","fill":"#E42B2E","stroke":"none","path":"M166.7,8.7v16.6c6,1.6,11.3,0,11.3,0V8.7C178,8.7,172.6,10.3,166.7,8.7z"},{"type":"path","fill":"none","stroke":"#3E3D40","stroke-miterlimit":10,"path":"M145.9,18.9c4.6-0.9,7.3,0.1,10.6,1.8c2.2,1.1,4.6,2.5,8,3.9c0.7,0.3,1.5,0.5,2.2,0.7c6,1.6,11.3,0,11.3,0V8.7c0,0-5.4,1.6-11.3,0c-0.7-0.2-1.4-0.4-2.2-0.7c-3.4-1.4-5.8-2.8-8-3.9c-3.3-1.7-6-2.7-10.6-1.8v46.2"},{"type":"path","fill":"#84D0F0","stroke":"none","path":"M32.4,150.9 30,160.1 25.1,165.1 25.1,170.8 43.1,174.1 43.1,168.3 48,163.4 50.1,154.2 z"},{"type":"ellipse","fill":"#F6F6F6","stroke":"none","transform":"t-130.5341,204.6523r-87.9947,0,0","cx":40.7,"cy":169.9,"rx":1.6,"ry":0.9},{"type":"ellipse","fill":"#F6F6F6","stroke":"none","transform":"t-140.955,189.1253r-87.9941,0,0","cx":27.5,"cy":167.6,"rx":1.6,"ry":0.9},{"type":"path","fill":"#A9C2E1","stroke":"none","path":"M31.9,160.4 34.1,152.6 47.5,154.9 45.6,162.8 z"},{"type":"path","fill":"#6F7072","stroke":"none","opacity":0.2,"path":"M35.2,152.8 47.5,154.9 45.6,162.8 z"},{"type":"path","fill":"#B1B3B4","stroke":"none","path":"M29.5,167.2 29.5,169.4 38.7,171 38.7,168.8 z"},{"type":"path","fill":"#88888A","stroke":"none","path":"M25.1,170.1 25.1,171 43.1,174.1 43.1,173.2 z"},{"type":"path","fill":"#75BAD7","stroke":"none","path":"M62.7,149.5 50.1,154.2 48,163.4 43.1,168.3 43.1,174.1 65.6,165.8 65.7,157.7 z"},{"type":"path","fill":"#58585A","stroke":"none","path":"M47.8,175c-0.5,0-1-1-1.2-2.3l1.1-0.5c0-2.2,0.6-3.8,1.3-3.8l0.7,0.1v6.9L47.8,175z"},{"type":"ellipse","fill":"#88888A","stroke":"none","cx":49.7,"cy":172,"rx":1.2,"ry":3.5},{"type":"path","fill":"#58585A","stroke":"none","path":"M61.3,170.1c-0.5,0-1-1-1.2-2.3l1.1-0.5c0-2.2,0.6-3.8,1.3-3.8l0.7,0.1v6.9L61.3,170.1z"},{"type":"ellipse","fill":"#88888A","stroke":"none","cx":63.2,"cy":167,"rx":1.2,"ry":3.5},{"type":"path","fill":"#90A5C1","stroke":"none","path":"M50,163 57.9,160.1 57.9,153.2 52.1,155.3 z"},{"type":"path","fill":"#90A5C1","stroke":"none","path":"M59,152.8 59,159.8 62.3,158.6 60.7,152.3 z"},{"type":"path","fill":"#84D0F0","stroke":"none","path":"M44.7,146.3 32.3,150.9 50.1,154.2 62.7,149.5 z"},{"type":"path","fill":"#6F7072","stroke":"none","opacity":0.2,"path":"M50.1,154.2 62.7,149.5 44.7,146.3 z"},{"type":"path","fill":"#EBEBED","stroke":"none","path":"M51.4,162.1 52.6,161.7 50.4,161.3 49.3,161.7 \tz"},{"type":"path","fill":"#88888A","stroke":"none","path":"M51.4,162.1 49.3,161.7 49,163.2 51.4,163.5 \tz"},{"type":"path","fill":"#88888A","stroke":"none","path":"M51.4,163.5 51.4,162.1 52.6,161.7 52.6,163.1 \tz"},{"type":"path","fill":"#EBD958","stroke":"none","path":"M62.8,157.6 60.4,166.8 55.5,171.8 55.5,177.5 73.5,180.8 73.5,175 78.4,170.1 80.5,160.9 z"},{"type":"ellipse","fill":"#F6F6F6","stroke":"none","transform":"t-107.9101,241.5082r-87.9947,0,0","cx":71.1,"cy":176.6,"rx":1.6,"ry":0.9},{"type":"ellipse","fill":"#F6F6F6","stroke":"none","transform":"t-118.3313,225.981r-87.9941,0,0","cx":57.9,"cy":174.3,"rx":1.6,"ry":0.9},{"type":"path","fill":"#A9C2E1","stroke":"none","path":"M62.3,167.1 64.5,159.3 77.9,161.6 76,169.5 z"},{"type":"path","fill":"#6F7072","stroke":"none","opacity":0.2,"path":"M65.6,159.5 77.9,161.6 76,169.5 z"},{"type":"path","fill":"#B1B3B4","stroke":"none","path":"M59.9,173.9 59.9,176.1 69.1,177.7 69.1,175.5 z"},{"type":"path","fill":"#88888A","stroke":"none","path":"M55.5,176.8 55.5,177.7 73.5,180.8 73.5,179.9 z"},{"type":"path","fill":"#DAB722","stroke":"none","path":"M93.1,156.2 80.5,160.9 78.4,170.1 73.5,175 73.5,180.8 96,172.5 96.1,164.4 z"},{"type":"path","fill":"#58585A","stroke":"none","path":"M78.2,181.8c-0.5,0-1-1-1.2-2.3l1.1-0.5c0-2.2,0.6-3.8,1.3-3.8l0.7,0.1v6.9L78.2,181.8z"},{"type":"ellipse","fill":"#88888A","stroke":"none","cx":80.1,"cy":178.7,"rx":1.2,"ry":3.5},{"type":"path","fill":"#58585A","stroke":"none","path":"M91.7,176.8c-0.5,0-1-1-1.2-2.3l1.1-0.5c0-2.2,0.6-3.8,1.3-3.8l0.7,0.1v6.9L91.7,176.8z"},{"type":"ellipse","fill":"#88888A","stroke":"none","cx":93.6,"cy":173.7,"rx":1.2,"ry":3.5},{"type":"path","fill":"#90A5C1","stroke":"none","path":"M80.4,169.7 88.3,166.8 88.3,159.9 82.5,162 z"},{"type":"path","fill":"#90A5C1","stroke":"none","path":"M89.4,159.6 89.4,166.5 92.7,165.3 91.1,159 z"},{"type":"path","fill":"#EBD958","stroke":"none","path":"M75.1,153 62.7,157.7 80.5,160.9 93.1,156.2 z"},{"type":"path","fill":"#6F7072","stroke":"none","opacity":0.2,"path":"M80.5,160.9 93.1,156.2 75.1,153 z"},{"type":"path","fill":"#EBEBED","stroke":"none","path":"M81.8,168.8 83,168.4 80.8,168 79.6,168.4 \tz"},{"type":"path","fill":"#88888A","stroke":"none","path":"M81.8,168.8 79.6,168.4 79.4,169.9 81.8,170.2 \tz"},{"type":"path","fill":"#88888A","stroke":"none","path":"M81.8,170.2 81.8,168.8 83,168.4 83,169.8 \tz"},{"type":"path","fill":"#DDDEDF","stroke":"none","path":"M55.3,61.4"},{"type":"path","fill":"#DDDEDF","stroke":"none","path":"M154.3,86.2"}]}