{"width":"224.7","height":"131.3","dx":"0","dy":"0","geometry":[{"type":"path","fill":"#E3D3C3","stroke":"none","path":"M224.6,79.4c0,22.2-50.1,40.2-111.8,40.2S1,101.6,1,79.4s50-40.2,111.8-40.2S224.6,57.2,224.6,79.4z"},{"type":"path","fill":"#989797","stroke":"none","path":"M0,78.8v12.9c0,13.7,29.6,39.5,115.6,39.5c63.7,0,109.1-20.9,109.1-39.1V81.8c-1.3,18-47.1,38.1-109,38.1C27.8,119.9-0.8,92.8,0,78.8z"},{"type":"ellipse","fill":"none","stroke":"#B3B3B3","stroke-width":0.9996,"stroke-miterlimit":10,"cx":112.5,"cy":79.7,"rx":112.1,"ry":39.9},{"type":"path","fill":"#989797","stroke":"none","path":"M4.3,83.5L4.3,83.5L4.3,83.5C4.3,83.5,4.3,83.5,4.3,83.5z"},{"type":"path","fill":"#B1B3B4","stroke":"none","path":"M124,92.1 180.8,71.4 180.8,30.3 124,51 z"},{"type":"path","fill":"#A38978","stroke":"none","path":"M180.8,30.3 140.7,7.1 126.6,11.9 100.7,0 43.9,20.7 84,43.6 84,27.8 124,51 z"},{"type":"path","fill":"#D9D9DA","stroke":"none","path":"M43.9,36.8 43.9,20.7 84,43.9 84,27.8 124,51 124,92.1 43.9,77.8 z"},{"type":"path","fill":"#88888A","stroke":"none","path":"M147.3,64.2c0-2.8,3-6.4,8.9-8.2c2.2-0.7,7.2-0.5,7.2,2.4v19.3l-16.1,5.8L147.3,64.2z"},{"type":"path","fill":"#A9C2E1","stroke":"none","path":"M112.3,79.8 112.3,59.2 101,57.3 101,77.8 z"},{"type":"path","fill":"#A9C2E1","stroke":"none","path":"M87.7,75.3 87.7,54.8 76.4,52.8 76.4,73.3 z"},{"type":"path","fill":"#A9C2E1","stroke":"none","path":"M63.1,70.8 63.1,50.3 51.8,48.3 51.8,68.8 z"},{"type":"ellipse","fill":"#5AAC26","stroke":"none","cx":31.4,"cy":50.4,"rx":7.3,"ry":5.1},{"type":"ellipse","fill":"#87BB56","stroke":"none","cx":14.2,"cy":45.8,"rx":6.6,"ry":5.2},{"type":"ellipse","fill":"#5AAC26","stroke":"none","cx":17.8,"cy":52.2,"rx":9.3,"ry":5.7},{"type":"ellipse","fill":"#DFDB00","stroke":"none","cx":23.1,"cy":39.3,"rx":7.8,"ry":6},{"type":"ellipse","fill":"#AEBD59","stroke":"none","cx":28.9,"cy":42.9,"rx":7.8,"ry":5.9},{"type":"ellipse","fill":"#FAF9F9","stroke":"none","cx":25.4,"cy":78.9,"rx":10.7,"ry":3.8},{"type":"path","fill":"#A38978","stroke":"none","path":"M23.4,50.4C23.4,50.4,23.4,50.4,23.4,50.4C23.4,50.4,23.4,50.4,23.4,50.4L23.4,50.4C23.4,50.3,23.4,50.3,23.4,50.4c0-0.3,0.7-0.6,1.6-0.6c0.9,0,1.6,0.3,1.6,0.6c0,0,0,0,0,0l0.9,28.1c0,0.5-1.1,0.8-2.3,0.8s-2.3-0.4-2.4-0.8L23.4,50.4z"},{"type":"path","fill":"#A38978","stroke":"none","path":"M32.3,48.9C32.3,48.9,32.3,48.9,32.3,48.9C32.3,48.9,32.3,48.9,32.3,48.9L32.3,48.9C32.3,48.9,32.3,48.9,32.3,48.9c0.1-0.1,0.5,0.1,0.8,0.4c0.3,0.3,0.5,0.7,0.4,0.8c0,0,0,0,0,0l-6.9,7.3c-0.2,0.2-0.7-0.1-1.2-0.6c-0.5-0.5-0.7-1-0.5-1.2L32.3,48.9z"},{"type":"path","fill":"#C7D009","stroke":"none","path":"M15.1,47.4c0-3,2.8-5.4,6.3-5.4s6.3,2.4,6.3,5.4c0,3-2.8,5.4-6.3,5.4S15.1,50.4,15.1,47.4z"},{"type":"path","fill":"#826E4E","stroke":"none","path":"M202.4,72.9c1.2,0.2,1.4-1.2,2.8-0.8c1.3,0.4,2.6,0.8,4.7,1.9c2,1.1,4.9-0.7,5.4,1.3c0.5,2,1.1,0.1,0.1,1.6c-1,1.4-0.8,1.9-2,2.3c-1.2,0.4-1.1,1.4-3.4,0.7c-2.3-0.7-6.4,3.8-6.7,3.1C202.9,82.3,202.4,72.9,202.4,72.9z"},{"type":"path","fill":"#EBD958","stroke":"none","path":"M145.8,85.9 180.6,73.1 180.6,71.2 177.3,64.5 145.8,76 z"},{"type":"path","fill":"#58585A","stroke":"none","path":"M207.4,77.9 198,76.2 164.8,86.6 164.7,91.1 169,91.9 z"},{"type":"path","fill":"#58585A","stroke":"none","path":"M169,97.8 164.1,97 164.2,91 169,91.9 z"},{"type":"path","fill":"#6F7072","stroke":"none","path":"M132.3,104.8"},{"type":"path","fill":"#EBEBED","stroke":"none","path":"M128.8,76 124.5,91.3 124.5,100.9 148.7,105.3 148.7,95.6 153,80.3 z"},{"type":"ellipse","fill":"#CECE8E","stroke":"none","transform":"t26.3184,222.6971r-87.9914,0,0","cx":128.5,"cy":97.7,"rx":2.2,"ry":1.1},{"type":"ellipse","fill":"#CECE8E","stroke":"none","transform":"t39.0093,241.1033r-87.9918,0,0","cx":144.4,"cy":100.4,"rx":2.2,"ry":1.1},{"type":"path","fill":"#88888A","stroke":"none","path":"M169,97.8 207.4,83.7 207.4,77.9 169,91.9 z"},{"type":"path","fill":"#58585A","stroke":"none","path":"M195.8,92c-0.9,0-1.7-2.1-1.7-4.6c0-2.6,0.8-4.4,1.7-4.4l2.4,0.4v9.2L195.8,92z"},{"type":"ellipse","fill":"#88888A","stroke":"none","cx":198.3,"cy":87.9,"rx":1.7,"ry":4.6},{"type":"path","fill":"#A9C2E1","stroke":"none","path":"M128,90.2 131.1,79.1 149.4,82.3 146.3,93.5 z"},{"type":"path","fill":"#6F7072","stroke":"none","opacity":0.2,"path":"M132.5,79.3 149.3,82.4 146.3,93.1 z"},{"type":"path","fill":"#B1B3B4","stroke":"none","path":"M130.5,97.1 130.5,97.3 142.8,99.5 142.8,99.2 z"},{"type":"path","fill":"#B1B3B4","stroke":"none","path":"M130.5,97.5 130.5,97.8 142.8,100 142.8,99.7 z"},{"type":"path","fill":"#B1B3B4","stroke":"none","path":"M130.5,98 130.5,98.3 142.8,100.5 142.8,100.2 z"},{"type":"path","fill":"#B1B3B4","stroke":"none","path":"M130.5,98.5 130.5,98.8 142.8,101 142.8,100.7 z"},{"type":"path","fill":"#B1B3B4","stroke":"none","path":"M130.5,99 130.5,99.3 142.8,101.4 142.8,101.2 z"},{"type":"path","fill":"#B1B3B4","stroke":"none","path":"M130.5,99.5 130.5,99.8 142.8,101.9 142.8,101.6 z"},{"type":"path","fill":"#A4955E","stroke":"none","path":"M180.6,73 186.7,74.1 170,80.3 165.6,79.5 165.6,78.7 z"},{"type":"path","fill":"#AB9066","stroke":"none","path":"M159.5,76.1c0.5-0.8,0.6-2,2.6-2.5c2-0.5,3.2,0.1,5.4-0.6c2.2-0.7,3.1-1,4.1-1.9s2.4-1.8,4.1-2c1.7-0.2,1-0.2,4.3-0.2c3.4,0,1.9-1.1,5,0.2c3.1,1.3,1.4,1.3,4.2,1.8c2.8,0.5,2.4-0.1,3.8,0.5c1.4,0.6,2,0.2,2.3,1.9c0.2,1.7,5.2,2.5-1.9,4.2c-7.1,1.7-7.4,2-11.5,3.8c-4.1,1.8-2.6,3.7-8.5,3.6c-5.9-0.1-4.9,1.2-7-0.6C164.4,82.4,159.5,76.1,159.5,76.1z"},{"type":"path","fill":"#826E4E","stroke":"none","path":"M182.5,68.6c-0.7,0.5,2.5,1.6,2.5,2.2c0,0.6-0.8,0.2-1.6,1.3c-0.7,1.1,0,1-1.3,2.3c-1.3,1.3-1,1.4-2.9,2c-1.9,0.6-2.8,0.5-5,2.2c-2.3,1.7-3.1,2.3-3.8,3.2c-0.7,1-3.5,2.3-0.8,2.4c2.6,0.1,13.2-1.3,17.8-3.2s8.4-4.1,8.4-6s-0.5-3.6-1.7-4c-1.2-0.4-2.8-0.2-3.8-0.7c-1.1-0.5-2-0.8-3.4-1.4C185.5,68.3,183,68.3,182.5,68.6z"},{"type":"path","fill":"#EBD958","stroke":"none","path":"M170,90.2 204.8,77.3 204.8,75.6 201.5,68.7 170,80.3 z"},{"type":"path","fill":"#DAB722","stroke":"none","path":"M170,90.2 165.6,89.4 165.6,79.5 170,80.3 z"},{"type":"path","fill":"#B1B3B4","stroke":"none","path":"M165.7,75.6 153,80.3 148.7,95.6 148.7,105.3 165.6,99 z"},{"type":"path","fill":"#58585A","stroke":"none","path":"M160.1,104.8c-0.9,0-1.7-2.1-1.7-4.6c0-2.6,0.8-4.4,1.7-4.4l2.4,0.4v9.2L160.1,104.8z"},{"type":"ellipse","fill":"#88888A","stroke":"none","cx":162.6,"cy":100.7,"rx":1.7,"ry":4.6},{"type":"path","fill":"#A9C2E1","stroke":"none","path":"M150.9,94.1 157.2,91.8 157.3,82.5 153.7,83.8 z"},{"type":"path","fill":"#A9C2E1","stroke":"none","path":"M158.3,82.1 158.3,91.5 162.6,89.9 162.6,80.5 z"},{"type":"path","fill":"#F6F5F6","stroke":"none","path":"M141.5,71.3 128.7,76 153,80.3 165.7,75.6 z"},{"type":"path","fill":"#6F7072","stroke":"none","opacity":0.2,"path":"M153,80.3 165.7,75.6 141.5,71.3 z"},{"type":"path","fill":"#AB9066","stroke":"none","path":"M33,97.9c2.3-3,3.4-7.4,6.9-7.7c4.7-0.3,7.3-2.8,10-5.6c2.1-2.2,8.7-0.6,11.7-1.3s14.3-4,18-3.7c3.7,0.2,6.7,4.4,6.7,4.4l4.2,5.7c0,0-3.2,5.2-18.5,7.4c-15.3,2.2-12.5,5.8-21.7,6.5s-18.3-3-18.3-3L33,97.9z"},{"type":"path","fill":"#826E4E","stroke":"none","path":"M77.1,79.8c-0.3,1.6-12.9,4.8-14.4,6.7s0.2,3.2-1.2,5.6s-4.4,2-6.1,5s-3.8,5-3.7,5.7s0.1,0.7,0.1,0.7s6.7-1.5,11.9-2.5s4.2-2.2,13.3-4.3s13.5-4.3,15.9-7s3.7-4.5,0-6.1c-1.9-0.8-6.1-4.4-9.8-5.1C80,77.8,77.1,79.8,77.1,79.8z"},{"type":"path","fill":"#AB9066","stroke":"none","path":"M110,95c-2.4-3.7-3.3-9.4-9.4-8.8s-4.7,2.7-10.7,4.4s-19.2-1.1-16.1,3s3.8,5.1,10.5,5.8s4.4,1.3,11.3,1.5s18.4-0.2,17.8-3.1S112.5,98.7,110,95z"},{"type":"path","fill":"#826E4E","stroke":"none","path":"M100.7,86.6c-0.3,2.4,3,2.3,0,3.4s-4.7,0.9-5.3,2s-0.8,0.5-0.8,2.2s1.7,0.6,0,2.7s-3.3,2.8-2.6,3.3s-2.8,0.7,3.7,1.2s9.9,0,11.6,0s14.4,0.3,13.5-1.5s-8.3-5.9-9.3-7.2s-2.7-5.6-3.8-6.1s-1.3-1.8-3.2-1.3S100.7,86.6,100.7,86.6z"}]}