{"width":"224.7","height":"125.5","dx":"-98","dy":"234.8","geometry":[{"type":"path","fill":"#ECE0C2","stroke":"none","path":"M126.6,308.5c0,22.2-50.1,40.2-111.8,40.2S-97,330.7-97,308.5c0-22.2,50-40.2,111.8-40.2S126.6,286.3,126.6,308.5z"},{"type":"path","fill":"#999898","stroke":"none","path":"M-98,307.9v12.9c0,13.7,29.6,39.5,115.6,39.5c63.7,0,109.1-20.9,109.1-39.1v-10.3c-1.3,18-47.1,38.1-109,38.1C-70.2,349-98.8,321.9-98,307.9z"},{"type":"ellipse","fill":"none","stroke":"#B4B4B4","stroke-width":0.9996,"stroke-miterlimit":10,"cx":14.5,"cy":308.8,"rx":112.1,"ry":39.9},{"type":"path","fill":"#B1B3B4","stroke":"none","path":"M-9.6,249.5 -35.1,279 63.9,297.3 89.4,267.8 z"},{"type":"path","fill":"#5D5C60","stroke":"none","path":"M-4.4,256.2 -22.4,277 -3.9,280.3 14.1,259.5 z"},{"type":"path","fill":"#9C9E9E","stroke":"none","path":"M-4.1,256.2 -22.1,234.8 -3.6,238 14.5,259.5 z"},{"type":"path","fill":"#9C9E9E","stroke":"none","path":"M26.1,261.1 8.1,281.8 26.6,285.1 44.6,264.3 z"},{"type":"path","fill":"#9C9E9E","stroke":"none","path":"M58.4,267.2 40.4,288 59,291.3 77,270.5 z"},{"type":"path","fill":"#C7C7C8","stroke":"none","path":"M114.4,305.4 63.9,324.1 63.9,297.3 89.4,267.8 114.4,279.5 z"},{"type":"path","fill":"#604D40","stroke":"none","path":"M-17.9,277.8c0,0,4.8-1.6,8.4-2.4c3.6-0.8,6-1,6.8-0.8c0.8,0.2,2.9,0.9,2.9,0.9l-4.1,4.7L-17.9,277.8z"},{"type":"path","fill":"#DDDEDF","stroke":"none","path":"M-35.1,305.3 -35.1,279 63.9,297.3 63.9,324.1 z"},{"type":"path","fill":"#727279","stroke":"none","path":"M-3.3,329"},{"type":"path","fill":"#717173","stroke":"none","path":"M-48.3,294.2"},{"type":"path","fill":"#717173","stroke":"none","path":"M-50.5,295.7"},{"type":"path","fill":"#5D5C60","stroke":"none","path":"M-27.8,318.1 -21.9,317 -22,310.7 -50.5,302 -84.4,308.2 z"},{"type":"path","fill":"#5D5C60","stroke":"none","path":"M-27.8,318.1 -21.2,316.9 -21.2,325.2 -27.8,326.3 z"},{"type":"path","fill":"#EAEAED","stroke":"none","path":"M-9.2,297.3 -2.8,321.9 -2.8,331 25.1,320.8 25.1,311.5 17.9,287.6 z"},{"type":"path","fill":"#E7CC58","stroke":"none","path":"M22.1,314.3c0.9-0.3,1.6,1,1.7,2.7c0,1.7-0.6,3.2-1.6,3.5c-0.9,0.2-1.5-1.1-1.6-2.3C20.4,316.5,21.1,314.7,22.1,314.3z"},{"type":"path","fill":"#E7CC58","stroke":"none","path":"M1,322c0.9-0.3,1.6,1,1.7,2.7c0.1,1.7-0.6,3.2-1.6,3.5c-0.9,0.2-1.5-1.1-1.6-2.3C-0.7,324.2,0,322.4,1,322z"},{"type":"path","fill":"#8B8A8E","stroke":"none","path":"M-27.8,318.1 -84.4,308.2 -84.4,316.3 -27.8,326.5 z"},{"type":"path","fill":"#A9BFE0","stroke":"none","path":"M-0.8,315.3 -4.5,300.3 17.2,292 21.3,307 z"},{"type":"path","fill":"#727279","stroke":"none","opacity":0.2,"path":"M-0.7,315.3 -4.5,300.3 17.2,292 z"},{"type":"path","fill":"#5D5C60","stroke":"none","path":"M3.9,322.3 3.9,326.1 19.6,320.4 19.6,316.6 z"},{"type":"path","fill":"#C8C6C7","stroke":"none","path":"M-2,280.1 -2.4,283.5 -31.7,307.2 -58,302.5 -57.6,270.4 z"},{"type":"path","fill":"#888889","stroke":"none","path":"M-28.6,290l26.6-9.9v9.7l-16.6,5.9l-6.7,14.3c0,0-2.8,3.8-12.1,3.3C-29.4,308.5-28.6,290-28.6,290z"},{"type":"path","fill":"#A09E9C","stroke":"none","path":"M-26.3,326.7 -2.8,331 -2.8,322 -9.2,297.3 -26.5,294.2 z"},{"type":"path","fill":"#A9BFE0","stroke":"none","path":"M-11.4,300 -16.2,299.2 -16.2,312.4 -8.5,313.8 z"},{"type":"path","fill":"#A9BFE0","stroke":"none","path":"M-23.2,298 -23.2,311.2 -17,312.3 -17,299 z"},{"type":"path","fill":"#F6F5F8","stroke":"none","path":"M-26.5,294.1 -9.2,297.3 17.9,287.6 0,284.3 z"},{"type":"path","fill":"#C8C6C7","stroke":"none","path":"M-64.4,287.5"},{"type":"path","fill":"#5D5C60","stroke":"none","path":"M-15.8,332.5c0,0,2.4-0.8,2.8-1.1c1-0.7,1.5-1.7,1.5-2.9c0.1-2.5-0.6-5-3.1-5.3l-2.9,0.9"},{"type":"path","fill":"#8B8A8E","stroke":"none","path":"M-13.5,329.1c-0.1,1.6-1,3.6-3.1,3.4c-1.7-0.2-3.1-1.9-3.1-4.3c0-2.4,1.3-4.5,3.1-4.3C-14.1,324.2-13.4,326.5-13.5,329.1z"},{"type":"path","fill":"#5D5C60","stroke":"none","path":"M-46,327.2c0,0,2.4-0.8,2.8-1.1c1-0.7,1.5-1.7,1.5-2.9c0.1-2.5-0.6-5-3.1-5.3l-2.8,0.9"},{"type":"path","fill":"#A09E9C","stroke":"none","path":"M-43.7,323.8c-0.1,1.6-1,3.6-3.1,3.4c-1.7-0.2-3.1-1.9-3.1-4.3s1.3-4.5,3.1-4.3C-44.3,318.9-43.6,321.2-43.7,323.8z"},{"type":"path","fill":"#5D5C60","stroke":"none","path":"M-76.7,321.7c0,0,2.4-0.8,2.8-1.1c1-0.7,1.5-1.7,1.5-2.9c0.1-2.5-0.6-5-3.1-5.3l-2.9,0.9"},{"type":"path","fill":"#A09E9C","stroke":"none","path":"M-74.4,318.3c-0.1,1.6-1,3.6-3.1,3.4c-1.7-0.2-3.1-1.9-3.1-4.3s1.3-4.5,3.1-4.3C-75,313.5-74.3,315.8-74.4,318.3z"},{"type":"path","fill":"#888889","stroke":"none","path":"M-84.1,280.1l26.6-9.8l-0.5,28.9c0,0-14.3,11.7-20.7,6.9C-84.9,301.4-84.1,280.1-84.1,280.1z"},{"type":"path","fill":"#604D40","stroke":"none","path":"M-79.8,285.3c2.8-1.5,8.5-6,12.2-6.2c2.4-0.2,10.1-2,14.5-1.6c2.3,0.2,3.8,2.7,8.5,2.7s3.4-1,8.6-1c6.1,0,9.1,4.3,12.9,4.3s6.1,1.7,6.2,2.3l-11.6,4.3l-3.9,6.9L-79.8,285.3z"},{"type":"path","fill":"#B5B4B3","stroke":"none","path":"M-28.6,289.9l-55.6-9.8c0,0-2.8,23.5,7.9,27.3c7.4,2.6,31.6,7.3,39.6,5.8C-26.9,311.3-28.6,289.9-28.6,289.9z"}]}