{"width":"229.9","height":"144.9","dx":"0","dy":"0","geometry":[{"type":"path","fill":"#ECEDED","stroke":"none","path":"M112.4,133.5c-61.6,0-111.8-17.9-111.8-39.9s50.2-39.9,111.8-39.9c61.6,0,111.8,17.9,111.8,39.9S174.1,133.5,112.4,133.5z"},{"type":"path","fill":"#989797","stroke":"none","path":"M224.1,95.3c-2.5,21.2-51.7,38.1-111.7,38.1c-61.6,0-111.8-17.9-111.8-39.9c0-0.4,0-0.8,0.1-1.2l-0.4,0L0,104.7c0,22.2,51.1,40.2,112.9,40.2s111.8-18,111.8-40.2v-9.4L224.1,95.3z"},{"type":"ellipse","fill":"none","stroke":"#B3B3B3","stroke-width":0.9996,"stroke-miterlimit":10,"cx":112.5,"cy":93.2,"rx":112.1,"ry":39.9},{"type":"path","fill":"#6F7072","stroke":"none","path":"M292.8,124.2"},{"type":"path","fill":"#B1B3B4","stroke":"none","path":"M205.7,19.9 210.4,18.2 117.7,0 117.7,0 112.9,1.6 \tz"},{"type":"path","fill":"#C5C6C4","stroke":"none","path":"M205.7,19.9 112.9,1.6 112.9,66.1 205.7,84.3 \tz"},{"type":"path","fill":"#979997","stroke":"none","path":"M205.7,84.3 205.7,19.9 210.4,18.2 210.4,82.7 \tz"},{"type":"path","fill":"#B1B3B4","stroke":"none","path":"M21.3,39.6 120.2,3 112.9,1.6 112.9,1.7 14.1,38.3 \tz"},{"type":"path","fill":"#C5C6C4","stroke":"none","path":"M21.3,39.6 14.1,38.3 14.1,102.7 21.3,104 \tz"},{"type":"path","fill":"#979997","stroke":"none","path":"M21.3,104 21.3,39.6 120.2,3 120.3,67.4 \tz"},{"type":"path","fill":"#CBBB9D","stroke":"none","path":"M138.1,65.7 95.2,58.1 95.2,77.9 97.3,78.2 97.3,61.7 135,68.4 134.9,84.9 138.1,85.5 \tz"},{"type":"path","fill":"#CBBB9D","stroke":"none","path":"M161.6,60.2 158.4,59.9 158.4,76.4 161.6,77 \tz"},{"type":"path","fill":"#A89D85","stroke":"none","path":"M138.1,85.5 138.1,65.7 163.9,56.4 164,76.1 161.7,77 161.7,60.8 141.2,69 141.1,84.4 \tz"},{"type":"path","fill":"#A89D85","stroke":"none","path":"M97.2,78.2 97.2,61.7 100.7,62.4 100.7,76.9 \tz"},{"type":"path","fill":"#ECE0C2","stroke":"none","path":"M138.1,65.7 163.9,56.4 121,48.8 95.2,58.1 \tz"},{"type":"path","fill":"#CBBB9D","stroke":"none","path":"M137.6,105.2 94.7,97.5 94.7,117.3 96.7,117.7 96.7,101.2 134.4,107.9 134.4,124.4 137.6,124.9 \tz"},{"type":"path","fill":"#CBBB9D","stroke":"none","path":"M161,99.7 157.9,99.4 157.9,115.8 161,116.4 \tz"},{"type":"path","fill":"#A89D85","stroke":"none","path":"M137.6,124.9 137.6,105.2 163.4,95.8 163.5,115.6 161.1,116.4 161.1,100.3 140.6,108.4 140.5,123.9 \t\tz"},{"type":"path","fill":"#A89D85","stroke":"none","path":"M96.7,117.7 96.7,101.2 100.2,101.8 100.2,116.4 \tz"},{"type":"path","fill":"#ECE0C2","stroke":"none","path":"M137.6,105.1 163.4,95.8 120.5,88.2 94.7,97.5 \tz"},{"type":"path","fill":"#A89D85","stroke":"none","path":"M23.4,104.4 23.4,82.6 27.3,84.3 27.3,103 \tz"},{"type":"path","fill":"#CBBB9D","stroke":"none","path":"M85.2,78.6 81.7,78.2 81.7,96.9 85.2,97.5 \t\tz"},{"type":"path","fill":"#CBBB9D","stroke":"none","path":"M51.8,87.9 21.3,82.2 21.3,104 23.5,104.4 23.5,85.7 49.7,90.6 49.8,109.2 51.8,109.6 \t\tz"},{"type":"path","fill":"#ECE0C2","stroke":"none","path":"M51.8,87.9 88.6,74.5 58.1,69.2 21.3,82.2 \t\tz"},{"type":"path","fill":"#A89D85","stroke":"none","path":"M51.8,109.6 51.8,87.9 88.6,74.5 88.7,96.3 85.1,97.5 85.1,78.9 55.7,89.6 55.7,108.2 \t\tz"},{"type":"path","fill":"#AC8A53","stroke":"none","path":"M28.9,57.7 28.9,46.1 30.6,46.8 30.6,57.1 z"},{"type":"path","fill":"#BF995B","stroke":"none","path":"M28.3,57.4 28.3,45.7 28.9,46.7 28.9,57.7 z"},{"type":"path","fill":"#58585A","stroke":"none","path":"M28.3,44.6 34.7,40.8 34.7,48.3 28.3,46.6 z"},{"type":"path","fill":"#CA1F1C","stroke":"none","path":"M28.9,57.7 28.9,55.6 30.6,54.9 30.6,57.1 z"},{"type":"path","fill":"#E3201E","stroke":"none","path":"M28.3,57.4 28.3,55.3 28.9,55.6 28.9,57.7 z"},{"type":"path","fill":"#AC8A53","stroke":"none","path":"M36,61.4 36,49.8 37.8,50.5 37.8,60.8 z"},{"type":"path","fill":"#BF995B","stroke":"none","path":"M35.4,61.1 35.4,49.4 36,50.4 36,61.4 z"},{"type":"path","fill":"#CA1F1C","stroke":"none","path":"M36,61.4 36,59.3 37.8,58.6 37.8,60.8 z"},{"type":"path","fill":"#E3201E","stroke":"none","path":"M35.4,61.1 35.4,59 36,59.3 36,61.4 z"},{"type":"path","fill":"#58585A","stroke":"none","path":"M35.1,49.2 38.9,47.9 41.5,49.8 42.1,50.8 41.5,50.9 40.9,50.4 39.1,50.1 35.1,51.3 z"},{"type":"path","fill":"#AC8A53","stroke":"none","path":"M43.8,65 43.8,53.3 45.6,54.1 45.6,64.4 z"},{"type":"path","fill":"#BF995B","stroke":"none","path":"M43.2,64.6 43.2,53 43.8,53.9 43.8,65 z"},{"type":"path","fill":"#CA1F1C","stroke":"none","path":"M43.8,65 43.8,62.9 45.6,62.2 45.6,64.4 z"},{"type":"path","fill":"#E3201E","stroke":"none","path":"M43.2,64.7 43.2,62.5 43.8,62.9 43.8,65 z"},{"type":"path","fill":"#58585A","stroke":"none","path":"M42.9,52.1 46.7,51 47.3,51.9 48.9,52.1 48.9,53.2 42.9,54.8 z"},{"type":"path","fill":"#ECE0C2","stroke":"none","path":"M84.6,46.5 61.6,54.9 59.1,54.3 82.1,46 z"},{"type":"path","fill":"#CBBB9D","stroke":"none","path":"M61.6,54.9 61.6,57.5 59.1,57 59.1,54.3 z"},{"type":"path","fill":"#AC8A53","stroke":"none","path":"M62.4,54.2 62.4,49.4 64.1,48.8 64.1,53.5 z"},{"type":"path","fill":"#CBBB9D","stroke":"none","path":"M62.4,49.4 61.5,49.1 63.2,48.5 64.2,48.8 z"},{"type":"path","fill":"#BF995B","stroke":"none","path":"M61.5,54 61.5,49.1 62.4,49.4 62.4,54.2 z"},{"type":"path","fill":"#AC8A53","stroke":"none","path":"M65.1,80.6 65.1,74.3 74.3,70.9 74.3,77.2 z"},{"type":"path","fill":"#CBBB9D","stroke":"none","path":"M65.1,74.3 52.6,71.8 61.5,68.4 74.3,70.9 z"},{"type":"path","fill":"#BF995B","stroke":"none","path":"M52.6,78.1 52.6,71.8 65.1,74.3 65.1,80.6 z"},{"type":"path","fill":"#58585A","stroke":"none","path":"M63.2,66 62.4,66.2 62.4,56.4 63.2,56.2 z"},{"type":"path","fill":"#AC8A53","stroke":"none","path":"M67,52.5 67,47.8 68.8,47.1 68.8,51.9 z"},{"type":"path","fill":"#CBBB9D","stroke":"none","path":"M67.1,47.8 66.1,47.5 67.9,46.8 68.9,47.1 z"},{"type":"path","fill":"#BF995B","stroke":"none","path":"M66.1,52.3 66.1,47.5 67,47.7 67,52.5 z"},{"type":"path","fill":"#58585A","stroke":"none","path":"M67.9,63.3 67.1,63.6 67.1,54.8 67.9,54.5 z"},{"type":"path","fill":"#AC8A53","stroke":"none","path":"M71.7,50.9 71.7,46.1 73.5,45.5 73.5,50.2 z"},{"type":"path","fill":"#CBBB9D","stroke":"none","path":"M71.8,46.1 70.8,45.8 72.6,45.2 73.5,45.5 z"},{"type":"path","fill":"#BF995B","stroke":"none","path":"M70.8,50.7 70.8,45.8 71.7,46.1 71.7,50.9 z"},{"type":"path","fill":"#58585A","stroke":"none","path":"M72.6,59.6 71.8,59.9 71.8,53.1 72.6,52.8 z"},{"type":"path","fill":"#AC8A53","stroke":"none","path":"M76.4,49.2 76.4,44.4 78.2,43.8 78.2,48.6 z"},{"type":"path","fill":"#CBBB9D","stroke":"none","path":"M76.4,44.4 75.5,44.2 77.3,43.5 78.2,43.8 z"},{"type":"path","fill":"#BF995B","stroke":"none","path":"M75.5,49 75.5,44.2 76.4,44.4 76.4,49.2 z"},{"type":"path","fill":"#58585A","stroke":"none","path":"M77.3,57 76.4,57.3 76.4,51.5 77.3,51.2 z"},{"type":"path","fill":"#AC8A53","stroke":"none","path":"M81.1,47.6 81.1,42.8 82.9,42.1 82.9,46.9 z"},{"type":"path","fill":"#CBBB9D","stroke":"none","path":"M81.1,42.8 80.2,42.5 81.9,41.8 82.9,42.1 z"},{"type":"path","fill":"#BF995B","stroke":"none","path":"M80.2,47.4 80.2,42.5 81.1,42.7 81.1,47.6 z"},{"type":"path","fill":"#58585A","stroke":"none","path":"M82,53.3 81.1,53.6 81.1,49.8 82,49.5 z"},{"type":"path","fill":"#A89D85","stroke":"none","path":"M84.6,49.2 61.6,57.5 61.6,54.9 84.6,46.5 z"},{"type":"path","fill":"#C5C6C4","stroke":"none","path":"M115.5,18.8c0,0-6.3,2.3-7.2,2.7c-1,0.4-0.7,2.1-0.7,2.1l-1.5,0.7c0,0-0.8-3.5,1.1-4.1c0.9-0.3,8.2-3.1,8.2-3.1V18.8z"},{"type":"path","fill":"#C5C6C4","stroke":"none","path":"M114,25.6c0,0-5.3,2-6.1,2.3c-0.8,0.3-0.6,1.8-0.6,1.8l-1.2,0.6c0,0-0.7-2.9,1-3.5c0.8-0.2,7-2.6,7-2.6L114,25.6z"},{"type":"path","fill":"#C5C6C4","stroke":"none","path":"M112.8,31.8c0,0-4.5,1.7-5.1,1.9c-0.7,0.3-0.5,1.5-0.5,1.5l-1,0.5c0,0-0.6-2.5,0.8-2.9c0.6-0.2,5.8-2.2,5.8-2.2L112.8,31.8z"},{"type":"path","fill":"#C5C6C4","stroke":"none","path":"M111.6,37c0,0-3.7,1.4-4.3,1.6c-0.6,0.2-0.4,1.3-0.4,1.3l-0.9,0.4c0,0-0.5-2,0.7-2.4c0.5-0.2,4.8-1.8,4.8-1.8L111.6,37z"},{"type":"path","fill":"#58585A","stroke":"none","path":"M63.4,35.4 82.5,28 82.5,31.1 64.1,40.4 z"},{"type":"path","fill":"#BF995B","stroke":"none","path":"M59.1,42.5 59.1,36.9 64.1,34.8 66,36.9 64.5,40.2 z"},{"type":"path","fill":"#ECE0C2","stroke":"none","path":"M159.7,22.3 178.2,15.5 176.2,15.1 176.2,15.1 157.7,21.9 \tz"},{"type":"path","fill":"#CBBB9D","stroke":"none","path":"M159.7,22.3 157.7,21.9 157.7,85.2 159.7,85.7 \tz"},{"type":"path","fill":"#A89D85","stroke":"none","path":"M159.7,85.7 159.7,22.3 178.2,15.5 178.2,78.9 \tz"},{"type":"path","fill":"#ECE0C2","stroke":"none","path":"M187,85.1 205.4,78.4 178.5,72.5 178.5,72.5 160,79.2 \tz"},{"type":"path","fill":"#CBBB9D","stroke":"none","path":"M187,85.1 160,79.2 160,80.9 187,86.8 \tz"},{"type":"path","fill":"#A89D85","stroke":"none","path":"M187,86.8 187,85.1 205.4,78.4 205.5,80.1 \tz"},{"type":"path","fill":"#ECE0C2","stroke":"none","path":"M137.6,105.1 163.4,95.8 120.5,88.2 94.7,97.5 z"},{"type":"path","fill":"#55705C","stroke":"none","path":"M131.2,101.4 148.4,95.2 119.9,90.2 102.7,96.4 z"},{"type":"path","fill":"#ECEDED","stroke":"none","path":"M121.2,98.2 128.5,92.3 120.1,91.7 112,97.5 z"},{"type":"path","fill":"#AC8A53","stroke":"none","path":"M151.5,97.6 147.1,99.4 145.8,98.1 150.2,96.2 z"},{"type":"path","fill":"#CBBB9D","stroke":"none","path":"M147,99.4 147.1,100.4 145.9,99 145.8,98 z"},{"type":"path","fill":"#BF995B","stroke":"none","path":"M151.6,98.6 147.1,100.4 147,99.5 151.5,97.6 z"},{"type":"path","fill":"#58585A","stroke":"none","path":"M137.7,101.8 137.6,102.8 146.6,99.4 146.1,98.7 z"},{"type":"path","fill":"#AC8A53","stroke":"none","path":"M166.8,79.5 166.8,73.2 175.9,69.8 175.9,76.1 z"},{"type":"path","fill":"#746347","stroke":"none","path":"M166.8,73.2 162.1,72.2 171,68.8 175.9,69.8 z"},{"type":"path","fill":"#BF995B","stroke":"none","path":"M162.1,78.5 162.1,72.2 166.8,73.2 166.8,79.5 z"},{"type":"path","fill":"#AC8A53","stroke":"none","path":"M174.5,81.2 174.5,74.9 183.7,71.5 183.7,77.8 z"},{"type":"path","fill":"#746347","stroke":"none","path":"M174.5,74.9 169.8,73.8 178.7,70.5 183.7,71.5 z"},{"type":"path","fill":"#BF995B","stroke":"none","path":"M169.8,80.1 169.8,73.8 174.5,74.9 174.5,81.2 z"},{"type":"path","fill":"#ECE0C2","stroke":"none","path":"M187,74.7 205.4,68 178.5,62.1 178.5,62.1 160,68.8 \tz"},{"type":"path","fill":"#CBBB9D","stroke":"none","path":"M187,74.7 160,68.8 160,70.5 187,76.4 \tz"},{"type":"path","fill":"#A89D85","stroke":"none","path":"M187,76.4 187,74.7 205.4,68 205.5,69.7 \tz"},{"type":"path","fill":"#ECE0C2","stroke":"none","path":"M187,64.3 205.4,57.6 178.5,51.7 178.5,51.7 160,58.5 \tz"},{"type":"path","fill":"#CBBB9D","stroke":"none","path":"M187,64.3 160,58.5 160,60.2 187,66.1 \tz"},{"type":"path","fill":"#A89D85","stroke":"none","path":"M187,66.1 187,64.3 205.4,57.6 205.5,59.3 \tz"},{"type":"path","fill":"#AC8A53","stroke":"none","path":"M174.5,60.8 174.5,54.6 183.7,51.2 183.7,57.5 z"},{"type":"path","fill":"#746347","stroke":"none","path":"M174.5,54.6 169.8,53.5 178.7,50.2 183.7,51.2 z"},{"type":"path","fill":"#BF995B","stroke":"none","path":"M169.8,59.8 169.8,53.5 174.5,54.6 174.5,60.8 z"},{"type":"path","fill":"#AC8A53","stroke":"none","path":"M182.3,62.5 182.3,56.2 191.4,52.8 191.4,59.2 z"},{"type":"path","fill":"#746347","stroke":"none","path":"M182.3,56.2 177.6,55.2 186.5,51.9 191.4,52.8 z"},{"type":"path","fill":"#BF995B","stroke":"none","path":"M177.6,61.5 177.6,55.2 182.3,56.2 182.3,62.5 z"},{"type":"path","fill":"#ECE0C2","stroke":"none","path":"M187,54 205.4,47.2 178.5,41.3 178.5,41.3 160,48.1 \tz"},{"type":"path","fill":"#CBBB9D","stroke":"none","path":"M187,54 160,48.1 160,49.8 187,55.7 \tz"},{"type":"path","fill":"#A89D85","stroke":"none","path":"M187,55.7 187,54 205.4,47.2 205.5,48.9 \tz"},{"type":"path","fill":"#AC8A53","stroke":"none","path":"M166.8,48.3 166.8,42 175.9,38.6 175.9,44.9 z"},{"type":"path","fill":"#746347","stroke":"none","path":"M166.8,42 162.1,41 171,37.7 175.9,38.6 z"},{"type":"path","fill":"#BF995B","stroke":"none","path":"M162.1,47.3 162.1,41 166.8,42 166.8,48.3 z"},{"type":"path","fill":"#AC8A53","stroke":"none","path":"M174.5,50 174.5,43.7 183.7,40.3 183.7,46.6 z"},{"type":"path","fill":"#746347","stroke":"none","path":"M174.5,43.7 169.8,42.7 178.7,39.3 183.7,40.3 z"},{"type":"path","fill":"#BF995B","stroke":"none","path":"M169.8,48.9 169.8,42.7 174.5,43.7 174.5,50 z"},{"type":"path","fill":"#AC8A53","stroke":"none","path":"M182.3,51.6 182.3,45.4 191.4,42 191.4,48.3 z"},{"type":"path","fill":"#746347","stroke":"none","path":"M182.3,45.4 177.6,44.3 186.5,41 191.4,42 z"},{"type":"path","fill":"#BF995B","stroke":"none","path":"M177.6,50.6 177.6,44.3 182.3,45.4 182.3,51.6 z"},{"type":"path","fill":"#ECE0C2","stroke":"none","path":"M187,43.6 205.4,36.8 178.5,30.9 178.5,30.9 160,37.7 \tz"},{"type":"path","fill":"#CBBB9D","stroke":"none","path":"M187,43.6 160,37.7 160,39.4 187,45.3 \tz"},{"type":"path","fill":"#A89D85","stroke":"none","path":"M187,45.3 187,43.6 205.4,36.8 205.5,38.5 \tz"},{"type":"path","fill":"#AC8A53","stroke":"none","path":"M185.2,73.6 185.2,65.7 175.9,63.6 162.4,68.5 z"},{"type":"path","fill":"#94AA6E","stroke":"none","path":"M173.2,36.8c0,0.8-1.7,1.4-3.9,1.4c-2.1,0-3.9-0.6-3.9-1.4v-8.2c0-0.8,1.7-1.4,3.9-1.4c2.1,0,3.9,0.6,3.9,1.4V36.8z"},{"type":"ellipse","fill":"#4A5839","stroke":"none","cx":169.3,"cy":28.7,"rx":3.7,"ry":1.3},{"type":"path","fill":"#94AA6E","stroke":"none","path":"M186.1,36.8c0,0.8-1.7,1.4-3.9,1.4c-2.1,0-3.9-0.6-3.9-1.4v-8.2c0-0.8,1.7-1.4,3.9-1.4c2.1,0,3.9,0.6,3.9,1.4V36.8z"},{"type":"ellipse","fill":"#4A5839","stroke":"none","cx":182.2,"cy":28.7,"rx":3.7,"ry":1.3},{"type":"path","fill":"#ECE0C2","stroke":"none","path":"M187.3,27.7 205.7,20.9 203.7,20.5 203.8,20.5 185.2,27.2 \tz"},{"type":"path","fill":"#CBBB9D","stroke":"none","path":"M187.3,27.7 185.2,27.2 185.2,90.6 187.3,91 \tz"},{"type":"path","fill":"#A89D85","stroke":"none","path":"M187.3,91 187.3,27.7 205.7,20.9 205.7,84.3 \tz"},{"type":"path","fill":"#AC8A53","stroke":"none","path":"M47.9,84.7 47.9,78.4 57.1,75 57.1,81.3 z"},{"type":"path","fill":"#CBBB9D","stroke":"none","path":"M47.9,78.4 43.2,77.4 52.2,74.1 57.1,75 z"},{"type":"path","fill":"#BF995B","stroke":"none","path":"M43.2,83.7 43.2,77.4 47.9,78.4 47.9,84.7 z"},{"type":"path","fill":"#B1B3B4","stroke":"none","path":"M99.3,21.7c-0.5,0-0.9,0.6-1,1.4l-5.5,2c-0.2-0.6-0.5-1-0.9-1c-0.6,0-1,0.8-1,1.9l1.2-0.5l0,1.1L91,27\tc0.2,0.5,0.5,0.9,0.9,0.9c0.5,0,0.9-0.6,1-1.5l5.4-2c0.2,0.6,0.5,1,0.9,1c0.6,0,1-0.8,1-1.9C100.3,22.6,99.8,21.7,99.3,21.7z\t M99.3,24.3c-0.2,0-0.3-0.3-0.3-0.7s0.1-0.7,0.3-0.7s0.3,0.3,0.3,0.7S99.5,24.3,99.3,24.3z"},{"type":"path","fill":"#C5C6C4","stroke":"none","path":"M99.7,21.7c-0.5,0-0.9,0.6-1,1.4l-5.5,2c-0.2-0.6-0.5-1-0.9-1c-0.6,0-1,0.8-1,1.9l1.2-0.5l0,1.1L91.5,27\tc0.2,0.5,0.5,0.9,0.9,0.9c0.5,0,0.9-0.6,1-1.5l5.4-2c0.2,0.6,0.5,1,0.9,1c0.6,0,1-0.8,1-1.9C100.7,22.6,100.3,21.7,99.7,21.7z\t M99.8,24.3c-0.2,0-0.3-0.3-0.3-0.7s0.1-0.7,0.3-0.7c0.2,0,0.3,0.3,0.3,0.7S100,24.3,99.8,24.3z"},{"type":"path","fill":"#B1B3B4","stroke":"none","path":"M97.4,32.3c-0.4,0-0.7,0.5-0.8,1.1l-4.2,1.6c-0.1-0.4-0.4-0.7-0.7-0.7c-0.4,0-0.8,0.6-0.8,1.4l0.9-0.4\tl0,0.9L91,36.4c0.1,0.4,0.4,0.7,0.7,0.7c0.4,0,0.7-0.5,0.8-1.1l4.2-1.6c0.1,0.5,0.4,0.8,0.7,0.8c0.4,0,0.8-0.6,0.8-1.4\tC98.2,32.9,97.8,32.3,97.4,32.3z M97.4,34.3c-0.1,0-0.3-0.2-0.3-0.5s0.1-0.5,0.3-0.5c0.1,0,0.3,0.2,0.3,0.5S97.6,34.3,97.4,34.3z"},{"type":"path","fill":"#C5C6C4","stroke":"none","path":"M97.7,32.3c-0.4,0-0.7,0.5-0.8,1.1l-4.2,1.6c-0.1-0.4-0.4-0.7-0.7-0.7c-0.4,0-0.8,0.6-0.8,1.4l0.9-0.4\tl0,0.9l-0.8,0.3c0.1,0.4,0.4,0.7,0.7,0.7c0.4,0,0.7-0.5,0.8-1.1l4.2-1.6c0.1,0.5,0.4,0.8,0.7,0.8c0.4,0,0.8-0.6,0.8-1.4\tC98.5,32.9,98.1,32.3,97.7,32.3z M97.8,34.3c-0.1,0-0.3-0.2-0.3-0.5s0.1-0.5,0.3-0.5c0.1,0,0.3,0.2,0.3,0.5S97.9,34.3,97.8,34.3z"},{"type":"path","fill":"#B1B3B4","stroke":"none","path":"M98.6,27.1c-0.4,0-0.8,0.5-0.9,1.3l-5.1,1.9c-0.2-0.5-0.5-0.9-0.8-0.9c-0.5,0-0.9,0.8-0.9,1.7l1.1-0.5l0,1\tL91,32c0.2,0.5,0.5,0.8,0.8,0.8c0.5,0,0.8-0.6,0.9-1.4l5-1.9c0.2,0.6,0.5,1,0.8,1c0.5,0,0.9-0.8,0.9-1.7\tC99.6,27.9,99.1,27.1,98.6,27.1z M98.7,29.5c-0.2,0-0.3-0.3-0.3-0.6s0.1-0.6,0.3-0.6c0.2,0,0.3,0.3,0.3,0.6S98.9,29.5,98.7,29.5z"},{"type":"path","fill":"#C5C6C4","stroke":"none","path":"M99,27.1c-0.4,0-0.8,0.5-0.9,1.3L93,30.3c-0.2-0.5-0.5-0.9-0.8-0.9c-0.5,0-0.9,0.8-0.9,1.7l1.1-0.5l0,1\tl-1,0.3c0.2,0.5,0.5,0.8,0.8,0.8c0.5,0,0.8-0.6,0.9-1.4l5-1.9c0.2,0.6,0.5,1,0.8,1c0.5,0,0.9-0.8,0.9-1.7\tC100,27.9,99.5,27.1,99,27.1z M99.1,29.5c-0.2,0-0.3-0.3-0.3-0.6s0.1-0.6,0.3-0.6c0.2,0,0.3,0.3,0.3,0.6S99.3,29.5,99.1,29.5z"},{"type":"path","fill":"#B1B3B4","stroke":"none","path":"M96.6,37.3c-0.3,0-0.6,0.4-0.7,0.9l-3.7,1.4c-0.1-0.4-0.3-0.6-0.6-0.6c-0.4,0-0.7,0.6-0.7,1.3l0.8-0.4\tl0,0.8L91,40.9c0.1,0.4,0.3,0.6,0.6,0.6c0.3,0,0.6-0.4,0.7-1l3.7-1.4c0.1,0.4,0.4,0.7,0.6,0.7c0.4,0,0.7-0.6,0.7-1.3\tS97,37.3,96.6,37.3z M96.7,39.1c-0.1,0-0.2-0.2-0.2-0.5s0.1-0.5,0.2-0.5c0.1,0,0.2,0.2,0.2,0.5S96.8,39.1,96.7,39.1z"},{"type":"path","fill":"#C5C6C4","stroke":"none","path":"M96.9,37.3c-0.3,0-0.6,0.4-0.7,0.9l-3.7,1.4c-0.1-0.4-0.3-0.6-0.6-0.6c-0.4,0-0.7,0.6-0.7,1.3l0.8-0.4\tl0,0.8l-0.7,0.2c0.1,0.4,0.3,0.6,0.6,0.6c0.3,0,0.6-0.4,0.7-1l3.7-1.4c0.1,0.4,0.4,0.7,0.6,0.7c0.4,0,0.7-0.6,0.7-1.3\tS97.3,37.3,96.9,37.3z M97,39.1c-0.1,0-0.2-0.2-0.2-0.5s0.1-0.5,0.2-0.5s0.2,0.2,0.2,0.5S97.1,39.1,97,39.1z"},{"type":"path","fill":"#B1B3B4","stroke":"none","path":"M95.9,41.5c-0.3,0-0.5,0.3-0.6,0.8l-3.2,1.2C92,43.2,91.8,43,91.5,43c-0.3,0-0.6,0.5-0.6,1.1l0.7-0.3l0,0.7\tL91,44.6c0.1,0.3,0.3,0.5,0.5,0.5c0.3,0,0.5-0.4,0.6-0.9l3.2-1.2c0.1,0.4,0.3,0.6,0.5,0.6c0.3,0,0.6-0.5,0.6-1.1\tS96.2,41.5,95.9,41.5z M95.9,43c-0.1,0-0.2-0.2-0.2-0.4c0-0.2,0.1-0.4,0.2-0.4c0.1,0,0.2,0.2,0.2,0.4C96.1,42.9,96,43,95.9,43z"},{"type":"path","fill":"#C5C6C4","stroke":"none","path":"M96.1,41.5c-0.3,0-0.5,0.3-0.6,0.8l-3.2,1.2C92.2,43.2,92,43,91.8,43c-0.3,0-0.6,0.5-0.6,1.1l0.7-0.3l0,0.7\tl-0.6,0.2c0.1,0.3,0.3,0.5,0.5,0.5c0.3,0,0.5-0.4,0.6-0.9l3.2-1.2c0.1,0.4,0.3,0.6,0.5,0.6c0.3,0,0.6-0.5,0.6-1.1\tS96.4,41.5,96.1,41.5z M96.2,43c-0.1,0-0.2-0.2-0.2-0.4c0-0.2,0.1-0.4,0.2-0.4c0.1,0,0.2,0.2,0.2,0.4C96.4,42.9,96.3,43,96.2,43z"},{"type":"path","fill":"#BF995B","stroke":"none","path":"M154.1,16.9 124.5,11 124.5,42.6 154.1,48.5 z"},{"type":"path","fill":"#ECEDED","stroke":"none","path":"M133.7,15.4 127.3,14.1 127.3,23.4 133.7,24.7 z"},{"type":"path","fill":"#ECEDED","stroke":"none","path":"M141,17.1 134.5,16.3 135.2,25.6 141.7,26.4 z"},{"type":"path","fill":"#ECEDED","stroke":"none","path":"M132.5,24.9 126,24.1 126.7,33.4 133.2,34.2 z"},{"type":"path","fill":"#ECEDED","stroke":"none","path":"M140.8,28.4 134.6,26.4 133.6,35.7 139.8,37.6 z"},{"type":"path","fill":"#ECEDED","stroke":"none","path":"M150.6,20 144.2,18.8 144.3,28.2 150.7,29.3 z"}]}