{"width":"224.7","height":"130.3","dx":"0","dy":"0","geometry":[{"type":"path","fill":"#999895","stroke":"none","path":"M0,76.6v13c0,13.7,29.6,39.5,115.6,39.5c63.7,0,109.1-20.9,109.1-39.1V79.6c-1.3,18-47.1,38.1-109,38.1\n\tC27.8,117.7-0.8,90.6,0,76.6z"},{"type":"ellipse","fill":"#F6F6F6","stroke":"#B3B3B3","stroke-width":0.9996,"stroke-miterlimit":10,"cx":112.5,"cy":77.5,"rx":112.1,"ry":39.9},{"type":"path","fill":"#DDDEDF","stroke":"none","path":"M22.5,79.2 22.5,21 130.5,40.6 130.5,98.8 z"},{"type":"path","fill":"#EDEDED","stroke":"none","path":"M22.5,21 87.5,0 190.7,18.9 130.6,40.6 z"},{"type":"path","fill":"#C6C7C8","stroke":"none","path":"M190.7,75.6 130.5,98.8 130.5,40.6 190.7,18.9 z"},{"type":"path","fill":"#7E7F7F","stroke":"none","path":"M137.6,96.4 137.6,58.2 185.9,39.1 185.9,77.3 z"},{"type":"path","fill":"#C6C7C8","stroke":"#FBFAF9","stroke-width":0.0915,"stroke-miterlimit":10,"path":"M208.7,73.8c4.9,0,8.8,1.4,8.8,3.1\n\ts-4,3.1-8.8,3.1c-4.9,0-8.8-1.4-8.8-3.1C199.8,75.2,203.8,73.8,208.7,73.8z"},{"type":"ellipse","fill":"#60AA26","stroke":"none","cx":215,"cy":51.1,"rx":7.5,"ry":5.2},{"type":"ellipse","fill":"#60AA26","stroke":"none","transform":"t73.8487,214.3514r-65.9828,0,0","cx":202,"cy":50.3,"rx":5.8,"ry":9.6},{"type":"ellipse","fill":"#E0DA00","stroke":"none","cx":204.3,"cy":42.2,"rx":7.9,"ry":6.2},{"type":"ellipse","fill":"#B0BD56","stroke":"none","cx":212.4,"cy":43.4,"rx":8,"ry":6},{"type":"ellipse","fill":"#B0BD56","stroke":"none","cx":212.8,"cy":54.1,"rx":3.3,"ry":2.5},{"type":"path","fill":"#A18876","stroke":"none","path":"M206.7,50.9L206.7,50.9L206.7,50.9L206.7,50.9L206.7,50.9c0-0.4,0.7-0.6,1.7-0.6s1.7,0.2,1.7,0.6l0,0\n\tl0.8,25.1c0,0.5-1.1,0.8-2.4,0.8c-1.3,0-2.4-0.4-2.4-0.8L206.7,50.9z"},{"type":"path","fill":"#A18876","stroke":"none","path":"M215.8,49.4L215.8,49.4L215.8,49.4L215.8,49.4L215.8,49.4c0.1-0.1,0.5,0.1,0.8,0.4c0.4,0.4,0.5,0.7,0.4,0.8\n\tl0,0l-7.1,7.5c-0.2,0.1-0.7-0.1-1.2-0.6s-0.7-1.1-0.6-1.2L215.8,49.4z"},{"type":"path","fill":"#C8CF00","stroke":"none","path":"M202.3,47.5c0-3.7,3.4-6.6,7.7-6.6s7.7,3,7.7,6.6c0,3.7-3.4,6.6-7.7,6.6C205.8,54.1,202.3,51.2,202.3,47.5z"},{"type":"path","fill":"#A9C2E1","stroke":"none","path":"M184.6,72 184.6,42.2 139.8,59.3 139.8,89.1 z"},{"type":"path","fill":"#7E7F7F","stroke":"none","path":"M155.7,86.6 155.5,53.2 154.3,52.9 154.4,86.3 z"},{"type":"path","fill":"#7E7F7F","stroke":"none","path":"M170.7,77.9 170.5,47.3 169.4,47.1 169.5,79.9 z"},{"type":"path","fill":"#C6C7C8","stroke":"#FBFAF9","stroke-width":0.0915,"stroke-miterlimit":10,"path":"M169.7,92.3c4.9,0,8.8,1.4,8.8,3.1\n\ts-4,3.1-8.8,3.1c-4.9,0-8.8-1.4-8.8-3.1C160.8,93.7,164.8,92.3,169.7,92.3z"},{"type":"ellipse","fill":"#60AA26","stroke":"none","cx":174,"cy":65.6,"rx":7.5,"ry":5.2},{"type":"ellipse","fill":"#60AA26","stroke":"none","transform":"t33.8919,189.6245r-65.9776,0,0","cx":163,"cy":68.7,"rx":5.8,"ry":9.6},{"type":"ellipse","fill":"#E0DA00","stroke":"none","cx":165.4,"cy":60.7,"rx":7.9,"ry":6.2},{"type":"ellipse","fill":"#B0BD56","stroke":"none","cx":173.4,"cy":61.9,"rx":8,"ry":6},{"type":"ellipse","fill":"#B0BD56","stroke":"none","cx":173.8,"cy":72.7,"rx":3.3,"ry":2.5},{"type":"path","fill":"#A18876","stroke":"none","path":"M167.7,69.5L167.7,69.5L167.7,69.5L167.7,69.5L167.7,69.5c0-0.4,0.7-0.6,1.7-0.6s1.7,0.2,1.7,0.6l0,0\n\tl0.8,25.1c0,0.5-1.1,0.8-2.4,0.8c-1.3,0-2.4-0.4-2.4-0.8L167.7,69.5z"},{"type":"path","fill":"#A18876","stroke":"none","path":"M176.8,67.9L176.8,67.9L176.8,67.9L176.8,67.9L176.8,67.9c0.1-0.1,0.5,0.1,0.8,0.4c0.4,0.4,0.5,0.7,0.4,0.8\n\tl0,0l-7.1,7.5c-0.2,0.1-0.7-0.1-1.2-0.6s-0.7-1.1-0.6-1.2L176.8,67.9z"},{"type":"path","fill":"#C8CF00","stroke":"none","path":"M163.4,66c0-3.7,3.4-6.6,7.7-6.6s7.7,3,7.7,6.6c0,3.7-3.4,6.6-7.7,6.6C166.8,72.7,163.4,69.7,163.4,66z"},{"type":"path","fill":"#6F7072","stroke":"none","path":"M75.9,72"},{"type":"path","fill":"#D5B486","stroke":"none","path":"M102.2,46.7 104.4,45.9 61,37.4 61,37.4 58.8,38.1 z"},{"type":"path","fill":"#CCA462","stroke":"none","path":"M121.8,51 59,38.2 59,68.4 121.8,81.1 z"},{"type":"path","fill":"#CCA462","stroke":"none","path":"M31.3,39.8 28,39.2 28,80.1 31.3,80.7 z"},{"type":"path","fill":"#B89457","stroke":"none","path":"M31.3,80.7 31.3,39.8 50.8,32.5 62.5,35.1 62.5,69 z"},{"type":"path","fill":"#CBBB9D","stroke":"none","path":"M82.3,78.3 58.5,74 58.5,85 59.7,85.2 59.7,76 80.6,79.8 80.6,88.9 82.3,89.3 z"},{"type":"path","fill":"#CBBB9D","stroke":"none","path":"M101.1,81.4 99.6,81.2 99.6,89 101.1,89.2 z"},{"type":"path","fill":"#A89D85","stroke":"none","path":"M82.3,89.3 82.3,78.3 96.7,73.1 96.7,84 95.5,84.5 95.5,75.5 84.1,80.1 84,88.6 z"},{"type":"path","fill":"#A89D85","stroke":"none","path":"M45.6,76.6 45.6,68.9 47.2,69.2 47.2,76 z"},{"type":"path","fill":"#ECE0C2","stroke":"none","path":"M82.3,78.3 96.7,73.1 72.8,68.9 58.5,74 z"},{"type":"path","fill":"#ECE0C2","stroke":"none","path":"M100.2,63.6 108.9,60.4 107.9,60.2 107.9,60.2 99.3,63.4 z"},{"type":"path","fill":"#CBBB9D","stroke":"none","path":"M100.2,63.6 99.3,63.4 99.3,93.1 100.2,93.3 z"},{"type":"path","fill":"#A89D85","stroke":"none","path":"M100.2,93.3 100.2,63.6 108.9,60.4 108.9,90.1 z"},{"type":"path","fill":"#ECE0C2","stroke":"none","path":"M113,93 121.6,89.9 109,87.1 109,87.1 100.3,90.3 z"},{"type":"path","fill":"#CBBB9D","stroke":"none","path":"M113,93 100.3,90.3 100.3,91.1 113,93.8 z"},{"type":"path","fill":"#A89D85","stroke":"none","path":"M112.7,93.7 112.7,92.9 121.3,89.8 121.4,90.6 z"},{"type":"path","fill":"#AC8A53","stroke":"none","path":"M103.5,90.4 103.5,87.5 107.8,85.9 107.8,88.8 z"},{"type":"path","fill":"#746347","stroke":"none","path":"M103.5,87.5 101.3,87 105.5,85.4 107.8,85.9 z"},{"type":"path","fill":"#BF995B","stroke":"none","path":"M101.3,89.9 101.3,87 103.5,87.5 103.5,90.4 z"},{"type":"path","fill":"#746347","stroke":"none","path":"M107.1,88.3 104.9,87.7 109.1,86.2 111.4,86.7 z"},{"type":"path","fill":"#ECE0C2","stroke":"none","path":"M113,88.2 121.6,85 109,82.3 109,82.3 100.3,85.4 z"},{"type":"path","fill":"#CBBB9D","stroke":"none","path":"M113,88.2 100.3,85.4 100.3,86.2 113,89 z"},{"type":"path","fill":"#A89D85","stroke":"none","path":"M112.7,88.9 112.7,88.1 121.3,84.9 121.4,85.7 z"},{"type":"path","fill":"#ECE0C2","stroke":"none","path":"M113,83.3 121.6,80.1 109,77.4 109,77.4 100.3,80.6 z"},{"type":"path","fill":"#CBBB9D","stroke":"none","path":"M113,83.3 100.3,80.6 100.3,81.4 113,84.1 z"},{"type":"path","fill":"#A89D85","stroke":"none","path":"M112.7,84 112.7,83.2 121.3,80.1 121.4,80.9 z"},{"type":"path","fill":"#569FC0","stroke":"none","path":"M107.1,81.6 107.1,78.7 111.4,77.2 111.4,80.1 z"},{"type":"path","fill":"#646464","stroke":"none","path":"M107.1,78.7 104.9,78.2 109.1,76.7 111.4,77.2 z"},{"type":"path","fill":"#62B9E0","stroke":"none","path":"M104.9,81.2 104.9,78.2 107.1,78.7 107.1,81.6 z"},{"type":"path","fill":"#AC8A53","stroke":"none","path":"M110.8,82.4 110.8,79.5 115,77.9 115,80.9 z"},{"type":"path","fill":"#746347","stroke":"none","path":"M110.8,79.5 108.6,79 112.8,77.5 115,77.9 z"},{"type":"path","fill":"#BF995B","stroke":"none","path":"M108.6,82 108.6,79 110.8,79.5 110.8,82.4 z"},{"type":"path","fill":"#ECE0C2","stroke":"none","path":"M113,78.5 121.6,75.3 109,72.5 109,72.5 100.3,75.7 z"},{"type":"path","fill":"#CBBB9D","stroke":"none","path":"M113,78.5 100.3,75.7 100.3,76.5 113,79.3 z"},{"type":"path","fill":"#A89D85","stroke":"none","path":"M112.7,79.2 112.7,78.4 121.3,75.2 121.4,76 z"},{"type":"path","fill":"#AC8A53","stroke":"none","path":"M103.5,75.8 103.5,72.8 107.8,71.3 107.8,74.2 z"},{"type":"path","fill":"#746347","stroke":"none","path":"M103.5,72.8 101.3,72.4 105.5,70.8 107.8,71.3 z"},{"type":"path","fill":"#BF995B","stroke":"none","path":"M101.3,75.3 101.3,72.4 103.5,72.8 103.5,75.8 z"},{"type":"path","fill":"#569FC0","stroke":"none","path":"M107.1,76.6 107.1,73.6 111.4,72 111.4,75 z"},{"type":"path","fill":"#646464","stroke":"none","path":"M107.1,73.6 104.9,73.2 109.1,71.6 111.4,72 z"},{"type":"path","fill":"#62B9E0","stroke":"none","path":"M104.9,76.1 104.9,73.2 107.1,73.6 107.1,76.6 z"},{"type":"path","fill":"#569FC0","stroke":"none","path":"M110.8,77.3 110.8,74.4 115,72.8 115,75.8 z"},{"type":"path","fill":"#646464","stroke":"none","path":"M110.8,74.4 108.6,73.9 112.8,72.4 115,72.8 z"},{"type":"path","fill":"#62B9E0","stroke":"none","path":"M108.6,76.9 108.6,73.9 110.8,74.4 110.8,77.3 z"},{"type":"path","fill":"#ECE0C2","stroke":"none","path":"M113,73.6 121.6,70.4 109,67.6 109,67.6 100.3,70.8 z"},{"type":"path","fill":"#CBBB9D","stroke":"none","path":"M113,73.6 100.3,70.8 100.3,71.6 113,74.4 z"},{"type":"path","fill":"#A89D85","stroke":"none","path":"M112.7,74.3 112.7,73.5 121.3,70.3 121.4,71.1 z"},{"type":"path","fill":"#AC8A53","stroke":"none","path":"M112.1,87.6 112.1,83.9 107.8,83 101.5,85.3 z"},{"type":"path","fill":"#94AA6E","stroke":"none","path":"M106.5,70.4c0,0.4-0.8,0.7-1.8,0.7c-1,0-1.8-0.3-1.8-0.7v-3.8c0-0.4,0.8-0.7,1.8-0.7c1,0,1.8,0.3,1.8,0.7\n\tV70.4z"},{"type":"ellipse","fill":"#4A5839","stroke":"none","cx":104.7,"cy":66.6,"rx":1.7,"ry":0.6},{"type":"path","fill":"#94AA6E","stroke":"none","path":"M111.1,69.1c0,0.4-0.8,0.7-1.8,0.7c-1,0-1.8-0.3-1.8-0.7v-3.8c0-0.4,0.8-0.7,1.8-0.7c1,0,1.8,0.3,1.8,0.7\n\tV69.1z"},{"type":"ellipse","fill":"#4A5839","stroke":"none","cx":109.3,"cy":65.4,"rx":1.7,"ry":0.6},{"type":"path","fill":"#ECE0C2","stroke":"none","path":"M113.1,66.1 121.7,63 120.8,62.8 120.9,62.8 112.1,65.9 z"},{"type":"path","fill":"none","stroke":"#989797","stroke-width":0.05821158,"stroke-miterlimit":10,"path":"M78.7,71.8c0.4-0.2,1-1,0.1-0.9\n\tc-0.9,0-1.1-0.5-2.2-0.3"},{"type":"path","fill":"#D8D9DA","stroke":"none","path":"M71.4,70.8 75.9,71.5 75.9,72.2 71.4,71.4 z"},{"type":"path","fill":"#989797","stroke":"none","path":"M75.9,71.5 78,70.8 78,71.4 75.9,72.2 z"},{"type":"path","fill":"#B0B2B3","stroke":"none","path":"M71.4,70.8 73.5,70 78,70.8 75.9,71.5 z"},{"type":"path","fill":"#D8D9DA","stroke":"none","path":"M73.9,69.4 74.8,69.6 74.8,71.1 73.9,70.9 z"},{"type":"path","fill":"#989797","stroke":"none","path":"M74.8,69.6 75.7,69.3 75.7,70.8 74.8,71.1 z"},{"type":"path","fill":"#C6C6C6","stroke":"none","path":"M73.9,69.4 74.7,69.1 75.7,69.3 74.8,69.6 z"},{"type":"path","fill":"#D8D9DA","stroke":"none","path":"M69.8,62.5 78.3,64 78.3,70.3 69.8,68.7 z"},{"type":"path","fill":"#B0B2B3","stroke":"none","path":"M78.3,64 79.3,63.7 79.3,69.9 78.3,70.3 z"},{"type":"path","fill":"#C6C6C6","stroke":"none","path":"M69.8,62.5 70.8,62.1 79.3,63.7 78.3,64 z"},{"type":"path","fill":"#A8C1E1","stroke":"none","path":"M70.3,63.1 77.9,64.5 77.9,69.6 70.3,68.3 z"},{"type":"path","fill":"#989797","stroke":"none","path":"M78.8,71.8c0.1,0.1,0.2,0.4-0.2,0.6c-0.4,0.2-0.9,0.4-1.2,0.1C77.2,72.2,78.8,71.8,78.8,71.8z"},{"type":"path","fill":"#C6C6C6","stroke":"none","path":"M77.5,72.5c-0.6-0.4,0.7-1.2,1.3-0.8c0.3,0.2,0,0.3-0.3,0.5C78.1,72.4,77.8,72.7,77.5,72.5z"},{"type":"path","fill":"#989797","stroke":"none","path":"M78.3,71.8c0.1-0.1,0.2-0.1,0.4-0.1l0,0C78.5,71.7,78.4,71.7,78.3,71.8c-0.2-0.1-0.3-0.2-0.4-0.2l-0.1,0\n\tc0,0,0.4,0.2,0.6,0.5l0,0C78.5,72,78.4,71.9,78.3,71.8z"},{"type":"path","fill":"#6F7072","stroke":"none","path":"M69.9,74.6"},{"type":"path","fill":"none","stroke":"#989797","stroke-width":0.05821158,"stroke-miterlimit":10,"path":"M72.8,74.4c0.4-0.2,1-1,0.1-0.9\n\tc-0.9,0-1.1-0.5-2.2-0.3"},{"type":"path","fill":"#D8D9DA","stroke":"none","path":"M65.5,73.4 69.9,74.1 69.9,74.8 65.5,74 z"},{"type":"path","fill":"#989797","stroke":"none","path":"M69.9,74.1 72,73.4 72,74 69.9,74.8 z"},{"type":"path","fill":"#B0B2B3","stroke":"none","path":"M65.5,73.4 67.6,72.6 72,73.4 69.9,74.1 z"},{"type":"path","fill":"#D8D9DA","stroke":"none","path":"M67.9,72 68.9,72.2 68.9,73.7 67.9,73.5 z"},{"type":"path","fill":"#989797","stroke":"none","path":"M68.9,72.2 69.7,71.9 69.7,73.4 68.9,73.7 z"},{"type":"path","fill":"#C6C6C6","stroke":"none","path":"M67.9,72 68.8,71.7 69.7,71.9 68.9,72.2 z"},{"type":"path","fill":"#D8D9DA","stroke":"none","path":"M63.9,65.1 72.4,66.6 72.4,72.9 63.9,71.3 z"},{"type":"path","fill":"#B0B2B3","stroke":"none","path":"M72.4,66.6 73.4,66.3 73.4,72.5 72.4,72.9 z"},{"type":"path","fill":"#C6C6C6","stroke":"none","path":"M63.9,65.1 64.9,64.7 73.4,66.3 72.4,66.6 z"},{"type":"path","fill":"#A8C1E1","stroke":"none","path":"M64.4,65.7 71.9,67.1 71.9,72.2 64.4,70.9 z"},{"type":"path","fill":"#989797","stroke":"none","path":"M72.9,74.4c0.1,0.1,0.2,0.4-0.2,0.6c-0.4,0.2-0.9,0.4-1.2,0.1C71.3,74.8,72.9,74.4,72.9,74.4z"},{"type":"path","fill":"#C6C6C6","stroke":"none","path":"M71.5,75.1c-0.6-0.4,0.7-1.2,1.3-0.8c0.3,0.2,0,0.3-0.3,0.5C72.2,75,71.8,75.3,71.5,75.1z"},{"type":"path","fill":"#989797","stroke":"none","path":"M72.4,74.4c0.1-0.1,0.2-0.1,0.4-0.1l0,0C72.6,74.3,72.5,74.3,72.4,74.4c-0.2-0.1-0.3-0.2-0.4-0.2l-0.1,0\n\tc0,0,0.4,0.2,0.6,0.5l0,0C72.6,74.6,72.5,74.5,72.4,74.4z"},{"type":"path","fill":"#CBBB9D","stroke":"none","path":"M113.1,87.1 99.3,84.9 99.3,93.3 113.1,95.8 z"},{"type":"path","fill":"#D8D9DA","stroke":"none","path":"M44.1,53.1 36.1,51.6 36.1,81.8 44.1,83.3 z"},{"type":"path","fill":"#ECEDED","stroke":"none","path":"M43.8,53 52.1,50 44.1,48.5 35.8,51.6 z"},{"type":"path","fill":"#C6C6C6","stroke":"none","path":"M44.1,83.3 52.4,80.3 52.4,50.1 44.1,53.1 z"},{"type":"path","fill":"#868787","stroke":"none","path":"M44.1,64.4 52.4,61.3 52.4,61.1 44.1,64.1 z"},{"type":"path","fill":"#868787","stroke":"none","path":"M45.3,62.7 47.4,62 47.4,61.7 45.3,62.5 z"},{"type":"path","fill":"#868787","stroke":"none","path":"M45.3,65.5 47.4,64.8 47.4,64.6 45.3,65.3 z"},{"type":"path","fill":"#7B7C7C","stroke":"none","path":"M32.5,83.2c-0.6-0.1-1-0.4-1.2-0.8c-0.2-0.5-0.2-1,0.1-1.6c0.3-0.5,0.9-0.9,1.5-1.4\n\t\tc0.6-0.4,1.3-0.8,1.4-1.3c0.1-0.3,0-0.6-0.2-1.1c-0.3-0.7-0.7-1.6-0.7-3.3c0-2.5,1.5-2.7,2.3-2.8c0.2,0,0.4-0.1,0.5-0.1v0.5\n\t\tc-0.1,0-0.2,0-0.5,0.1c-0.8,0.1-1.9,0.2-1.9,2.3c0,1.5,0.4,2.4,0.7,3.1c0.2,0.6,0.5,1,0.3,1.5c-0.2,0.6-0.9,1-1.6,1.5\n\t\tc-0.6,0.4-1.2,0.8-1.4,1.2c-0.2,0.4-0.3,0.8-0.1,1.2c0.1,0.3,0.5,0.5,0.9,0.6L32.5,83.2z"},{"type":"path","fill":"#AC8A53","stroke":"none","path":"M113.3,69.7 111.3,70.6 110.6,69.9 112.7,69.1 z"},{"type":"path","fill":"#CBBB9D","stroke":"none","path":"M111.2,70.6 111.3,71 110.7,70.4 110.6,69.9 z"},{"type":"path","fill":"#BF995B","stroke":"none","path":"M113.4,70.2 111.3,71 111.2,70.6 113.3,69.7 z"},{"type":"path","fill":"#58585A","stroke":"none","path":"M106.9,71.7 106.8,72.1 111,70.6 110.8,70.2 z"},{"type":"path","fill":"#CBBB9D","stroke":"none","path":"M113.1,66.1 112.1,65.9 112.1,95.6 113.1,95.8 z"},{"type":"path","fill":"#A89D85","stroke":"none","path":"M113.1,95.8 113.1,66.2 121.8,63 121.8,92.7 z"},{"type":"path","fill":"#93D5F6","stroke":"none","path":"M28,39.2 28,25.7 121.8,42.7 121.8,56.3 z"},{"type":"path","fill":"#706F6F","stroke":"none","path":"M61.2,39.6c0-1-0.4-1.5-1.1-1.6c-0.2,0-0.3,0-0.5-0.1l-0.9,4.2L57,41.8l1.6-7l1.7,0.1l-0.5,2.4h0.1\n\t\tc0.4,0.1,0.8-0.1,1.2-0.4c0.3-0.3,0.5-0.7,0.5-1.2c0-0.6-0.3-1-0.8-1.3c-0.2-0.1-0.4-0.2-0.7-0.2c-0.2,0-0.5-0.1-0.7-0.1\n\t\ts-0.4,0-0.7,0.1c-0.5,0.1-0.8,0.4-1.1,0.8s-0.4,0.8-0.4,1.4c0,0.3,0,0.5,0.1,0.7v0.1c-0.6-0.1-1-0.4-1.1-0.8\n\t\tc-0.2,0-0.2-0.1-0.2-0.3c0-0.4,0.1-0.8,0.3-1.1c0.2-0.3,0.5-0.6,0.9-0.8c0.9-0.5,1.8-0.6,2.9-0.4c0.8,0.1,1.4,0.4,1.8,0.8\n\t\tc0.4,0.4,0.6,0.9,0.6,1.4c0,0.3-0.1,0.7-0.3,1s-0.5,0.5-0.9,0.7c0.5,0.2,0.8,0.4,1,0.8s0.3,0.8,0.3,1.3c0,0.3,0,0.6-0.1,1\n\t\tc-0.2,0.8-0.6,1.4-1.2,1.8c-0.3,0.2-0.7,0.2-1.2,0.1s-0.8-0.3-1-0.6C59,42,59,41.8,59,41.6s0-0.4,0.1-0.6c0.3,0.3,0.5,0.5,0.7,0.5\n\t\tc0.4,0.1,0.7-0.1,0.9-0.5C61.1,40.5,61.2,40.1,61.2,39.6z"},{"type":"path","fill":"#706F6F","stroke":"none","path":"M69.6,39.7c-0.5,0.4-1.1,0.6-2,0.6c-0.1,1-0.4,1.8-0.9,2.3s-1.1,0.7-1.8,0.6c-0.9-0.2-1.4-0.6-1.7-1.3\n\t\tc-0.1-0.2-0.2-0.4-0.2-0.7s0-0.6,0.1-0.8s0.1-0.6,0.2-0.8c0.2-0.6,0.6-1.1,1-1.5c0.5-0.4,1.1-0.6,1.9-0.4c1,0.2,1.5,0.9,1.5,2.1\n\t\tl0,0c0,0,0.1,0,0.2,0c0.2,0,0.5,0,0.8-0.1s0.6-0.2,0.9-0.3L69.6,39.7z M66.6,40.1c-0.2-0.1-0.3-0.3-0.3-0.6s0.1-0.5,0.4-0.5\n\t\tc0-0.2-0.1-0.4-0.1-0.5c-0.1-0.1-0.2-0.2-0.4-0.2c-0.3-0.1-0.7,0.3-1,1s-0.5,1.4-0.5,2c0,0.4,0,0.6,0.1,0.7\n\t\tc0.1,0.1,0.2,0.2,0.2,0.2c0.1,0,0.2,0.1,0.3,0.1c0.3,0,0.5-0.1,0.8-0.5C66.4,41.3,66.5,40.8,66.6,40.1z"},{"type":"path","fill":"#706F6F","stroke":"none","path":"M74.4,42.8c-0.5,1.3-1.2,1.9-2.3,1.7C71.4,44.4,71,44,71,43.2c-0.4,0.6-1,0.9-1.7,0.8\n\t\tc-0.3-0.1-0.6-0.2-0.9-0.5c-0.2-0.3-0.4-0.6-0.4-1.1c0-0.2,0-0.5,0.1-0.7l0.9-3.5l1.6,0.3l-0.8,3.7c0,0.1,0,0.2,0,0.3\n\t\tc0,0.3,0.1,0.5,0.3,0.5c0.4,0.1,0.7-0.2,0.9-0.8l0.8-3.5l1.6,0.3l-0.8,3.7c0,0.1-0.1,0.3-0.1,0.4c0,0.3,0.2,0.4,0.5,0.5\n\t\tc0.4,0.1,0.7-0.2,0.9-0.8H74.4z"},{"type":"path","fill":"#706F6F","stroke":"none","path":"M77.5,43.4c-0.5,1.3-1.3,1.9-2.5,1.7c-0.3-0.1-0.6-0.2-0.8-0.5c-0.2-0.3-0.4-0.6-0.4-1.1\n\t\tc0-0.2,0-0.5,0.1-0.7l0.7-3.1l-0.4-0.1l0.1-0.4l0.4,0.1l0.3-1.5l1.7,0.1l-0.4,1.7l0.7,0.1l0,0.4L76.3,40l-0.7,3.2\n\t\tc0,0.1,0,0.3,0,0.4c0,0.3,0.2,0.4,0.5,0.5c0.2,0,0.4,0,0.6-0.2s0.3-0.4,0.4-0.6L77.5,43.4z"},{"type":"path","fill":"#706F6F","stroke":"none","path":"M80.6,43.9c-0.5,1.3-1.3,1.9-2.5,1.7c-0.3-0.1-0.6-0.2-0.8-0.5c-0.2-0.3-0.4-0.6-0.4-1.1\n\t\tc0-0.2,0-0.5,0.1-0.7l0.8-3.5l1.6,0.3l-0.8,3.7c0,0.1,0,0.3,0,0.4c0,0.3,0.2,0.4,0.5,0.5c0.2,0,0.4,0,0.6-0.2s0.3-0.4,0.4-0.6\n\t\tL80.6,43.9z M79.8,38.6c0,0.3-0.1,0.5-0.3,0.6c-0.2,0.1-0.4,0.2-0.6,0.1c-0.3,0-0.5-0.2-0.6-0.4c-0.2-0.2-0.3-0.4-0.3-0.7\n\t\tc0-0.2,0.1-0.4,0.3-0.6s0.4-0.2,0.6-0.2s0.5,0.2,0.6,0.4C79.8,38.1,79.8,38.3,79.8,38.6z"},{"type":"path","fill":"#706F6F","stroke":"none","path":"M82.8,45.8c-0.4,0.3-0.8,0.5-1.4,0.4c-0.7-0.1-1.2-0.5-1.4-1.2c-0.1-0.2-0.1-0.5-0.1-0.8s0-0.6,0.1-0.9\n\t\ts0.1-0.6,0.2-0.9c0.2-0.6,0.6-1.1,1-1.4c0.4-0.4,1-0.5,1.6-0.4c0.3,0.1,0.6,0.2,0.7,0.3c0.1,0.1,0.2,0.3,0.2,0.5l0,0l0.1-0.5\n\t\tl1.6,0.3l-1.7,7.9L82,49.2L82.8,45.8z M81.6,44.3c0,0.6,0.2,0.9,0.6,0.9c0.2,0,0.3,0,0.5-0.1s0.3-0.3,0.4-0.5l0.6-2.7\n\t\tc0-0.1-0.1-0.2-0.1-0.3c-0.1-0.1-0.2-0.2-0.4-0.2s-0.4,0-0.6,0.2c-0.5,0.5-0.8,1.2-0.9,2.2C81.6,43.9,81.6,44.1,81.6,44.3z"},{"type":"path","fill":"#706F6F","stroke":"none","path":"M91.9,45.9c-0.5,1.3-1.2,1.9-2.3,1.7c-0.7-0.1-1.1-0.5-1.1-1.3c-0.4,0.6-1,0.9-1.7,0.8\n\t\tc-0.3-0.1-0.6-0.2-0.9-0.5c-0.2-0.3-0.4-0.6-0.4-1.1c0-0.2,0-0.5,0.1-0.7l0.8-3.5l1.6,0.3l-0.8,3.7c0,0.1,0,0.2,0,0.3\n\t\tc0,0.3,0.1,0.5,0.3,0.5c0.4,0.1,0.7-0.2,0.9-0.8l0.8-3.5l1.6,0.3L90,45.8c0,0.1-0.1,0.3-0.1,0.4c0,0.3,0.2,0.4,0.5,0.5\n\t\tc0.4,0.1,0.7-0.2,0.9-0.8H91.9z"},{"type":"path","fill":"#706F6F","stroke":"none","path":"M92.9,46.2c0,0.6,0.2,1,0.7,1.1c0.2,0,0.4,0,0.7-0.1c0.2-0.1,0.5-0.2,0.6-0.3c-0.2,1.1-0.9,1.5-2,1.3\n\t\tc-0.5-0.1-1-0.3-1.3-0.6c-0.3-0.3-0.5-0.8-0.5-1.5c0-0.9,0.2-1.7,0.7-2.4c0.3-0.6,0.8-0.9,1.4-1.1c0.3-0.1,0.6-0.1,0.9,0\n\t\tc0.5,0.1,0.9,0.3,1.1,0.5s0.3,0.5,0.3,0.8c0,0.7-0.3,1.2-0.8,1.5c-0.5,0.4-1.1,0.5-1.8,0.4C92.9,45.9,92.9,46,92.9,46.2z\n\t\t M94.7,43.6c0-0.3-0.1-0.4-0.3-0.5c-0.4,0-0.7,0.3-1,1.1c-0.1,0.3-0.3,0.7-0.3,1c0.4,0.1,0.8-0.1,1.2-0.4\n\t\tC94.5,44.6,94.7,44.2,94.7,43.6z"},{"type":"path","fill":"#AC8A53","stroke":"none","path":"M79.5,74.7 79.5,71.2 84.6,69.3 84.6,72.9 z"},{"type":"path","fill":"#746347","stroke":"none","path":"M79.5,71.2 76.9,70.7 81.9,68.8 84.6,69.3 z"},{"type":"path","fill":"#BF995B","stroke":"none","path":"M76.9,74.2 76.9,70.7 79.5,71.2 79.5,74.7 z"},{"type":"path","fill":"#AC8A53","stroke":"none","path":"M84.7,75.8 84.7,72.3 89.8,70.4 89.8,73.9 z"},{"type":"path","fill":"#746347","stroke":"none","path":"M84.7,72.3 82.1,71.7 87.1,69.9 89.8,70.4 z"},{"type":"path","fill":"#BF995B","stroke":"none","path":"M82.1,75.2 82.1,71.7 84.7,72.3 84.7,75.8 z"}]}