{"width":"229.7","height":"222.3","dx":"0","dy":"0","geometry":[{"type":"path","fill":"#FAF9F9","stroke":"none","path":"M226.9,168.4c0,22.2-50.1,40.2-111.8,40.2S3.4,190.6,3.4,168.4s50-40.2,111.8-40.2S226.9,146.2,226.9,168.4z"},{"type":"ellipse","fill":"none","stroke":"#B3B3B3","stroke-width":0.9996,"stroke-miterlimit":10,"cx":114.9,"cy":168.7,"rx":112.1,"ry":39.9},{"type":"ellipse","fill":"#D9D9DA","stroke":"#FAF9F9","stroke-width":0.091495,"stroke-miterlimit":10,"cx":69,"cy":145,"rx":10.7,"ry":3.8},{"type":"path","fill":"#989797","stroke":"none","path":"M2.4,167.8v12.9c0,13.7,29.6,39.5,115.6,39.5c63.7,0,109.1-20.9,109.1-39.1v-10.4c-1.3,18-47.1,38.1-109,38.1C30.2,208.9,1.6,181.8,2.4,167.8z"},{"type":"ellipse","fill":"#5AAC26","stroke":"none","cx":75.1,"cy":116.4,"rx":7.3,"ry":5.1},{"type":"ellipse","fill":"#87BB56","stroke":"none","cx":57.9,"cy":111.8,"rx":6.6,"ry":5.2},{"type":"ellipse","fill":"#5AAC26","stroke":"none","cx":61.5,"cy":118.2,"rx":9.3,"ry":5.7},{"type":"ellipse","fill":"#DFDB00","stroke":"none","cx":66.7,"cy":105.3,"rx":7.8,"ry":6},{"type":"ellipse","fill":"#AEBD59","stroke":"none","cx":72.6,"cy":109,"rx":7.8,"ry":5.9},{"type":"path","fill":"#A38978","stroke":"none","path":"M67,116.4C67,116.4,67,116.4,67,116.4C67,116.4,67,116.4,67,116.4L67,116.4C67,116.4,67,116.4,67,116.4c0-0.3,0.7-0.6,1.6-0.6c0.9,0,1.6,0.3,1.6,0.6c0,0,0,0,0,0l0.9,28.1c0,0.5-1.1,0.8-2.4,0.8c-1.3,0-2.3-0.4-2.4-0.8L67,116.4z"},{"type":"path","fill":"#A38978","stroke":"none","path":"M75.9,114.9C75.9,114.9,75.9,114.9,75.9,114.9C75.9,114.9,75.9,114.9,75.9,114.9L75.9,114.9C75.9,114.9,75.9,114.9,75.9,114.9c0.1-0.1,0.5,0.1,0.8,0.4c0.3,0.3,0.5,0.7,0.4,0.8c0,0,0,0,0,0l-6.9,7.3c-0.2,0.2-0.7-0.1-1.2-0.6c-0.5-0.5-0.7-1-0.5-1.2L75.9,114.9z"},{"type":"path","fill":"#C7D009","stroke":"none","path":"M58.8,113.5c0-3,2.8-5.4,6.3-5.4c3.5,0,6.3,2.4,6.3,5.4c0,3-2.8,5.4-6.3,5.4C61.6,118.9,58.8,116.5,58.8,113.5z"},{"type":"path","fill":"#DDDEDF","stroke":"none","path":"M72.5,164.1 72.5,19.9 135.8,35.7 135.8,180 z"},{"type":"path","fill":"#ECEDED","stroke":"none","path":"M72.5,19.8 123,2.1 186.3,18 135.8,35.7 z"},{"type":"path","fill":"#C6C7C8","stroke":"none","path":"M186.3,161.3 135.8,180 135.8,35.7 186.3,18 z"},{"type":"path","fill":"#A9C2E1","stroke":"none","path":"M91.9,57.5 91.9,37 80.6,34.3 80.6,54.8 z"},{"type":"path","fill":"#A9C2E1","stroke":"none","path":"M110.4,62.1 110.4,41.6 99.1,38.9 99.1,59.4 z"},{"type":"path","fill":"#A9C2E1","stroke":"none","path":"M91.9,111.8 91.9,91.3 80.6,88.6 80.6,109.1 z"},{"type":"path","fill":"#A9C2E1","stroke":"none","path":"M110.3,116.4 110.3,95.9 99.1,93.2 99.1,113.7 z"},{"type":"path","fill":"#A9C2E1","stroke":"none","path":"M128.9,120.8 128.9,100.3 117.6,97.6 117.6,118.1 z"},{"type":"path","fill":"#A9C2E1","stroke":"none","path":"M91.9,85.3 91.9,64.8 80.6,62.1 80.6,82.6 z"},{"type":"path","fill":"#A9C2E1","stroke":"none","path":"M110.4,89.9 110.4,69.4 99.1,66.7 99.1,87.2 z"},{"type":"path","fill":"#A9C2E1","stroke":"none","path":"M91.9,139.6 91.9,119.1 80.6,116.4 80.6,136.9 z"},{"type":"path","fill":"#B1B3B4","stroke":"none","path":"M112.4,174.1v-15.6c0,0-3-5.3-9.2-6.8c-5.9-1.4-9.2,2.2-9.2,2.2v15.5L112.4,174.1z"},{"type":"path","fill":"#A9C2E1","stroke":"none","path":"M110.3,144.2 110.3,123.7 99.1,121 99.1,141.5 z"},{"type":"path","fill":"#A9C2E1","stroke":"none","path":"M128.9,148.6 128.9,128.1 117.6,125.4 117.6,145.9 z"},{"type":"path","fill":"#A9C2E1","stroke":"none","path":"M128.9,66.3 128.9,45.8 117.6,43.1 117.6,63.6 z"},{"type":"path","fill":"#A9C2E1","stroke":"none","path":"M128.9,94.1 128.9,73.6 117.6,70.9 117.6,91.4 z"},{"type":"path","fill":"#88888A","stroke":"none","path":"M165.7,113.6 165.7,93.1 176.9,88.9 176.9,109.4 z"},{"type":"path","fill":"#88888A","stroke":"none","path":"M146.9,120.7 146.9,100.2 158.2,96 158.2,116.5 z"},{"type":"path","fill":"#88888A","stroke":"none","path":"M165.7,141.4 165.7,120.9 176.9,116.7 176.9,137.2 z"},{"type":"path","fill":"#88888A","stroke":"none","path":"M146.9,148.7 146.9,128.2 158.2,124.1 158.2,144.6 z"},{"type":"path","fill":"#88888A","stroke":"none","path":"M165.7,59 165.7,38.4 176.9,34.3 176.9,54.8 z"},{"type":"path","fill":"#88888A","stroke":"none","path":"M146.9,66 146.9,45.5 158.2,41.4 158.2,61.9 z"},{"type":"path","fill":"#88888A","stroke":"none","path":"M165.7,86.7 165.7,66.2 176.9,62.1 176.9,82.6 z"},{"type":"path","fill":"#88888A","stroke":"none","path":"M146.9,94.1 146.9,73.6 158.2,69.4 158.2,90 z"},{"type":"path","fill":"#989797","stroke":"none","path":"M-6.6,157.2L-6.6,157.2L-6.6,157.2C-6.6,157.2-6.6,157.2-6.6,157.2z"},{"type":"ellipse","fill":"#5AAC26","stroke":"none","cx":42.3,"cy":122.9,"rx":7.3,"ry":5.1},{"type":"ellipse","fill":"#87BB56","stroke":"none","cx":25,"cy":118.3,"rx":6.6,"ry":5.2},{"type":"ellipse","fill":"#5AAC26","stroke":"none","cx":28.7,"cy":124.8,"rx":9.3,"ry":5.7},{"type":"ellipse","fill":"#DFDB00","stroke":"none","cx":33.9,"cy":111.8,"rx":7.8,"ry":6},{"type":"ellipse","fill":"#AEBD59","stroke":"none","cx":39.8,"cy":115.5,"rx":7.8,"ry":5.9},{"type":"ellipse","fill":"#D9D9DA","stroke":"#FAF9F9","stroke-width":0.091495,"stroke-miterlimit":10,"cx":36.2,"cy":151.5,"rx":10.7,"ry":3.8},{"type":"path","fill":"#A38978","stroke":"none","path":"M34.2,122.9C34.2,122.9,34.2,122.9,34.2,122.9C34.2,122.9,34.2,122.9,34.2,122.9L34.2,122.9C34.2,122.9,34.2,122.9,34.2,122.9c0-0.3,0.7-0.6,1.6-0.6c0.9,0,1.6,0.3,1.6,0.6c0,0,0,0,0,0l0.9,28.1c0,0.5-1.1,0.8-2.4,0.8c-1.3,0-2.3-0.4-2.4-0.8L34.2,122.9z"},{"type":"path","fill":"#A38978","stroke":"none","path":"M43.1,121.4C43.1,121.4,43.1,121.4,43.1,121.4C43.1,121.4,43.1,121.4,43.1,121.4L43.1,121.4C43.1,121.4,43.1,121.4,43.1,121.4c0.1-0.1,0.5,0.1,0.8,0.4c0.3,0.3,0.5,0.7,0.4,0.8c0,0,0,0,0,0l-6.9,7.3c-0.2,0.2-0.7-0.1-1.2-0.6c-0.5-0.5-0.7-1-0.5-1.2L43.1,121.4z"},{"type":"path","fill":"#C7D009","stroke":"none","path":"M25.9,120c0-3,2.8-5.4,6.3-5.4c3.5,0,6.3,2.4,6.3,5.4c0,3-2.8,5.4-6.3,5.4C28.8,125.4,25.9,123,25.9,120z"},{"type":"path","fill":"#989797","stroke":"none","path":"M18.8,136.6L18.8,136.6L18.8,136.6C18.8,136.6,18.8,136.6,18.8,136.6z"},{"type":"ellipse","fill":"#5AAC26","stroke":"none","cx":205.2,"cy":144.2,"rx":7.3,"ry":5.1},{"type":"ellipse","fill":"#87BB56","stroke":"none","cx":188,"cy":139.6,"rx":6.6,"ry":5.2},{"type":"ellipse","fill":"#5AAC26","stroke":"none","cx":191.6,"cy":146,"rx":9.3,"ry":5.7},{"type":"ellipse","fill":"#DFDB00","stroke":"none","cx":196.8,"cy":133.1,"rx":7.8,"ry":6},{"type":"ellipse","fill":"#AEBD59","stroke":"none","cx":202.7,"cy":136.8,"rx":7.8,"ry":5.9},{"type":"ellipse","fill":"#D9D9DA","stroke":"#FAF9F9","stroke-width":0.091495,"stroke-miterlimit":10,"cx":199.1,"cy":172.8,"rx":10.7,"ry":3.8},{"type":"path","fill":"#A38978","stroke":"none","path":"M197.2,144.2C197.2,144.2,197.2,144.2,197.2,144.2C197.2,144.2,197.2,144.2,197.2,144.2L197.2,144.2C197.2,144.2,197.2,144.2,197.2,144.2c0-0.3,0.7-0.6,1.6-0.6c0.9,0,1.6,0.3,1.6,0.6c0,0,0,0,0,0l0.9,28.1c0,0.5-1.1,0.8-2.4,0.8c-1.3,0-2.3-0.4-2.4-0.8L197.2,144.2z"},{"type":"path","fill":"#A38978","stroke":"none","path":"M206,142.7C206,142.7,206,142.7,206,142.7C206,142.7,206,142.7,206,142.7L206,142.7C206,142.7,206,142.7,206,142.7c0.1-0.1,0.5,0.1,0.8,0.4c0.3,0.3,0.5,0.7,0.4,0.8c0,0,0,0,0,0l-6.9,7.3c-0.2,0.2-0.7-0.1-1.2-0.6c-0.5-0.5-0.7-1-0.5-1.2L206,142.7z"},{"type":"path","fill":"#C7D009","stroke":"none","path":"M188.9,141.3c0-3,2.8-5.4,6.3-5.4c3.5,0,6.3,2.4,6.3,5.4c0,3-2.8,5.4-6.3,5.4C191.7,146.7,188.9,144.3,188.9,141.3z"},{"type":"path","fill":"#989797","stroke":"none","path":"M84.4,178.1L84.4,178.1L84.4,178.1C84.4,178.1,84.4,178.1,84.4,178.1z"},{"type":"path","fill":"#D1CCC0","stroke":"none","path":"M150.5,168.1 148.6,175.6 144.6,179.8 144.6,184.5 157.8,187.8 157.8,183.1 161.9,179.1 \t163.6,171.5 \tz"},{"type":"ellipse","fill":"#F6F6F6","stroke":"none","transform":"t-33.832,334.0142r-87.9848,0,0","cx":156.1,"cy":184.5,"rx":1.3,"ry":0.7},{"type":"ellipse","fill":"#F6F6F6","stroke":"none","transform":"t-41.0573,321.5361r-87.9953,0,0","cx":146,"cy":182,"rx":1.3,"ry":0.7},{"type":"path","fill":"#A9C2E1","stroke":"none","path":"M150.3,176.1 152.1,169.7 161.4,172.1 159.9,178.6 \tz"},{"type":"path","fill":"#6F7072","stroke":"none","opacity":0.2,"path":"M152.1,169.7 161.4,172.1 159.9,178.6 \tz"},{"type":"path","fill":"#B1B3B4","stroke":"none","path":"M147.5,181.8 147.5,183.4 154.6,185.2 154.6,183.6 \tz"},{"type":"path","fill":"#88888A","stroke":"none","path":"M144.6,183.8 144.6,184.6 157.8,187.9 157.8,187.1 \tz"},{"type":"path","fill":"#B1AEA5","stroke":"none","path":"M173.9,167.7 163.6,171.5 161.9,179.1 157.8,183.1 157.8,187.8 176.3,181 176.4,174.4 \tz"},{"type":"path","fill":"#58585A","stroke":"none","path":"M161.8,188.6c-0.4,0-0.8-0.8-1-1.9l0.9-0.4c0-1.8,0.5-3.1,1-3.1l0.6,0.1v5.7L161.8,188.6z"},{"type":"ellipse","fill":"#88888A","stroke":"none","cx":163.3,"cy":186.1,"rx":1,"ry":2.8},{"type":"path","fill":"#58585A","stroke":"none","path":"M172.8,184.6c-0.4,0-0.8-0.8-1-1.9l0.9-0.4c0-1.8,0.5-3.1,1-3.1l0.6,0.1v5.7L172.8,184.6z"},{"type":"ellipse","fill":"#88888A","stroke":"none","cx":174.3,"cy":182.1,"rx":1,"ry":2.8},{"type":"path","fill":"#90A5C1","stroke":"none","path":"M163.5,178.8 170,176.4 170,170.7 165.2,172.5 \tz"},{"type":"path","fill":"#90A5C1","stroke":"none","path":"M170.9,170.4 170.9,176.2 173.6,175.1 172.3,170 \tz"},{"type":"path","fill":"#D1CCC0","stroke":"none","path":"M160.6,164.3 150.5,168.1 163.6,171.5 173.9,167.7 \tz"},{"type":"path","fill":"#6F7072","stroke":"none","opacity":0.2,"path":"M163.6,171.5 173.9,167.7 160.6,164.3 \tz"},{"type":"path","fill":"#EBEBED","stroke":"none","path":"M164.7,178 165.7,177.7 163.8,177.4 162.9,177.7 \t\tz"},{"type":"path","fill":"#88888A","stroke":"none","path":"M164.7,178 162.9,177.7 162.7,178.9 164.7,179.2 \t\tz"},{"type":"path","fill":"#88888A","stroke":"none","path":"M164.7,179.2 164.7,178 165.7,177.7 165.7,178.8 \t\tz"},{"type":"path","fill":"#84D0F0","stroke":"none","path":"M173.9,175.6 172,183.1 167.9,187.2 167.9,191.9 181.2,195.3 181.2,190.6 185.2,186.6 187,179 \tz"},{"type":"ellipse","fill":"#F6F6F6","stroke":"none","transform":"t-18.7024,364.6109r-87.9953,0,0","cx":179.4,"cy":192,"rx":1.3,"ry":0.7},{"type":"ellipse","fill":"#F6F6F6","stroke":"none","transform":"t-25.9554,352.0977r-87.9953,0,0","cx":169.3,"cy":189.5,"rx":1.3,"ry":0.7},{"type":"path","fill":"#A9C2E1","stroke":"none","path":"M173.7,183.6 175.5,177.2 184.8,179.6 183.3,186.1 \tz"},{"type":"path","fill":"#6F7072","stroke":"none","opacity":0.2,"path":"M175.5,177.2 184.8,179.6 183.3,186.1 \tz"},{"type":"path","fill":"#9E9FA1","stroke":"none","path":"M170.9,189.2 170.9,190.8 178,192.7 178,191.1 \tz"},{"type":"path","fill":"#88888A","stroke":"none","path":"M167.9,191.3 167.9,192 181.2,195.3 181.2,194.6 \tz"},{"type":"path","fill":"#75BAD7","stroke":"none","path":"M197.3,175.1 187,179 185.2,186.6 181.2,190.6 181.2,195.3 199.7,188.5 199.7,181.9 \tz"},{"type":"path","fill":"#58585A","stroke":"none","path":"M185.1,196.1c-0.4,0-0.8-0.8-1-1.9l0.9-0.4c0-1.8,0.5-3.1,1-3.1l0.6,0.1v5.7L185.1,196.1z"},{"type":"ellipse","fill":"#88888A","stroke":"none","cx":186.7,"cy":193.6,"rx":1,"ry":2.8},{"type":"path","fill":"#58585A","stroke":"none","path":"M196.2,192.1c-0.4,0-0.8-0.8-1-1.9l0.9-0.4c0-1.8,0.5-3.1,1-3.1l0.6,0.1v5.7L196.2,192.1z"},{"type":"ellipse","fill":"#88888A","stroke":"none","cx":197.7,"cy":189.5,"rx":1,"ry":2.8},{"type":"path","fill":"#90A5C1","stroke":"none","path":"M186.9,186.2 193.3,183.9 193.4,178.2 188.6,179.9 \tz"},{"type":"path","fill":"#90A5C1","stroke":"none","path":"M194.3,177.9 194.3,183.6 197,182.6 195.6,177.4 \tz"},{"type":"path","fill":"#84D0F0","stroke":"none","path":"M184,171.8 173.9,175.6 187,179 197.3,175.1 \tz"},{"type":"path","fill":"#6F7072","stroke":"none","opacity":0.2,"path":"M187,179 197.3,175.1 184,171.8 \tz"},{"type":"path","fill":"#EBEBED","stroke":"none","path":"M188.1,185.5 189,185.2 187.2,184.8 186.3,185.2 \t\tz"},{"type":"path","fill":"#88888A","stroke":"none","path":"M188.1,185.5 186.3,185.2 186.1,186.3 188.1,186.6 \t\tz"},{"type":"path","fill":"#88888A","stroke":"none","path":"M188.1,186.6 188.1,185.5 189,185.2 189,186.3 \t\tz"},{"type":"path","fill":"#EBD958","stroke":"none","path":"M34.6,161.9 32.7,169.4 28.7,173.5 28.7,178.2 42,181.6 42,176.9 46,172.8 47.7,165.2 \tz"},{"type":"ellipse","fill":"#F6F6F6","stroke":"none","transform":"t-139.3752,212.1372r-87.9848,0,0","cx":40.2,"cy":178.3,"rx":1.3,"ry":0.7},{"type":"ellipse","fill":"#F6F6F6","stroke":"none","transform":"t-146.6217,199.6572r-87.9953,0,0","cx":30.1,"cy":175.8,"rx":1.3,"ry":0.7},{"type":"path","fill":"#A9C2E1","stroke":"none","path":"M34.4,169.8 36.2,163.5 45.5,165.9 44,172.3 \tz"},{"type":"path","fill":"#6F7072","stroke":"none","opacity":0.2,"path":"M36.2,163.5 45.5,165.9 44,172.3 \tz"},{"type":"path","fill":"#B1B3B4","stroke":"none","path":"M31.6,175.5 31.6,177.1 38.7,178.9 38.7,177.3 \tz"},{"type":"path","fill":"#88888A","stroke":"none","path":"M28.7,177.6 28.7,178.3 42,181.6 42,180.9 \tz"},{"type":"path","fill":"#DAB722","stroke":"none","path":"M58,161.4 47.7,165.2 46,172.8 42,176.9 42,181.6 60.5,174.7 60.5,168.2 \tz"},{"type":"path","fill":"#58585A","stroke":"none","path":"M45.9,182.4c-0.4,0-0.8-0.8-1-1.9l0.9-0.4c0-1.8,0.5-3.1,1-3.1l0.6,0.1v5.7L45.9,182.4z"},{"type":"ellipse","fill":"#88888A","stroke":"none","cx":47.4,"cy":179.8,"rx":1,"ry":2.8},{"type":"path","fill":"#58585A","stroke":"none","path":"M56.9,178.3c-0.4,0-0.8-0.8-1-1.9l0.9-0.4c0-1.8,0.5-3.1,1-3.1l0.6,0.1v5.7L56.9,178.3z"},{"type":"ellipse","fill":"#88888A","stroke":"none","cx":58.4,"cy":175.8,"rx":1,"ry":2.8},{"type":"path","fill":"#90A5C1","stroke":"none","path":"M47.6,172.5 54.1,170.1 54.1,164.4 49.3,166.2 \tz"},{"type":"path","fill":"#90A5C1","stroke":"none","path":"M55,164.2 55,169.9 57.7,168.9 56.4,163.7 \tz"},{"type":"path","fill":"#EBD958","stroke":"none","path":"M44.7,158.1 34.6,161.9 47.7,165.2 58,161.4 \tz"},{"type":"path","fill":"#6F7072","stroke":"none","opacity":0.2,"path":"M47.7,165.2 58,161.4 44.7,158.1 \tz"},{"type":"path","fill":"#EBEBED","stroke":"none","path":"M48.8,171.8 49.8,171.4 47.9,171.1 47,171.4 \t\tz"},{"type":"path","fill":"#88888A","stroke":"none","path":"M48.8,171.8 47,171.4 46.8,172.6 48.8,172.9 \t\tz"},{"type":"path","fill":"#88888A","stroke":"none","path":"M48.8,172.9 48.8,171.8 49.8,171.4 49.8,172.6 \t\tz"},{"type":"path","fill":"#C9BFC0","stroke":"none","path":"M58,169.3 56.1,176.8 52,180.9 52,185.6 65.3,189 65.3,184.3 69.4,180.3 71.1,172.7 \tz"},{"type":"ellipse","fill":"#F6F6F6","stroke":"none","transform":"t-124.2669,242.732r-87.9953,0,0","cx":63.6,"cy":185.7,"rx":1.3,"ry":0.7},{"type":"ellipse","fill":"#F6F6F6","stroke":"none","transform":"t-131.5198,230.2188r-87.9953,0,0","cx":53.4,"cy":183.2,"rx":1.3,"ry":0.7},{"type":"path","fill":"#A9C2E1","stroke":"none","path":"M57.8,177.3 59.6,170.9 68.9,173.3 67.4,179.8 \tz"},{"type":"path","fill":"#6F7072","stroke":"none","opacity":0.2,"path":"M59.6,170.9 68.9,173.3 67.4,179.8 \tz"},{"type":"path","fill":"#9E9FA1","stroke":"none","path":"M55,182.9 55,184.6 62.1,186.4 62.1,184.8 \tz"},{"type":"path","fill":"#88888A","stroke":"none","path":"M52,185 52,185.8 65.3,189.1 65.3,188.3 \tz"},{"type":"path","fill":"#ABA3A4","stroke":"none","path":"M81.4,168.9 71.1,172.7 69.4,180.3 65.3,184.3 65.3,189 83.8,182.2 83.8,175.6 \tz"},{"type":"path","fill":"#58585A","stroke":"none","path":"M69.2,189.8c-0.4,0-0.8-0.8-1-1.9l0.9-0.4c0-1.8,0.5-3.1,1-3.1l0.6,0.1v5.7L69.2,189.8z"},{"type":"ellipse","fill":"#88888A","stroke":"none","cx":70.8,"cy":187.3,"rx":1,"ry":2.8},{"type":"path","fill":"#58585A","stroke":"none","path":"M80.3,185.8c-0.4,0-0.8-0.8-1-1.9l0.9-0.4c0-1.8,0.5-3.1,1-3.1l0.6,0.1v5.7L80.3,185.8z"},{"type":"ellipse","fill":"#88888A","stroke":"none","cx":81.8,"cy":183.2,"rx":1,"ry":2.8},{"type":"path","fill":"#90A5C1","stroke":"none","path":"M71,180 77.4,177.6 77.5,171.9 72.7,173.6 \tz"},{"type":"path","fill":"#90A5C1","stroke":"none","path":"M78.4,171.6 78.4,177.3 81.1,176.3 79.8,171.1 \tz"},{"type":"path","fill":"#C9BFC0","stroke":"none","path":"M68.1,165.5 58,169.3 71.1,172.7 81.4,168.9 \tz"},{"type":"path","fill":"#6F7072","stroke":"none","opacity":0.2,"path":"M71.1,172.7 81.4,168.9 68.1,165.5 \tz"},{"type":"path","fill":"#EBEBED","stroke":"none","path":"M72.2,179.2 73.2,178.9 71.3,178.6 70.4,178.9 \t\tz"},{"type":"path","fill":"#88888A","stroke":"none","path":"M72.2,179.2 70.4,178.9 70.2,180.1 72.2,180.3 \t\tz"},{"type":"path","fill":"#88888A","stroke":"none","path":"M72.2,180.3 72.2,179.2 73.2,178.9 73.2,180 \t\tz"}]}