{"width":"224.7","height":"180.3","dx":"0","dy":"0","geometry":[{"type":"path","fill":"#979797","stroke":"none","path":"M138.1,106.7 138,113.7 201.3,125.6 201.3,83.4 z"},{"type":"path","fill":"#C9C9C9","stroke":"none","path":"M201.4,125.5 159.2,117.6 138.1,125.6 138.1,148.9 z"},{"type":"path","fill":"#E6E6E6","stroke":"none","path":"M167.9,106.3 179.4,102.1 193.8,105 182.3,109.1 z"},{"type":"path","fill":"#DDDEDF","stroke":"none","path":"M167.8,126.4 167.8,106.3 182.3,109.1 182.3,129.2 z"},{"type":"path","fill":"#C8C7C8","stroke":"none","path":"M182.3,109.1 182.3,129.2 193.8,124.9 193.8,105 z"},{"type":"path","fill":"#747374","stroke":"none","path":"M138.1,106.7 138.1,125.6 159.1,117.7 159.1,98.9 z"},{"type":"path","fill":"#5FA3D9","stroke":"none","path":"M178.7,119c0.2-0.1,0.3-0.7,0.1-1.3c-0.3-0.7-0.7-1-1-0.9l-10.3,3.9l0.9,2.3L178.7,119z"},{"type":"path","fill":"#DF5C2C","stroke":"none","path":"M181.1,122.1c0.2-0.1,0.3-0.7,0.1-1.3c-0.3-0.7-0.7-1-1-0.9l-10.3,3.9l0.9,2.3L181.1,122.1z"},{"type":"path","fill":"#CAD5DA","stroke":"none","path":"M153.3,130.5c0.2-0.1,0.2-0.7,0-1.3s-0.6-1.1-0.8-1c-0.2,0.1-0.2,0.7,0,1.3C152.7,130.2,153.1,130.6,153.3,130.5z"},{"type":"path","fill":"#FEE605","stroke":"none","path":"M186.6,113 189.7,112.7 188.8,115.6 191.5,115.3 187.5,122.7 187.6,117.6 185.3,117.8 z"},{"type":"path","fill":"#E6D2CA","stroke":"none","path":"M151.6,115.2 161.9,111.4 174.8,114.1 164.5,117.7 z"},{"type":"path","fill":"#DBBBAF","stroke":"none","path":"M151.5,133.2 151.5,115.2 164.5,117.7 164.5,135.7 z"},{"type":"path","fill":"#C68D7B","stroke":"none","path":"M164.5,117.7 164.5,135.7 174.8,131.9 174.8,114.1 z"},{"type":"path","fill":"#5FA3D9","stroke":"none","path":"M160.4,126.5c0.2-0.1,0.3-0.7,0.1-1.3c-0.3-0.7-0.7-1-1-0.9l-10.3,3.9l0.9,2.3L160.4,126.5z"},{"type":"path","fill":"#DF5C2C","stroke":"none","path":"M162.8,129.5c0.2-0.1,0.3-0.7,0.1-1.3c-0.3-0.7-0.7-1-1-0.9l-10.3,3.9l0.9,2.3L162.8,129.5z"},{"type":"path","fill":"#8BA8B2","stroke":"none","path":"M141.4,138.2c0,1.4,3.3,2.6,7.3,2.6s7.3-1.2,7.3-2.6v-18.4h-14.5V138.2z"},{"type":"path","fill":"#CAD5DA","stroke":"none","path":"M141.4,119.9c0,1.4,3.3,2.6,7.3,2.6s7.3-1.2,7.3-2.6c0-1.5-3.3-2.6-7.3-2.6S141.4,118.4,141.4,119.9z"},{"type":"path","fill":"#5FA3D9","stroke":"none","path":"M148,118.6c0,0.3,0.5,0.6,1.2,0.6c0.7,0,1.2-0.3,1.2-0.6l0-16.5l-2.4,0.9L148,118.6z"},{"type":"path","fill":"#DF5C2C","stroke":"none","path":"M144.3,119.8c0,0.3,0.5,0.6,1.2,0.6c0.7,0,1.2-0.3,1.2-0.6l0-16.2l-2.4,0.8L144.3,119.8z"},{"type":"path","fill":"#5FA3D9","stroke":"none","path":"M179.9,104.6c0,0.3,0.5,0.6,1.2,0.6c0.7,0,1.2-0.3,1.2-0.6l0-14.3l-2.4,0.9L179.9,104.6z"},{"type":"path","fill":"#DF5C2C","stroke":"none","path":"M176.3,105.8c0,0.3,0.5,0.6,1.2,0.6c0.7,0,1.2-0.3,1.2-0.6l0-14l-2.4,0.9L176.3,105.8z"}]}