{"width":"224.7","height":"170.2","dx":"0","dy":"0","geometry":[{"type":"path","fill":"#ECE0C2","stroke":"none","path":"M120.8,42.9 131.1,39.2 121.6,37.5 111.5,41.3 z"},{"type":"path","fill":"#AC9066","stroke":"none","path":"M120.8,42.9 111.5,41.3 111.5,44.8 120.8,46.5 z"},{"type":"path","fill":"#836F4F","stroke":"none","path":"M120.8,46.5 120.8,42.9 131.1,39.2 131.1,42.8 z"},{"type":"path","fill":"#5A595B","stroke":"none","path":"M127.3,38.5 122.2,33.9 122.2,4.3 121.2,4.3 121.2,33.4 116.7,39.4 117.9,38.9 119.4,37.1 114.8,45.4 115.8,45.6 121.6,35.3 125.4,44.8 126.4,44.5 122.9,35.8 125.7,38.2 z"},{"type":"path","fill":"#9C9E9E","stroke":"none","path":"M147.1,55.1 120.6,2.4 120.6,4.3 144.1,55.6 z"},{"type":"path","fill":"#88888A","stroke":"none","path":"M150.8,54.1 147.1,55.5 120.6,2.4 122.1,2.4 z"},{"type":"path","fill":"#E4D3C4","stroke":"none","path":"M112.4,158.9C50.8,158.9,0.6,141,0.6,119s50.2-39.9,111.8-39.9C174,79.1,224.2,97,224.2,119S174.1,158.9,112.4,158.9z"},{"type":"path","fill":"#999898","stroke":"none","path":"M224.1,120.7c-2.5,21.2-51.7,38.1-111.7,38.1c-61.6,0-111.8-17.9-111.8-39.9c0-0.4,0-0.8,0.1-1.2H0.3L0,130c0,22.2,51.1,40.2,112.9,40.2s111.8-18,111.8-40.2v-9.4L224.1,120.7z"},{"type":"ellipse","fill":"none","stroke":"#B4B4B4","stroke-width":0.9996,"stroke-miterlimit":10,"cx":112.5,"cy":118.7,"rx":112.1,"ry":39.9},{"type":"path","fill":"#707072","stroke":"none","path":"M129.2,146.4"},{"type":"path","fill":"#CCBC9E","stroke":"none","path":"M143.3,118.4 192.6,100.3 84.3,81.4 35.5,99.2 z"},{"type":"path","fill":"#B1B3B4","stroke":"none","path":"M143.3,118.4 35.5,99.2 35.4,104.5 143.3,123.6 z"},{"type":"path","fill":"#888989","stroke":"none","path":"M143.3,123.6 143.3,118.4 192.6,100.3 192.7,105.7 z"},{"type":"path","fill":"#ECE0C2","stroke":"none","path":"M77.2,124.4 85.3,121.4 77.9,120.1 77.9,120.1 70,123 z"},{"type":"path","fill":"#CCBC9E","stroke":"none","path":"M41.9,119.6 34.6,118.3 34.6,121.1 41.9,122.4 z"},{"type":"path","fill":"#A89D85","stroke":"none","path":"M41.9,122.4 41.9,119.6 49.9,116.7 50,119.5 z"},{"type":"path","fill":"#ECE0C2","stroke":"none","path":"M52.7,121.7 60.7,118.8 53.3,117.5 53.3,117.5 45.4,120.4 z"},{"type":"path","fill":"#CCBC9E","stroke":"none","path":"M52.7,121.7 45.4,120.4 45.4,123.2 52.7,124.5 z"},{"type":"path","fill":"#836F4F","stroke":"none","path":"M52.7,124.5 52.7,121.7 60.7,118.8 60.7,121.6 z"},{"type":"path","fill":"#ECE0C2","stroke":"none","path":"M84.1,122.1 92.2,119.2 84.7,117.9 84.8,117.9 76.8,120.8 z"},{"type":"path","fill":"#AC9066","stroke":"none","path":"M48.8,117.4 41.5,116 41.5,118.8 48.8,120.2 z"},{"type":"path","fill":"#836F4F","stroke":"none","path":"M48.8,120.2 48.8,117.4 56.8,114.4 56.8,117.2 z"},{"type":"path","fill":"#ECE0C2","stroke":"none","path":"M63,123.4 71.1,120.5 63.7,119.2 63.7,119.2 55.8,122.1 z"},{"type":"path","fill":"#CCBC9E","stroke":"none","path":"M63,123.4 55.8,122.1 55.8,124.9 63,126.2 z"},{"type":"path","fill":"#836F4F","stroke":"none","path":"M63,126.2 63,123.4 71.1,120.5 71.1,123.3 z"},{"type":"path","fill":"#ECE0C2","stroke":"none","path":"M73.8,125.6 81.9,122.6 74.5,121.3 74.5,121.3 66.6,124.2 z"},{"type":"path","fill":"#AC9066","stroke":"none","path":"M73.8,125.6 66.6,124.2 66.6,127 73.8,128.4 z"},{"type":"path","fill":"#836F4F","stroke":"none","path":"M73.8,128.4 73.8,125.6 81.9,122.6 81.9,125.4 z"},{"type":"path","fill":"#ECE0C2","stroke":"none","path":"M31.5,123.2 39.6,120.3 32.1,119 32.2,119 24.2,121.9 z"},{"type":"path","fill":"#AC9066","stroke":"none","path":"M31.5,123.2 24.2,121.9 24.2,124.7 31.5,126 z"},{"type":"path","fill":"#836F4F","stroke":"none","path":"M31.5,126 31.5,123.2 39.6,120.3 39.6,123.1 z"},{"type":"path","fill":"#ECE0C2","stroke":"none","path":"M42.3,125.3 50.3,122.4 42.9,121.1 42.9,121.1 35,124 z"},{"type":"path","fill":"#AC9066","stroke":"none","path":"M42.3,125.3 35,124 35,126.8 42.3,128.1 z"},{"type":"path","fill":"#836F4F","stroke":"none","path":"M42.3,128.1 42.3,125.3 50.3,122.4 50.3,125.2 z"},{"type":"path","fill":"#ECE0C2","stroke":"none","path":"M38.4,121 46.5,118 39,116.7 39.1,116.8 31.1,119.6 z"},{"type":"path","fill":"#AC9066","stroke":"none","path":"M38.4,121 31.1,119.6 31.1,122.4 38.4,123.8 z"},{"type":"path","fill":"#836F4F","stroke":"none","path":"M38.4,123.8 38.4,121 46.5,118 46.5,120.8 z"},{"type":"path","fill":"#ECE0C2","stroke":"none","path":"M52.7,127 60.7,124.1 53.3,122.8 53.3,122.8 45.4,125.7 z"},{"type":"path","fill":"#AC9066","stroke":"none","path":"M52.7,127 45.4,125.7 45.4,128.5 52.7,129.8 z"},{"type":"path","fill":"#836F4F","stroke":"none","path":"M52.7,129.8 52.7,127 60.7,124.1 60.7,126.9 z"},{"type":"path","fill":"#ECE0C2","stroke":"none","path":"M63.4,129.2 71.5,126.2 64.1,124.9 64.1,125 56.2,127.8 z"},{"type":"path","fill":"#AC9066","stroke":"none","path":"M63.4,129.2 56.2,127.8 56.2,130.6 63.4,132 z"},{"type":"path","fill":"#836F4F","stroke":"none","path":"M63.4,132 63.4,129.2 71.5,126.2 71.5,129 z"},{"type":"path","fill":"#ECE0C2","stroke":"none","path":"M59.5,124.8 67.6,121.9 60.2,120.5 60.2,120.6 52.3,123.5 z"},{"type":"path","fill":"#AC9066","stroke":"none","path":"M59.5,124.8 52.3,123.5 52.3,126.3 59.5,127.6 z"},{"type":"path","fill":"#836F4F","stroke":"none","path":"M59.5,127.6 59.5,124.8 67.6,121.9 67.6,124.7 z"},{"type":"path","fill":"#ECE0C2","stroke":"none","path":"M48.6,122.6 56.7,119.7 49.3,118.4 49.3,118.4 41.4,121.3 z"},{"type":"path","fill":"#AC9066","stroke":"none","path":"M48.6,122.6 41.4,121.3 41.4,124.1 48.6,125.4 z"},{"type":"path","fill":"#836F4F","stroke":"none","path":"M48.6,125.4 48.6,122.6 56.7,119.7 56.7,122.5 z"},{"type":"path","fill":"#ECE0C2","stroke":"none","path":"M45,97.3 53.7,94.1 45.7,92.7 45.7,92.8 37.1,95.9 z"},{"type":"path","fill":"#AC9066","stroke":"none","path":"M45,97.3 37.1,95.9 37.1,98.9 45,100.4 z"},{"type":"path","fill":"#A89D85","stroke":"none","path":"M45,100.4 45,97.3 53.7,94.1 53.7,97.2 z"},{"type":"path","fill":"#ECE0C2","stroke":"none","path":"M53.1,98.9 61.8,95.7 53.8,94.3 53.8,94.3 45.2,97.5 z"},{"type":"path","fill":"#AC9066","stroke":"none","path":"M53.1,98.9 45.2,97.5 45.2,100.5 53.1,102 z"},{"type":"path","fill":"#A89D85","stroke":"none","path":"M53.1,102 53.1,98.9 61.8,95.7 61.9,98.8 z"},{"type":"path","fill":"#ECE0C2","stroke":"none","path":"M61.4,100.4 70.2,97.2 62.1,95.8 62.1,95.8 53.5,99 z"},{"type":"path","fill":"#AC9066","stroke":"none","path":"M61.4,100.4 53.5,99 53.5,102 61.4,103.5 z"},{"type":"path","fill":"#A89D85","stroke":"none","path":"M61.4,103.5 61.4,100.4 70.2,97.2 70.2,100.3 z"},{"type":"path","fill":"#ECE0C2","stroke":"none","path":"M69.7,102 78.5,98.8 70.4,97.4 70.4,97.4 61.8,100.6 z"},{"type":"path","fill":"#AC9066","stroke":"none","path":"M69.7,102 61.8,100.6 61.8,103.6 69.7,105.1 z"},{"type":"path","fill":"#A89D85","stroke":"none","path":"M69.7,105.1 69.7,102 78.5,98.8 78.5,101.9 z"},{"type":"path","fill":"#ECE0C2","stroke":"none","path":"M78.1,103.6 86.8,100.4 78.8,99 78.8,99 70.2,102.2 z"},{"type":"path","fill":"#AC9066","stroke":"none","path":"M78.1,103.6 70.2,102.2 70.2,105.2 78.1,106.7 z"},{"type":"path","fill":"#836F4F","stroke":"none","path":"M78.1,106.7 78.1,103.6 86.8,100.4 86.8,103.5 z"},{"type":"path","fill":"#ECE0C2","stroke":"none","path":"M86.2,83.4 95,80.2 87,78.7 87,78.8 78.4,81.9 z"},{"type":"path","fill":"#CCBC9E","stroke":"none","path":"M86.2,83.4 78.4,81.9 78.4,85 86.2,86.4 z"},{"type":"path","fill":"#A89D85","stroke":"none","path":"M86.2,86.4 86.2,83.4 95,80.2 95,83.2 z"},{"type":"path","fill":"#ECE0C2","stroke":"none","path":"M94.4,85 103.1,81.8 95.1,80.3 95.1,80.4 86.5,83.5 z"},{"type":"path","fill":"#AC9066","stroke":"none","path":"M94.4,85 86.5,83.5 86.5,86.6 94.4,88 z"},{"type":"path","fill":"#A89D85","stroke":"none","path":"M94.4,88 94.4,85 103.1,81.8 103.1,84.8 z"},{"type":"path","fill":"#ECE0C2","stroke":"none","path":"M102.7,86.5 111.4,83.3 103.4,81.8 103.4,81.9 94.8,85 z"},{"type":"path","fill":"#AC9066","stroke":"none","path":"M102.7,86.5 94.8,85 94.8,88.1 102.7,89.5 z"},{"type":"path","fill":"#A89D85","stroke":"none","path":"M102.7,89.5 102.7,86.5 111.4,83.3 111.5,86.3 z"},{"type":"path","fill":"#ECE0C2","stroke":"none","path":"M111,88.1 119.8,84.9 111.7,83.4 111.7,83.5 103.1,86.6 z"},{"type":"path","fill":"#AC9066","stroke":"none","path":"M111,88.1 103.1,86.6 103.1,89.7 111,91.1 z"},{"type":"path","fill":"#ECE0C2","stroke":"none","path":"M119.3,89.7 128.1,86.5 120,85 120.1,85.1 111.5,88.2 z"},{"type":"path","fill":"#AC9066","stroke":"none","path":"M119.3,89.7 111.5,88.2 111.4,91.3 119.3,92.7 z"},{"type":"path","fill":"#836F4F","stroke":"none","path":"M119.3,92.7 119.3,89.7 128.1,86.5 128.1,89.5 z"},{"type":"path","fill":"#5A595B","stroke":"none","path":"M204.6,119.5 193.4,117.5 167.5,124.9 167.4,130.2 172.5,131.1 z"},{"type":"path","fill":"#5A595B","stroke":"none","path":"M172.5,138.2 166.7,137.2 166.8,130.1 172.5,131.1 z"},{"type":"path","fill":"#EBEBED","stroke":"none","path":"M125,112.4 120,130.4 120,141.9 148.5,147 148.5,135.5 153.5,117.5 z"},{"type":"ellipse","fill":"#E8CB57","stroke":"none","transform":"t4.8384,-4.2174r1.9784,0,0","cx":124.5,"cy":138,"rx":1.4,"ry":2.6},{"type":"ellipse","fill":"#E8CB57","stroke":"none","transform":"t5.1088,-5.0106r2.0375,0,0","cx":143.4,"cy":141.1,"rx":1.4,"ry":2.6},{"type":"path","fill":"#88888A","stroke":"none","path":"M172.5,138.2 204.6,126.4 204.6,119.5 172.5,131.1 z"},{"type":"path","fill":"#5A595B","stroke":"none","path":"M190.8,136.2c-1.1,0-2-2.5-2-5.5s1-5.3,2.1-5.3l2.9,0.5v10.8L190.8,136.2z"},{"type":"ellipse","fill":"#88888A","stroke":"none","cx":193.8,"cy":131.3,"rx":2,"ry":5.5},{"type":"path","fill":"#A9C2E1","stroke":"none","path":"M124.1,129.2 127.7,116.1 149.4,119.9 145.7,133.1 z"},{"type":"path","fill":"#707072","stroke":"none","opacity":0.2,"path":"M129.3,116.3 149.2,119.9 145.7,132.5 z"},{"type":"path","fill":"#5A595B","stroke":"none","path":"M127,137.3 127,137.6 141.5,140.1 141.5,139.8 z"},{"type":"path","fill":"#5A595B","stroke":"none","path":"M127,137.8 127,138.2 141.5,140.7 141.5,140.4 z"},{"type":"path","fill":"#5A595B","stroke":"none","path":"M127,138.4 127,138.8 141.5,141.3 141.5,140.9 z"},{"type":"path","fill":"#5A595B","stroke":"none","path":"M127,139 127,139.3 141.5,141.9 141.5,141.5 z"},{"type":"path","fill":"#5A595B","stroke":"none","path":"M127,139.6 127,139.9 141.5,142.4 141.5,142.1 z"},{"type":"path","fill":"#5A595B","stroke":"none","path":"M127,140.2 127,140.5 141.5,143 141.5,142.7 z"},{"type":"path","fill":"#ECDA59","stroke":"none","path":"M184.7,105.1 201.4,108.2 173.6,117.4 157.4,114.7 z"},{"type":"path","fill":"#E8CB57","stroke":"none","path":"M173.6,129.2 201.4,118.8 201.4,116.7 201.4,108.2 173.6,117.4 z"},{"type":"path","fill":"#DAB723","stroke":"none","path":"M173.6,129.2 168.5,128.2 168.5,116.6 173.6,117.4 z"},{"type":"path","fill":"#9C9E9E","stroke":"none","path":"M168.5,112 153.5,117.5 148.5,135.5 148.5,147 168.5,139.5 z"},{"type":"path","fill":"#5A595B","stroke":"none","path":"M162,146.4c-1.1,0-2-2.5-2-5.5s1-5.3,2.1-5.3l2.9,0.5v10.8L162,146.4z"},{"type":"ellipse","fill":"#88888A","stroke":"none","cx":165,"cy":141.5,"rx":2,"ry":5.5},{"type":"path","fill":"#A9C2E1","stroke":"none","path":"M151.2,133.8 158.6,131 158.7,120 154.4,121.6 z"},{"type":"path","fill":"#A9C2E1","stroke":"none","path":"M159.8,119.6 159.8,130.7 165,128.7 164.9,117.7 z"},{"type":"path","fill":"#F6F4F5","stroke":"none","path":"M140,106.9 124.9,112.4 153.5,117.5 168.5,112 z"},{"type":"path","fill":"#707072","stroke":"none","opacity":0.2,"path":"M153.5,117.5 168.5,112 140,106.9 z"},{"type":"path","fill":"#ECE0C2","stroke":"none","path":"M65.3,97.3 75.6,93.5 66.1,91.8 66.1,91.9 56,95.6 z"},{"type":"path","fill":"#AC9066","stroke":"none","path":"M65.3,97.3 56,95.6 56,99.2 65.3,100.9 z"},{"type":"path","fill":"#A89D85","stroke":"none","path":"M65.3,100.9 65.3,97.3 75.6,93.5 75.6,97.1 z"},{"type":"path","fill":"#ECE0C2","stroke":"none","path":"M75.1,99.1 85.4,95.3 75.9,93.6 75.9,93.7 65.8,97.4 z"},{"type":"path","fill":"#AC9066","stroke":"none","path":"M75.1,99.1 65.8,97.4 65.8,101 75.1,102.6 z"},{"type":"path","fill":"#836F4F","stroke":"none","path":"M75.1,102.6 75.1,99.1 85.4,95.3 85.4,98.9 z"},{"type":"path","fill":"#ECE0C2","stroke":"none","path":"M100.3,82.3 110.6,78.6 101.1,76.9 101.2,77 91,80.6 z"},{"type":"path","fill":"#AC9066","stroke":"none","path":"M100.3,82.3 91,80.6 91,84.2 100.3,85.9 z"},{"type":"path","fill":"#836F4F","stroke":"none","path":"M100.3,85.9 100.3,82.3 110.6,78.6 110.6,82.2 z"},{"type":"path","fill":"#ECE0C2","stroke":"none","path":"M77.6,86.5 86.4,83.4 78.3,81.9 78.3,82 69.7,85.1 z"},{"type":"path","fill":"#AC9066","stroke":"none","path":"M77.6,86.5 69.7,85.1 69.7,88.1 77.6,89.6 z"},{"type":"path","fill":"#836F4F","stroke":"none","path":"M77.6,89.6 77.6,86.5 86.4,83.4 86.4,86.4 z"},{"type":"path","fill":"#F29505","stroke":"none","path":"M154.7,76.9 157.2,79.4 165.3,111.4 162.1,110.8 z"},{"type":"path","fill":"#ECDA59","stroke":"none","path":"M178.1,112.7 143.3,48.8 143.3,55.8 170.5,111.2 z"},{"type":"path","fill":"#E8CB57","stroke":"none","path":"M186,109.7 178.1,112.7 143.3,48.8 148.9,48.8 z"},{"type":"path","fill":"#5A595B","stroke":"none","path":"M96,124.4 108.7,142.7 107.8,143 95.9,125.6 z"},{"type":"path","fill":"#5A595B","stroke":"none","path":"M107.7,142 104.6,143.3 105.1,144.2 108.8,142.7 z"},{"type":"path","fill":"#F6F4F5","stroke":"none","path":"M94.1,124.2 77.9,146 95.3,149.1 94.2,124.5 \tz"},{"type":"path","fill":"#DBDCDD","stroke":"none","path":"M94.1,124.2 95.3,149.1 106.4,151.1 \tz"},{"type":"path","fill":"#5A595B","stroke":"none","path":"M94.5,142 86.6,136.6 86.2,137 94.1,142.5 z"},{"type":"path","fill":"#5A595B","stroke":"none","path":"M85,144.7l2.3-6.4l1.3-2.1c0,0,0.2-0.1,0-0.4c-0.2-0.3-0.6-0.1-0.6-0.1l-1.1,1.4c0,0-0.4,0.2-0.6,0c-0.2-0.2,0-0.5,0-0.5l1.1-1.5c0,0,0.3-0.4,1.5-0.4c1,0,1.7,0.2,2.1,0.6c0.4,0.4,0.5,0.7,0.5,1s0.3,3.9,0.3,3.9s-0.1,0.3-0.4,0.3c-0.3,0-0.4-0.4-0.4-0.4l-0.2-1.9l-0.7,1.1l1.2,2.8l0.3,3.8c0,0-0.2,0.3-0.4,0.3c-0.2,0-0.6-0.4-0.6-0.4l-0.4-3.6l-1.5-1.9l-2.5,4.8c0,0-0.2,0.8-0.8,0.4C84.7,145.1,85,144.7,85,144.7z"},{"type":"path","fill":"#5A595B","stroke":"none","path":"M93.6,143.1l1.2-1.8c0,0,1.7,1.5,1,2.3C95.2,144.3,93.6,143.1,93.6,143.1z"},{"type":"path","fill":"#5A595B","stroke":"none","path":"M90.8,147.2c0,0,6.3-3.9,8.2-3.7c1.9,0.1,5.2,6.2,5.2,6.2L90.8,147.2z"},{"type":"path","fill":"#5A595B","stroke":"none","path":"M92.7,134.3c0-0.6-0.6-1.2-1.2-1.3s-1.1,0.4-1.1,1s0.6,1.2,1.2,1.3C92.3,135.3,92.8,134.9,92.7,134.3z"},{"type":"path","fill":"none","stroke":"none","path":"M77.9,146 95.3,149.1 94.2,124.5 94.1,124.2 \tz"},{"type":"path","fill":"#DF5C2E","stroke":"none","path":"M108.8,153.8C108.7,153.8,108.7,153.8,108.8,153.8C108.7,153.8,108.7,153.8,108.8,153.8z"},{"type":"path","fill":"#DF5C2E","stroke":"none","path":"M109.5,152.5c0,0,0,0.1,0,0.2C109.6,152.6,109.5,152.5,109.5,152.5z"},{"type":"path","fill":"#DF5C2E","stroke":"none","path":"M109.6,152.7c0,0.2,0,0.4-0.1,0.7C109.5,153.2,109.6,152.9,109.6,152.7z"},{"type":"path","fill":"#DF5C2E","stroke":"none","path":"M95.3,149.1L78,146l16.1-21.8v-3.5l0,0c-0.4-0.1-0.8,0.1-1,0.4L75,146c-0.2,0.3-0.2,0.8,0,1.2\tc0.2,0.4,0.6,0.7,1,0.8l19.4,3.3L95.3,149.1z"},{"type":"path","fill":"#707072","stroke":"none","opacity":0.2,"path":"M108.7,153.8c-0.1,0-0.2,0-0.3,0\tC108.4,153.8,108.5,153.8,108.7,153.8z"},{"type":"path","fill":"#707072","stroke":"none","opacity":0.2,"path":"M109.5,152.4L109.5,152.4L109.5,152.4L109.5,152.4z"},{"type":"path","fill":"#707072","stroke":"none","opacity":0.2,"path":"M108.8,153.8c0.2,0,0.5-0.1,0.7-0.4\tC109.3,153.6,109,153.7,108.8,153.8z"},{"type":"path","fill":"#707072","stroke":"none","opacity":0.2,"path":"M109.6,152.7L109.6,152.7L109.6,152.7z"},{"type":"path","fill":"#DF5C2E","stroke":"none","path":"M109.6,152.7c0-0.1,0-0.1,0-0.2c0,0,0-0.1-0.1-0.1l-14.4-30.8c0,0-0.3-0.5-1-0.7v3.5l12.3,26.9l-11.1-2\tl0.1,2.2l13.1,2.5c0.1,0,0.2,0,0.3,0h0.1c0.3,0,0.5-0.2,0.7-0.4C109.5,153.1,109.6,152.9,109.6,152.7L109.6,152.7z"}]}