{"width":"224.7","height":"130.3","dx":"0","dy":"31.8","geometry":[{"type":"path","fill":"#999895","stroke":"none","path":"M0,108.4v13c0,13.7,29.6,39.5,115.6,39.5c63.7,0,109.1-20.9,109.1-39.1v-10.4c-1.3,18-47.1,38.1-109,38.1C27.8,149.5-0.8,122.4,0,108.4z"},{"type":"ellipse","fill":"#F6F6F6","stroke":"#B3B3B3","stroke-width":0.9996,"stroke-miterlimit":10,"cx":112.5,"cy":109.3,"rx":112.1,"ry":39.9},{"type":"path","fill":"#DDDEDF","stroke":"none","path":"M22.5,111 22.5,52.8 130.5,72.4 130.5,130.6 z"},{"type":"path","fill":"#878787","stroke":"none","path":"M28,111.8 28,73.7 121.8,90.7 121.8,128.8 z"},{"type":"path","fill":"#FBDD55","stroke":"none","path":"M28,70 28,56.5 121.8,73.5 121.8,87.1 z"},{"type":"path","fill":"#EDEDED","stroke":"none","path":"M22.5,52.8 87.5,31.8 190.7,50.7 130.6,72.4 z"},{"type":"path","fill":"#C6C7C8","stroke":"none","path":"M190.7,107.4 130.5,130.6 130.5,72.4 190.7,50.7 z"},{"type":"path","fill":"#A9C2E1","stroke":"none","path":"M90.4,123 90.2,86.4 74.4,83.5 74.5,120.1 z"},{"type":"path","fill":"#A9C2E1","stroke":"none","path":"M74,120 73.8,83.4 58,80.5 58.1,117.1 z"},{"type":"path","fill":"#A9C2E1","stroke":"none","path":"M57.6,112.4 57.4,80.4 41.6,77.5 41.7,109.5 z"},{"type":"path","fill":"#A9C2E1","stroke":"none","path":"M41.4,109.4 41.1,77.4 28.8,75.1 28.9,107.1 z"},{"type":"path","fill":"#A9C2E1","stroke":"none","path":"M119.8,123.8 119.6,91.8 103.8,88.9 103.9,120.9 z"},{"type":"path","fill":"#A9C2E1","stroke":"none","path":"M103.6,120.8 103.4,88.8 91,86.6 91.1,118.5 z"},{"type":"path","fill":"#7E7F7F","stroke":"none","path":"M137.6,128.2 137.6,90 185.9,70.9 185.9,109.1 z"},{"type":"path","fill":"#C6C7C8","stroke":"#FBFAF9","stroke-width":0.0915,"stroke-miterlimit":10,"path":"M208.7,105.6c4.9,0,8.8,1.4,8.8,3.1c0,1.7-4,3.1-8.8,3.1c-4.9,0-8.8-1.4-8.8-3.1C199.8,107,203.8,105.6,208.7,105.6z"},{"type":"ellipse","fill":"#60AA26","stroke":"none","cx":215,"cy":82.9,"rx":7.5,"ry":5.2},{"type":"ellipse","fill":"#60AA26","stroke":"none","transform":"t353.0194,239.3572r204.0172,0,0","cx":202,"cy":82.1,"rx":9.6,"ry":5.8},{"type":"ellipse","fill":"#E0DA00","stroke":"none","cx":204.3,"cy":74,"rx":7.9,"ry":6.2},{"type":"ellipse","fill":"#B0BD56","stroke":"none","cx":212.4,"cy":75.2,"rx":8,"ry":6},{"type":"ellipse","fill":"#B0BD56","stroke":"none","cx":212.8,"cy":85.9,"rx":3.3,"ry":2.5},{"type":"path","fill":"#A18876","stroke":"none","path":"M206.7,82.7L206.7,82.7L206.7,82.7L206.7,82.7L206.7,82.7c0-0.4,0.7-0.6,1.7-0.6s1.7,0.2,1.7,0.6l0,0l0.8,25.1c0,0.5-1.1,0.8-2.4,0.8c-1.3,0-2.4-0.4-2.4-0.8L206.7,82.7z"},{"type":"path","fill":"#A18876","stroke":"none","path":"M215.8,81.2L215.8,81.2L215.8,81.2L215.8,81.2L215.8,81.2c0.1-0.1,0.5,0.1,0.8,0.4c0.4,0.4,0.5,0.7,0.4,0.8l0,0l-7.1,7.5c-0.2,0.1-0.7-0.1-1.2-0.6s-0.7-1.1-0.6-1.2L215.8,81.2z"},{"type":"path","fill":"#C8CF00","stroke":"none","path":"M202.3,79.3c0-3.7,3.4-6.6,7.7-6.6c4.3,0,7.7,3,7.7,6.6c0,3.7-3.4,6.6-7.7,6.6C205.8,85.9,202.3,83,202.3,79.3z"},{"type":"path","fill":"#A9C2E1","stroke":"none","path":"M184.6,103.8 184.6,74 139.8,91.1 139.8,120.9 z"},{"type":"path","fill":"#7E7F7F","stroke":"none","path":"M155.7,118.4 155.5,85 154.3,84.7 154.4,118.1 z"},{"type":"path","fill":"#7E7F7F","stroke":"none","path":"M170.7,109.7 170.5,79.1 169.4,78.9 169.5,111.7 z"},{"type":"path","fill":"#C6C7C8","stroke":"#FBFAF9","stroke-width":0.0915,"stroke-miterlimit":10,"path":"M169.7,124.1c4.9,0,8.8,1.4,8.8,3.1c0,1.7-4,3.1-8.8,3.1c-4.9,0-8.8-1.4-8.8-3.1C160.8,125.5,164.8,124.1,169.7,124.1z"},{"type":"ellipse","fill":"#60AA26","stroke":"none","cx":174,"cy":97.4,"rx":7.5,"ry":5.2},{"type":"ellipse","fill":"#60AA26","stroke":"none","transform":"t270.9105,258.6691r204.0224,0,0","cx":163,"cy":100.5,"rx":9.6,"ry":5.8},{"type":"ellipse","fill":"#E0DA00","stroke":"none","cx":165.4,"cy":92.5,"rx":7.9,"ry":6.2},{"type":"ellipse","fill":"#B0BD56","stroke":"none","cx":173.4,"cy":93.7,"rx":8,"ry":6},{"type":"ellipse","fill":"#B0BD56","stroke":"none","cx":173.8,"cy":104.5,"rx":3.3,"ry":2.5},{"type":"path","fill":"#A18876","stroke":"none","path":"M167.7,101.3L167.7,101.3L167.7,101.3L167.7,101.3L167.7,101.3c0-0.4,0.7-0.6,1.7-0.6s1.7,0.2,1.7,0.6l0,0l0.8,25.1c0,0.5-1.1,0.8-2.4,0.8c-1.3,0-2.4-0.4-2.4-0.8L167.7,101.3z"},{"type":"path","fill":"#A18876","stroke":"none","path":"M176.8,99.7L176.8,99.7L176.8,99.7L176.8,99.7L176.8,99.7c0.1-0.1,0.5,0.1,0.8,0.4c0.4,0.4,0.5,0.7,0.4,0.8l0,0l-7.1,7.5c-0.2,0.1-0.7-0.1-1.2-0.6s-0.7-1.1-0.6-1.2L176.8,99.7z"},{"type":"path","fill":"#C8CF00","stroke":"none","path":"M163.4,97.8c0-3.7,3.4-6.6,7.7-6.6c4.3,0,7.7,3,7.7,6.6c0,3.7-3.4,6.6-7.7,6.6C166.8,104.5,163.4,101.5,163.4,97.8z"},{"type":"path","fill":"#C6C7C8","stroke":"#FBFAF9","stroke-width":0.0915,"stroke-miterlimit":10,"path":"M124.9,135.9c4.9,0,8.8,1.4,8.8,3.1s-4,3.1-8.8,3.1c-4.9,0-8.8-1.4-8.8-3.1C116,137.3,120,135.9,124.9,135.9z"},{"type":"ellipse","fill":"#60AA26","stroke":"none","cx":131.2,"cy":113.2,"rx":7.5,"ry":5.2},{"type":"ellipse","fill":"#60AA26","stroke":"none","transform":"t180.1537,263.1952r204.0172,0,0","cx":118.1,"cy":112.4,"rx":9.6,"ry":5.8},{"type":"ellipse","fill":"#E0DA00","stroke":"none","cx":120.5,"cy":104.3,"rx":7.9,"ry":6.2},{"type":"ellipse","fill":"#B0BD56","stroke":"none","cx":128.6,"cy":105.5,"rx":8,"ry":6},{"type":"ellipse","fill":"#B0BD56","stroke":"none","cx":129,"cy":116.3,"rx":3.3,"ry":2.5},{"type":"path","fill":"#A18876","stroke":"none","path":"M122.9,113.1L122.9,113.1L122.9,113.1L122.9,113.1L122.9,113.1c0-0.4,0.7-0.6,1.7-0.6s1.7,0.2,1.7,0.6l0,0l0.8,25.1c0,0.5-1.1,0.8-2.4,0.8c-1.3,0-2.4-0.4-2.4-0.8L122.9,113.1z"},{"type":"path","fill":"#A18876","stroke":"none","path":"M132,111.5L132,111.5L132,111.5L132,111.5L132,111.5c0.1-0.1,0.5,0.1,0.8,0.4c0.4,0.4,0.5,0.7,0.4,0.8l0,0l-7.1,7.5c-0.2,0.1-0.7-0.1-1.2-0.6s-0.7-1.1-0.6-1.2L132,111.5z"},{"type":"path","fill":"#C8CF00","stroke":"none","path":"M118.5,109.6c0-3.7,3.4-6.6,7.7-6.6c4.3,0,7.7,3,7.7,6.6c0,3.7-3.4,6.6-7.7,6.6C122,116.3,118.5,113.3,118.5,109.6z"},{"type":"path","fill":"#7F3C5D","stroke":"none","path":"M59.4,65.4c-0.4-0.1-0.9-0.2-1.6-0.5l-0.5,2.2l1.7,0.3l-0.2,0.8l-1.7-0.3L56.3,72l-1.6-0.3l1.6-7.3\tc-0.5-0.1-0.9,0-1.1,0.4c-0.3,0.3-0.4,0.9-0.4,1.8c0,0.3,0,0.5,0.1,0.7v0.1c-0.6-0.1-1-0.4-1.2-0.8c-0.1-0.1-0.1-0.4-0.1-0.7\tc0-0.3,0.1-0.6,0.2-0.9c0.1-0.3,0.4-0.6,0.7-0.8c0.7-0.5,1.7-0.6,3-0.4c0.2,0,0.5,0.1,0.9,0.2c0.3,0.1,0.7,0.2,1.1,0.3s0.7,0.1,1,0\tl-0.1,0.4C60.3,65.1,60,65.4,59.4,65.4z"},{"type":"path","fill":"#7F3C5D","stroke":"none","path":"M58.4,72.4l1.2-5.5l1.6,0.3l-0.1,0.7c0.2-0.1,0.4-0.3,0.6-0.4c0.2-0.1,0.5-0.1,0.7-0.1\tc0.3,0,0.5,0.2,0.6,0.4s0.2,0.4,0.2,0.5c0,0.3-0.1,0.5-0.2,0.6c-0.1,0.1-0.3,0.2-0.5,0.2s-0.3-0.1-0.4-0.2C62,68.8,62,68.7,62,68.6\tc0-0.1,0-0.2-0.1-0.2c0-0.1-0.1-0.1-0.2-0.1c-0.2,0-0.3,0-0.4,0c-0.1,0.1-0.3,0.1-0.4,0.3L60,72.8L58.4,72.4z"},{"type":"path","fill":"#7F3C5D","stroke":"none","path":"M69.6,72.3c-0.5,1.3-1.2,1.9-2.3,1.7c-0.7-0.1-1-0.5-1.1-1.2c-0.5,0.6-1.1,0.9-1.7,0.7s-1.1-0.5-1.4-1.2\tC63,72.1,63,71.8,63,71.5s0-0.6,0.1-0.9s0.1-0.6,0.2-0.9c0.2-0.6,0.6-1.1,1-1.4c0.4-0.4,1-0.5,1.6-0.4c0.3,0.1,0.6,0.2,0.7,0.3\tc0.1,0.1,0.2,0.3,0.2,0.5v0.1l0.1-0.6l1.6,0.3l-0.8,3.7c0,0.1,0,0.2,0,0.4c0,0.3,0.2,0.5,0.5,0.6c0.4,0.1,0.7-0.2,0.9-0.9H69.6z\t M66.8,69.3c0-0.1,0-0.2-0.1-0.3c-0.1-0.1-0.2-0.2-0.4-0.2c-0.2,0-0.4,0-0.6,0.2c-0.5,0.5-0.8,1.2-0.9,2.2c0,0.2,0,0.3,0,0.5\tc0,0.3,0.1,0.6,0.2,0.7c0.1,0.1,0.2,0.2,0.3,0.2c0.2,0,0.4,0,0.6-0.2c0.2-0.1,0.3-0.4,0.4-0.7L66.8,69.3z"},{"type":"path","fill":"#7F3C5D","stroke":"none","path":"M73.5,73.6c0,0.3,0.1,0.5,0.4,0.6c0.3,0,0.5,0,0.6-0.1c0.1-0.1,0.3-0.4,0.4-0.7l0.5,0.1\tc-0.4,1.2-1,1.8-1.8,1.8c-0.1,0-0.3,0-0.4-0.1c-0.1-0.1-0.3-0.1-0.5-0.2c-0.5-0.3-0.7-0.7-0.7-1.3c0-0.3,0.1-0.8,0.3-1.5\tc0.2-0.7,0.3-1.1,0.3-1.4c0-0.4-0.1-0.6-0.4-0.7c-0.3,0-0.5,0.1-0.7,0.5c-0.1,0.1-0.1,0.2-0.2,0.4l-0.8,3.5l-1.6-0.3l1.2-5.5\tl1.6,0.3l-0.1,0.6c0.4-0.4,0.8-0.5,1.3-0.4c0.4,0.1,0.7,0.2,0.9,0.5c0.2,0.2,0.4,0.6,0.4,1c0,0.4-0.1,0.8-0.2,1.3l-0.4,1\tC73.5,73.2,73.5,73.4,73.5,73.6z"},{"type":"path","fill":"#7F3C5D","stroke":"none","path":"M76.2,75.2l-0.6,2.7L73.9,78l1.9-8.7l1.6,0.3l-0.2,0.8c0.4-0.3,0.8-0.3,1.3-0.3c0.7,0.1,1.1,0.5,1.3,1.2\tc0.1,0.2,0.1,0.5,0.1,0.8s0,0.6-0.1,0.9c0,0.3-0.1,0.6-0.2,0.9c-0.1,0.3-0.2,0.6-0.3,0.8c-0.1,0.3-0.3,0.5-0.5,0.6\tc-0.2,0.2-0.5,0.3-0.7,0.4c-0.3,0.1-0.6,0.1-1.1,0C76.7,75.7,76.4,75.5,76.2,75.2z M78.4,71.9c0-0.6-0.2-1-0.6-1.1\tc-0.1,0-0.3,0-0.4,0.1c-0.1,0.1-0.3,0.2-0.4,0.4l-0.7,3.1c0.1,0.2,0.2,0.3,0.5,0.3c0.3,0,0.5,0,0.7-0.2c0.4-0.4,0.7-0.9,0.8-1.7\tC78.4,72.5,78.4,72.2,78.4,71.9z"},{"type":"path","fill":"#7F3C5D","stroke":"none","path":"M79.8,76.2l1.2-5.5l1.6,0.3l-0.1,0.7c0.2-0.1,0.4-0.3,0.6-0.4c0.2-0.1,0.5-0.1,0.7-0.1\tc0.3,0,0.5,0.2,0.6,0.4s0.2,0.4,0.2,0.5c0,0.3-0.1,0.5-0.2,0.6c-0.1,0.1-0.3,0.2-0.5,0.2c-0.2,0-0.3-0.1-0.4-0.2\tc-0.1-0.1-0.1-0.2-0.1-0.3c0-0.1,0-0.2-0.1-0.2c0-0.1-0.1-0.1-0.2-0.1c-0.2,0-0.3,0-0.4,0c-0.1,0.1-0.3,0.1-0.4,0.3l-0.9,4.2\tL79.8,76.2z"},{"type":"path","fill":"#7F3C5D","stroke":"none","path":"M90.2,72.2c0-0.4,0.2-0.5,0.7-0.4c0.2,0,0.4,0.2,0.5,0.4c0.1,0.2,0.2,0.5,0.2,0.8s-0.1,0.7-0.4,1.1\tc-0.3,0.4-0.7,0.8-1.2,1.3l0.1,0.6c0.1,0.4,0.1,0.6,0.2,0.8c0.1,0.2,0.3,0.3,0.5,0.3c0.1,0,0.2,0,0.2,0h0.1c0,0.4-0.2,0.6-0.4,0.8\tc-0.2,0.2-0.5,0.2-0.9,0.1c-0.3-0.1-0.6-0.2-0.8-0.5s-0.4-0.7-0.5-1.3c-0.6,0.6-1.3,1-2.1,1.1c-0.3,0-0.5,0-0.9,0\tc-0.3-0.1-0.6-0.2-0.8-0.5c-0.2-0.3-0.3-0.6-0.3-1.1c0-0.2,0-0.5,0.1-0.7l0.8-3.5l1.6,0.3l-0.8,3.7c0,0.1,0,0.3,0,0.4\tc0,0.3,0.2,0.4,0.5,0.5c0.5,0.1,0.9,0,1.4-0.4c0.1-0.1,0.3-0.2,0.4-0.4l-0.6-3.7l1.6,0.3l0.4,2.5c0.7-0.6,1.1-1.2,1.1-1.6\tc0-0.1,0-0.1,0-0.1c-0.1,0-0.1,0-0.2,0C90.4,72.9,90.2,72.6,90.2,72.2z M87.4,70.3c0,0.3-0.1,0.5-0.3,0.6c-0.2,0.1-0.4,0.2-0.6,0.1\tc-0.3,0-0.5-0.2-0.6-0.4s-0.3-0.4-0.3-0.7c0-0.2,0.1-0.4,0.3-0.6c0.2-0.2,0.4-0.2,0.6-0.2c0.3,0,0.5,0.2,0.6,0.4S87.4,70,87.4,70.3\tz"},{"type":"path","fill":"#FBDD55","stroke":"none","path":"M60.9,101.4 60.9,90.5 70.4,92.1 70.4,103.1 z"},{"type":"path","fill":"#A17480","stroke":"none","path":"M44.8,102 44.8,91.2 54.4,92.8 54.4,103.7 z"},{"type":"path","fill":"#A17480","stroke":"none","path":"M92.5,107.8 92.5,96.9 102.1,98.6 102.1,109.5 z"},{"type":"path","fill":"#FBDD55","stroke":"none","path":"M78.1,109.1 78.1,98.2 87.7,99.8 87.7,110.8 z"}]}