{"width":"235","height":"137.3","dx":"0","dy":"0","geometry":[{"type":"path","fill":"#989797","stroke":"none","path":"M5.6,84.8v12.9c0,13.7,29.6,39.5,115.6,39.5c63.7,0,109.1-20.9,109.1-39.1V87.7c-1.3,18-47.1,38.1-109,38.1C33.4,125.9,4.8,98.8,5.6,84.8z"},{"type":"ellipse","fill":"none","stroke":"#B3B3B3","stroke-width":0.9996,"stroke-miterlimit":10,"cx":118.1,"cy":85.6,"rx":112.1,"ry":39.9},{"type":"path","fill":"#ECE0C2","stroke":"none","path":"M154.5,47.9v-7.4c-2.1-0.3-30-1.1-36.4-0.9C52.1,41.4,5.6,54.7,6.3,85.6c0.5,21.8,50,39.4,111.6,39.4c61.6,0,111.8-17.7,111.8-39.4L154.5,47.9z"},{"type":"path","fill":"#958A85","stroke":"none","path":"M13.7,99.6l140.8-51.7c0,0,25,3.9,41.2,9.2c16.6,5.4,27.1,14.9,27.1,14.9l-118.3,52.8c0,0-31.2,0-64.2-10.8C22.6,108.1,13.7,99.6,13.7,99.6z"},{"type":"path","fill":"#DADADB","stroke":"none","path":"M13.7,99.6v-7c0,0-4.7-2-6.9-13.5C5.6,84.4,5.2,91.9,13.7,99.6z"},{"type":"path","fill":"#959799","stroke":"none","path":"M13.7,99.6 13.7,92.7 154.5,40.5 154.5,47.9 z"},{"type":"path","fill":"#959799","stroke":"none","path":"M229.7,85.2c-6,23.7-80.5,36.5-125.7,33.8l0,5.7c20.4,0.7,50.6,0.1,78.1-6.8C229.6,105.9,229.8,88.8,229.7,85.2z"},{"type":"path","fill":"#ECE0C2","stroke":"none","path":"M104.3,119l121.9-48.3c0,0,7.2,7.6,2.4,17.5l-90.8,30c0,0-12.3,0.5-16.4,0.8S104.3,119,104.3,119z"},{"type":"path","fill":"#6F7072","stroke":"none","path":"M49,72.1"},{"type":"path","fill":"#FFFFFF","stroke":"none","path":"M160.9,72.8 174.5,67.7 170.9,67.1 157.6,72.2 z"},{"type":"path","fill":"#FFFFFF","stroke":"none","path":"M139.6,80.9 153.2,75.8 149.6,75.2 136.3,80.3 z"},{"type":"path","fill":"#FFFFFF","stroke":"none","path":"M118.3,89 131.9,83.9 128.3,83.3 115,88.4 z"},{"type":"path","fill":"#FFFFFF","stroke":"none","path":"M177.8,63.7 191.4,58.6 187.8,58 174.5,63.1 z"},{"type":"path","fill":"#FFFFFF","stroke":"none","path":"M97,97.1 110.6,92 107,91.4 93.7,96.5 z"},{"type":"path","fill":"#FFFFFF","stroke":"none","path":"M75,105.6 88.5,100.5 84.9,99.9 71.6,105 z"},{"type":"path","fill":"#FFFFFF","stroke":"none","path":"M53.7,113.7 67.2,108.6 63.6,108 50.3,113.1 z"},{"type":"path","fill":"#58585A","stroke":"none","path":"M43.1,88.8v-4.2l30.3-11.4v4.4L43.1,88.8z M129.2,57.4V53L98,64.7v4.2L129.2,57.4z"},{"type":"path","fill":"#6F7072","stroke":"none","path":"M50.7,73.3"},{"type":"ellipse","fill":"#5BAC2A","stroke":"none","cx":111.4,"cy":18.2,"rx":7.7,"ry":5.4},{"type":"ellipse","fill":"#86BB56","stroke":"none","cx":93,"cy":13.3,"rx":7,"ry":5.6},{"type":"ellipse","fill":"#5BAC2A","stroke":"none","cx":96.9,"cy":20.2,"rx":9.9,"ry":6},{"type":"ellipse","fill":"#E0DC0C","stroke":"none","cx":102.4,"cy":6.4,"rx":8.2,"ry":6.4},{"type":"ellipse","fill":"#86BB56","stroke":"none","cx":108.7,"cy":10.3,"rx":8.3,"ry":6.2},{"type":"path","fill":"#DAD9DA","stroke":"#FBFAFA","stroke-width":0.080432,"stroke-miterlimit":10,"path":"M93.5,48.6c0,2.3,5.1,4.1,11.4,4.1c6.3,0,11.4-1.8,11.4-4.1c0-2.3-5.1-4.1-11.4-4.1C98.7,44.5,93.5,46.3,93.5,48.6z"},{"type":"path","fill":"#A38979","stroke":"none","path":"M102.8,18.2C102.8,18.1,102.8,18.1,102.8,18.2C102.8,18.1,102.8,18.1,102.8,18.2L102.8,18.2L102.8,18.2c0-0.4,0.7-0.6,1.7-0.6c1,0,1.7,0.2,1.7,0.6l0,0l1,29.8c0,0.5-1.1,0.8-2.5,0.8c-1.3,0-2.5-0.4-2.5-0.8L102.8,18.2z"},{"type":"path","fill":"#A38979","stroke":"none","path":"M109.8,19.2c0,0,0.5,0.1,0.8,0.5c0.4,0.4,0.4,0.8,0.4,0.8l-4.8,5.2c-0.2,0.1-0.7-0.1-1.2-0.6c-0.5-0.5-0.7-1.1-0.6-1.2L109.8,19.2z"},{"type":"ellipse","fill":"#C7D012","stroke":"none","cx":100.7,"cy":15.1,"rx":6.8,"ry":5.8},{"type":"ellipse","fill":"#5BAC2A","stroke":"none","cx":75.7,"cy":28.4,"rx":7.7,"ry":5.4},{"type":"ellipse","fill":"#86BB56","stroke":"none","cx":57.3,"cy":23.4,"rx":7,"ry":5.6},{"type":"ellipse","fill":"#5BAC2A","stroke":"none","cx":61.2,"cy":30.3,"rx":9.9,"ry":6},{"type":"ellipse","fill":"#E0DC0C","stroke":"none","cx":66.7,"cy":16.6,"rx":8.2,"ry":6.4},{"type":"ellipse","fill":"#86BB56","stroke":"none","cx":73,"cy":20.4,"rx":8.3,"ry":6.2},{"type":"path","fill":"#DAD9DA","stroke":"#FBFAFA","stroke-width":0.080432,"stroke-miterlimit":10,"path":"M57.8,58.7c0,2.3,5.1,4.1,11.4,4.1c6.3,0,11.4-1.8,11.4-4.1c0-2.3-5.1-4.1-11.4-4.1C63,54.6,57.8,56.4,57.8,58.7z"},{"type":"path","fill":"#A38979","stroke":"none","path":"M67.1,28.4C67.1,28.3,67.1,28.3,67.1,28.4C67.1,28.3,67.1,28.3,67.1,28.4L67.1,28.4L67.1,28.4c0-0.4,0.7-0.6,1.7-0.6c1,0,1.7,0.2,1.7,0.6l0,0l1,29.8c0,0.5-1.1,0.8-2.5,0.8c-1.3,0-2.5-0.4-2.5-0.8L67.1,28.4z"},{"type":"path","fill":"#A38979","stroke":"none","path":"M74.1,29.4c0,0,0.5,0.1,0.8,0.5c0.4,0.4,0.4,0.8,0.4,0.8l-4.8,5.2c-0.2,0.1-0.7-0.1-1.2-0.6c-0.5-0.5-0.7-1.1-0.6-1.2L74.1,29.4z"},{"type":"ellipse","fill":"#C7D012","stroke":"none","cx":65.1,"cy":25.3,"rx":6.8,"ry":5.8},{"type":"ellipse","fill":"#5BAC2A","stroke":"none","cx":37,"cy":40.5,"rx":7.7,"ry":5.4},{"type":"ellipse","fill":"#86BB56","stroke":"none","cx":18.7,"cy":35.5,"rx":7,"ry":5.6},{"type":"ellipse","fill":"#5BAC2A","stroke":"none","cx":22.5,"cy":42.4,"rx":9.9,"ry":6},{"type":"ellipse","fill":"#E0DC0C","stroke":"none","cx":28.1,"cy":28.6,"rx":8.2,"ry":6.4},{"type":"ellipse","fill":"#86BB56","stroke":"none","cx":34.4,"cy":32.5,"rx":8.3,"ry":6.2},{"type":"path","fill":"#DAD9DA","stroke":"#FBFAFA","stroke-width":0.080432,"stroke-miterlimit":10,"path":"M19.1,70.8c0,2.3,5.1,4.1,11.4,4.1c6.3,0,11.4-1.8,11.4-4.1c0-2.3-5.1-4.1-11.4-4.1C24.3,66.7,19.1,68.5,19.1,70.8z"},{"type":"path","fill":"#A38979","stroke":"none","path":"M28.4,40.5C28.4,40.4,28.4,40.4,28.4,40.5C28.4,40.4,28.4,40.4,28.4,40.5L28.4,40.5L28.4,40.5c0-0.4,0.7-0.6,1.7-0.6c1,0,1.7,0.2,1.7,0.6l0,0l1,29.8c0,0.5-1.1,0.8-2.5,0.8c-1.3,0-2.5-0.4-2.5-0.8L28.4,40.5z"},{"type":"path","fill":"#A38979","stroke":"none","path":"M35.5,41.5c0,0,0.5,0.1,0.8,0.5c0.4,0.4,0.4,0.8,0.4,0.8L31.8,48c-0.2,0.1-0.7-0.1-1.2-0.6c-0.5-0.5-0.7-1.1-0.6-1.2L35.5,41.5z"},{"type":"ellipse","fill":"#C7D012","stroke":"none","cx":26.4,"cy":37.3,"rx":6.8,"ry":5.8},{"type":"path","fill":"#C5C6C4","stroke":"none","path":"M215,56.3 212,55.7 212,83.6 215,84.3 z"},{"type":"path","fill":"#838584","stroke":"none","path":"M215,84.3 215,56.3 216.6,55.7 216.6,83.7 z"},{"type":"path","fill":"#C6C7C8","stroke":"none","path":"M216.2,37.3 220.6,35.5 211.8,33.9 207.9,35.5 z"},{"type":"path","fill":"#87888A","stroke":"none","path":"M216.2,37.3 207.9,35.5 207.9,58.3 216.2,60.1 z"},{"type":"path","fill":"#3E3D40","stroke":"none","path":"M216.2,60.1 216.2,37.3 220.6,35.5 220.7,58.4 z"},{"type":"ellipse","fill":"#E5352D","stroke":"none","cx":212,"cy":40.4,"rx":2.3,"ry":2.4},{"type":"ellipse","fill":"#F29400","stroke":"none","cx":212,"cy":47.5,"rx":2.3,"ry":2.4},{"type":"ellipse","fill":"#97BF0D","stroke":"none","cx":212,"cy":54.7,"rx":2.3,"ry":2.4},{"type":"path","fill":"#87888A","stroke":"none","path":"M196.4,68.7 175.8,64.2 175.8,93.6 196.4,98.1 \tz"},{"type":"path","fill":"#C6C7C8","stroke":"none","path":"M163,81 159.9,80.4 159.9,109.8 163,110.5 \tz"},{"type":"path","fill":"#646567","stroke":"none","path":"M176.7,93.8c0,0,3-5,3.9-7.5s2.3-3,3.2-2.8s2.3,0,2.3,0l-3-4.8c0,0-1-2.3-0.1-3.6s7.4-5.1,7.4-5.1\ts0.9-1.4,2.7,2.3s-1.3,9-1.3,9l-0.9,3.1c0,0,1.4,1.2,2.1,3.1s1.2,6.5,1.2,6.5l0.7,4L176.7,93.8z"},{"type":"path","fill":"#434345","stroke":"none","path":"M178.3,86.6 178.3,88.6 180.5,88.7 194.9,89.1 194.4,86.6 \tz"},{"type":"path","fill":"#434345","stroke":"none","path":"M180.5,87.8 192.1,88.3 192.1,90.7 180.5,89.8 \tz"},{"type":"path","fill":"#C6C7C8","stroke":"none","path":"M164.6,81.4 196.4,68.7 175.8,64.2 143.9,76.8 \tz"},{"type":"path","fill":"#87888A","stroke":"none","path":"M181.4,99.5 176.1,98.4 176.1,102.8 181.4,103.9 \tz"},{"type":"path","fill":"#87888A","stroke":"none","path":"M193,95 187.7,93.8 187.7,98.2 193,99.3 \tz"},{"type":"path","fill":"#C6C7C8","stroke":"none","path":"M181.4,99.5 193,95 187.7,93.8 176.1,98.4 \tz"},{"type":"path","fill":"#5CA2C0","stroke":"none","opacity":0.5,"path":"M196.4,68.7 196.4,98.2 164.6,110.8 164.6,81.4 \tz"},{"type":"path","fill":"#C6C7C8","stroke":"none","path":"M135.6,83.2 134,82.9 134,112.3 135.6,112.6 z"},{"type":"path","fill":"#C6C7C8","stroke":"none","path":"M138.1,79.6 131.9,78.3 131.9,83.9 138.1,85.2 z"},{"type":"path","fill":"#F8B334","stroke":"none","path":"M137.7,79.9 132.5,78.8 132.5,83.5 137.7,84.5 z"}]}