{"width":"223.6","height":"124.3","dx":"0","dy":"0","geometry":[{"type":"path","fill":"#F6F6F6","stroke":"none","path":"M111.8,112.8C50.2,112.8,0,94.9,0,72.9S50.2,33,111.8,33c61.6,0,111.8,17.9,111.8,39.9S173.5,112.8,111.8,112.8z"},{"type":"path","fill":"#999898","stroke":"none","path":"M223.5,74.7c-2.5,21.2-51.7,38.1-111.7,38.1C50.2,112.8,0,94.9,0,72.9c0-0.4,0-0.8,0.1-1.2h-0.4l-0.3,12.4c0,22.2,51.1,40.2,112.9,40.2s111.8-18,111.8-40.2v-9.4H223.5L223.5,74.7z"},{"type":"ellipse","fill":"none","stroke":"#B4B4B4","stroke-width":0.9996,"stroke-miterlimit":10,"cx":111.9,"cy":72.6,"rx":112.1,"ry":39.9},{"type":"path","fill":"#C6C7C4","stroke":"none","path":"M176.2,55.1 60.1,34.5 60.1,61 62.8,61.5 62.8,39.4 172,58.7 171.9,80.8 176.2,81.5 z"},{"type":"path","fill":"#C6C7C4","stroke":"none","path":"M207.6,47.7 203.4,47.3 203.3,69.4 207.6,70.1 z"},{"type":"path","fill":"#C6C7C4","stroke":"none","path":"M94.3,46.9 90.1,46.5 90,68.5 94.3,69.3 z"},{"type":"path","fill":"#838585","stroke":"none","path":"M176.2,81.5 176.2,55.1 210.7,42.6 210.8,69.1 207.7,70.2 207.7,48.6 180.3,59.4 180.2,80.1 z"},{"type":"path","fill":"#F9D9E7","stroke":"none","path":"M210.7,42.6 94,22.2 16.5,50.7 53.7,57.6 98.4,41.3 176.2,55.1 z"},{"type":"path","fill":"#C6C7C4","stroke":"none","path":"M53.7,57.6 16.5,50.7 16.5,77.1 19.2,77.6 19.3,55 51.2,60.9 51.2,83.6 53.7,84 z"},{"type":"path","fill":"#989A98","stroke":"none","path":"M53.7,84 53.7,57.6 98.5,41.3 98.6,67.8 94.3,69.3 94.3,46.7 58.4,59.6 58.4,82.3 z"},{"type":"path","fill":"#989A98","stroke":"none","path":"M19.2,77.7 19.2,51.2 23.9,53.2 23.9,76 z"},{"type":"ellipse","fill":"#EF94BB","stroke":"none","cx":98.1,"cy":30.6,"rx":17.3,"ry":5.6},{"type":"path","fill":"#838585","stroke":"none","path":"M91.5,30.1c0,1.2,3.3,2.1,6.6,2.1c3.2,0,6.6-0.9,6.6-2.1c0,0-2-3-2.9-5.9c-0.9-2.9-0.8-7.5-0.8-7.5h-5.8c0,0,0.2,4.6-0.8,7.5C93.4,27.2,91.5,30.1,91.5,30.1z"},{"type":"ellipse","fill":"#EF94BB","stroke":"none","cx":98.1,"cy":17.4,"rx":13.4,"ry":4.4},{"type":"path","fill":"#838585","stroke":"none","path":"M94.2,16.5c0,0.7,2,1.2,3.9,1.2c1.9,0,3.8-0.5,3.8-1.2c0,0-1.1-1.8-1.7-3.5c-0.6-1.7-0.4-4.4-0.4-4.4h-3.4c0,0,0.1,2.7-0.4,4.4C95.3,14.8,94.2,16.5,94.2,16.5z"},{"type":"ellipse","fill":"#EF94BB","stroke":"none","cx":98.1,"cy":7.4,"rx":9,"ry":2.9},{"type":"path","fill":"#F6F6F6","stroke":"none","path":"M105.7,28.6l1.2,3.7c0,0,0.5,0.2,1.5,0.2s1.6-0.2,1.6-0.2l1.1-3.7H105.7z"},{"type":"path","fill":"#BE1729","stroke":"none","path":"M106.3,29.3c-0.8-0.6-0.8-1.2,0-1.9c0.8-0.6,2.3-1.4,2.3-2.4c0-0.9,4,2.9,2.3,4.2C109.1,30.6,106.3,29.3,106.3,29.3z"},{"type":"path","fill":"#F6F6F6","stroke":"none","path":"M97.1,30.7l1.2,3.7c0,0,0.5,0.2,1.5,0.2s1.6-0.2,1.6-0.2l1.1-3.7H97.1z"},{"type":"path","fill":"#BE1729","stroke":"none","path":"M97.7,31.4c-0.8-0.6-0.8-1.2,0-1.9c0.8-0.6,2.3-1.4,2.3-2.4c0-0.9,4,2.9,2.3,4.2C100.5,32.7,97.7,31.4,97.7,31.4z"},{"type":"path","fill":"#F6F6F6","stroke":"none","path":"M88.8,30.5l1.2,3.7c0,0,0.5,0.2,1.5,0.2s1.6-0.2,1.6-0.2l1.1-3.7H88.8z"},{"type":"path","fill":"#BE1729","stroke":"none","path":"M89.3,31.2c-0.8-0.6-0.8-1.2,0-1.9c0.8-0.6,2.3-1.4,2.3-2.4c0-0.9,4,2.9,2.3,4.2C92.2,32.5,89.3,31.2,89.3,31.2z"},{"type":"path","fill":"#F6F6F6","stroke":"none","path":"M83.3,26.9l1.2,3.7c0,0,0.5,0.2,1.5,0.2s1.6-0.2,1.6-0.2l1.1-3.7H83.3z"},{"type":"path","fill":"#BE1729","stroke":"none","path":"M83.8,27.6c-0.8-0.6-0.8-1.2,0-1.9c0.8-0.6,2.3-1.4,2.3-2.4c0-0.9,4,2.9,2.3,4.2C86.7,28.9,83.8,27.6,83.8,27.6z"},{"type":"path","fill":"#F6F6F6","stroke":"none","path":"M87.4,14l1.2,3.7c0,0,0.5,0.2,1.5,0.2s1.6-0.2,1.6-0.2l1.1-3.7H87.4z"},{"type":"path","fill":"#DFDB05","stroke":"none","path":"M88,14.7c-0.8-0.6-0.8-1.2,0-1.9c0.8-0.6,2.3-1.4,2.3-2.4c0-0.9,4,2.9,2.3,4.2C90.8,16,88,14.7,88,14.7z"},{"type":"path","fill":"#F6F6F6","stroke":"none","path":"M93.5,16.1l1.2,3.7c0,0,0.5,0.2,1.5,0.2s1.6-0.2,1.6-0.2l1.1-3.7H93.5z"},{"type":"path","fill":"#DFDB05","stroke":"none","path":"M94,16.8c-0.8-0.6-0.8-1.2,0-1.9c0.8-0.6,2.3-1.4,2.3-2.4c0-0.9,4,2.9,2.3,4.2C96.8,18.1,94,16.8,94,16.8z"},{"type":"path","fill":"#F6F6F6","stroke":"none","path":"M100.6,15.8l1.2,3.7c0,0,0.5,0.2,1.5,0.2s1.6-0.2,1.6-0.2l1.1-3.7H100.6z"},{"type":"path","fill":"#DFDB05","stroke":"none","path":"M101.1,16.5c-0.8-0.6-0.8-1.2,0-1.9c0.8-0.6,2.3-1.4,2.3-2.4s4,2.9,2.3,4.2C104,17.8,101.1,16.5,101.1,16.5z"},{"type":"path","fill":"#F6F6F6","stroke":"none","path":"M105.7,13l1.2,3.7c0,0,0.5,0.2,1.5,0.2s1.6-0.2,1.6-0.2l1.1-3.7H105.7z"},{"type":"path","fill":"#DFDB05","stroke":"none","path":"M106.3,13.7c-0.8-0.6-0.8-1.2,0-1.9c0.8-0.6,2.3-1.4,2.3-2.4c0-0.9,4,2.9,2.3,4.2C109.1,15,106.3,13.7,106.3,13.7z"},{"type":"path","fill":"#F6F6F6","stroke":"none","path":"M91.5,3.8l1.2,3.7c0,0,0.5,0.2,1.5,0.2s1.6-0.2,1.6-0.2l1.1-3.7H91.5z"},{"type":"path","fill":"#F6F6F6","stroke":"none","path":"M100.6,3.7l1.2,3.7c0,0,0.5,0.2,1.5,0.2s1.6-0.2,1.6-0.2l1.1-3.7H100.6z"},{"type":"path","fill":"#F6F6F6","stroke":"none","path":"M96.2,5l1.2,3.7c0,0,0.5,0.2,1.5,0.2s1.6-0.2,1.6-0.2l1.1-3.7H96.2z"},{"type":"path","fill":"#F8B435","stroke":"none","path":"M103.4,0.1c0,1-1.5,1.8-2.3,2.4c-0.1,0.1-0.2,0.2-0.3,0.3C100,1.7,99,1,99,1.4c0,0.8-1.1,1.5-1.9,2.1c0-1.6-2.7-4-2.7-3.3c0,1-1.5,1.8-2.3,2.4c-0.8,0.7-0.8,1.3,0,1.9c0,0,2.2,1,4,0.2c0,0.3,0.2,0.6,0.6,1c0,0,2.9,1.3,4.6-0.1c0.3-0.3,0.4-0.6,0.4-1c0.9,0.3,2.8,0.7,4-0.3C107.4,3,103.4-0.8,103.4,0.1z"},{"type":"path","fill":"#798F29","stroke":"none","path":"M31.3,35H33c0,6.2,2.1,1.7,2.1,14.8h-6C29.2,36.6,31.3,41.2,31.3,35z"},{"type":"path","fill":"#798F29","stroke":"none","path":"M38.1,32.7h1.7c0,6.2,2.1,1.7,2.1,14.8h-6C35.9,34.3,38.1,38.9,38.1,32.7z"},{"type":"path","fill":"#798F29","stroke":"none","path":"M44.9,30.4h1.7c0,6.2,2.1,1.7,2.1,14.8h-6C42.7,32,44.9,36.6,44.9,30.4z"},{"type":"path","fill":"#798F29","stroke":"none","path":"M51.5,27.9h1.7c0,6.2,2.1,1.7,2.1,14.8h-6C49.4,29.6,51.5,34.2,51.5,27.9z"},{"type":"path","fill":"#798F29","stroke":"none","path":"M58.2,25.5h1.7c0,6.2,2.1,1.7,2.1,14.8h-6C56.1,27.2,58.2,31.8,58.2,25.5z"},{"type":"path","fill":"#798F29","stroke":"none","path":"M64.9,23.1h1.7c0,6.2,2.1,1.7,2.1,14.8h-6C62.8,24.8,64.9,29.4,64.9,23.1z"},{"type":"path","fill":"#7D3A27","stroke":"none","path":"M29.4,43.3h5.5l0.2,3.9h-5.9L29.4,43.3z M36.2,41h5.5l0.2,3.9H36L36.2,41z M43,38.7h5.5l0.2,3.9h-5.9L43,38.7z M49.7,36.3h5.4l0.2,3.8h-5.8L49.7,36.3z M56.3,33.9h5.5l0.2,3.8h-5.9L56.3,33.9z M63,31.5h5.5l0.2,3.8h-5.9L63,31.5z"},{"type":"path","fill":"#70AAC0","stroke":"none","path":"M58,45.1c0,3.1-2.8,3.3-2.8,5.9c0,2.6,2.8,2.3,2.8,2.3s0.6,0.3,0,0.4c-0.6,0.1-2.4,0-3.7,0c-1.3,0-3,0.1-3.5,0c-0.6-0.1,0-0.4,0-0.4s2.8,0.3,2.8-2.3c0-2.6-2.8-2.8-2.8-5.9H58z M64.6,42.5c0,3.1-2.8,3.3-2.8,5.9c0,2.6,2.8,2.3,2.8,2.3s0.6,0.3,0,0.4c-0.6,0.1-2.4,0-3.7,0s-3,0.1-3.5,0c-0.6-0.1,0-0.4,0-0.4s2.8,0.3,2.8-2.3c0-2.6-2.8-2.8-2.8-5.9H64.6z M71.8,41c-0.1,3.1-2.9,3.2-3,5.8c-0.1,2.6,2.7,2.4,2.7,2.4s0.6,0.3,0,0.4c-0.6,0.1-2.4-0.1-3.7-0.2c-1.3,0-3,0-3.5-0.1c-0.6-0.1,0-0.4,0-0.4s2.8,0.4,2.9-2.2c0.1-2.6-2.7-2.8-2.6-6L71.8,41z M78.5,38c0,3.1-2.8,3.3-2.8,5.9c0,2.6,2.8,2.3,2.8,2.3s0.6,0.3,0,0.4c-0.6,0.1-2.4,0-3.7,0c-1.3,0-3,0.1-3.5,0c-0.6-0.1,0-0.4,0-0.4s2.8,0.3,2.8-2.3c0-2.6-2.8-2.8-2.8-5.9H78.5z M85.7,35.9c0,3.1-2.8,3.3-2.8,5.9s2.8,2.3,2.8,2.3s0.6,0.3,0,0.4c-0.6,0.1-2.4,0-3.7,0c-1.3,0-3,0.1-3.5,0c-0.6-0.1,0-0.4,0-0.4s2.8,0.3,2.8-2.3s-2.8-2.8-2.8-5.9H85.7z"},{"type":"path","fill":"#DDB8C8","stroke":"none","path":"M16.5,61.1c1.7,0.3,4.8,2.3,14.5,4.9c10.4,2.8,20.1,4.7,22.7,5V57.6l-37.2-6.9V61.1z"},{"type":"path","fill":"#CAA9B9","stroke":"none","path":"M53.7,57.6v13.5c0,0,25.2-6.6,33.2-10.4c8-3.9,11.7-5.2,11.7-5.2l-0.2-14.2L53.7,57.6z"},{"type":"path","fill":"#DDB8C8","stroke":"none","path":"M98.4,41.3l0.1,14.1c0,0,9.6,3.3,21.6,5.2c12,1.9,30.4,2.5,37.7,4.5c7.3,1.9,18.4,4.6,18.4,4.6V55.1L98.4,41.3z"},{"type":"path","fill":"#CAA9B9","stroke":"none","path":"M176.2,55.1v14.6c0,0,13.1-3.4,21.3-7.8c8.8-4.7,13.3-5.7,13.3-5.7l-0.1-13.5L176.2,55.1z"},{"type":"path","fill":"#EF94BB","stroke":"none","path":"M148.9,42.3c14.2-5.7-18-13.4-31.4-8.8C104.1,38,135.3,47.8,148.9,42.3z"},{"type":"path","fill":"#7D4E26","stroke":"none","path":"M146.4,40.7c1.8-0.7,2.5-1.4,2.5-2.1c0-0.9,0-4.3,0-4.3l-28.6-2c0,0-0.1,3.7,0,4.4C120.5,40,138,43.9,146.4,40.7z"},{"type":"path","fill":"#915F37","stroke":"none","path":"M146.4,36.2c10.2-3.8-13.8-9.4-23.8-6C112.7,33.6,136.2,40,146.4,36.2z"},{"type":"path","fill":"#ECEDED","stroke":"none","path":"M143.3,29.1c0,0.6-0.6,1-1.2,1.4c-0.1-1.3-2.1-3.2-2.1-2.5c0,0.8-1.2,1.4-1.8,1.9c-0.2-1.3-2.1-3-2.1-2.4c0,0.8-1.2,1.4-1.8,1.9c0,0-0.1,0.1-0.1,0.1c-0.4-1.3-2.1-2.8-2.1-2.2c0,0.8-1.2,1.4-1.8,1.9c-0.1,0.1-0.2,0.2-0.3,0.3c-0.3-1.3-2.1-2.8-2.1-2.2c0,0.8-1.2,1.4-1.8,1.9s-0.6,1,0,1.5c0,0,2.3,1.1,3.6,0c0.1-0.1,0.2-0.2,0.3-0.4c0.1,0.1,0.2,0.2,0.3,0.4c0,0,2.3,1.1,3.6,0c0,0,0.1-0.1,0.1-0.1c0.1,0.1,0.2,0.2,0.3,0.3c0,0,2.2,1.1,3.5,0c0.1,0.2,0.2,0.3,0.4,0.5c0,0,1.6,0.7,2.9,0.4c0,0.2,0.2,0.5,0.4,0.7c0,0,2.3,1,3.6,0C146.5,31.4,143.3,28.3,143.3,29.1z"},{"type":"path","fill":"#F6F6F6","stroke":"none","path":"M145.5,31.4c0,0.8-1.2,1.4-1.8,1.9c-0.2,0.2-0.3,0.3-0.4,0.5c-0.6-0.8-1.4-1.4-1.4-1c0,0.8-1.2,1.4-1.8,1.9c-0.1,0.1-0.2,0.2-0.2,0.3c-0.4-1.3-2.1-2.7-2.1-2.2c0,0.7-0.8,1.2-1.4,1.6c-0.4-1.3-2.1-2.7-2.1-2.1c0,0.7-1,1.3-1.6,1.7c-0.3-1.3-2.1-2.9-2.1-2.3c0,0.7-0.9,1.2-1.5,1.7c0-1.3-2.2-3.3-2.2-2.6c0,0.3-0.2,0.6-0.5,0.9c-0.1-1.3-2.1-3.2-2.1-2.6c0,0.8-1.2,1.4-1.8,1.9c-0.6,0.5-0.6,1,0,1.5c0,0,1.2,0.5,2.4,0.4c-0.4,0.4-0.3,0.9,0.2,1.3c0,0,1.9,0.8,3.3,0.2c0,0.2,0.2,0.5,0.4,0.7c0,0,1.9,1,3.3,0.1c0.1,0.1,0.2,0.3,0.4,0.5c0,0,1.9,0.9,3.2,0.2c0.1,0.1,0.1,0.2,0.3,0.3c0,0,2.3,1,3.6,0c0.1-0.1,0.2-0.2,0.2-0.3c0.1,0.1,0.1,0.2,0.3,0.3c0,0,2.2,1,3.6,0c0.4-0.3,0.4-0.8,0.2-1.3c0.6,0.2,2.3,0.8,3.4-0.1C148.7,33.7,145.5,30.6,145.5,31.4z"},{"type":"path","fill":"#C3799A","stroke":"none","path":"M158.2,37.9 156.5,37.7 156.5,46.7 158.2,47 z"},{"type":"path","fill":"#B06E8C","stroke":"none","path":"M159.5,37.9 159.5,46.6 158.2,47 158.2,37.9 z"},{"type":"path","fill":"#C3799A","stroke":"none","path":"M180.6,41.5 178.9,41.3 178.8,50.3 180.6,50.7 z"},{"type":"path","fill":"#B06E8C","stroke":"none","path":"M181.9,41.5 181.9,50.2 180.6,50.7 180.6,41.5 z"},{"type":"path","fill":"#C3799A","stroke":"none","path":"M189,38.8 187.2,38.6 187.2,47.6 189,48 z"},{"type":"path","fill":"#B06E8C","stroke":"none","path":"M190.2,38.8 190.3,47.5 189,48 189,38.8 z"},{"type":"path","fill":"#EF94BB","stroke":"none","path":"M189.4,43.9c14.2-5.7-18-13.4-31.4-8.8C144.5,39.5,175.7,49.3,189.4,43.9z"},{"type":"path","fill":"#7D4E26","stroke":"none","path":"M162.3,34.6l-1.2,3.7c0,0-0.5,0.2-1.5,0.2s-1.6-0.2-1.6-0.2l-1.1-3.7H162.3z"},{"type":"path","fill":"#DFDB05","stroke":"none","path":"M161.8,35.3c0.8-0.6,0.8-1.2,0-1.9c-0.8-0.6-2.3-1.4-2.3-2.4c0-0.9-4,2.9-2.3,4.2C158.9,36.6,161.8,35.3,161.8,35.3z"},{"type":"path","fill":"#7D4E26","stroke":"none","path":"M170.5,32.7l-1.2,3.7c0,0-0.5,0.2-1.5,0.2s-1.6-0.2-1.6-0.2l-1.1-3.7H170.5z"},{"type":"path","fill":"#DFDB05","stroke":"none","path":"M170,33.4c0.8-0.6,0.8-1.2,0-1.9c-0.8-0.6-2.3-1.4-2.3-2.4c0-0.9-4,2.9-2.3,4.2C167.1,34.8,170,33.4,170,33.4z"},{"type":"path","fill":"#7D4E26","stroke":"none","path":"M177.1,34.1l-1.2,3.7c0,0-0.5,0.2-1.5,0.2s-1.6-0.2-1.6-0.2l-1.1-3.7H177.1z"},{"type":"path","fill":"#F8B435","stroke":"none","path":"M176.6,34.8c0.8-0.6,0.8-1.2,0-1.9c-0.8-0.6-2.3-1.4-2.3-2.4c0-0.9-4,2.9-2.3,4.2C173.7,36.1,176.6,34.8,176.6,34.8z"},{"type":"path","fill":"#7D4E26","stroke":"none","path":"M185.2,34l-1.2,3.7c0,0-0.5,0.2-1.5,0.2s-1.6-0.2-1.6-0.2l-1.1-3.7H185.2z"},{"type":"path","fill":"#7D4E26","stroke":"none","path":"M190.8,37.3l-1.2,3.7c0,0-0.5,0.2-1.5,0.2s-1.6-0.2-1.6-0.2l-1.1-3.7H190.8z"},{"type":"path","fill":"#F8B435","stroke":"none","path":"M190.3,38c0.8-0.6,0.8-1.2,0-1.9c-0.8-0.6-2.3-1.4-2.3-2.4c0-0.9-4,2.9-2.3,4.2C187.4,39.3,190.3,38,190.3,38z"},{"type":"path","fill":"#7D4E26","stroke":"none","path":"M186,38.7l-1.2,3.7c0,0-0.5,0.2-1.5,0.2s-1.6-0.2-1.6-0.2l-1.1-3.7H186z"},{"type":"path","fill":"#BE1729","stroke":"none","path":"M185.5,37.5c-0.8-0.6-2.3-1.4-2.3-2.4c0.9-0.2,1.5-0.4,1.5-0.4c0.8-0.6,0.8-1.2,0-1.9c-0.8-0.6-2.3-1.4-2.3-2.4c0-0.9-4,2.9-2.3,4.2c0.7,0.6,1.6,0.7,2.5,0.6c-1.1,0.8-2.9,3.1-1.7,4.1c1.7,1.4,4.6,0.1,4.6,0.1C186.3,38.8,186.3,38.2,185.5,37.5z"},{"type":"path","fill":"#7D4E26","stroke":"none","path":"M174.3,39.3l-1.2,3.7c0,0-0.5,0.2-1.5,0.2S170,43,170,43l-1.1-3.7H174.3z"},{"type":"path","fill":"#BE1729","stroke":"none","path":"M173.8,40c0.8-0.6,0.8-1.2,0-1.9c-0.8-0.6-2.3-1.4-2.3-2.4c0-0.9-4,2.9-2.3,4.2C170.9,41.3,173.8,40,173.8,40z"},{"type":"path","fill":"#7D4E26","stroke":"none","path":"M180.5,39.4l-1.2,3.7c0,0-0.5,0.2-1.5,0.2s-1.6-0.2-1.6-0.2l-1.1-3.7H180.5z"},{"type":"path","fill":"#DFDB05","stroke":"none","path":"M180,40.2c0.8-0.6,0.8-1.2,0-1.9c-0.8-0.6-2.3-1.4-2.3-2.4c0-0.9-4,2.9-2.3,4.2C177.1,41.5,180,40.2,180,40.2z"},{"type":"path","fill":"#7D4E26","stroke":"none","path":"M167.8,37.5l-1.2,3.7c0,0-0.5,0.2-1.5,0.2s-1.6-0.2-1.6-0.2l-1.1-3.7H167.8z"},{"type":"path","fill":"#F8B435","stroke":"none","path":"M167.2,38.2c0.8-0.6,0.8-1.2,0-1.9c-0.8-0.6-2.3-1.4-2.3-2.4c0-0.9-4,2.9-2.3,4.2C164.4,39.5,167.2,38.2,167.2,38.2z"}]}