{"width":"224.7","height":"123.8","dx":"0","dy":"0","geometry":[{"type":"path","fill":"#659CB1","stroke":"none","path":"M111.9,24.8c61.8,0,111.8,18.1,111.8,40.2c0,22.1-50.1,40.2-111.8,40.2C50.2,105.2,0.1,87.2,0.1,65  S50.1,24.8,111.9,24.8z"},{"type":"path","fill":"#5A8EA6","stroke":"none","path":"M27.8,49c7.3,0,12.2,3.6,20.8,3.6s11.2-5.8,18.3-5.8c7.1,0,8.8,5.8,21.3,5.8s15-3.6,26-3.6  s18.9,4.2,25.9,4.2s12-4.1,18.5-4.1s8.6,2.7,17.1,2.7c10.9,0,12.2-2.7,19.8-2.7c9.5,0,23.2,3.7,23.2,3.7c3.5,3.8,5.3,7.9,5.3,12.2  c0,22.1-50.1,40.1-111.8,40.2C50.5,105.2,0.4,87.2,0.4,65c0-4.5,2.1-8.9,6-13C6.4,52,20.5,49,27.8,49z"},{"type":"path","fill":"#989797","stroke":"none","path":"M109,105.4C47.1,105.4,1.3,85.3,0,67.3v10.4c0,18.2,45.4,39.1,109.1,39.1c86,0,115.6-25.8,115.6-39.5V64.4  C225.5,78.4,196.9,105.5,109,105.4z"},{"type":"ellipse","fill":"none","stroke":"#B3B3B3","stroke-width":0.9996,"stroke-miterlimit":10,"cx":112.2,"cy":65.2,"rx":112.1,"ry":39.9},{"type":"path","fill":"#ECE0C2","stroke":"none","path":"M29.4,34.3C49.9,26.1,79.7,21,112.7,21c33.5,0,63.6,5.2,84.1,13.6L29.4,34.3z"},{"type":"path","fill":"#C5C3C3","stroke":"none","path":"M29.4,34.3 29.4,39.1 196.8,39.1 196.8,34.6 z"},{"type":"rect","fill":"#626262","stroke":"none","x":59.9,"y":43.3,"width":97.5,"height":13.2},{"type":"path","fill":"#DAB721","stroke":"none","path":"M170.8,49.3 157.5,44.8 157.3,57.6 162.6,54.9 z"},{"type":"path","fill":"#737373","stroke":"none","path":"M59.9,43.3 157.5,43.3 144.1,38.5 47.2,38.6 z"},{"type":"path","fill":"#D8D9D8","stroke":"none","path":"M77.6,34.1 62.6,28.3 32,28.2 47.7,34.1 z"},{"type":"path","fill":"#C5C6C4","stroke":"none","path":"M47.7,59.2 77.6,59.2 77.6,34.1 47.7,34.1 z"},{"type":"path","fill":"#838584","stroke":"none","path":"M31.9,53.6 32,28.3 47.7,34.1 47.7,59.3 z"},{"type":"ellipse","fill":"#88888A","stroke":"none","cx":57,"cy":15.2,"rx":2.2,"ry":0.7},{"type":"path","fill":"#F4F2F0","stroke":"none","path":"M53.9,53.8c0,0.6,1.5,1.2,3.2,1.2c1.8,0,3.2-0.6,3.2-1.2l-1.2-38.9c0,0.4-1,0.7-2.2,0.7  c-1.2,0-2.2-0.3-2.2-0.7L53.9,53.8z"},{"type":"path","fill":"#959DB2","stroke":"none","opacity":0.3,"path":"M57.2,15.2c0.6,0,1.1-0.1,1.1-0.1L58,12.3l0.4-1.7l1.7-2.4  l0.8-2.9l-0.7-1.8l0.6-3.9l-0.8-3.9L58-6.9l-1.4,0.4L55.9-4L58-1.1l-1.5,2.4l-1.7,2.6l1.1,3.9l1.1,2.8l-1,4.3  C56.1,14.9,57,15.1,57.2,15.2z"},{"type":"path","fill":"#ECD958","stroke":"none","path":"M133.1,49.6 130.7,56.1 83.7,56.1 80.2,49.6 37.5,49.6 43.6,64.3 159.7,64.3 170.8,49.6 z"},{"type":"path","fill":"#DAB721","stroke":"none","path":"M37.5,49.6 24.1,44.8 30.4,59.5 43.6,64.3 z"},{"type":"ellipse","fill":"#5AAC26","stroke":"none","cx":144.5,"cy":10.5,"rx":4.5,"ry":3.2},{"type":"ellipse","fill":"#87BB56","stroke":"none","cx":155.1,"cy":7.7,"rx":4.1,"ry":3.2},{"type":"ellipse","fill":"#5AAC26","stroke":"none","cx":152.9,"cy":11.6,"rx":5.7,"ry":3.5},{"type":"ellipse","fill":"#DFDB00","stroke":"none","cx":149.7,"cy":3.7,"rx":4.8,"ry":3.7},{"type":"ellipse","fill":"#87BB56","stroke":"none","cx":146.1,"cy":5.9,"rx":4.8,"ry":3.6},{"type":"ellipse","fill":"#D9D9DA","stroke":"#FAF9F9","stroke-width":0.0804,"stroke-miterlimit":10,"cx":148.3,"cy":28,"rx":6.6,"ry":2.4},{"type":"path","fill":"#A38978","stroke":"none","path":"M149.8,27.8c0,0.3-0.6,0.5-1.4,0.5s-1.4-0.2-1.4-0.5l0.5-17.3l0,0c0-0.2,0.5-0.4,1-0.4s1,0.2,1,0.4l0,0l0,0  l0,0l0,0L149.8,27.8z"},{"type":"path","fill":"#A38978","stroke":"none","path":"M148.6,13.7c0.1,0.1,0,0.4-0.3,0.7c-0.3,0.3-0.6,0.5-0.7,0.4l-2.8-3c0,0,0-0.3,0.2-0.5  c0.2-0.2,0.5-0.2,0.5-0.2L148.6,13.7z"},{"type":"ellipse","fill":"#C7D009","stroke":"none","cx":150.7,"cy":8.7,"rx":3.9,"ry":3.3},{"type":"ellipse","fill":"#5AAC26","stroke":"none","cx":114.2,"cy":10.5,"rx":4.5,"ry":3.2},{"type":"ellipse","fill":"#87BB56","stroke":"none","cx":124.8,"cy":7.7,"rx":4.1,"ry":3.2},{"type":"ellipse","fill":"#5AAC26","stroke":"none","cx":122.6,"cy":11.6,"rx":5.7,"ry":3.5},{"type":"ellipse","fill":"#DFDB00","stroke":"none","cx":119.4,"cy":3.7,"rx":4.8,"ry":3.7},{"type":"ellipse","fill":"#87BB56","stroke":"none","cx":115.8,"cy":5.9,"rx":4.8,"ry":3.6},{"type":"ellipse","fill":"#D9D9DA","stroke":"#FAF9F9","stroke-width":0.0804,"stroke-miterlimit":10,"cx":118,"cy":28,"rx":6.6,"ry":2.4},{"type":"path","fill":"#A38978","stroke":"none","path":"M119.5,27.8c0,0.3-0.6,0.5-1.4,0.5s-1.4-0.2-1.4-0.5l0.5-17.3l0,0c0-0.2,0.5-0.4,1-0.4s1,0.2,1,0.4l0,0l0,0  l0,0l0,0L119.5,27.8z"},{"type":"path","fill":"#A38978","stroke":"none","path":"M118.3,13.7c0.1,0.1,0,0.4-0.3,0.7c-0.3,0.3-0.6,0.5-0.7,0.4l-2.8-3c0,0,0-0.3,0.2-0.5  c0.2-0.2,0.5-0.2,0.5-0.2L118.3,13.7z"},{"type":"ellipse","fill":"#C7D009","stroke":"none","cx":120.4,"cy":8.7,"rx":3.9,"ry":3.3},{"type":"ellipse","fill":"#5AAC26","stroke":"none","cx":83.9,"cy":10.5,"rx":4.5,"ry":3.2},{"type":"ellipse","fill":"#87BB56","stroke":"none","cx":94.5,"cy":7.7,"rx":4.1,"ry":3.2},{"type":"ellipse","fill":"#5AAC26","stroke":"none","cx":92.3,"cy":11.6,"rx":5.7,"ry":3.5},{"type":"ellipse","fill":"#DFDB00","stroke":"none","cx":89.1,"cy":3.7,"rx":4.8,"ry":3.7},{"type":"ellipse","fill":"#87BB56","stroke":"none","cx":85.5,"cy":5.9,"rx":4.8,"ry":3.6},{"type":"ellipse","fill":"#D9D9DA","stroke":"#FAF9F9","stroke-width":0.0804,"stroke-miterlimit":10,"cx":87.7,"cy":28,"rx":6.6,"ry":2.4},{"type":"path","fill":"#A38978","stroke":"none","path":"M89.2,27.8c0,0.3-0.6,0.5-1.4,0.5c-0.8,0-1.4-0.2-1.4-0.5l0.5-17.3l0,0c0-0.2,0.5-0.4,1-0.4s1,0.2,1,0.4l0,0  l0,0l0,0l0,0L89.2,27.8z"},{"type":"path","fill":"#A38978","stroke":"none","path":"M88,13.7c0.1,0.1,0,0.4-0.3,0.7c-0.3,0.3-0.6,0.5-0.7,0.4l-2.8-3c0,0,0-0.3,0.2-0.5c0.2-0.2,0.5-0.2,0.5-0.2  L88,13.7z"},{"type":"ellipse","fill":"#C7D009","stroke":"none","cx":90.1,"cy":8.7,"rx":3.9,"ry":3.3},{"type":"path","fill":"#6EAABF","stroke":"none","path":"M12.1,60.4c5.5,0,3.9,2.8,15,2.8s8-2.8,14.8-2.8c6.8,0,9.9,3.3,18.5,3.3c8.6,0,13.2-1.6,19.9-1.6  s12.7,2.3,20.2,2c7.5-0.3,6.8-1.9,12.6-1.9s9,1.6,17,1.8s9-2.7,16.3-2.6c7.3,0.1,7.8,3.1,15.8,3.1s11.7-4.8,17.2-4s7.9,5,15.3,5  c7.4,0,11.7-5.3,17.7-5S224,65,224,65c0,22.1-50.1,40.1-111.8,40.2C50.5,105.2,0.4,87.2,0.4,65C0.4,65,6.6,60.4,12.1,60.4z"},{"type":"path","fill":"#C5C3C3","stroke":"none","path":"M5.8,73.4h212.8v4.4c-14.5,16.1-56.8,27.7-106.4,27.7c-49.7,0-91.9-11.7-106.4-27.7V73.4z"},{"type":"path","fill":"#ECE0C2","stroke":"none","path":"M5.8,73.4c14.5,16.1,56.7,27.7,106.4,27.7c49.6,0,91.9-11.7,106.4-27.7H5.8z"},{"type":"path","fill":"#6F7072","stroke":"none","path":"M43.8,79.2"},{"type":"path","fill":"#6F7072","stroke":"none","path":"M44.8,79.8"}]}