{"width":"224.7","height":"114.4","dx":"-98","dy":"240.9","geometry":[{"type":"path","fill":"#659CB1","stroke":"none","path":"M126.6,303.4c0,22.2-50.1,40.2-111.8,40.2S-97,325.6-97,303.4c0-22.2,50-40.2,111.8-40.2S126.6,281.2,126.6,303.4z"},{"type":"path","fill":"#5A8EA6","stroke":"none","path":"M120.3,290.4c3.9,4.1,6,8.5,6,13c0,22.2-50.1,40.2-111.8,40.2s-111.8-18-111.8-40.2c0-4.3,1.8-8.4,5.3-12.2c0,0,13.7-3.7,23.2-3.7c7.6,0,8.9,2.7,19.8,2.7c8.5,0,10.6-2.7,17.1-2.7s11.5,4.1,18.5,4.1s14.8-4.1,25.8-4.1s13.5,3.6,26,3.6s14.2-5.8,21.3-5.8s9.7,5.8,18.3,5.8c8.7,0,13.5-3.6,20.8-3.6S120.3,290.4,120.3,290.4z"},{"type":"path","fill":"#989797","stroke":"none","path":"M-98,302.8v12.9c0,13.7,29.6,39.5,115.6,39.5c63.7,0,109.1-20.9,109.1-39.1v-10.3c-1.3,18-47.1,38.1-109,38.1C-70.2,343.9-98.8,316.8-98,302.8z"},{"type":"ellipse","fill":"none","stroke":"#B3B3B3","stroke-width":0.9996,"stroke-miterlimit":10,"cx":14.5,"cy":303.7,"rx":112.1,"ry":39.9},{"type":"path","fill":"#EBEDEE","stroke":"none","path":"M-70.1,273c20.5-8.4,50.6-13.6,84.1-13.6c33,0,62.8,5.1,83.3,13.3L-70.1,273z"},{"type":"path","fill":"#C5C3C3","stroke":"none","path":"M-70.1,273 -70.1,277.5 97.3,277.5 97.3,272.7 z"},{"type":"ellipse","fill":"#5AAC26","stroke":"none","cx":0.5,"cy":251.4,"rx":4.4,"ry":3.1},{"type":"ellipse","fill":"#87BB56","stroke":"none","cx":-10,"cy":248.5,"rx":4,"ry":3.2},{"type":"ellipse","fill":"#5AAC26","stroke":"none","cx":-7.8,"cy":252.5,"rx":5.7,"ry":3.5},{"type":"ellipse","fill":"#DFDB00","stroke":"none","cx":-4.6,"cy":244.6,"rx":4.8,"ry":3.7},{"type":"ellipse","fill":"#87BB56","stroke":"none","cx":-1.1,"cy":246.8,"rx":4.8,"ry":3.6},{"type":"ellipse","fill":"#D9D9DA","stroke":"#FAF9F9","stroke-width":0.08008095,"stroke-miterlimit":10,"cx":-3.2,"cy":268.8,"rx":6.5,"ry":2.3},{"type":"path","fill":"#A38978","stroke":"none","path":"M-4.4,251.3L-4.4,251.3L-4.4,251.3L-4.4,251.3L-4.4,251.3c0-0.2,0.5-0.4,1-0.4s1,0.2,1,0.4l0,0l0.5,17.2c0,0.3-0.6,0.5-1.4,0.5s-1.4-0.2-1.4-0.5L-4.4,251.3z"},{"type":"path","fill":"#A38978","stroke":"none","path":"M-0.5,251.9c0,0,0.3,0,0.5,0.2s0.2,0.5,0.2,0.5l-2.8,3c-0.1,0.1-0.4-0.1-0.7-0.4c-0.3-0.3-0.4-0.6-0.3-0.7L-0.5,251.9z"},{"type":"ellipse","fill":"#C7D009","stroke":"none","cx":-5.6,"cy":249.6,"rx":3.9,"ry":3.3},{"type":"ellipse","fill":"#5AAC26","stroke":"none","cx":30.7,"cy":251.4,"rx":4.4,"ry":3.1},{"type":"ellipse","fill":"#87BB56","stroke":"none","cx":20.1,"cy":248.5,"rx":4,"ry":3.2},{"type":"ellipse","fill":"#5AAC26","stroke":"none","cx":22.3,"cy":252.5,"rx":5.7,"ry":3.5},{"type":"ellipse","fill":"#DFDB00","stroke":"none","cx":25.5,"cy":244.6,"rx":4.8,"ry":3.7},{"type":"ellipse","fill":"#87BB56","stroke":"none","cx":29.1,"cy":246.8,"rx":4.8,"ry":3.6},{"type":"ellipse","fill":"#D9D9DA","stroke":"#FAF9F9","stroke-width":0.08008095,"stroke-miterlimit":10,"cx":26.9,"cy":268.8,"rx":6.5,"ry":2.3},{"type":"path","fill":"#A38978","stroke":"none","path":"M25.7,251.3L25.7,251.3L25.7,251.3L25.7,251.3L25.7,251.3c0-0.2,0.5-0.4,1-0.4s1,0.2,1,0.4l0,0l0.5,17.2c0,0.3-0.6,0.5-1.4,0.5s-1.4-0.2-1.4-0.5L25.7,251.3z"},{"type":"path","fill":"#A38978","stroke":"none","path":"M29.7,251.9c0,0,0.3,0,0.5,0.2s0.2,0.5,0.2,0.5l-2.8,3c-0.1,0.1-0.4-0.1-0.7-0.4c-0.3-0.3-0.4-0.6-0.3-0.7L29.7,251.9z"},{"type":"ellipse","fill":"#C7D009","stroke":"none","cx":24.5,"cy":249.6,"rx":3.9,"ry":3.3},{"type":"ellipse","fill":"#5AAC26","stroke":"none","cx":60.8,"cy":251.4,"rx":4.4,"ry":3.1},{"type":"ellipse","fill":"#87BB56","stroke":"none","cx":50.3,"cy":248.5,"rx":4,"ry":3.2},{"type":"ellipse","fill":"#5AAC26","stroke":"none","cx":52.5,"cy":252.5,"rx":5.7,"ry":3.5},{"type":"ellipse","fill":"#DFDB00","stroke":"none","cx":55.7,"cy":244.6,"rx":4.8,"ry":3.7},{"type":"ellipse","fill":"#87BB56","stroke":"none","cx":59.3,"cy":246.8,"rx":4.8,"ry":3.6},{"type":"ellipse","fill":"#D9D9DA","stroke":"#FAF9F9","stroke-width":0.08008095,"stroke-miterlimit":10,"cx":57.1,"cy":268.8,"rx":6.5,"ry":2.3},{"type":"path","fill":"#A38978","stroke":"none","path":"M55.9,251.3L55.9,251.3L55.9,251.3L55.9,251.3L55.9,251.3c0-0.2,0.5-0.4,1-0.4s1,0.2,1,0.4l0,0l0.5,17.2c0,0.3-0.6,0.5-1.4,0.5c-0.8,0-1.4-0.2-1.4-0.5L55.9,251.3z"},{"type":"path","fill":"#A38978","stroke":"none","path":"M59.9,251.9c0,0,0.3,0,0.5,0.2s0.2,0.5,0.2,0.5l-2.8,3c-0.1,0.1-0.4-0.1-0.7-0.4s-0.4-0.6-0.3-0.7L59.9,251.9z"},{"type":"ellipse","fill":"#C7D009","stroke":"none","cx":54.7,"cy":249.6,"rx":3.9,"ry":3.3},{"type":"path","fill":"#6EAABF","stroke":"none","path":"M126.3,303.4c0,22.2-50.1,40.2-111.8,40.2s-111.8-18-111.8-40.2c0,0,5.6-4.2,11.6-4.5c6-0.3,10.3,5,17.7,5s9.8-4.2,15.3-5c5.5-0.8,9.2,4,17.2,4s8.5-3,15.8-3.1c7.3-0.1,8.3,2.8,16.3,2.6c8-0.2,11.2-1.8,17-1.8s5.1,1.6,12.6,1.9c7.5,0.3,13.5-2,20.2-2s11.3,1.6,19.9,1.6c8.7,0,11.7-3.3,18.5-3.3s3.7,2.8,14.8,2.8c11.2,0,9.5-2.8,15-2.8S126.3,303.4,126.3,303.4z"},{"type":"path","fill":"#C5C3C3","stroke":"none","path":"M120.9,316.2c-14.5,16-56.7,27.7-106.4,27.7c-49.6,0-91.9-11.6-106.4-27.7v-4.4h212.8L120.9,316.2L120.9,316.2z"},{"type":"path","fill":"#EBEDEE","stroke":"none","path":"M-91.9,311.8c14.5,16,56.8,27.7,106.4,27.7c49.7,0,91.9-11.6,106.4-27.7H-91.9z"},{"type":"path","fill":"#B2B4B5","stroke":"none","path":"M-17.3,330.4 29.4,313.4 29.4,279.6 -17.3,296.7 \tz"},{"type":"path","fill":"#A38979","stroke":"none","path":"M29.4,279.6 -31,255.9 -77.6,272.9 -17.3,296.7 \tz"},{"type":"path","fill":"#DAD9DA","stroke":"none","path":"M-77.6,272.9 -17.3,296.7 -17.3,330.4 -77.6,319.9 \tz"},{"type":"path","fill":"#89888A","stroke":"none","path":"M1.9,307.5c0-2.3,2.5-5.3,7.3-6.7c1.8-0.6,5.9-0.4,5.9,2v15.9l-13.2,4.8C1.9,323.5,1.9,307.5,1.9,307.5z"},{"type":"path","fill":"#AAC2E1","stroke":"none","path":"M-43.8,318 -43.8,301.1 -53,299.5 -53,316.3 \tz"},{"type":"path","fill":"#AAC2E1","stroke":"none","path":"M-25.6,321.3 -25.6,304.4 -34.8,302.8 -34.8,319.7 \tz"},{"type":"path","fill":"#AAC2E1","stroke":"none","path":"M-60.8,314.3 -60.8,297.4 -70,295.8 -70,312.6 \tz"},{"type":"path","fill":"#AC8A53","stroke":"none","path":"M56.2,323.7 56.2,318.6 74.2,311.9 74.2,317.1 z"},{"type":"path","fill":"#746347","stroke":"none","path":"M56.2,318.6 41.6,315.3 59.3,308.7 74.2,311.9 z"},{"type":"path","fill":"#BF995B","stroke":"none","path":"M41.6,320.5 41.6,315.3 56.2,318.6 56.2,323.7 z"},{"type":"path","fill":"#95653E","stroke":"none","path":"M44.6,316c0,0,2.5-1.1,3.8-1.6s3.5-0.6,4.9-1.3c1.4-0.7,2.9-1.1,3.5-1.5c0.7-0.5,2.7-1.2,3.2-1.2s2.4,0.6,3.1,0.9c0.6,0.3,1.8,0.8,3.3,0.8s2.5,0.5,3.4,0.5s1.4,0.4,1.4,0.4l-15.1,5.6L44.6,316z"},{"type":"path","fill":"#AC8A53","stroke":"none","path":"M35,333.2 35,328 53.1,321.3 53.1,326.5 z"},{"type":"path","fill":"#746347","stroke":"none","path":"M35,328 20.5,324.7 38.1,318.1 53.1,321.3 z"},{"type":"path","fill":"#BF995B","stroke":"none","path":"M20.5,329.9 20.5,324.7 35,328 35,333.2 z"},{"type":"path","fill":"#95653E","stroke":"none","path":"M23.5,325.4c0,0,2.5-1.1,3.8-1.6s3.5-0.6,4.9-1.3c1.4-0.7,2.9-1.1,3.5-1.5c0.7-0.5,2.7-1.2,3.2-1.2s2.4,0.6,3.1,0.9c0.6,0.3,1.8,0.8,3.3,0.8s2.5,0.5,3.4,0.5s1.4,0.4,1.4,0.4L35,328L23.5,325.4z"},{"type":"path","fill":"#AC8A53","stroke":"none","path":"M81.7,325.9 81.7,320.7 99.7,314 99.7,319.2 z"},{"type":"path","fill":"#746347","stroke":"none","path":"M81.7,320.7 67.1,317.4 84.8,310.8 99.7,314 z"},{"type":"path","fill":"#BF995B","stroke":"none","path":"M67.1,322.6 67.1,317.4 81.7,320.7 81.7,325.9 z"},{"type":"path","fill":"#95653E","stroke":"none","path":"M70.2,318.1c0,0,2.5-1.1,3.8-1.6s3.5-0.6,4.9-1.3s2.9-1.1,3.5-1.5c0.7-0.5,2.7-1.2,3.2-1.2s2.4,0.6,3.1,0.9c0.6,0.3,1.8,0.8,3.3,0.8c1.4,0,2.5,0.5,3.4,0.5s1.4,0.4,1.4,0.4l-15.1,5.6L70.2,318.1z"},{"type":"path","fill":"#AC8A53","stroke":"none","path":"M60.5,335.3 60.5,330.1 78.6,323.4 78.6,328.6 z"},{"type":"path","fill":"#746347","stroke":"none","path":"M60.5,330.1 46,326.8 63.6,320.2 78.6,323.4 z"},{"type":"path","fill":"#BF995B","stroke":"none","path":"M46,332 46,326.8 60.5,330.1 60.5,335.3 z"},{"type":"path","fill":"#95653E","stroke":"none","path":"M49,327.5c0,0,2.5-1.1,3.8-1.6s3.5-0.6,4.9-1.3c1.4-0.7,2.9-1.1,3.5-1.5c0.7-0.5,2.7-1.2,3.2-1.2s2.4,0.6,3.1,0.9c0.6,0.3,1.8,0.8,3.3,0.8c1.4,0,2.5,0.5,3.4,0.5s1.4,0.4,1.4,0.4l-15.1,5.6L49,327.5z"}]}