{"width":"229.7","height":"219.6","dx":"0","dy":"0","geometry":[{"type":"path","fill":"#989797","stroke":"none","path":"M84.4,172.5L84.4,172.5L84.4,172.5C84.4,172.5,84.4,172.5,84.4,172.5z"},{"type":"path","fill":"#EBD958","stroke":"none","path":"M56.6,154.8 54,165.2 48.4,170.9 48.4,177.4 66.8,182.1 66.8,175.6 72.4,170 74.8,159.5 \tz"},{"type":"ellipse","fill":"#F6F6F6","stroke":"none","transform":"t-115.3026,235.5565r-87.9873,0,0","cx":64.3,"cy":177.5,"rx":1.8,"ry":1},{"type":"ellipse","fill":"#F6F6F6","stroke":"none","transform":"t-125.3308,218.2648r-87.9943,0,0","cx":50.4,"cy":174,"rx":1.8,"ry":1},{"type":"path","fill":"#A9C2E1","stroke":"none","path":"M56.4,165.9 58.8,157 71.8,160.4 69.6,169.3 \tz"},{"type":"path","fill":"#6F7072","stroke":"none","opacity":0.2,"path":"M58.8,157 71.8,160.4 69.6,169.3 \tz"},{"type":"path","fill":"#B1B3B4","stroke":"none","path":"M52.4,173.7 52.4,175.9 62.3,178.5 62.3,176.2 \tz"},{"type":"path","fill":"#88888A","stroke":"none","path":"M48.4,176.5 48.4,177.6 66.8,182.1 66.8,181.1 \tz"},{"type":"path","fill":"#DAB722","stroke":"none","path":"M89,154.2 74.8,159.5 72.4,170 66.8,175.6 66.8,182.1 92.4,172.6 92.4,163.5 \tz"},{"type":"path","fill":"#58585A","stroke":"none","path":"M72.2,183.2c-0.6,0-1.1-1.1-1.3-2.6l1.2-0.5c0-2.5,0.6-4.4,1.4-4.4l0.8,0.1v7.8L72.2,183.2z"},{"type":"ellipse","fill":"#88888A","stroke":"none","cx":74.3,"cy":179.7,"rx":1.4,"ry":3.9},{"type":"path","fill":"#58585A","stroke":"none","path":"M87.5,177.6c-0.6,0-1.1-1.1-1.3-2.6l1.2-0.5c0-2.5,0.6-4.4,1.4-4.4l0.8,0.1v7.8L87.5,177.6z"},{"type":"ellipse","fill":"#88888A","stroke":"none","cx":89.6,"cy":174.1,"rx":1.4,"ry":3.9},{"type":"path","fill":"#90A5C1","stroke":"none","path":"M74.7,169.5 83.6,166.3 83.6,158.4 77,160.8 \tz"},{"type":"path","fill":"#90A5C1","stroke":"none","path":"M84.9,158 84.9,165.9 88.6,164.5 86.8,157.3 \tz"},{"type":"path","fill":"#EBD958","stroke":"none","path":"M70.6,149.5 56.6,154.8 74.8,159.5 89,154.2 \tz"},{"type":"path","fill":"#6F7072","stroke":"none","opacity":0.2,"path":"M74.8,159.5 89,154.2 70.6,149.5 \tz"},{"type":"path","fill":"#EBEBED","stroke":"none","path":"M76.3,168.5 77.6,168.1 75.1,167.6 73.8,168.1 \t\tz"},{"type":"path","fill":"#88888A","stroke":"none","path":"M76.3,168.5 73.8,168.1 73.5,169.7 76.3,170.1 \t\tz"},{"type":"path","fill":"#88888A","stroke":"none","path":"M76.3,170.1 76.3,168.5 77.6,168.1 77.6,169.6 \t\tz"},{"type":"path","fill":"#989797","stroke":"none","path":"M137.6,185.5L137.6,185.5L137.6,185.5C137.6,185.5,137.6,185.5,137.6,185.5z"},{"type":"path","fill":"#D9DADB","stroke":"none","path":"M109.9,167.9 107.2,178.3 101.6,184 101.6,190.4 120,195.1 120,188.6 125.6,183 128,172.6 \tz"},{"type":"ellipse","fill":"#F6F6F6","stroke":"none","transform":"t-76.9931,301.3493r-87.9873,0,0","cx":117.6,"cy":190.5,"rx":1.8,"ry":1},{"type":"ellipse","fill":"#F6F6F6","stroke":"none","transform":"t-87.0148,284.0594r-87.9943,0,0","cx":103.6,"cy":187.1,"rx":1.8,"ry":1},{"type":"path","fill":"#A9C2E1","stroke":"none","path":"M109.6,178.9 112.1,170.1 125,173.4 122.9,182.4 \tz"},{"type":"path","fill":"#6F7072","stroke":"none","opacity":0.2,"path":"M112.1,170.1 125,173.4 122.9,182.4 \tz"},{"type":"path","fill":"#B1B3B4","stroke":"none","path":"M105.7,186.7 105.7,189 115.6,191.5 115.6,189.3 \tz"},{"type":"path","fill":"#88888A","stroke":"none","path":"M101.6,189.6 101.6,190.6 120,195.2 120,194.2 \tz"},{"type":"path","fill":"#87888A","stroke":"none","path":"M142.2,167.2 128,172.6 125.6,183 120,188.6 120,195.1 145.6,185.7 145.6,176.6 \tz"},{"type":"path","fill":"#58585A","stroke":"none","path":"M125.4,196.2c-0.6,0-1.1-1.1-1.3-2.6l1.2-0.5c0-2.5,0.6-4.4,1.4-4.4l0.8,0.1v7.8L125.4,196.2z"},{"type":"ellipse","fill":"#88888A","stroke":"none","cx":127.5,"cy":192.7,"rx":1.4,"ry":3.9},{"type":"path","fill":"#58585A","stroke":"none","path":"M140.7,190.6c-0.6,0-1.1-1.1-1.3-2.6l1.2-0.5c0-2.5,0.6-4.4,1.4-4.4l0.8,0.1v7.8L140.7,190.6z"},{"type":"ellipse","fill":"#88888A","stroke":"none","cx":142.8,"cy":187.1,"rx":1.4,"ry":3.9},{"type":"path","fill":"#90A5C1","stroke":"none","path":"M127.9,182.6 136.8,179.3 136.9,171.4 130.2,173.9 \tz"},{"type":"path","fill":"#90A5C1","stroke":"none","path":"M138.1,171.1 138.1,179 141.8,177.6 140,170.4 \tz"},{"type":"path","fill":"#D9DADB","stroke":"none","path":"M123.8,162.6 109.9,167.9 128,172.6 142.2,167.2 \tz"},{"type":"path","fill":"#6F7072","stroke":"none","opacity":0.2,"path":"M128,172.6 142.2,167.2 123.8,162.6 \tz"},{"type":"path","fill":"#EBEBED","stroke":"none","path":"M129.5,181.6 130.8,181.1 128.3,180.7 127,181.1 \t\tz"},{"type":"path","fill":"#88888A","stroke":"none","path":"M129.5,181.6 127,181.1 126.7,182.7 129.5,183.1 \t\tz"},{"type":"path","fill":"#88888A","stroke":"none","path":"M129.5,183.1 129.5,181.6 130.8,181.1 130.9,182.7 \t\tz"}]}