{"width":"229.7","height":"187","dx":"0","dy":"0","geometry":[{"type":"path","fill":"#989797","stroke":"none","path":"M-251.6,132.5v12.9c0,13.7,29.6,39.5,115.6,39.5c63.7,0,109.1-20.9,109.1-39.1v-10.4c-1.3,18-47.1,38.1-109,38.1C-223.7,173.5-252.4,146.5-251.6,132.5z"},{"type":"ellipse","fill":"#ECEDED","stroke":"#B3B3B3","stroke-miterlimit":10,"cx":-139.1,"cy":133.3,"rx":112.1,"ry":39.9},{"type":"path","fill":"#BA9D6C","stroke":"none","path":"M-205,133.6c0,12.9,29.4,23.4,65.7,23.4c36.3,0,65.7-10.5,65.7-23.4v-18.1h-131.3L-205,133.6z"},{"type":"ellipse","fill":"#ECE0C1","stroke":"none","cx":-139.2,"cy":115.5,"rx":65.7,"ry":23.4},{"type":"ellipse","fill":"#8C7753","stroke":"none","cx":-139,"cy":113.9,"rx":58,"ry":16.5},{"type":"path","fill":"#6EAABF","stroke":"none","path":"M-81.7,116.5c0-7.7-26-13.9-57.5-13.9c-31.5,0-57,6.2-57,13.9c3.7,6.9,25.5,13.9,57,13.9C-107.7,130.3-84.4,123.2-81.7,116.5z"},{"type":"path","fill":"#ECE0C1","stroke":"none","path":"M-172.4,113.3c0,5.8,16.9,10.5,33.2,10.5s33.2-4.7,33.2-10.5c0,0-9.9-15.2-14.6-29.8c-4.8-14.5-3.8-26.6-3.8-26.6H-154c0,0,1,11.7-3.8,26.6C-162.6,98.3-172.4,113.3-172.4,113.3z"},{"type":"ellipse","fill":"#C6C7C8","stroke":"#B3B3B3","stroke-miterlimit":10,"cx":-139.2,"cy":61.8,"rx":14.7,"ry":5.2},{"type":"path","fill":"#BA9D6C","stroke":"none","path":"M-164.1,59.4c0,4.9,11.1,8.8,24.8,8.8s24.8-4,24.8-8.8v-6.5h-49.7V59.4z"},{"type":"ellipse","fill":"#ECE0C1","stroke":"none","cx":-139.2,"cy":53,"rx":24.8,"ry":8.8},{"type":"ellipse","fill":"#8C7753","stroke":"none","cx":-139,"cy":52.4,"rx":20.7,"ry":5.9},{"type":"path","fill":"#6EAABF","stroke":"none","path":"M-118.5,53.4c0-2.7-9.3-5-20.6-5c-11.3,0-20.4,2.2-20.4,5c1.3,2.5,9.1,5,20.4,5C-127.8,58.3-119.5,55.8-118.5,53.4z"},{"type":"path","fill":"#ECE0C1","stroke":"none","path":"M-153.2,51.3c0,2.4,7.1,4.4,14,4.4s14-2,14-4.4c0,0-4.2-6.4-6.2-12.6c-2-6.1-1.6-16.1-1.6-16.1h-12.4c0,0,0.4,9.8-1.6,16.1C-149.1,45-153.2,51.3-153.2,51.3z"},{"type":"path","fill":"#BA9D6C","stroke":"none","path":"M-151.1,25.2c0,2.3,5.3,4.2,11.9,4.2c6.6,0,11.9-1.9,11.9-4.2v-3.4h-23.8V25.2z"},{"type":"ellipse","fill":"#ECE0C1","stroke":"none","cx":-139.2,"cy":21.4,"rx":11.9,"ry":4.2},{"type":"ellipse","fill":"#8C7753","stroke":"none","cx":-139,"cy":21.2,"rx":9.5,"ry":2.7},{"type":"path","fill":"#6EAABF","stroke":"none","path":"M-129.6,21.6c0-1.3-4.3-2.3-9.5-2.3c-5.2,0-9.4,1-9.4,2.3c0.6,1.1,4.2,2.3,9.4,2.3C-133.8,23.9-130,22.7-129.6,21.6z"},{"type":"path","fill":"#ECE0C1","stroke":"none","path":"M-144.6,20.1c0,1.1,2.4,1.9,5.4,1.9s5.4-0.9,5.4-1.9l-4.9-10.3h-1.1L-144.6,20.1z"},{"type":"path","fill":"#6EAABF","stroke":"none","opacity":0.5,"path":"M-157.1,52.4c-7-13.2-12.2-1.6-26.5,58.1c0,0,5.2,16.9,46,16.9s42.7-16.9,42.7-16.9c-14.3-59.7-19.5-71.3-26.5-58.1c0,0-6.9,5.9-17.6,5.9C-149.9,58.3-157.1,52.4-157.1,52.4z"},{"type":"path","fill":"#6EAABF","stroke":"none","opacity":0.5,"path":"M-147.1,20.5c-6.1-6.9-6.1,5.1-10,31.9c0,0,0.5,4.9,18.6,4.9c18,0,17.5-6,17.5-6c-4.2-26.4-4.2-36.8-10.4-30.8c0,0-3,2.6-7.8,2.6C-143.9,23.1-147.1,20.5-147.1,20.5z"},{"type":"path","fill":"#6EAABF","stroke":"none","opacity":0.5,"path":"M-139.2,11.4c0,0,0.2-4.1,2.4-3.4c4,1.2,2.7,13.4,2.7,13.4l4-0.2c0,0-0.6-14.4-5.7-14.4C-141,6.8-139.2,11.4-139.2,11.4z"},{"type":"path","fill":"#6EAABF","stroke":"none","opacity":0.5,"path":"M-139.4,11.4c0,0-0.2-4.1-2.4-3.4c-4,1.2-2.7,13.4-2.7,13.4l-4-0.2c0,0,0.6-14.4,5.7-14.4C-137.6,6.8-139.4,11.4-139.4,11.4z"},{"type":"path","fill":"#989797","stroke":"none","path":"M2.4,132.5v12.9c0,13.7,29.6,39.5,115.6,39.5c63.7,0,109.1-20.9,109.1-39.1v-10.4c-1.3,18-47.1,38.1-109,38.1C30.2,173.5,1.6,146.5,2.4,132.5z"},{"type":"ellipse","fill":"#ECEDED","stroke":"#B3B3B3","stroke-miterlimit":10,"cx":114.9,"cy":133.3,"rx":112.1,"ry":39.9},{"type":"path","fill":"#BA9D6C","stroke":"none","path":"M29,133.6c0,12.9,29.4,23.4,65.7,23.4c36.3,0,65.7-10.5,65.7-23.4v-18.1H29.2L29,133.6z"},{"type":"ellipse","fill":"#ECE0C1","stroke":"none","cx":94.7,"cy":115.5,"rx":65.7,"ry":23.4},{"type":"ellipse","fill":"#8C7753","stroke":"none","cx":95,"cy":113.9,"rx":58,"ry":16.5},{"type":"path","fill":"#6EAABF","stroke":"none","path":"M152.3,116.5c0-7.7-26-13.9-57.5-13.9c-31.5,0-57,6.2-57,13.9c3.7,6.9,25.5,13.9,57,13.9C126.2,130.3,149.5,123.2,152.3,116.5z"},{"type":"path","fill":"#ECE0C1","stroke":"none","path":"M61.5,113.3c0,5.8,16.9,10.5,33.2,10.5s33.2-4.7,33.2-10.5c0,0-9.9-15.2-14.6-29.8c-4.8-14.5-3.8-26.6-3.8-26.6H80c0,0,1,11.7-3.8,26.6S61.5,113.3,61.5,113.3z"},{"type":"path","fill":"#BA9D6C","stroke":"none","path":"M67.5,59.7c0,5.4,12.2,9.7,27.3,9.7S122,65,122,59.7v-7.1H67.5V59.7z"},{"type":"ellipse","fill":"#ECE0C1","stroke":"none","cx":94.7,"cy":52.7,"rx":27.3,"ry":9.7},{"type":"ellipse","fill":"#8C7753","stroke":"none","cx":95,"cy":52.1,"rx":22.8,"ry":6.5},{"type":"path","fill":"#6EAABF","stroke":"none","path":"M117.5,53.1c0-3-10.2-5.4-22.6-5.4c-12.4,0-22.4,2.4-22.4,5.4c1.4,2.7,10,5.4,22.4,5.4C107.3,58.5,116.4,55.7,117.5,53.1z"},{"type":"path","fill":"#ECE0C1","stroke":"none","path":"M80.7,51.3c0,2.4,7.1,4.4,14,4.4s14-2,14-4.4c0,0-4.2-6.4-6.2-12.6c-2-6.1-1.6-16.1-1.6-16.1H88.5c0,0,0.4,9.8-1.6,16.1C84.9,45,80.7,51.3,80.7,51.3z"},{"type":"path","fill":"#BA9D6C","stroke":"none","path":"M82.9,25.2c0,2.3,5.3,4.2,11.9,4.2c6.6,0,11.9-1.9,11.9-4.2v-3.4H82.9V25.2z"},{"type":"ellipse","fill":"#ECE0C1","stroke":"none","cx":94.7,"cy":21.4,"rx":11.9,"ry":4.2},{"type":"ellipse","fill":"#8C7753","stroke":"none","cx":95,"cy":21.2,"rx":9.5,"ry":2.7},{"type":"path","fill":"#6EAABF","stroke":"none","path":"M104.4,21.6c0-1.3-4.3-2.3-9.5-2.3s-9.4,1-9.4,2.3c0.6,1.1,4.2,2.3,9.4,2.3S103.9,22.7,104.4,21.6z"},{"type":"path","fill":"#ECE0C1","stroke":"none","path":"M89.3,20.1c0,1.1,2.4,1.9,5.4,1.9s5.4-0.9,5.4-1.9L95.2,9.8h-1.1L89.3,20.1z"},{"type":"path","fill":"#6EAABF","stroke":"none","opacity":0.5,"path":"M94.7,11.4c0,0,0.2-4.1,2.4-3.4c4,1.2,2.7,13.4,2.7,13.4l4.1-0.2c0,0-0.6-14.4-5.7-14.4C93,6.8,94.7,11.4,94.7,11.4z"},{"type":"path","fill":"#6EAABF","stroke":"none","opacity":0.5,"path":"M94.6,11.4c0,0-0.2-4.1-2.4-3.4c-4,1.2-2.7,13.4-2.7,13.4l-4.1-0.2c0,0,0.6-14.4,5.7-14.4C96.3,6.8,94.6,11.4,94.6,11.4z"},{"type":"path","fill":"#6EAABF","stroke":"none","opacity":0.5,"path":"M90.7,22.6c0,0-1-3.4-4.1-2.1c-9.1,3.6-2.8,35.9-2.8,35.9l-11.5-3.8c0,0-0.9-32.2,12.1-34.4C91.1,17,90.7,22.6,90.7,22.6z"},{"type":"path","fill":"#6EAABF","stroke":"none","opacity":0.5,"path":"M98.6,22.6c0,0,1.5-3.1,4.7-1.9c9.1,3.6,2.8,35.6,2.8,35.6l10.9-3.8c0,0,1.5-31.9-11.5-34.1C98.6,17.3,98.6,22.6,98.6,22.6z"},{"type":"path","fill":"#6EAABF","stroke":"none","opacity":0.5,"path":"M83.8,56.3c0,0-3-2-9.6,0.6c-19.1,7.6-1.6,69.2-1.6,69.2l-33.8-12.2c0,0,1.6-61.3,28.8-65.9C81.6,45.6,83.8,56.3,83.8,56.3z"},{"type":"path","fill":"#6EAABF","stroke":"none","opacity":0.5,"path":"M104.5,56.3c0,0,3-2,9.6,0.6c19.1,7.6,1.6,69.2,1.6,69.2l36.5-9.6c0,0-4.4-63.9-31.5-68.5C106.7,45.6,104.5,56.3,104.5,56.3z"}]}