{"width":"224.7","height":"130.3","dx":"0","dy":"0","geometry":[{"type":"path","fill":"#999895","stroke":"none","path":"M0,76.6v13c0,13.7,29.6,39.5,115.6,39.5c63.7,0,109.1-20.9,109.1-39.1V79.6c-1.3,18-47.1,38.1-109,38.1\n\tC27.8,117.7-0.8,90.6,0,76.6z"},{"type":"ellipse","fill":"#F6F6F6","stroke":"#B3B3B3","stroke-width":0.9996,"stroke-miterlimit":10,"cx":112.5,"cy":77.5,"rx":112.1,"ry":39.9},{"type":"path","fill":"#DDDEDF","stroke":"none","path":"M22.5,79.2 22.5,21 130.5,40.6 130.5,98.8 z"},{"type":"path","fill":"#EDEDED","stroke":"none","path":"M22.5,21 87.5,0 190.7,18.9 130.6,40.6 z"},{"type":"path","fill":"#C6C7C8","stroke":"none","path":"M190.7,75.6 130.5,98.8 130.5,40.6 190.7,18.9 z"},{"type":"path","fill":"#7E7F7F","stroke":"none","path":"M137.6,96.4 137.6,58.2 185.9,39.1 185.9,77.3 z"},{"type":"path","fill":"#C6C7C8","stroke":"#FBFAF9","stroke-width":0.0915,"stroke-miterlimit":10,"path":"M208.7,73.8c4.9,0,8.8,1.4,8.8,3.1\n\ts-4,3.1-8.8,3.1c-4.9,0-8.8-1.4-8.8-3.1C199.8,75.2,203.8,73.8,208.7,73.8z"},{"type":"ellipse","fill":"#60AA26","stroke":"none","cx":215,"cy":51.1,"rx":7.5,"ry":5.2},{"type":"ellipse","fill":"#60AA26","stroke":"none","transform":"t73.8115,214.3376r-65.9828,0,0","cx":202,"cy":50.3,"rx":5.8,"ry":9.6},{"type":"ellipse","fill":"#E0DA00","stroke":"none","cx":204.3,"cy":42.2,"rx":7.9,"ry":6.2},{"type":"ellipse","fill":"#B0BD56","stroke":"none","cx":212.4,"cy":43.4,"rx":8,"ry":6},{"type":"ellipse","fill":"#B0BD56","stroke":"none","cx":212.8,"cy":54.1,"rx":3.3,"ry":2.5},{"type":"path","fill":"#A18876","stroke":"none","path":"M206.7,50.9L206.7,50.9L206.7,50.9L206.7,50.9L206.7,50.9c0-0.4,0.7-0.6,1.7-0.6s1.7,0.2,1.7,0.6l0,0\n\tl0.8,25.1c0,0.5-1.1,0.8-2.4,0.8c-1.3,0-2.4-0.4-2.4-0.8L206.7,50.9z"},{"type":"path","fill":"#A18876","stroke":"none","path":"M215.8,49.4L215.8,49.4L215.8,49.4L215.8,49.4L215.8,49.4c0.1-0.1,0.5,0.1,0.8,0.4c0.4,0.4,0.5,0.7,0.4,0.8\n\tl0,0l-7.1,7.5c-0.2,0.1-0.7-0.1-1.2-0.6s-0.7-1.1-0.6-1.2L215.8,49.4z"},{"type":"path","fill":"#C8CF00","stroke":"none","path":"M202.3,47.5c0-3.7,3.4-6.6,7.7-6.6s7.7,3,7.7,6.6c0,3.7-3.4,6.6-7.7,6.6C205.8,54.1,202.3,51.2,202.3,47.5z"},{"type":"path","fill":"#A9C2E1","stroke":"none","path":"M184.6,72 184.6,42.2 139.8,59.3 139.8,89.1 z"},{"type":"path","fill":"#7E7F7F","stroke":"none","path":"M155.7,86.6 155.5,53.2 154.3,52.9 154.4,86.3 z"},{"type":"path","fill":"#7E7F7F","stroke":"none","path":"M170.7,77.9 170.5,47.3 169.4,47.1 169.5,79.9 z"},{"type":"path","fill":"#C6C7C8","stroke":"#FBFAF9","stroke-width":0.0915,"stroke-miterlimit":10,"path":"M169.7,92.3c4.9,0,8.8,1.4,8.8,3.1\n\ts-4,3.1-8.8,3.1c-4.9,0-8.8-1.4-8.8-3.1C160.8,93.7,164.8,92.3,169.7,92.3z"},{"type":"ellipse","fill":"#60AA26","stroke":"none","cx":174,"cy":65.6,"rx":7.5,"ry":5.2},{"type":"ellipse","fill":"#60AA26","stroke":"none","transform":"t33.8882,189.6112r-65.9776,0,0","cx":163,"cy":68.7,"rx":5.8,"ry":9.6},{"type":"ellipse","fill":"#E0DA00","stroke":"none","cx":165.4,"cy":60.7,"rx":7.9,"ry":6.2},{"type":"ellipse","fill":"#B0BD56","stroke":"none","cx":173.4,"cy":61.9,"rx":8,"ry":6},{"type":"ellipse","fill":"#B0BD56","stroke":"none","cx":173.8,"cy":72.7,"rx":3.3,"ry":2.5},{"type":"path","fill":"#A18876","stroke":"none","path":"M167.7,69.5L167.7,69.5L167.7,69.5L167.7,69.5L167.7,69.5c0-0.4,0.7-0.6,1.7-0.6s1.7,0.2,1.7,0.6l0,0\n\tl0.8,25.1c0,0.5-1.1,0.8-2.4,0.8c-1.3,0-2.4-0.4-2.4-0.8L167.7,69.5z"},{"type":"path","fill":"#A18876","stroke":"none","path":"M176.8,67.9L176.8,67.9L176.8,67.9L176.8,67.9L176.8,67.9c0.1-0.1,0.5,0.1,0.8,0.4c0.4,0.4,0.5,0.7,0.4,0.8\n\tl0,0l-7.1,7.5c-0.2,0.1-0.7-0.1-1.2-0.6s-0.7-1.1-0.6-1.2L176.8,67.9z"},{"type":"path","fill":"#C8CF00","stroke":"none","path":"M163.4,66c0-3.7,3.4-6.6,7.7-6.6s7.7,3,7.7,6.6c0,3.7-3.4,6.6-7.7,6.6C166.8,72.7,163.4,69.7,163.4,66z"},{"type":"path","fill":"#D5B486","stroke":"none","path":"M102.2,46.7 104.4,45.9 61,37.4 61,37.4 58.8,38.1 z"},{"type":"path","fill":"#CCA462","stroke":"none","path":"M121.8,51 59,38.2 59,68.4 121.8,81.1 z"},{"type":"path","fill":"#CCA462","stroke":"none","path":"M31.3,39.8 28,39.2 28,80.1 31.3,80.7 z"},{"type":"path","fill":"#B89457","stroke":"none","path":"M31.3,80.7 31.3,39.8 50.8,32.5 62.5,35.1 62.5,69 z"},{"type":"path","fill":"#93D5F6","stroke":"none","path":"M28,39.2 28,25.7 121.8,42.7 121.8,56.3 z"},{"type":"path","fill":"#706F6F","stroke":"none","path":"M41.6,33.6l-0.2,0.9l-1.8-0.3l-1,4.3L37,38.2l1.7-7.7c-0.9-0.1-1.6,0.3-1.6,2.2c0,0.6,0.2,0.7,0.2,0.8\n\t\tC36.5,33.4,36,33,36,32.1c0-1.6,1.1-2.9,4.1-2.4c0.5,0.1,1.2,0.4,2,0.5c0.4,0.1,0.7,0.1,1.1,0c-0.2,0.5-0.2,1.2-1.1,1.2\n\t\tc-0.6-0.1-1.1-0.3-1.7-0.5l-0.5,2.3L41.6,33.6z"},{"type":"path","fill":"#706F6F","stroke":"none","path":"M44,33.4l-0.2,0.7c0.4-0.3,0.9-0.6,1.5-0.5c0.5,0.1,0.8,0.6,0.8,1s-0.3,0.8-0.9,0.7\n\t\tc-0.7-0.1-0.3-0.9-0.7-0.9c-0.4-0.1-0.6,0.1-0.9,0.3l-1,4.4L41,38.9l1.3-5.8L44,33.4z"},{"type":"path","fill":"#706F6F","stroke":"none","path":"M51.5,34.7l-0.9,3.9c0,0.1,0,0.3,0,0.4c0,0.3,0.2,0.5,0.5,0.5c0.5,0.1,0.8-0.3,1-0.9l0.5,0.1\n\t\tc-0.7,1.8-1.8,1.9-2.4,1.8c-0.7-0.1-1.1-0.6-1.2-1.3c-0.6,0.9-1.3,0.9-1.8,0.8c-0.7-0.1-1.3-0.7-1.3-1.7c0-0.2,0-0.5,0.1-0.8\n\t\tl0.8-3.7l1.7,0.3L47.6,38c0,0.1,0,0.2,0,0.3c0,0.3,0.1,0.5,0.4,0.6c0.5,0.1,0.8-0.3,1-0.9l0.8-3.7L51.5,34.7z"},{"type":"path","fill":"#706F6F","stroke":"none","path":"M54.6,35.3l-0.9,3.9c0,0.1,0,0.3,0,0.4c0,0.3,0.2,0.5,0.5,0.5c0.5,0.1,0.9-0.3,1.1-0.9l0.5,0.1\n\t\tc-0.7,1.8-1.9,1.9-2.5,1.8C52.6,41,52,40.4,52,39.4c0-0.2,0-0.5,0.1-0.8l0.8-3.7L54.6,35.3z M54,32.6c0.5,0.1,1,0.6,1,1.1\n\t\ts-0.4,0.9-1,0.8c-0.5-0.1-0.9-0.6-0.9-1.1S53.5,32.5,54,32.6z"},{"type":"path","fill":"#706F6F","stroke":"none","path":"M58.2,34l-0.4,1.8l0.7,0.1l-0.1,0.5l-0.7-0.1l-0.8,3.5c0,0.1,0,0.3,0,0.4c0,0.3,0.2,0.5,0.5,0.5\n\t\tc0.5,0.1,0.9-0.3,1.1-0.9l0.5,0.1c-0.7,1.8-1.9,1.9-2.5,1.8c-0.7-0.1-1.3-0.7-1.3-1.7c0-0.2,0-0.5,0.1-0.8L56,36l-0.4-0.1l0.1-0.5\n\t\tl0.4,0.1l0.4-1.6L58.2,34z"},{"type":"path","fill":"#706F6F","stroke":"none","path":"M61.9,36.2c0.1,3.1,0.3,3.6,0.3,4.4c0,1.6-1.4,1.8-2.4,1.7C58.6,42,58,41.1,58,40.4c0-0.6,0.3-0.9,0.6-1\n\t\tc0.7-1.1,1.1-2.2,1.5-3.3L61.9,36.2z M59,40.5c-0.1,0-0.3-0.1-0.3-0.2c0,0.6,0.2,0.9,0.7,1s1-0.1,1-0.9c0-0.6-0.1-1-0.2-2.9\n\t\tc-0.2,0.7-0.6,1.4-1,2.1c0.2,0.1,0.3,0.3,0.3,0.5C59.5,40.3,59.3,40.5,59,40.5z"},{"type":"path","fill":"#706F6F","stroke":"none","path":"M67.3,42.6c0.9,0.2,1.5-0.3,2.1-0.8l0.4,0.1c-0.7,1-1.7,1.9-3.3,1.6c-1.1-0.2-1.9-0.9-1.9-2.2\n\t\tc0-1.4,0.8-4.1,3.2-3.7c1.1,0.2,1.3,0.8,1.3,1.4c0,1.4-1.3,2.2-2.8,2c0,0.2,0,0.3,0,0.5C66.4,42.2,66.7,42.5,67.3,42.6z M68,38.2\n\t\tc-0.6-0.1-1.2,1.1-1.4,2.2c0.9,0.1,1.7-0.7,1.7-1.7C68.3,38.4,68.2,38.2,68,38.2z"},{"type":"path","fill":"#706F6F","stroke":"none","path":"M71.2,42.3c0,0.1-0.1,0.3-0.1,0.4c0,0.3,0.1,0.4,0.4,0.5c0.1,0,0.2,0,0.3,0c-0.3,1-0.9,1-1.3,1\n\t\tc-0.8-0.1-1.2-0.8-1.2-1.6c0-0.2,0-0.4,0.1-0.6l0.8-3.5l-0.4-0.1l0.1-0.5l0.4,0.1l0.4-1.6l1.8,0.1c0,0-0.2,0.8-0.4,1.8l0.7,0.1\n\t\tl-0.1,0.5L72,38.8L71.2,42.3z"},{"type":"path","fill":"#706F6F","stroke":"none","path":"M78.4,37.1L77,43.3c0,0.1,0,0.3,0,0.4c0,0.3,0.2,0.5,0.5,0.5c0.5,0.1,0.9-0.3,1.1-0.9l0.5,0.1\n\t\tc-0.7,1.8-1.9,1.9-2.5,1.8c-0.7-0.1-1.3-0.7-1.3-1.7c0-0.2,0-0.5,0.1-0.8l1.3-5.8L78.4,37.1z"},{"type":"path","fill":"#706F6F","stroke":"none","path":"M81,45c0.9,0.2,1.5-0.3,2.1-0.8l0.4,0.1c-0.7,1-1.7,1.9-3.3,1.6c-1.1-0.2-1.9-0.9-1.9-2.2\n\t\tc0-1.4,0.8-4.1,3.2-3.7c1.1,0.2,1.3,0.8,1.3,1.4c0,1.4-1.3,2.2-2.8,2c0,0.2,0,0.3,0,0.5C80.2,44.6,80.5,44.9,81,45z M81.7,40.6\n\t\tc-0.6-0.1-1.2,1.1-1.4,2.2c0.9,0.1,1.7-0.7,1.7-1.7C82,40.8,82,40.6,81.7,40.6z M82,37.1l1.3,0.2l-1.5,2l-0.9-0.2L82,37.1z"},{"type":"path","fill":"#706F6F","stroke":"none","path":"M88.9,41.3l-1.2,5.4c0.7-0.1,1.2-0.5,1.5-1.4l0.5,0.1c-0.5,1.5-1.4,1.8-2.1,1.9L87.4,48\n\t\tc-0.4,1.7-1.4,1.8-2.2,1.7c-0.7-0.1-1.3-0.6-1.3-1.4c0-1,1.1-1.3,2-1.4l0.1-0.6c-0.3,0.3-0.8,0.5-1.4,0.4c-0.8-0.1-1.6-0.8-1.6-2.2\n\t\tc0-1.6,1-4,3.1-3.7c0.7,0.1,1,0.4,1,0.8v0.1l0.1-0.6L88.9,41.3z M85,48.7c0.3,0,0.5-0.3,0.7-0.9l0.1-0.3c-0.6,0.1-1.2,0.3-1.2,0.8\n\t\tC84.6,48.4,84.7,48.6,85,48.7z M84.8,44.6c0,0.9,0.4,1,0.6,1c0.3,0.1,0.8-0.2,1-0.8l0.6-2.7c0-0.1-0.1-0.5-0.5-0.5\n\t\tC85.4,41.4,84.8,43.4,84.8,44.6z"},{"type":"path","fill":"#706F6F","stroke":"none","path":"M94.8,42.3l-0.9,3.9c0,0.1,0,0.3,0,0.4c0,0.3,0.2,0.5,0.5,0.5c0.5,0.1,0.8-0.3,1-0.9l0.5,0.1\n\t\tc-0.7,1.8-1.8,1.9-2.4,1.8c-0.7-0.1-1.1-0.6-1.2-1.3c-0.6,0.9-1.3,0.9-1.8,0.8c-0.7-0.1-1.3-0.7-1.3-1.7c0-0.2,0-0.5,0.1-0.8\n\t\tl0.8-3.7l1.7,0.3l-0.9,3.9c0,0.1,0,0.2,0,0.3c0,0.3,0.1,0.5,0.4,0.6c0.5,0.1,0.8-0.3,1-0.9L93,42L94.8,42.3z"},{"type":"path","fill":"#706F6F","stroke":"none","path":"M101.3,44.5c-0.4-0.1-0.8,0.4-0.9,0.9l-0.8,3.7l-1.7-0.3l0.9-4c0-0.1,0-0.2,0-0.3c0-0.3-0.1-0.5-0.4-0.6\n\t\tc-0.5-0.1-0.8,0.4-1,0.9l-0.8,3.7l-1.7-0.3l1.3-5.8l1.7,0.3l-0.1,0.6c0.5-0.5,1-0.5,1.5-0.4c0.6,0.1,1.1,0.5,1.2,1.2\n\t\tc0.6-0.8,1.2-0.8,1.7-0.7c0.8,0.1,1.3,0.6,1.3,1.6s-0.6,2.3-0.6,3c0,0.3,0.1,0.5,0.5,0.6c0.5,0.1,0.7-0.3,1-0.9l0.5,0.1\n\t\tc-0.7,1.8-1.6,1.9-2.2,1.8c-1-0.2-1.4-0.9-1.4-1.6c0-0.8,0.5-2.2,0.5-3C101.7,44.8,101.6,44.6,101.3,44.5z"},{"type":"path","fill":"#706F6F","stroke":"none","path":"M106.8,49.5c0.9,0.2,1.5-0.3,2.1-0.8l0.4,0.1c-0.7,1-1.7,1.9-3.3,1.6c-1.1-0.2-1.9-0.9-1.9-2.2\n\t\tc0-1.4,0.8-4.1,3.2-3.7c1.1,0.2,1.3,0.8,1.3,1.4c0,1.4-1.3,2.2-2.8,2c0,0.2,0,0.3,0,0.5C105.9,49.2,106.2,49.4,106.8,49.5z\n\t\t M107.5,45.1c-0.6-0.1-1.2,1.1-1.4,2.2c0.9,0.1,1.7-0.7,1.7-1.7C107.8,45.4,107.7,45.2,107.5,45.1z"},{"type":"path","fill":"#706F6F","stroke":"none","path":"M112.4,45.1c0.1,3.1,0.3,3.6,0.3,4.4c0,1.6-1.4,1.8-2.4,1.7c-1.2-0.2-1.8-1.1-1.8-1.8c0-0.6,0.3-0.9,0.6-1\n\t\tc0.7-1.1,1.1-2.2,1.5-3.3L112.4,45.1z M109.5,49.4c-0.1,0-0.3-0.1-0.3-0.2c0,0.6,0.2,0.9,0.7,1s1-0.1,1-0.9c0-0.6-0.1-1-0.2-2.9\n\t\tc-0.2,0.7-0.6,1.4-1,2.1c0.2,0.1,0.3,0.3,0.3,0.5C110,49.2,109.8,49.4,109.5,49.4z"},{"type":"path","fill":"#D7D8D9","stroke":"none","path":"M101.7,74.8 121.8,67.6 121.8,63.8 61.6,53.3 34.8,63 z"},{"type":"path","fill":"#C4B99C","stroke":"none","path":"M78.7,56.1 61.9,53.1 61.9,56.3 78.7,59.3 z"},{"type":"path","fill":"#A39B84","stroke":"none","path":"M69.4,59.5 78.7,56.1 61.7,53.1 61.7,53.2 52.6,56.5 z"},{"type":"path","fill":"#8DB763","stroke":"none","path":"M74.6,55.9c-0.7-1-1.5-0.7-2.1-0.2c0.5-1-0.1-1.7-1.3-1.8c-1.1-0.2-1.3,1-1.3,1.8c-0.2-0.9-0.9-1.3-2-0.9\n\tc0-0.1-0.1-0.1-0.1-0.2c-0.7-1-1.5-0.7-2.1-0.2c0.5-1-0.1-1.6-1.3-1.8c-1.1-0.2-1.3,1-1.3,1.8c-0.2-1-1.1-1.5-2.7-0.5\n\tc-0.7,0.5-0.2,1.7,0.9,2.4l4,0.4c0,0,0.9-0.1,1.6-0.3c0.2,0.5,0.6,0.9,1.1,1.2l4,0.4C72.2,57.9,75.8,57.6,74.6,55.9z"},{"type":"path","fill":"#8DB763","stroke":"none","path":"M70.1,57.4c-0.7-1-1.5-0.7-2.1-0.2c0.5-1-0.1-1.6-1.3-1.8c-1.1-0.2-1.3,1-1.3,1.8c-0.2-0.9-0.9-1.3-2-0.9\n\tc0-0.1-0.1-0.1-0.1-0.2c-0.6-1.1-1.4-0.8-1.9-0.3c0.5-1-0.1-1.7-1.3-1.8c-1.1-0.2-1.3,1-1.3,1.8c-0.2-1-1.1-1.5-2.7-0.5\n\tc-0.7,0.5-0.2,1.7,0.9,2.4l4,0.4c0,0,0.9-0.1,1.6-0.3c0.2,0.4,0.6,0.9,1.1,1.2l4,0.4C67.7,59.4,71.3,59.2,70.1,57.4z"},{"type":"path","fill":"#BDD6C2","stroke":"none","path":"M66.3,57.1c-1.5,0.9-2.4-0.4-2.2-0.6c-1.5,0.2-2.9,0.3-3.1-0.6c-0.3-1,1.9-2.3,2.6-0.2\n\tc-0.3-1.5,0.1-2.4,1.2-2c1.1,0.3,0.3,1.4,0.3,1.4s1.6-1,1.9,0c0.2,0.6-0.3,0.9-0.8,1C67,56.2,67.6,56.4,66.3,57.1z"},{"type":"path","fill":"#BDD6C2","stroke":"none","path":"M61.8,58.7c-1.5,0.9-2.4-0.4-2.2-0.6c-1.5,0.2-2.9,0.3-3.1-0.6c-0.3-1,1.9-2.3,2.6-0.2\n\tc-0.3-1.5,0.1-2.4,1.2-2c1.1,0.3,0.3,1.4,0.3,1.4s1.6-1,1.9,0c0.2,0.6-0.3,0.9-0.8,1C62.5,57.7,63.1,58,61.8,58.7z"},{"type":"path","fill":"#BDD6C2","stroke":"none","path":"M72.9,58.3c-1.5,0.9-2.3-0.2-2-0.5c-1.5,0.2-2.9,0.3-3.1-0.6c-0.3-1,1.9-2.3,2.6-0.2c-0.3-1.5,0.1-2.4,1.2-2\n\tc1.1,0.3,0.3,1.4,0.3,1.4s1.6-1,1.9,0c0.2,0.6-0.3,0.9-0.8,1C73.7,57.5,74.1,57.6,72.9,58.3z"},{"type":"path","fill":"#BDD6C2","stroke":"none","path":"M68.5,60.1c-1.5,0.9-2.4-0.4-2.2-0.6c-1.5,0.2-2.9,0.3-3.1-0.6c-0.3-1,1.9-2.3,2.6-0.2\n\tc-0.3-1.5,0.1-2.4,1.2-2c1.1,0.3,0.3,1.4,0.3,1.4s1.6-1,1.9,0c0.2,0.6-0.3,0.9-0.8,1C69.2,59.1,69.8,59.3,68.5,60.1z"},{"type":"path","fill":"#A39B84","stroke":"none","path":"M59.3,63.2 68.6,59.8 51.8,56.8 42.4,60.2 z"},{"type":"path","fill":"#C4B99C","stroke":"none","path":"M69.4,59.5 52.6,56.5 52.6,57 51.8,56.8 51.8,60.1 68.6,63 68.6,62.6 69.4,62.7 z"},{"type":"path","fill":"#C34A3C","stroke":"none","path":"M62.3,60.5c-0.4-0.2-0.6-0.2-0.9-0.2c-0.1-0.7-0.8-1.3-1.9-0.5c-0.2-0.1-0.5-0.1-0.6-0.1\n\tc-0.2-0.7-0.8-1.3-1.9-0.4c-0.2-0.1-0.5-0.1-0.6-0.1c-0.2-0.6-0.8-1.1-1.9-0.3c-0.3-0.2-0.6-0.2-0.7-0.2c-0.2-0.6-0.9-0.9-1.8-0.2\n\tc-0.8-0.4-1.3-0.1-1.4,0.4c-0.2,0-0.6,0.2-0.9,0.4c-0.8-0.4-1.3-0.1-1.4,0.4c-0.2,0-0.6,0.2-0.9,0.4c-2.3-1-1.5,2.7,0.4,2.1\n\tc0.4,0,0.7-0.1,1-0.3c0.3,0.5,0.8,0.8,1.5,0.6c0.4,0,0.7-0.1,0.9-0.2c0.2,0.6,0.8,1,1.6,0.7c0.4,0,0.6-0.1,0.9-0.2\n\tc0.2,0.6,0.8,1,1.7,0.8c0.5,0,0.8-0.2,1-0.4c0.2,0.6,0.8,1.2,1.7,1c0.7,0,1.2-0.3,1.4-0.8c0.2,0.1,0.6,0.2,0.9,0\n\tc0.7,0,1.2-0.3,1.4-0.8c0.2,0.1,0.6,0.2,0.9,0C65.1,62.6,64.4,58.8,62.3,60.5z"},{"type":"path","fill":"#8DB763","stroke":"none","path":"M52.7,57.7c0,0,0.1,1.7-0.6,1C51.1,58.4,52.7,57.7,52.7,57.7z M49.8,59.4c0.6,0.7,0.6-1,0.6-1\n\tS48.9,59.1,49.8,59.4z M47.5,60.2c0.6,0.7,0.6-1,0.6-1S46.6,59.9,47.5,60.2z M45.2,61c0.6,0.7,0.6-1,0.6-1S44.3,60.7,45.2,61z\n\t M54.7,58.9c0.6,0.7,0.6-1,0.6-1S53.7,58.7,54.7,58.9z M52.3,59.7c0.6,0.7,0.6-1,0.6-1S51.4,59.4,52.3,59.7z M50.1,60.5\n\tc0.6,0.7,0.6-1,0.6-1S49.1,60.2,50.1,60.5z M47.7,61.3c0.6,0.7,0.6-1,0.6-1S46.8,61,47.7,61.3z M57.2,59.5c0.6,0.7,0.6-1,0.6-1\n\tS56.3,59.2,57.2,59.5z M54.9,60.2c0.6,0.7,0.6-1,0.6-1S53.9,60,54.9,60.2z M52.6,61c0.6,0.7,0.6-1,0.6-1S51.7,60.7,52.6,61z\n\t M50.3,61.8c0.6,0.7,0.6-1,0.6-1S49.3,61.5,50.3,61.8z M59.8,60.1c0.6,0.7,0.6-1,0.6-1S58.8,59.7,59.8,60.1z M57.4,60.9\n\tc0.6,0.7,0.6-1,0.6-1S56.5,60.5,57.4,60.9z M55.2,61.7c0.6,0.7,0.6-1,0.6-1S54.2,61.3,55.2,61.7z M52.9,62.4c0.6,0.7,0.6-1,0.6-1\n\tS51.9,62.1,52.9,62.4z M62.5,60.7c0.6,0.7,0.6-1,0.6-1S61.6,60.4,62.5,60.7z M60.2,61.4c0.6,0.7,0.6-1,0.6-1S59.3,61.1,60.2,61.4z\n\t M58,62.2c0.6,0.7,0.6-1,0.6-1S57,61.9,58,62.2z M55.6,63c0.6,0.7,0.6-1,0.6-1S54.8,62.7,55.6,63z"},{"type":"path","fill":"#A39B84","stroke":"none","path":"M88.4,63.3 74.6,60.9 78.7,59.3 78.7,56.1 69.4,59.5 69.4,61.1 68.6,61.4 68.6,59.8 59.3,63.2 \n\t59.3,66.4 65.4,64.3 79.1,66.7 z"},{"type":"path","fill":"#C4B99C","stroke":"none","path":"M59.3,63.2 42.4,60.2 42.4,63.4 59.3,66.4 z"},{"type":"path","fill":"#C4C5C6","stroke":"none","path":"M101.7,74.8 34.8,63 34.8,81.4 101.7,93.2 z"},{"type":"path","fill":"#A39B84","stroke":"none","path":"M89.3,63 98.6,59.6 81.6,56.6 81.6,56.6 72.4,60 z"},{"type":"path","fill":"#C4B99C","stroke":"none","path":"M98.6,59.6 81.8,56.6 81.8,59.8 98.6,62.8 z"},{"type":"path","fill":"#8DB763","stroke":"none","path":"M77.3,61c-1.3-0.3,0.6-1.3,2-1.9c1.2-0.6,2.4-1.5,2.9-0.3c1,0.6-0.2,1-1.4,1.6C79.6,61.1,77.4,61.8,77.3,61z\n\t"},{"type":"path","fill":"#9FC3A1","stroke":"none","path":"M85.8,59.6c-0.4-0.8-1.1-0.6-1.9-0.2c0,0,0,0-0.1-0.1c-0.6-1.1-1.7-0.2-2.9,0.3c-1.5,0.6-3.3,1.6-2,1.9\n\tc0.1,0.5,0.9,0.4,1.8,0.2c0.1,0,0.2,0.1,0.2,0.1c0.2,0.8,2.3,0.1,3.6-0.6C85.5,60.6,86.8,60.1,85.8,59.6z"},{"type":"path","fill":"#8DB763","stroke":"none","path":"M82.8,62.3c-1.3-0.3,0.6-1.3,2-1.9c1.2-0.6,2.4-1.5,2.9-0.3c1,0.6-0.2,1-1.4,1.6\n\tC85.1,62.3,82.9,63,82.8,62.3z"},{"type":"path","fill":"#9FC3A1","stroke":"none","path":"M84.5,62.8c-1.3-0.3,0.6-1.3,2-1.9c1.2-0.6,2.4-1.5,2.9-0.3c1,0.6-0.2,1-1.4,1.6\n\tC86.8,62.9,84.6,63.6,84.5,62.8z"},{"type":"path","fill":"#8DB763","stroke":"none","path":"M93.8,61.5c-0.4-0.9-1.2-0.6-2.1-0.2c-0.1-0.1-0.2-0.2-0.3-0.3c-0.6-1.1-1.7-0.2-2.9,0.3\n\tc-1.5,0.6-3.3,1.6-2,1.9c0.2,0.5,1,0.4,2,0.1c0,0.2,0.1,0.2,0.4,0.3c0.2,0.8,2.3,0.1,3.6-0.6C93.6,62.5,94.9,62.1,93.8,61.5z"},{"type":"path","fill":"#C4B99C","stroke":"none","path":"M89.3,63 72.4,60 72.4,60.5 71.6,60.3 71.6,63.5 88.4,66.5 88.4,66 89.3,66.2 z"},{"type":"path","fill":"#8DB763","stroke":"none","path":"M68.7,65.5 68.6,65.1 69.7,64.9 69.9,65.1 z"},{"type":"path","fill":"#8DB763","stroke":"none","path":"M73.5,66.4 73.2,66.1 74.4,65.9 74.5,66.1 z"},{"type":"path","fill":"#8DB763","stroke":"none","path":"M82.9,65.5 82.8,65.1 83.9,65 84.1,65.3 z"},{"type":"path","fill":"#8DB763","stroke":"none","path":"M80.5,66.5 80.3,66.1 81.5,66 81.6,66.3 z"},{"type":"path","fill":"#E5AF5B","stroke":"none","path":"M81.3,63.4c-1.4,0-1.5,0.6-1,0.9c-0.3,0-0.6-0.1-0.6,0.2c-0.2,0-0.5,0-0.7,0s-0.3,0-0.5,0\n\tc-0.2-0.1-0.2-0.2-0.2-0.2c2.4-0.9,0.4-1.9-1.7-1.9c-1.4,0-1.5,0.6-1,0.9c-0.3,0-0.6-0.1-0.6,0.2c-0.2,0-0.5,0-0.7,0\n\tc-0.1,0-0.1,0-0.2,0c-0.1-0.4-0.4-0.6-0.4-0.6c1.9-1.8-0.4-1.9-2.3-1c-0.6,0.2-0.9,0.6-1,0.7c-0.2,0-0.6-0.1-0.9-0.1\n\tc-1.4,0-1.5,0.6-1,0.9c-0.3,0-0.6-0.1-0.6,0.2c-0.2,0-0.5,0-0.7,0c-1.4,0-1.5,0.6-1,0.9c-0.4-0.1-0.9-0.1-0.6,0.7\n\tc0.2,0.6,2.2,2.1,3,1.5s0.3-1.3,0.3-1.3c0.1,0,0.2-0.1,0.3-0.1c0.3,0.2,0.6,0.4,1,0.5c0,0.1,0.1,0.2,0.1,0.4c0.2,0.6,2.2,2.1,3,1.5\n\ts0.3-1.3,0.3-1.3c0.1,0,0.2-0.1,0.3-0.1c0.3,0.2,0.6,0.4,1,0.5c0,0.1,0.1,0.2,0.1,0.4c0.2,0.6,2.2,2.1,3,1.5s0.3-1.3,0.3-1.3\n\tc0.1,0,0.2-0.1,0.3-0.1c0.6,0.4,1.4,0.6,1.8,0.4c0.8-0.6,0.3-1.3,0.3-1.3c0.1,0,0.2-0.1,0.3-0.1c0.6,0.4,1.4,0.6,1.8,0.4\n\tc0.8-0.6,0.3-1.3,0.3-1.3C85.4,64.4,83.4,63.4,81.3,63.4z M71.3,64.7c-0.1-0.2-0.1-0.2-0.1-0.2h0.1c0.2,0.1,0.6,0.2,0.9,0.2\n\tc-0.2,0-0.2,0-0.4,0C71.6,64.6,71.5,64.7,71.3,64.7z M76,65.6c-0.1-0.2-0.1-0.2-0.1-0.2c0.1,0,0.2-0.1,0.3-0.1\n\tc0.2,0.1,0.3,0.2,0.6,0.3c-0.1,0-0.2,0-0.2,0C76.3,65.5,76.1,65.5,76,65.6z"},{"type":"path","fill":"#8DB763","stroke":"none","path":"M78.2,67.4 77.9,67.1 79.1,66.8 79.2,67.1 z"},{"type":"path","fill":"#C4B99C","stroke":"none","path":"M79.1,66.7 62.3,63.7 62.3,66.9 79.1,69.9 z"},{"type":"path","fill":"#A39B84","stroke":"none","path":"M108.3,66.8 94.5,64.3 98.6,62.8 98.6,59.6 89.3,63 89.3,64.5 88.4,64.8 88.4,63.3 79.1,66.7 \n\t79.1,69.9 85.3,67.6 99,70.1 z"},{"type":"path","fill":"#A39B84","stroke":"none","path":"M109.2,66.3 118.4,63 101.4,60 101.5,60.1 92.3,63.4 z"},{"type":"path","fill":"#C4B99C","stroke":"none","path":"M118.4,63 101.7,60 101.7,63.2 118.4,66.2 z"},{"type":"path","fill":"#8DB763","stroke":"none","opacity":0.8,"path":"M64.9,82.7c-3.6-0.9,1.8-3.7,5.7-5.5c3.4-1.5,6.8-4,8.3-0.8\n\tc2.9,1.6-0.6,2.8-3.9,4.6C71.5,82.9,65.5,85,64.9,82.7z"},{"type":"path","fill":"#C34A3C","stroke":"none","path":"M63.5,76.8c6.1-4.7,7.8,6.1,1.1,5.8C59.2,84.4,57.2,74,63.5,76.8z"},{"type":"path","fill":"#8DB763","stroke":"none","path":"M64.3,77.3c1.9,2,1.7-2.7,1.7-2.7S61.6,76.4,64.3,77.3z"},{"type":"path","fill":"#A39B84","stroke":"none","path":"M79,76.2c0.5-0.7,0.8-1.3,0.8-1.3l0.4,0.6l-1,1L79,76.2z"},{"type":"path","fill":"#C34A3C","stroke":"none","path":"M113.8,62.9c-0.4-0.2-0.6-0.2-0.9-0.2c-0.1-0.7-0.8-1.3-1.9-0.5c-0.2-0.1-0.5-0.2-0.6-0.2\n\tc-0.2-0.7-0.8-1.3-1.9-0.4c-0.2-0.2-0.5-0.2-0.6-0.2c-0.2-0.6-0.8-1.1-1.9-0.3c-0.3-0.2-0.6-0.2-0.7-0.2c-0.2-0.6-0.9-0.9-1.8-0.2\n\tc-0.8-0.4-1.3-0.1-1.4,0.4c-0.2,0-0.6,0.2-0.9,0.4c-0.8-0.4-1.3-0.1-1.4,0.4c-0.2,0-0.6,0.2-0.9,0.4c-0.8-0.4-1.3-0.1-1.4,0.4\n\tc-0.2,0-0.6,0.2-0.9,0.4c-2.3-1-1.5,2.7,0.4,2.1c0.4,0,0.7-0.1,1-0.3c0.3,0.5,0.8,0.8,1.5,0.6c0.4,0,0.7-0.1,0.9-0.2\n\tc0.2,0.6,0.8,1,1.6,0.7c0.4,0,0.6-0.1,0.9-0.2c0.2,0.6,0.8,1,1.7,0.8c0.5,0,0.8-0.2,1-0.4c0.2,0.6,0.8,1.2,1.7,1\n\tc0.7,0,1.2-0.3,1.4-0.8c0.2,0.1,0.6,0.2,0.9,0c0.7,0,1.2-0.3,1.4-0.8c0.2,0.1,0.6,0.2,0.9,0c0.7,0,1.2-0.3,1.4-0.8\n\tc0.2,0.1,0.6,0.2,0.9,0C116.5,65,115.9,61.2,113.8,62.9z"},{"type":"path","fill":"#C4B99C","stroke":"none","path":"M109.2,66.3 92.3,63.4 92.3,63.8 91.5,63.8 91.5,67 108.3,70 108.3,69.5 109.2,69.6 z"},{"type":"path","fill":"#A26A77","stroke":"none","path":"M103.5,67.8c-0.4-0.2-0.6-0.2-0.9-0.2c-0.1-0.7-0.8-1.3-1.9-0.5c-0.8-0.4-1.3-0.1-1.4,0.4\n\tc-0.2,0-0.6,0.2-0.9,0.4c-0.2-0.1-0.5-0.2-0.6-0.2c-0.1-0.2-0.2-0.5-0.3-0.6c0.3-1-0.5-2.2-1.9-1.1c-0.3-0.2-0.6-0.2-0.7-0.2\n\tc-0.2-0.6-0.9-0.9-1.8-0.2c-0.8-0.4-1.3-0.1-1.4,0.3c-0.2,0-0.6,0.2-0.9,0.4c-0.8-0.4-1.3-0.1-1.4,0.4c-0.2,0-0.6,0.2-0.9,0.4\n\tc-2.3-1-1.5,2.7,0.4,2.1c0.4,0,0.7-0.1,1-0.3c0.3,0.5,0.8,0.8,1.5,0.6c0.4,0,0.7-0.1,0.9-0.2c0.2,0.6,0.8,1,1.6,0.7\n\tc0.4,0,0.6-0.1,0.9-0.2c0.2,0.6,0.8,1,1.7,0.8c0.7,0,1.2-0.3,1.4-0.8c0.2,0.1,0.6,0.2,0.9,0c0.7,0,1.2-0.3,1.4-0.8\n\tc0.2,0.1,0.6,0.2,0.9,0c0.5,0,0.8-0.2,1-0.4c0.2,0.6,0.8,1.2,1.7,1C106.3,70,105.6,66.1,103.5,67.8z M94.5,67.8\n\tc-0.2,0-0.6,0.2-0.9,0.4C93.4,68,93.1,68,93,68v-0.1c0.2,0,0.4,0,0.6-0.1c0.4,0,0.7-0.1,1-0.3c0,0,0,0.1,0.1,0.1\n\tC94.5,67.7,94.5,67.7,94.5,67.8z"},{"type":"path","fill":"#A26A77","stroke":"none","path":"M101.2,68.6c2.2-1.7,2.7,2.1,0.4,2.1C99.6,71.3,98.9,67.6,101.2,68.6z"},{"type":"path","fill":"#A39B84","stroke":"none","path":"M118.4,66.2 118.4,63 109.2,66.3 109.2,68 108.3,68.3 108.3,66.8 99,70.1 99,73.4 105.1,71.1 z"},{"type":"path","fill":"#C4B99C","stroke":"none","path":"M99,70.1 82.1,67.2 82.1,70.4 99,73.4 z"},{"type":"path","fill":"#D3CEC2","stroke":"none","path":"M105.1,60.9c0,0,1.3-0.2,0.7,0.4C105.7,62.1,105.1,60.9,105.1,60.9z M108.4,61.8c0.5-0.6-0.7-0.4-0.7-0.4\n\tS108.3,62.6,108.4,61.8z M111.1,62.4c0.5-0.6-0.7-0.4-0.7-0.4S110.9,63.1,111.1,62.4z M114,63c0.5-0.6-0.7-0.4-0.7-0.4\n\tS113.8,63.7,114,63z M111.4,63.7c0.5-0.6-0.7-0.4-0.7-0.4S111.3,64.4,111.4,63.7z M109.5,64.6c0.5-0.6-0.7-0.4-0.7-0.4\n\tS109.2,65.3,109.5,64.6z M107,65.3c0.5-0.6-0.7-0.4-0.7-0.4S106.8,66,107,65.3z M104.2,64.7c0.5-0.6-0.7-0.4-0.7-0.4\n\tS104,65.5,104.2,64.7z M101.7,64.1c0.5-0.6-0.7-0.4-0.7-0.4S101.4,64.8,101.7,64.1z M101.1,61.7c0.5-0.6-0.7-0.4-0.7-0.4\n\tS100.8,62.5,101.1,61.7z M101.6,62.6c0.5-0.6-0.7-0.4-0.7-0.4S101.4,63.4,101.6,62.6z M103.8,62.1c0.5-0.6-0.7-0.4-0.7-0.4\n\tS103.5,62.8,103.8,62.1z M104,63.1c0.5-0.6-0.7-0.4-0.7-0.4S103.8,63.8,104,63.1z M106.1,62.5c0.5-0.6-0.7-0.4-0.7-0.4\n\tS105.9,63.2,106.1,62.5z M108.6,63c0.5-0.6-0.7-0.4-0.7-0.4S108.4,63.8,108.6,63z M106.3,63.8c0.5-0.6-0.7-0.4-0.7-0.4\n\tS106.2,64.6,106.3,63.8z M103.6,61c0.5-0.6-0.7-0.4-0.7-0.4S103.4,61.7,103.6,61z M99.2,63.7c0.5-0.6-0.7-0.4-0.7-0.4\n\tS99,64.4,99.2,63.7z M96.5,63.3c0.5-0.6-0.7-0.4-0.7-0.4S96.3,64,96.5,63.3z M98.7,62.6c0.5-0.6-0.7-0.4-0.7-0.4\n\tS98.6,63.3,98.7,62.6z"},{"type":"path","fill":"#858687","stroke":"none","path":"M101.7,93.2 101.7,74.8 121.8,67.6 121.9,86 z"},{"type":"path","fill":"#8DB763","stroke":"none","path":"M73.6,63.1 73.3,62.9 74.3,62.3 74.5,62.5 z"},{"type":"path","fill":"#8DB763","stroke":"none","path":"M71.1,64.6 70.9,64.3 72.1,64.1 72.2,64.4 z"},{"type":"path","fill":"#8DB763","stroke":"none","path":"M78.2,64.5 78.1,64.2 79.2,64.1 79.4,64.3 z"},{"type":"path","fill":"#8DB763","stroke":"none","path":"M75.8,65.5 75.7,65.1 76.8,65.1 77,65.3 z"}]}