{"width":"224.7","height":"169.6","dx":"0","dy":"0","geometry":[{"type":"path","fill":"#F4F2F2","stroke":"none","path":"M112.4,158.2c-61.6,0-111.8-17.9-111.8-39.9s50.2-39.9,111.8-39.9s111.8,17.9,111.8,39.9S174.1,158.2,112.4,158.2z"},{"type":"path","fill":"#98979B","stroke":"none","path":"M224.1,120.1c-2.5,21.2-51.7,38.1-111.7,38.1c-61.6,0-111.8-17.9-111.8-39.9c0-0.4,0-0.8,0.1-1.2l-0.4,0L0,129.5c0,22.2,51.1,40.2,112.9,40.2c61.7,0,111.8-18,111.8-40.2v-9.4L224.1,120.1z"},{"type":"ellipse","fill":"none","stroke":"#B3B2B6","stroke-width":0.9996,"stroke-miterlimit":10,"cx":112.5,"cy":118,"rx":112.1,"ry":39.9},{"type":"path","fill":"#98979B","stroke":"none","path":"M112.4,78.5C50.8,78.5,0.6,96.4,0.6,118.4c0,14,20.3,26.3,51,33.4l153.9-55.5v-2.8\tC185.1,83.6,149.4,78.5,112.4,78.5z"},{"type":"path","fill":"#ECE0C3","stroke":"none","path":"M112.4,75.7C50.8,75.7,0.6,93.6,0.6,115.6c0,14,20.3,26.3,51,33.4l153.9-55.5\tC185.4,82.8,151.2,75.7,112.4,75.7z"},{"type":"path","fill":"#828180","stroke":"none","path":"M205.5,96.3L51.6,151.8c17.5,4.1,38.4,6.4,60.8,6.4c61.6,0,111.8-17.9,111.8-39.9\tC224.2,110.2,217.3,102.6,205.5,96.3z"},{"type":"path","fill":"#727177","stroke":"none","path":"M129.2,145.7"},{"type":"path","fill":"#C6C6C6","stroke":"none","path":"M140.2,88.6 140.2,21.7 112.2,9.3 84.3,36.6 84.3,109.2 z"},{"type":"path","fill":"#A48A7B","stroke":"none","path":"M65.3,0 112.2,9.3 84.3,36.6 37.3,25.5 z"},{"type":"path","fill":"#DEDEDE","stroke":"none","path":"M37.3,97.3 84.3,109.2 84.3,36.6 37.3,25.5 z"},{"type":"path","fill":"#9D9D9C","stroke":"none","path":"M107,101V88.6c0,0,2.4-6,7.4-7.1c4.7-1.1,7.4,1.8,7.4,1.8v12.4L107,101z"},{"type":"path","fill":"#A8C1E5","stroke":"none","path":"M53,55 53,38.6 44,36.5 44,52.9 z"},{"type":"path","fill":"#A8C1E5","stroke":"none","path":"M65.3,57.9 65.3,41.5 56.3,39.4 56.3,55.8 z"},{"type":"path","fill":"#A8C1E5","stroke":"none","path":"M77.3,60.9 77.3,44.5 68.3,42.3 68.3,58.7 z"},{"type":"path","fill":"#A8C1E5","stroke":"none","path":"M53,76.2 53,59.8 44,57.6 44,74 z"},{"type":"path","fill":"#A8C1E5","stroke":"none","path":"M65.3,79.1 65.3,62.7 56.3,60.5 56.3,76.9 z"},{"type":"path","fill":"#A8C1E5","stroke":"none","path":"M77.3,82 77.3,65.6 68.3,63.5 68.3,79.9 z"},{"type":"path","fill":"#89888E","stroke":"none","path":"M105.4,53.8 105.4,37.4 114.4,34.1 114.4,50.5 z"},{"type":"path","fill":"#89888E","stroke":"none","path":"M90.4,59.5 90.4,43.1 99.4,39.8 99.4,56.2 z"},{"type":"path","fill":"#89888E","stroke":"none","path":"M105.4,76 105.4,59.6 114.4,56.3 114.4,72.7 z"},{"type":"path","fill":"#89888E","stroke":"none","path":"M120.6,48.4 120.6,32 129.6,28.7 129.6,45.1 z"},{"type":"path","fill":"#89888E","stroke":"none","path":"M120.6,70.6 120.6,54.2 129.6,50.9 129.6,67.3 z"},{"type":"path","fill":"#89888E","stroke":"none","path":"M90.4,81.7 90.4,65.3 99.4,62 99.4,78.4 z"},{"type":"ellipse","fill":"#55AF32","stroke":"none","cx":29.9,"cy":85.3,"rx":6.1,"ry":4.3},{"type":"ellipse","fill":"#85BD59","stroke":"none","cx":15.4,"cy":81.4,"rx":5.6,"ry":4.4},{"type":"ellipse","fill":"#55AF32","stroke":"none","cx":18.5,"cy":86.8,"rx":7.8,"ry":4.8},{"type":"path","fill":"#DEDC00","stroke":"none","path":"M16.3,76c0-2.8,2.9-5,6.5-5c3.6,0,6.5,2.3,6.5,5c0,2.8-2.9,5-6.5,5C19.3,81,16.3,78.8,16.3,76z"},{"type":"ellipse","fill":"#ADBD5C","stroke":"none","cx":27.8,"cy":79,"rx":6.6,"ry":4.9},{"type":"ellipse","fill":"#D8D9DC","stroke":"#FAFAFA","stroke-width":0.091495,"stroke-miterlimit":10,"cx":24.8,"cy":109.3,"rx":9,"ry":3.2},{"type":"path","fill":"#A3897B","stroke":"none","path":"M23.1,85.3C23.1,85.3,23.1,85.3,23.1,85.3C23.1,85.3,23.1,85.3,23.1,85.3L23.1,85.3L23.1,85.3c0-0.3,0.6-0.5,1.4-0.5c0.8,0,1.4,0.2,1.4,0.5c0,0,0,0,0,0l0.7,23.7c0,0.4-0.9,0.7-2,0.7c-1.1,0-2-0.3-2-0.7L23.1,85.3z"},{"type":"path","fill":"#A3897B","stroke":"none","path":"M30.6,84C30.6,84,30.6,84,30.6,84C30.6,84,30.6,84,30.6,84L30.6,84L30.6,84c0.1-0.1,0.4,0.1,0.7,0.3c0.3,0.3,0.4,0.6,0.3,0.7c0,0,0,0,0,0l-5.8,6.2c-0.1,0.1-0.6-0.1-1-0.5c-0.4-0.4-0.6-0.9-0.5-1L30.6,84z"},{"type":"ellipse","fill":"#C6D217","stroke":"none","cx":21.5,"cy":82.8,"rx":5.3,"ry":4.6},{"type":"ellipse","fill":"#55AF32","stroke":"none","cx":54.4,"cy":92.1,"rx":6.1,"ry":4.3},{"type":"ellipse","fill":"#85BD59","stroke":"none","cx":39.9,"cy":88.2,"rx":5.6,"ry":4.4},{"type":"ellipse","fill":"#55AF32","stroke":"none","cx":43,"cy":93.6,"rx":7.8,"ry":4.8},{"type":"ellipse","fill":"#DEDC00","stroke":"none","cx":47.4,"cy":82.7,"rx":6.5,"ry":5},{"type":"ellipse","fill":"#ADBD5C","stroke":"none","cx":52.3,"cy":85.8,"rx":6.6,"ry":4.9},{"type":"ellipse","fill":"#D8D9DC","stroke":"#FAFAFA","stroke-width":0.091495,"stroke-miterlimit":10,"cx":49.3,"cy":116.1,"rx":9,"ry":3.2},{"type":"path","fill":"#A3897B","stroke":"none","path":"M47.7,92C47.7,92,47.7,92,47.7,92C47.7,92,47.7,92,47.7,92L47.7,92L47.7,92c0-0.3,0.6-0.5,1.4-0.5c0.8,0,1.4,0.2,1.4,0.5c0,0,0,0,0,0l0.7,23.7c0,0.4-0.9,0.7-2,0.7c-1.1,0-2-0.3-2-0.7L47.7,92z"},{"type":"path","fill":"#A3897B","stroke":"none","path":"M55.1,90.8C55.1,90.8,55.1,90.8,55.1,90.8C55.1,90.8,55.1,90.8,55.1,90.8L55.1,90.8L55.1,90.8c0.1-0.1,0.4,0.1,0.7,0.3c0.3,0.3,0.4,0.6,0.3,0.7c0,0,0,0,0,0L50.3,98c-0.1,0.1-0.6-0.1-1-0.5c-0.4-0.4-0.6-0.9-0.5-1L55.1,90.8z"},{"type":"ellipse","fill":"#C6D217","stroke":"none","cx":46,"cy":89.6,"rx":5.3,"ry":4.6},{"type":"path","fill":"#9A815F","stroke":"none","path":"M98.3,103.6 106.4,100.7 99,99.4 99,99.4 91.1,102.3 z"},{"type":"path","fill":"#AC9069","stroke":"none","path":"M98.3,103.7 91.1,102.3 91,111.1 98.3,112.4 z"},{"type":"path","fill":"#857052","stroke":"none","path":"M98.3,112.4 98.3,103.7 106.4,100.7 106.4,109.5 z"},{"type":"path","fill":"#9A815F","stroke":"none","path":"M86.8,111.4 96.3,107.9 87.6,106.3 87.6,106.4 78.3,109.8 z"},{"type":"path","fill":"#AC9069","stroke":"none","path":"M86.8,111.4 78.3,109.8 78.3,120.2 86.8,121.7 z"},{"type":"path","fill":"#857052","stroke":"none","path":"M86.8,121.7 86.8,111.4 96.3,107.9 96.3,118.3 z"},{"type":"path","fill":"#9A815F","stroke":"none","path":"M101.6,115.3 110.3,112.1 102.3,110.7 102.3,110.8 93.7,113.9 z"},{"type":"path","fill":"#AC9069","stroke":"none","path":"M101.6,115.3 93.7,113.9 93.7,123.4 101.5,124.9 z"},{"type":"path","fill":"#857052","stroke":"none","path":"M101.5,124.9 101.6,115.3 110.3,112.2 110.3,121.7 z"},{"type":"path","fill":"#9A815F","stroke":"none","path":"M119.1,102.3 123.1,100.8 119.5,100.2 119.5,100.2 115.6,101.6 z"},{"type":"path","fill":"#AC9069","stroke":"none","path":"M119.1,102.3 115.6,101.6 115.5,106 119.1,106.7 z"},{"type":"path","fill":"#857052","stroke":"none","path":"M119.1,106.7 119.1,102.3 123.1,100.8 123.1,105.2 z"},{"type":"path","fill":"#9A815F","stroke":"none","path":"M112.9,103.5 116.9,102.1 113.2,101.4 113.2,101.5 109.3,102.9 z"},{"type":"path","fill":"#AC9069","stroke":"none","path":"M112.9,103.6 109.3,102.9 109.3,107.3 112.9,107.9 z"},{"type":"path","fill":"#857052","stroke":"none","path":"M112.9,107.9 112.9,103.6 116.9,102.1 116.9,106.5 z"},{"type":"path","fill":"#9A815F","stroke":"none","path":"M115.3,98.9 119.3,97.4 115.7,96.7 115.7,96.8 111.8,98.2 z"},{"type":"path","fill":"#AC9069","stroke":"none","path":"M115.3,98.9 111.8,98.2 111.7,102.6 115.3,103.2 z"},{"type":"path","fill":"#857052","stroke":"none","path":"M115.3,103.2 115.3,98.9 119.3,97.4 119.3,101.8 z"},{"type":"path","fill":"#9A815F","stroke":"none","path":"M79.2,120.9 84.3,119.1 79.6,118.2 79.6,118.3 74.6,120.1 z"},{"type":"path","fill":"#AC9069","stroke":"none","path":"M79.2,120.9 74.6,120.1 74.6,125.7 79.2,126.5 z"},{"type":"path","fill":"#857052","stroke":"none","path":"M79.2,126.5 79.2,120.9 84.3,119.1 84.3,124.6 z"},{"type":"path","fill":"#9A815F","stroke":"none","path":"M202.6,108.4 207.7,106.5 203.1,105.7 203.1,105.7 198.1,107.5 z"},{"type":"path","fill":"#AC9069","stroke":"none","path":"M202.6,108.4 198.1,107.6 198.1,113.1 202.6,113.9 z"},{"type":"path","fill":"#857052","stroke":"none","path":"M202.6,113.9 202.6,108.4 207.7,106.5 207.7,112.1 z"},{"type":"path","fill":"#5B5A5E","stroke":"none","path":"M184.9,123.7 173.8,121.7 147.9,129.1 147.8,134.4 152.8,135.3 z"},{"type":"path","fill":"#5B5A5E","stroke":"none","path":"M152.8,142.3 147.1,141.4 147.1,134.3 152.8,135.3 z"},{"type":"path","fill":"#EBEBEE","stroke":"none","path":"M105.4,116.5 100.3,134.6 100.3,146 128.8,151.2 128.8,139.7 133.9,121.7 z"},{"type":"ellipse","fill":"#E8CC57","stroke":"none","transform":"t-40.8831,242.1035r-87.9838,0,0","cx":104.9,"cy":142.2,"rx":2.6,"ry":1.4},{"type":"ellipse","fill":"#E8CC57","stroke":"none","transform":"t-25.8933,263.8483r-87.9842,0,0","cx":123.7,"cy":145.3,"rx":2.6,"ry":1.4},{"type":"path","fill":"#89888E","stroke":"none","path":"M152.8,142.4 184.9,130.5 184.9,123.7 152.8,135.3 z"},{"type":"path","fill":"#5B5A5E","stroke":"none","path":"M171.2,140.4c-1.1,0-2-2.5-2-5.5c0-3,1-5.3,2.1-5.3l2.9,0.5v10.8L171.2,140.4z"},{"type":"ellipse","fill":"#89888E","stroke":"none","cx":174.1,"cy":135.5,"rx":2,"ry":5.5},{"type":"path","fill":"#A8C1E5","stroke":"none","path":"M104.4,133.4 108,120.3 129.7,124.1 126,137.3 z"},{"type":"path","fill":"#727177","stroke":"none","opacity":0.2,"path":"M109.6,120.5 129.6,124.1 126,136.7 z"},{"type":"path","fill":"#5B5A5E","stroke":"none","path":"M107.4,141.4 107.4,144.6 121.8,147.2 121.8,144 z"},{"type":"path","fill":"#EADA59","stroke":"none","path":"M147.5,93.8 181.8,100.4 154,109.6 120.2,103.4 z"},{"type":"path","fill":"#E8CC57","stroke":"none","path":"M154,133.4 181.8,123 181.8,100.4 154,109.6 z"},{"type":"path","fill":"#D9B625","stroke":"none","path":"M181.8,123 196.7,121.9 196.7,99.5 181.8,100.4 z"},{"type":"path","fill":"#D9B625","stroke":"none","path":"M159.3,96.1 147.6,93.8 159.3,89.1 z"},{"type":"path","fill":"#D9B625","stroke":"none","path":"M154,133.3 148.8,132.4 148.9,116.1 120.3,111.1 120.2,103.4 154,109.6 z"},{"type":"path","fill":"#9D9D9C","stroke":"none","path":"M148.9,116.1 133.9,121.7 128.8,139.7 128.8,151.2 148.8,143.7 z"},{"type":"path","fill":"#5B5A5E","stroke":"none","path":"M142.3,150.6c-1.1,0-2-2.5-2-5.5c0-3,1-5.3,2-5.3l2.9,0.5v10.8L142.3,150.6z"},{"type":"ellipse","fill":"#89888E","stroke":"none","cx":145.3,"cy":145.7,"rx":2,"ry":5.5},{"type":"path","fill":"#A8C1E5","stroke":"none","path":"M131.5,138 138.9,135.2 139,124.2 134.8,125.7 z"},{"type":"path","fill":"#A8C1E5","stroke":"none","path":"M140.1,123.8 140.1,134.9 145.3,132.9 145.3,121.9 z"},{"type":"path","fill":"#F6F5F8","stroke":"none","path":"M120.3,111.1 105.2,116.6 133.9,121.7 148.9,116.1 z"},{"type":"path","fill":"#727177","stroke":"none","opacity":0.2,"path":"M133.9,121.7 148.9,116.1 120.3,111.1 z"},{"type":"path","fill":"#9A815F","stroke":"none","path":"M205,114.9 212.5,112.2 205.6,111 205.6,111 198.3,113.7 z"},{"type":"path","fill":"#AC9069","stroke":"none","path":"M205,114.9 198.3,113.7 198.3,121.8 205,123 z"},{"type":"path","fill":"#857052","stroke":"none","path":"M205,123 205,114.9 212.5,112.2 212.5,120.3 z"}]}