{"width":"224.2","height":"184.1","dx":"0","dy":"0","geometry":[{"type":"path","fill":"#E4D3C4","stroke":"none","path":"M112.4,172.7c-61.6,0-111.8-17.9-111.8-39.9s50.2-39.9,111.8-39.9c61.6,0,111.8,17.9,111.8,39.9S174.1,172.7,112.4,172.7z"},{"type":"path","fill":"#999898","stroke":"none","path":"M224.1,134.6c-2.5,21.2-51.7,38.1-111.7,38.1c-61.6,0-111.8-17.9-111.8-39.9c0-0.4,0-0.8,0.1-1.2H0.3L0,143.9c0,22.2,51.1,40.2,112.9,40.2s111.8-18,111.8-40.2v-9.4L224.1,134.6z"},{"type":"ellipse","fill":"none","stroke":"#B4B4B4","stroke-width":0.9996,"stroke-miterlimit":10,"cx":112.5,"cy":132.5,"rx":112.1,"ry":39.9},{"type":"path","fill":"#87888A","stroke":"none","path":"M129.1,112.5 128.9,37.8 138.3,30.4 211.2,43 211.2,132.8 z"},{"type":"path","fill":"#C7C7C8","stroke":"none","path":"M211.5,132.9 161.1,151.6 161.1,60.8 211.5,43 z"},{"type":"path","fill":"#DDDEDF","stroke":"none","path":"M79,130.3 79,46.6 104,50.6 108.8,59.9 122.8,75.5 142.8,73.5 148.1,63.5 161.1,60.8 161.1,151.6 z"},{"type":"path","fill":"#DDDEDF","stroke":"none","path":"M133,149.1 145.3,148.7 134.5,145.1 139.6,146.5 126.5,139.8 z"},{"type":"path","fill":"#C7C7C8","stroke":"none","path":"M133,149.1 126.5,139.8 126,142.5 132.8,149.8 z"},{"type":"path","fill":"#87888A","stroke":"none","path":"M132.8,149.8 133,149.1 145.3,148.7 144.8,151.4 z"},{"type":"path","fill":"#DDDEDF","stroke":"none","path":"M111.6,152.2 131.2,150.3 124.6,142.6 115.2,142.9 106.1,146.6 z"},{"type":"path","fill":"#C7C7C8","stroke":"none","path":"M111.6,152.2 106.1,146.6 105.5,149.3 113,154.7 z"},{"type":"path","fill":"#87888A","stroke":"none","path":"M113,154.7 111.6,152.2 131.2,150.3 130.2,152 z"},{"type":"path","fill":"#C7C7C8","stroke":"none","path":"M104,50.6 106.8,49.9 109.8,58.9 123.8,73 129,74.9 122.8,75.5 108.8,59.9 z"},{"type":"path","fill":"#DDDEDF","stroke":"none","path":"M106.8,49.9 81.8,45.6 79,46.6 104,50.6 z"},{"type":"path","fill":"#9C9E9E","stroke":"none","path":"M69.9,55.7 96.4,3 96.4,4.9 72.9,56.2 z"},{"type":"path","fill":"#88888A","stroke":"none","path":"M66.2,54.7 69.9,56.1 96.4,3 94.9,3 z"},{"type":"path","fill":"#707072","stroke":"none","path":"M87.8,147"},{"type":"path","fill":"#5A595B","stroke":"none","path":"M12.4,120.1 23.6,118.1 49.5,125.5 49.6,130.8 44.5,131.7 z"},{"type":"path","fill":"#5A595B","stroke":"none","path":"M44.5,138.8 50.3,137.8 50.2,130.7 44.5,131.7 z"},{"type":"path","fill":"#EBEBED","stroke":"none","path":"M92,113 97,131 97,142.5 68.5,147.6 68.5,136.1 63.5,118.1 z"},{"type":"ellipse","fill":"#E8CB57","stroke":"none","transform":"t227.719,41.3625r87.9777,0,0","cx":92.4,"cy":138.6,"rx":2.6,"ry":1.4},{"type":"ellipse","fill":"#E8CB57","stroke":"none","transform":"t212.7759,63.167r87.9823,0,0","cx":73.7,"cy":141.8,"rx":2.6,"ry":1.4},{"type":"path","fill":"#88888A","stroke":"none","path":"M44.5,138.8 12.4,127 12.4,120.1 44.5,131.7 z"},{"type":"path","fill":"#5A595B","stroke":"none","path":"M26.2,136.8c1.1,0,2-2.5,2-5.5s-1-5.3-2.1-5.3l-2.9,0.5v10.8L26.2,136.8z"},{"type":"ellipse","fill":"#88888A","stroke":"none","cx":23.2,"cy":131.9,"rx":2,"ry":5.5},{"type":"path","fill":"#A9C2E1","stroke":"none","path":"M92.9,129.8 89.3,116.7 67.6,120.5 71.3,133.7 z"},{"type":"path","fill":"#707072","stroke":"none","opacity":0.2,"path":"M87.7,116.9 67.7,120.5 71.3,133.1 z"},{"type":"path","fill":"#5A595B","stroke":"none","path":"M90,137.9 90,138.2 75.5,140.7 75.5,140.4 z"},{"type":"path","fill":"#5A595B","stroke":"none","path":"M90,138.4 90,138.8 75.5,141.3 75.5,141 z"},{"type":"path","fill":"#5A595B","stroke":"none","path":"M90,139 90,139.4 75.5,141.9 75.5,141.6 z"},{"type":"path","fill":"#5A595B","stroke":"none","path":"M90,139.6 90,140 75.5,142.5 75.5,142.1 z"},{"type":"path","fill":"#5A595B","stroke":"none","path":"M90,140.2 90,140.5 75.5,143.1 75.5,142.7 z"},{"type":"path","fill":"#5A595B","stroke":"none","path":"M90,140.8 90,141.1 75.5,143.6 75.5,143.3 z"},{"type":"path","fill":"#ECDA59","stroke":"none","path":"M32.3,105.7 15.6,108.8 43.4,118 59.6,115.3 z"},{"type":"path","fill":"#E8CB57","stroke":"none","path":"M43.4,129.8 15.6,119.4 15.6,117.3 15.6,108.8 43.4,118 z"},{"type":"path","fill":"#DAB723","stroke":"none","path":"M43.4,129.8 48.5,128.8 48.5,117.2 43.4,118 z"},{"type":"path","fill":"#9C9E9E","stroke":"none","path":"M48.5,112.6 63.5,118.1 68.5,136.1 68.5,147.6 48.5,140.2 z"},{"type":"path","fill":"#5A595B","stroke":"none","path":"M55,147c1.1,0,2-2.5,2-5.5s-1-5.3-2.1-5.3l-2.9,0.5v10.8L55,147z"},{"type":"ellipse","fill":"#88888A","stroke":"none","cx":52,"cy":142.1,"rx":2,"ry":5.5},{"type":"path","fill":"#A9C2E1","stroke":"none","path":"M65.8,134.4 58.4,131.6 58.3,120.6 62.6,122.2 z"},{"type":"path","fill":"#A9C2E1","stroke":"none","path":"M57.2,120.2 57.2,131.3 52,129.4 52.1,118.4 z"},{"type":"path","fill":"#F6F4F5","stroke":"none","path":"M77,107.5 92.1,113 63.5,118.1 48.5,112.6 z"},{"type":"path","fill":"#707072","stroke":"none","opacity":0.2,"path":"M63.5,118.1 48.5,112.6 77,107.5 z"},{"type":"path","fill":"#F29505","stroke":"none","path":"M62.3,77.5 59.8,80 51.7,112 54.9,111.4 z"},{"type":"path","fill":"#ECDA59","stroke":"none","path":"M38.9,113.3 73.7,49.4 73.7,56.4 46.5,111.8 z"},{"type":"path","fill":"#E8CB57","stroke":"none","path":"M31,110.3 38.9,113.3 73.7,49.4 68.1,49.4 z"},{"type":"path","fill":"#3F3E41","stroke":"none","path":"M94.7,68.7 94.4,8.9 95.5,7 95.7,68.6 \tz"},{"type":"path","fill":"#AC9066","stroke":"none","path":"M148.9,157.9c2.3-3,3.4-7.4,6.9-7.7c4.7-0.3,7.3-2.8,10-5.6c2.1-2.2,8.7-0.6,11.7-1.3c3-0.7,14.3-4,18-3.7c3.7,0.3,6.7,4.4,6.7,4.4l4.2,5.7c0,0-3.2,5.2-18.5,7.4c-15.3,2.2-12.5,5.8-21.7,6.5c-9.2,0.7-18.3-3-18.3-3L148.9,157.9z"},{"type":"path","fill":"#836F4F","stroke":"none","path":"M193.1,139.8c-0.3,1.6-12.9,4.8-14.4,6.7s0.2,3.2-1.2,5.6c-1.4,2.4-4.4,2-6.1,5c-1.7,3-3.8,5-3.7,5.7c0.1,0.7,0.1,0.7,0.1,0.7s6.7-1.5,11.9-2.5c5.2-1,4.2-2.2,13.3-4.3c9.1-2.1,13.5-4.3,15.9-7c2.4-2.7,3.7-4.5,0-6.1c-1.9-0.8-6.1-4.4-9.8-5.1C195.9,137.8,193.1,139.8,193.1,139.8z"},{"type":"path","fill":"#AC9066","stroke":"none","path":"M98,158.7c-2.4-3.7-3.3-9.4-9.4-8.8c-6.1,0.6-4.7,2.7-10.7,4.4c-6,1.7-19.2-1.1-16.1,3c3.1,4.1,3.8,5.1,10.5,5.8c6.7,0.7,4.4,1.3,11.3,1.5c6.9,0.2,18.4-0.2,17.8-3.1S100.5,162.4,98,158.7z"},{"type":"path","fill":"#836F4F","stroke":"none","path":"M88.7,150.2c-0.3,2.4,3,2.3,0,3.4c-3,1.1-4.7,0.9-5.3,2c-0.6,1.1-0.8,0.5-0.8,2.2c0,1.7,1.7,0.6,0,2.7c-1.7,2.1-3.3,2.8-2.6,3.3s-2.8,0.7,3.7,1.2s9.9,0,11.6,0c1.7,0,14.4,0.3,13.5-1.5c-0.9-1.8-8.3-5.9-9.3-7.2c-1-1.3-2.7-5.6-3.8-6.1c-1.1-0.5-1.3-1.8-3.2-1.3S88.7,150.2,88.7,150.2z"},{"type":"path","fill":"#A9C2E1","stroke":"none","path":"M94.3,75.2 94.3,89.2 87.8,87.4 87.8,73.5 z"},{"type":"path","fill":"#A9C2E1","stroke":"none","path":"M104.8,77.2 104.8,91.2 98.3,89.5 98.3,75.5 z"},{"type":"path","fill":"#A9C2E1","stroke":"none","path":"M115.3,79.3 115.3,93.3 108.8,91.5 108.8,77.6 z"},{"type":"path","fill":"#A9C2E1","stroke":"none","path":"M125.8,81.3 125.8,95.3 119.3,93.6 119.3,79.7 z"},{"type":"path","fill":"#A9C2E1","stroke":"none","path":"M136.3,83.4 136.3,97.4 129.8,95.6 129.8,81.7 z"},{"type":"path","fill":"#A9C2E1","stroke":"none","path":"M146.8,85.4 146.8,99.4 140.3,97.7 140.3,83.8 z"},{"type":"path","fill":"#90A5C1","stroke":"none","path":"M174.6,79.9 174.6,93.9 168,96.4 168.1,82.5 z"},{"type":"path","fill":"#90A5C1","stroke":"none","path":"M185.2,76.2 185.2,90.2 178.7,92.7 178.7,78.7 z"},{"type":"path","fill":"#90A5C1","stroke":"none","path":"M195.8,72.5 195.8,86.5 189.3,88.9 189.3,75 z"},{"type":"path","fill":"#90A5C1","stroke":"none","path":"M206.4,68.8 206.4,82.8 199.9,85.2 199.9,71.3 z"},{"type":"path","fill":"#90A5C1","stroke":"none","path":"M174.6,98.6 174.6,112.6 168,115.1 168.1,101.2 z"},{"type":"path","fill":"#90A5C1","stroke":"none","path":"M185.2,94.9 185.2,108.9 178.7,111.4 178.7,97.4 z"},{"type":"path","fill":"#90A5C1","stroke":"none","path":"M195.8,91.2 195.8,105.2 189.3,107.7 189.3,93.7 z"},{"type":"path","fill":"#90A5C1","stroke":"none","path":"M206.4,87.5 206.4,101.5 199.9,103.9 199.9,90 z"},{"type":"path","fill":"#A9C2E1","stroke":"none","path":"M94.3,94.4 94.3,108.4 87.8,106.6 87.8,92.7 z"},{"type":"path","fill":"#A9C2E1","stroke":"none","path":"M104.8,96.4 104.8,110.4 98.3,108.7 98.3,94.8 z"},{"type":"path","fill":"#A9C2E1","stroke":"none","path":"M115.3,98.5 115.3,112.5 108.8,110.7 108.8,96.8 z"},{"type":"path","fill":"#A9C2E1","stroke":"none","path":"M125.8,100.5 125.8,114.5 119.3,112.8 119.3,98.9 z"},{"type":"path","fill":"#A9C2E1","stroke":"none","path":"M136.3,102.6 136.3,116.6 129.8,114.8 129.8,100.9 z"},{"type":"path","fill":"#A9C2E1","stroke":"none","path":"M146.8,104.7 146.8,118.6 140.3,116.9 140.3,103 z"},{"type":"path","fill":"#A9C2E1","stroke":"none","path":"M142.1,127.9 142.1,146.7 127.7,143 127.7,124.2 z"},{"type":"circle","fill":"#3F3E41","stroke":"none","cx":94.9,"cy":71.2,"r":10.2},{"type":"circle","fill":"#5A595B","stroke":"none","cx":91.8,"cy":66.6,"r":2.7},{"type":"path","fill":"#DDDEDF","stroke":"none","path":"M118,143.5 134.4,141.7 130.4,138.9 121,139.3 111.9,142.9 z"},{"type":"path","fill":"#C7C7C8","stroke":"none","path":"M118,143.5 111.9,142.9 111.3,145.7 119.4,146.1 z"},{"type":"path","fill":"#87888A","stroke":"none","path":"M119.4,146.1 118,143.5 134.4,141.7 133.4,145.4 z"}]}