{
	"width":"225",
	"height":"92",
	"dx":10.5,
	"dy":22,
	"geometry": [{"type":"path","fill":"#faf9f9","stroke":"none","path":"M 122.9,102.2 C 61.3,102.2 11.1,84.3 11.1,62.3 c 0,-22 50.2,-39.9 111.8,-39.9 61.6,0 111.8,17.9 111.8,39.9 0,22 -50.1,39.9 -111.8,39.9 z"},{"type":"path","fill":"#969696","stroke":"none","path":"m 234.6,64.1 c -2.5,21.2 -51.7,38.1 -111.7,38.1 -61.6,0 -111.8,-17.9 -111.8,-39.9 0,-0.4 0,-0.8 0.1,-1.2 l -0.4,0 -0.3,12.3 c 0,22.2 51.1,40.2 112.9,40.2 61.7,0 111.8,-18 111.8,-40.2 V 64 l -0.6,0.1 z"},{"type":"path","fill":"#bba275","stroke":"none","path":"M 233.3,54.9 75.4,27.3 c 0,0 -25.2,5.3 -39.4,11.3 C 13.8,48 11.5,60 11.5,60 l 184,32.7 c 0,0 19.8,-5.7 29.6,-14.1 14.4,-12.4 8.2,-23.7 8.2,-23.7 z"},{"type":"path","fill":"#7c6e51","stroke":"none","path":"m 181.3,62.6 c 1.2,0.2 1.4,-1.2 2.8,-0.8 1.3,0.4 2.6,0.8 4.7,1.9 2,1.1 4.9,-0.7 5.4,1.3 0.5,2 1.1,0.1 0.1,1.6 -1,1.4 -0.8,1.9 -2,2.3 -1.2,0.4 -1.1,1.4 -3.4,0.7 -2.3,-0.7 -6.4,3.8 -6.7,3.1 -0.4,-0.8 -0.9,-10.1 -0.9,-10.1 z"},{"type":"path","fill":"#e8dfc2","stroke":"none","path":"M144.9,31.7 139.7,33.6 144.4,34.5 149.8,32.5 144.9,31.6 z"},{"type":"path","fill":"#c5b99d","stroke":"none","path":"M144.4,36.3 144.4,34.5 139.7,33.6 139.7,35.4 z"},{"type":"path","fill":"#a49b85","stroke":"none","path":"M149.8,34.4 144.4,36.3 144.4,34.5 149.8,32.5 z"},{"type":"path","fill":"#e8dfc2","stroke":"none","path":"M152,33.1 146.8,35 151.5,35.9 156.9,33.9 152,33.1 z"},{"type":"path","fill":"#c5b99d","stroke":"none","path":"M151.5,37.7 151.5,35.9 146.8,35 146.8,36.8 z"},{"type":"path","fill":"#a49b85","stroke":"none","path":"M156.9,35.8 151.5,37.7 151.5,35.9 156.9,33.9 z"},{"type":"path","fill":"#e8dfc2","stroke":"none","path":"M159.1,34.5 153.9,36.4 158.6,37.3 164,35.3 159.1,34.5 z"},{"type":"path","fill":"#c5b99d","stroke":"none","path":"M158.6,39.1 158.6,37.3 153.9,36.4 153.9,38.2 z"},{"type":"path","fill":"#a49b85","stroke":"none","path":"M164,37.2 158.6,39.1 158.6,37.3 164,35.3 z"},{"type":"path","fill":"#e8dfc2","stroke":"none","path":"M149.4,30.2 144.2,32.1 149,33 154.3,31 149.4,30.2 z"},{"type":"path","fill":"#c5b99d","stroke":"none","path":"M149,34.8 149,33 144.2,32.1 144.2,33.9 z"},{"type":"path","fill":"#a49b85","stroke":"none","path":"M154.3,32.9 149,34.8 149,33 154.3,31 z"},{"type":"path","fill":"#e8dfc2","stroke":"none","path":"M156.5,31.6 151.3,33.5 156.1,34.4 161.4,32.4 156.5,31.6 z"},{"type":"path","fill":"#c5b99d","stroke":"none","path":"M156.1,36.2 156.1,34.4 151.3,33.5 151.3,35.3 z"},{"type":"path","fill":"#a49b85","stroke":"none","path":"M161.4,34.3 156.1,36.2 156.1,34.4 161.4,32.4 z"},{"type":"path","fill":"#e8dfc2","stroke":"none","path":"M40,72.1 33.9,74.3 39.5,75.3 45.7,73 40,72 z"},{"type":"path","fill":"#c5b99d","stroke":"none","path":"M39.5,77.5 39.5,75.3 33.9,74.3 33.8,76.5 z"},{"type":"path","fill":"#a49b85","stroke":"none","path":"M45.7,75.2 39.5,77.5 39.5,75.3 45.7,73 z"},{"type":"path","fill":"#e8dfc2","stroke":"none","path":"M48.3,73.7 42.2,75.9 47.8,77 54.1,74.7 48.3,73.7 z"},{"type":"path","fill":"#c5b99d","stroke":"none","path":"M47.8,79.1 47.8,77 42.2,75.9 42.2,78.1 z"},{"type":"path","fill":"#a49b85","stroke":"none","path":"M54.1,76.9 47.8,79.1 47.8,77 54.1,74.7 z"},{"type":"path","fill":"#e8dfc2","stroke":"none","path":"M45.3,70.3 39.2,72.6 44.8,73.6 51.1,71.3 45.3,70.3 z"},{"type":"path","fill":"#c5b99d","stroke":"none","path":"M44.8,75.8 44.8,73.6 39.2,72.6 39.2,74.7 z"},{"type":"path","fill":"#a49b85","stroke":"none","path":"M51.1,73.5 44.8,75.8 44.8,73.6 51.1,71.3 z"},{"type":"path","fill":"#e8dfc2","stroke":"none","path":"M56.4,75 50.3,77.3 55.9,78.3 62.1,76 56.4,75 z"},{"type":"path","fill":"#c5b99d","stroke":"none","path":"M55.9,80.5 55.9,78.3 50.3,77.3 50.3,79.4 z"},{"type":"path","fill":"#a49b85","stroke":"none","path":"M62.1,78.2 55.9,80.5 55.9,78.3 62.1,76 z"},{"type":"path","fill":"#e8dfc2","stroke":"none","path":"M64.7,76.7 58.6,78.9 64.2,79.9 70.5,77.7 64.7,76.6 z"},{"type":"path","fill":"#c5b99d","stroke":"none","path":"M64.2,82.1 64.2,79.9 58.6,78.9 58.6,81.1 z"},{"type":"path","fill":"#a49b85","stroke":"none","path":"M70.5,79.8 64.2,82.1 64.2,79.9 70.5,77.7 z"},{"type":"path","fill":"#e8dfc2","stroke":"none","path":"M61.7,73.3 55.6,75.5 61.2,76.6 67.5,74.3 61.7,73.2 z"},{"type":"path","fill":"#c5b99d","stroke":"none","path":"M61.2,78.7 61.2,76.6 55.6,75.5 55.6,77.7 z"},{"type":"path","fill":"#a49b85","stroke":"none","path":"M67.5,76.4 61.2,78.7 61.2,76.6 67.5,74.3 z"},{"type":"path","fill":"#e8dfc2","stroke":"none","path":"M53.3,71.6 47.1,73.8 52.7,74.9 59,72.6 53.2,71.6 z"},{"type":"path","fill":"#c5b99d","stroke":"none","path":"M52.7,77 52.7,74.9 47.1,73.8 47.1,76 z"},{"type":"path","fill":"#a49b85","stroke":"none","path":"M59,74.8 52.7,77 52.7,74.9 59,72.6 z"},{"type":"path","fill":"#e8dfc2","stroke":"none","path":"M31.9,74.9 25.8,77.1 31.4,78.1 37.7,75.8 31.9,74.8 z"},{"type":"path","fill":"#c5b99d","stroke":"none","path":"M31.4,80.3 31.4,78.1 25.8,77.1 25.8,79.3 z"},{"type":"path","fill":"#a49b85","stroke":"none","path":"M37.7,78 31.4,80.3 31.4,78.1 37.7,75.8 z"},{"type":"path","fill":"#e8dfc2","stroke":"none","path":"M40.3,76.5 34.2,78.7 39.8,79.8 46,77.5 40.3,76.5 z"},{"type":"path","fill":"#c5b99d","stroke":"none","path":"M39.8,81.9 39.8,79.8 34.2,78.7 34.1,80.9 z"},{"type":"path","fill":"#a49b85","stroke":"none","path":"M46,79.7 39.8,81.9 39.8,79.8 46,77.5 z"},{"type":"path","fill":"#e8dfc2","stroke":"none","path":"M37.3,73.1 31.1,75.4 36.8,76.4 43,74.1 37.3,73.1 z"},{"type":"path","fill":"#c5b99d","stroke":"none","path":"M36.8,78.6 36.8,76.4 31.1,75.4 31.1,77.5 z"},{"type":"path","fill":"#a49b85","stroke":"none","path":"M43,76.3 36.8,78.6 36.8,76.4 43,74.1 z"},{"type":"path","fill":"#e8dfc2","stroke":"none","path":"M48.3,77.8 42.2,80.1 47.8,81.1 54.1,78.8 48.3,77.8 z"},{"type":"path","fill":"#c5b99d","stroke":"none","path":"M47.8,83.3 47.8,81.1 42.2,80.1 42.2,82.2 z"},{"type":"path","fill":"#a49b85","stroke":"none","path":"M54.1,81 47.8,83.3 47.8,81.1 54.1,78.8 z"},{"type":"path","fill":"#e8dfc2","stroke":"none","path":"M56.7,79.5 50.6,81.7 56.2,82.7 62.4,80.5 56.7,79.4 z"},{"type":"path","fill":"#c5b99d","stroke":"none","path":"M56.2,84.9 56.2,82.7 50.6,81.7 50.6,83.9 z"},{"type":"path","fill":"#a49b85","stroke":"none","path":"M62.4,82.6 56.2,84.9 56.2,82.7 62.4,80.5 z"},{"type":"path","fill":"#e8dfc2","stroke":"none","path":"M53.7,76.1 47.5,78.3 53.2,79.4 59.4,77.1 53.7,76 z"},{"type":"path","fill":"#c5b99d","stroke":"none","path":"M53.2,81.5 53.2,79.4 47.5,78.3 47.5,80.5 z"},{"type":"path","fill":"#a49b85","stroke":"none","path":"M59.4,79.2 53.2,81.5 53.2,79.4 59.4,77.1 z"},{"type":"path","fill":"#e8dfc2","stroke":"none","path":"M45.2,74.4 39.1,76.6 44.7,77.7 50.9,75.4 45.2,74.4 z"},{"type":"path","fill":"#c5b99d","stroke":"none","path":"M44.7,79.8 44.7,77.7 39.1,76.6 39.1,78.8 z"},{"type":"path","fill":"#a49b85","stroke":"none","path":"M51,77.6 44.7,79.8 44.7,77.7 50.9,75.4 z"},{"type":"path","fill":"#e5d862","stroke":"none","path":"M156.2,54.1 124.7,65.6 124.7,75.6 159.5,62.7 159.5,60.9 z"},{"type":"path","fill":"#58585a","stroke":"none","path":"M143.6,80.7 147.9,81.5 186.3,67.5 176.9,65.8 143.7,76.3 z"},{"type":"path","fill":"#58585a","stroke":"none","path":"M147.9,81.5 147.9,87.4 143.1,86.6 143.1,80.6 z"},{"type":"path","fill":"#6f7072","stroke":"none","path":"M 111.3,94.4"},{"type":"path","fill":"#ebebec","stroke":"none","path":"M127.6,94.9 127.6,85.2 131.9,69.9 107.7,65.6 103.5,80.9 103.5,90.6 z"},{"type":"ellipse","fill":"#cdcd90","stroke":"none","transform":"t198.5006,-16.8912r92.0279,0,0","cx":107.4,"cy":87.400002,"rx":2.2,"ry":1.1},{"type":"ellipse","fill":"#cdcd90","stroke":"none","transform":"t217.5594,-30.0208r92.0334,0,0","cx":123.3,"cy":90,"rx":2.2,"ry":1.1},{"type":"path","fill":"#878788","stroke":"none","path":"M147.9,81.5 147.9,87.5 186.3,73.3 186.3,67.5 z"},{"type":"path","fill":"#58585a","stroke":"none","path":"m 174.7,81.6 c -0.9,0 -1.7,-2.1 -1.7,-4.6 0,-2.6 0.8,-4.4 1.7,-4.4 l 2.4,0.4 v 9.2 l -2.4,-0.6 z"},{"type":"ellipse","fill":"#878788","stroke":"none","cx":177.2,"cy":77.5,"rx":1.7,"ry":4.5999999},{"type":"path","fill":"#afc0df","stroke":"none","path":"M125.2,83.2 106.9,79.9 110,68.8 128.3,72 z"},{"type":"path","fill":"#6f7072","stroke":"none","path":"M111.4,69 128.3,72 125.3,82.7 z","opacity":0.2},{"type":"path","fill":"#b0b1b2","stroke":"none","path":"M121.7,88.8 109.4,86.7 109.4,87 121.7,89.1 z"},{"type":"path","fill":"#b0b1b2","stroke":"none","path":"M121.7,89.3 109.4,87.2 109.4,87.5 121.7,89.6 z"},{"type":"path","fill":"#b0b1b2","stroke":"none","path":"M121.7,89.8 109.4,87.7 109.4,88 121.7,90.1 z"},{"type":"path","fill":"#b0b1b2","stroke":"none","path":"M121.7,90.3 109.4,88.2 109.4,88.5 121.7,90.6 z"},{"type":"path","fill":"#b0b1b2","stroke":"none","path":"M121.7,90.8 109.4,88.6 109.4,88.9 121.7,91.1 z"},{"type":"path","fill":"#b0b1b2","stroke":"none","path":"M121.7,91.3 109.4,89.1 109.4,89.4 121.7,91.6 z"},{"type":"path","fill":"#9e9461","stroke":"none","path":"M144.5,69.2 144.5,68.3 159.5,62.6 165.6,63.7 148.9,69.9 z"},{"type":"path","fill":"#7b7673","stroke":"none","path":"M 121.1,35.5 109,42.8 c 0,0 -1.3,2.2 -1.3,2.8 0,0.6 -1,5.3 -1,6.2 0,0.9 0.6,2.5 0.1,4.1 -0.5,1.6 -0.6,3.6 -1.2,5.6 -0.6,2 -1.2,3.4 -2.5,3.7 -1.3,0.4 -2,0 -4.1,0.6 -2.1,0.6 -3.8,0.4 -4.3,0.7 -0.5,0.4 -2,0.4 -2.6,1.6 -0.6,1.2 -0.8,1.7 -0.7,2.6 C 91.5,71.6 88,73 85.5,73 83,73 61.8,69 61.8,69 L 11.5,60 v -1.6 l 85,-26.6 24.6,2 0,1.7 0,0 z"},{"type":"path","fill":"#c5b99d","stroke":"none","path":"m 61.8,67.4 -50.3,-9 c 0,0 2.3,-12 24.6,-21.4 14.2,-6 39.4,-11.3 39.4,-11.3 l 45.8,8.2 -12.3,7.3 c 0,0 -1.3,2.2 -1.3,2.8 0,0.6 -1,5.3 -1,6.2 0,1 0.6,2.5 0.1,4.1 -0.5,1.6 -0.6,3.6 -1.2,5.6 -0.6,2 -1.2,3.4 -2.5,3.7 -1.3,0.4 -2,0 -4.1,0.6 -2,0.6 -3.8,0.4 -4.3,0.7 -0.5,0.4 -2,0.4 -2.6,1.6 -0.6,1.2 -0.8,1.7 -0.7,2.6 0.1,1 -3.4,2.3 -5.9,2.3 -2.6,0.1 -23.7,-4 -23.7,-4 z"},{"type":"path","fill":"#f5f5f6","stroke":"none","path":"M36.1,38.2 37,37.9 42.3,38.8 41.4,39.1 z"},{"type":"path","fill":"#f5f5f6","stroke":"none","path":"M42.8,39.3 43.7,39 48.9,39.9 48,40.3 z"},{"type":"path","fill":"#f5f5f6","stroke":"none","path":"M49.4,40.5 50.3,40.1 55.6,41 54.7,41.4 z"},{"type":"path","fill":"#f5f5f6","stroke":"none","path":"M56.1,41.6 57,41.2 62.2,42.2 61.3,42.5 z"},{"type":"path","fill":"#f5f5f6","stroke":"none","path":"M62.7,42.7 63.6,42.4 68.9,43.3 68,43.6 z"},{"type":"path","fill":"#f5f5f6","stroke":"none","path":"M69.4,43.8 70.3,43.5 75.5,44.4 74.6,44.8 z"},{"type":"path","fill":"#a38e68","stroke":"none","path":"m 138.4,65.7 c 0.5,-0.8 0.6,-2 2.6,-2.5 2,-0.5 3.2,0.1 5.4,-0.6 2.2,-0.7 3.1,-1 4.1,-1.9 1,-1 2.4,-1.8 4.1,-2 1.7,-0.2 1,-0.2 4.3,-0.2 3.4,0 1.9,-1.1 5,0.2 3.1,1.3 1.4,1.3 4.2,1.8 2.8,0.5 2.4,-0.1 3.8,0.5 1.4,0.6 2,0.2 2.3,1.9 0.2,1.7 5.2,2.5 -1.9,4.2 -7.1,1.7 -7.4,2 -11.5,3.8 -4.1,1.8 -2.6,3.7 -8.5,3.6 -5.9,-0.1 -4.9,1.2 -7,-0.6 -2,-1.8 -6.9,-8.2 -6.9,-8.2 z"},{"type":"path","fill":"#7c6e51","stroke":"none","path":"m 161.4,58.3 c -0.7,0.5 2.5,1.6 2.5,2.2 0,0.6 -0.8,0.2 -1.6,1.3 -0.7,1.1 0,1 -1.3,2.3 -1.3,1.3 -1,1.4 -2.9,2 -1.9,0.6 -2.8,0.5 -5,2.2 -2.3,1.7 -3.1,2.3 -3.8,3.2 -0.7,0.9 -3.5,2.3 -0.8,2.4 2.6,0.1 13.2,-1.3 17.8,-3.2 4.6,-1.9 8.4,-4.1 8.4,-6 0,-1.9 -0.5,-3.6 -1.7,-4 -1.2,-0.4 -2.8,-0.2 -3.8,-0.7 -1.1,-0.5 -2,-0.8 -3.4,-1.4 -1.4,-0.7 -3.9,-0.7 -4.4,-0.3 z"},{"type":"path","fill":"#e5d862","stroke":"none","path":"M180.4,58.4 148.9,69.9 148.9,79.8 183.7,67 183.7,65.2 z"},{"type":"path","fill":"#d0b537","stroke":"none","path":"M148.9,69.9 148.9,79.8 144.6,79.1 144.5,69.2 z"},{"type":"path","fill":"#b0b1b2","stroke":"none","path":"M127.6,94.9 144.5,88.6 144.6,65.3 131.9,69.9 127.6,85.2 z"},{"type":"path","fill":"#58585a","stroke":"none","path":"m 139,94.4 c -0.9,0 -1.7,-2.1 -1.7,-4.6 0,-2.6 0.8,-4.4 1.7,-4.4 l 2.4,0.4 V 95 L 139,94.4 z"},{"type":"ellipse","fill":"#878788","stroke":"none","cx":141.5,"cy":90.300003,"rx":1.7,"ry":4.5999999},{"type":"path","fill":"#afc0df","stroke":"none","path":"M132.6,73.4 129.9,83.7 136.2,81.4 136.2,72.1 z"},{"type":"path","fill":"#afc0df","stroke":"none","path":"M141.5,70.2 137.2,71.8 137.2,81.1 141.5,79.5 z"},{"type":"path","fill":"#f5f5f6","stroke":"none","path":"M144.6,65.3 120.4,61 107.6,65.6 131.9,69.9 z"},{"type":"path","fill":"#6f7072","stroke":"none","path":"M131.9,69.9 144.6,65.3 120.4,61 z","opacity":0.2},{"type":"path","fill":"#b2b1b1","stroke":"none","path":"m 122.9,23 c 29.9,0 58,4.2 79.1,11.8 20.8,7.5 32.3,17.3 32.3,27.6 0,10.3 -11.5,20.2 -32.3,27.6 -21.1,7.6 -49.2,11.8 -79.1,11.8 C 93,101.8 64.9,97.6 43.8,90 23,82.5 11.6,72.7 11.6,62.4 11.6,52 23,42.2 43.8,34.7 64.9,27.2 93,23 122.9,23 m 0,-1 c -62,0 -112.3,18.1 -112.3,40.3 0,22.3 50.3,40.3 112.3,40.3 62,0 112.3,-18.1 112.3,-40.3 C 235.2,40.1 184.9,22 122.9,22 l 0,0 z"}]
}