{"width":"224.9","height":"187.2","dx":"-98","dy":"204.1","geometry":[{"type":"path","fill":"#FEFDFD","stroke":"#B7B5B4","stroke-width":0.9996,"stroke-miterlimit":10,"path":"M-97.5,318.2c-0.1-0.6-0.1-1.1-0.1-1.7c0-22,50.2-39.9,112.1-39.9s112.1,17.9,112.1,39.9c0,13.5-18.9,25.5-47.8,32.7L-97.5,318.2z"},{"type":"path","fill":"#EDE1C3","stroke":"none","path":"M-78.1,293.8 -70.8,290.9 -76,294.1 z"},{"type":"path","fill":"#8F8F8E","stroke":"none","path":"M-98,317.5v42.6l177.1,31.2v-42L-98,317.5z"},{"type":"path","fill":"#999898","stroke":"none","path":"M79.1,391.3c28.9-7.2,47.8-19.2,47.8-32.7v-42c0,13.5-18.9,25.5-47.8,32.7V391.3z"},{"type":"path","fill":"#92BE62","stroke":"#B6B5B4","stroke-width":0.9996,"stroke-miterlimit":10,"path":"M14.2,276.5c61.9,0,112.1,17.9,112.1,39.9c0,13.5-18.7,25.4-47.4,32.6l-176.2-31.3c0-0.4-0.1-1-0.1-1.3c0-2-0.1-4,0.8-5.9C-88.5,291.2-42.1,276.5,14.2,276.5z"},{"type":"ellipse","fill":"#5FB032","stroke":"none","transform":"t200.5897,155.3231r56.5563,0,0","cx":-44.1,"cy":264.1,"rx":5.6,"ry":7.9},{"type":"ellipse","fill":"#8DBF5A","stroke":"none","cx":-60.3,"cy":255.7,"rx":7.2,"ry":5.7},{"type":"ellipse","fill":"#5FB032","stroke":"none","cx":-56.9,"cy":263.2,"rx":10.1,"ry":6.2},{"type":"ellipse","fill":"#5FB032","stroke":"none","cx":-53,"cy":252.2,"rx":6.4,"ry":6.5},{"type":"ellipse","fill":"#8DBF5A","stroke":"none","cx":-44.5,"cy":256.6,"rx":6.2,"ry":6.3},{"type":"path","fill":"#A38979","stroke":"none","path":"M-50.8,261.3C-50.8,261.3-50.9,261.3-50.8,261.3C-50.9,261.1-50.8,261.1-50.8,261.3L-50.8,261.3L-50.8,261.3c0-0.4,0.7-0.6,1.7-0.6s1.7,0.2,1.7,0.6l0,0l1,30.5c0,0.5-1.1,0.9-2.6,0.9c-1.4,0-2.6-0.4-2.6-0.9L-50.8,261.3z"},{"type":"path","fill":"#A38979","stroke":"none","path":"M-43.8,262.3c0,0,0.5,0.1,0.9,0.5s0.4,0.9,0.4,0.9l-4.9,5.3c-0.2,0.1-0.7-0.1-1.2-0.6s-0.7-1.1-0.6-1.2L-43.8,262.3z"},{"type":"ellipse","fill":"#A8C968","stroke":"none","cx":-53,"cy":258.1,"rx":6.9,"ry":5.9},{"type":"ellipse","fill":"#5FB032","stroke":"none","cx":-63.5,"cy":268.4,"rx":7.9,"ry":5.6},{"type":"ellipse","fill":"#8DBF5A","stroke":"none","cx":-80.2,"cy":260.1,"rx":7.2,"ry":5.7},{"type":"ellipse","fill":"#5FB032","stroke":"none","cx":-76.8,"cy":267.6,"rx":10.1,"ry":6.2},{"type":"ellipse","fill":"#B1CA2C","stroke":"none","cx":-71.1,"cy":253.6,"rx":8.4,"ry":6.5},{"type":"ellipse","fill":"#8DBF5A","stroke":"none","cx":-64.8,"cy":260.7,"rx":8.5,"ry":6.3},{"type":"path","fill":"#A38979","stroke":"none","path":"M-70.7,265.7C-70.7,265.7-70.8,265.7-70.7,265.7C-70.8,265.5-70.7,265.5-70.7,265.7L-70.7,265.7L-70.7,265.7c0-0.4,0.7-0.6,1.7-0.6s1.7,0.2,1.7,0.6l0,0l1,30.5c0,0.5-1.1,0.9-2.6,0.9c-1.4,0-2.6-0.4-2.6-0.9L-70.7,265.7z"},{"type":"path","fill":"#A38979","stroke":"none","path":"M-68.4,271.6c0.1,0.1-0.1,0.7-0.6,1.2s-1,0.7-1.2,0.6l-4.9-5.3c0,0,0-0.5,0.4-0.9c0.4-0.4,0.9-0.5,0.9-0.5L-68.4,271.6z"},{"type":"ellipse","fill":"#A8C968","stroke":"none","transform":"t100.8968,473.11r125.7388,0,0","cx":-70.8,"cy":262.4,"rx":4.9,"ry":5.7},{"type":"path","fill":"#ACCE7E","stroke":"none","path":"M-97.1,309.3L5,327.4c0,0-7.7,2.5-18.5,5.7L-98,318.2C-98.2,312.5-97.1,309.3-97.1,309.3z"},{"type":"path","fill":"#83685A","stroke":"none","path":"M-96.2,307.9 -97.1,309.3 4.7,327.4 6.9,326.4 z"},{"type":"path","fill":"#ACCE7E","stroke":"none","path":"M-98,318.2v10.4l85.5,15.5l-0.3-10.8L-98,318.2z"},{"type":"path","fill":"#83685A","stroke":"none","path":"M-98,327.4v7.4l85.5,15.5v-7.8L-98,327.4z"},{"type":"path","fill":"#595958","stroke":"none","path":"M5,348v21.4l43.6,7.8l0.2-21.7L5,348z"},{"type":"path","fill":"#5FB032","stroke":"none","path":"M-90.9,316.5c-1-6.4-5.3-14.8-5.3-14.8l8.3,13.3c0,0-0.6-9.7,2-14.8c-1.2,3.6-0.8,15,0,15.6c0.8,0.6,0.8-16.8,5-21.7c-1.3,4.4-4,20.4-1,24.1c0,0-1.5,0.4-4.8,0C-89.8,317.8-90.9,316.5-90.9,316.5z"},{"type":"path","fill":"#5FB032","stroke":"none","path":"M-50,322.7c-1-6.4-0.7-15.1-0.7-15.1l2.1,12.8c0,0,1.7-9.4,1.5-15.1c1.7,4.2-0.3,15.3,0.5,15.9c0.8,0.6,0.3-9.5,4.5-14.4c-2,3.4-3.5,13-0.5,16.7c0,0-1.5,0.5-4.8,0C-48.8,323.4-50,322.7-50,322.7z"},{"type":"path","fill":"#5FB032","stroke":"none","path":"M-24.7,328.2c1.6-7,3.3-19.6,3.3-19.6l-0.3,18c0,0-0.6-9.7,2-14.8c-1.2,3.6-0.8,15,0,15.6s0.8-16.8,5-21.7c-1.3,4.4-4,20.4-1,24.1c0,0-1.5,0.4-4.8,0C-23.6,329.4-24.7,328.2-24.7,328.2z"},{"type":"path","fill":"#5FB032","stroke":"none","path":"M-74.7,320.5c-1-6.4-0.2-13.2-0.2-13.2l2.3,11.5c0,0,1.9-12,4.5-17.1c-1.2,3.6-3.3,17.3-2.5,17.9c0.8,0.6,0.5-5,2.9-9.5c-1.4,3.2-1.7,7.9-1.3,11.4c0,0-1.2,0.4-3.1,0.3C-73.1,321.8-74.7,320.5-74.7,320.5z"},{"type":"path","fill":"#5FB032","stroke":"none","path":"M-37,327.1c-1-6.4-0.2-13.2-0.2-13.2l2.3,11.5c0,0,1.9-12,4.5-17.1c-1.2,3.6-3.3,17.3-2.5,17.9c0.8,0.6,0.5-5,2.9-9.5c-1.4,3.2-1.7,7.9-1.3,11.4c0,0-1.2,0.4-3.1,0.3C-35.4,328.4-37,327.1-37,327.1z"},{"type":"path","fill":"#5FB032","stroke":"none","path":"M-54.7,328.5c1.8-4.9,1.2-12.8,1.2-12.8l0.8,11.1c0,0,1.9-12,4.5-17.1c-1.2,3.6-3.3,17.3-2.5,17.9s0.5-5,2.9-9.5c-1.4,3.2-1.7,7.9-1.3,11.4c0,0-1.2,0.4-3.1,0.3C-53.2,329.8-54.7,328.5-54.7,328.5z"},{"type":"path","fill":"#5FB032","stroke":"none","path":"M-60.2,327.1c-1-6.4-0.2-13.2-0.2-13.2l2.3,11.5c0,0,1.9-12,4.5-17.1c-1.2,3.6-3.3,17.3-2.5,17.9s0.5-5,2.9-9.5c-1.4,3.2-1.7,7.9-1.3,11.4c0,0-1.2,0.4-3.1,0.3C-58.7,328.4-60.2,327.1-60.2,327.1z"},{"type":"path","fill":"#5FB032","stroke":"none","path":"M-81.8,322.3c1.4-7.3-0.5-17.6-0.5-17.6l2.6,15.9c0,0,0.3-11,4.5-17.1c-1.2,3.6-2.7,18.9-2.5,17.9c2.9-11.2,4.5-11.3,6.9-15.8c-1.4,3.2-5.8,10.6-5.3,17.7c0,0-1.2,0.4-3.1,0.3C-80.3,323.6-81.8,322.3-81.8,322.3z"},{"type":"path","fill":"#059FCC","stroke":"none","path":"M57.8,280.1C48.8,280.3,35,294,45,310c10.7,17.2,41.2,12.9,47.5,22.2c4.8,7-2.1,12.9-2.1,12.9s39.5-11.6,35-31.4C119.8,288.9,61.2,280.1,57.8,280.1z"},{"type":"path","fill":"#6E6E6D","stroke":"none","path":"M5,369.4 27.2,362.6 27.2,351.8 5,348 z"},{"type":"path","fill":"#5B8EA6","stroke":"none","path":"M22.8,354.7c1.9-0.8,4.5-1,7.8,0c2.3,0.7,3.3,1.2,4.8,1.1c1.5-0.1,2.7-0.5,4.2-0.3c1.5,0.2,1.8,0.3,3.3,0.9c1.5,0.6,2,0.9,2.8,0.9s3.1,0,3.1,0l-0.1,12.2l-25.9-8.3C22.8,361.2,22.8,354.7,22.8,354.7z"},{"type":"path","fill":"#669CB1","stroke":"none","path":"M20.1,355.4c2.1-0.9,7.7,0.8,9.6,1.2c1.9,0.4,3.4,0.8,5.3,0.8s2.7-0.3,4.9,0c2.2,0.3,4.5,0.8,5.3,1.2s3.6,1.2,3.6,1.2l-0.1,13.4l-38.4-5.6v-11.7c0,0,2.3-1.2,5-0.6C17.2,355.6,19.2,355.8,20.1,355.4z"},{"type":"path","fill":"#70AAC0","stroke":"none","path":"M5,358.1c0,0,2.7-1.6,5-1.8c2.3-0.2,4-0.2,6.2,0.2s5,2.5,8.5,2.7c3.5,0.2,7.5-0.4,10.6,0.2c3,0.6,5.3,1.6,8.1,2.3c2.8,0.8,5.4,1,5.4,1l-0.1,14.4L5,369.4V358.1z"},{"type":"path","fill":"#70AAC0","stroke":"none","path":"M-62.1,341.3 -58.1,342 -57.7,351.1 5,362.6 5,365.3 -62.1,353.3 z"},{"type":"path","fill":"#70AAC0","stroke":"none","path":"M44.4,369.4 79.1,375.9 79.1,378.6 40,371.7 z"},{"type":"path","fill":"#70AAC0","stroke":"none","path":"M79.1,375.9"},{"type":"path","fill":"#66B1D0","stroke":"none","path":"M79.1,378.6c11.3-2.8,20.7-6.2,28.4-10.2v-2.7c-7.7,4.1-17,7.5-28.4,10.3V378.6z"},{"type":"path","fill":"#66B1D0","stroke":"none","path":"M105.4,339.1 105.4,367.2 107.5,366.2 107.5,338 z"},{"type":"path","fill":"#686B69","stroke":"none","path":"M33.3,326 34.6,326.2 34.6,329.4 33.3,329 z"},{"type":"path","fill":"#999898","stroke":"none","path":"M34.6,326.2 35.8,325.6 35.8,328.6 34.6,329.4 z"},{"type":"path","fill":"#70AABF","stroke":"none","opacity":0.9,"path":"M34.6,324.9c0,0,0.2-6.9,2.4-6.2c4,1.2,2.7,13.4,2.7,13.4l4.1-0.2c0,0-0.6-14.4-5.7-14.4C32.9,317.6,34.6,324.9,34.6,324.9z"},{"type":"path","fill":"#70AABF","stroke":"none","opacity":0.9,"path":"M34.5,324.9c0,0-0.2-6.9-2.4-6.2c-4,1.2-2.7,13.4-2.7,13.4l-4.1-0.2c0,0,0.6-14.4,5.7-14.4C36.3,317.6,34.5,324.9,34.5,324.9z"},{"type":"path","fill":"#70AABF","stroke":"none","opacity":0.9,"path":"M34.7,326.2c0-2.7,0.2-12.6,2.4-11.9c4,1.2,6.9,11.1,6.9,11.1l4.1-0.2c0,0-4.8-12.1-9.9-12.1C33.3,313.1,34.4,323.5,34.7,326.2z"},{"type":"path","fill":"#70AABF","stroke":"none","opacity":0.9,"path":"M34.6,326.2c0-2.7-0.2-12.6-2.4-11.9c-4,1.2-5.9,11.1-5.9,11.1l-4.1-0.2c0,0,3.8-12.1,8.9-12.1C36,313.1,34.9,323.5,34.6,326.2z"},{"type":"path","fill":"#41A6CE","stroke":"none","path":"M109,319.7c-5.6-1.7-13,1.2-20.2-1.4c-7.2-2.5-9.7-4.8-15.2-4.4c-6.2,0.5-13.4-2.5-14.9-5.7c-1.2-2.5-0.3-5.2,0.4-7.1c0.7-1.9,4.3-2.8,8.3-3.3s6.2-2.4,8.3-4.3c2.1-1.9,7.2-7.7,8.5-7.8l-2.7-1c-1.2-0.3-13.7-3.2-13.7-3.2s-13.3-4.6-21.3,3.8c-13,13.6,0.3,27.3,0.3,27.3l0,0c12,14.1,39.6,12.3,45,19.4c5.6,7.3-1.5,13-1.5,13s8.1-2,20.3-9c5.5-3.1,7.9-5.7,7.9-5.7S116.5,322.1,109,319.7z"},{"type":"path","fill":"#5FB032","stroke":"none","path":"M52.5,284.5c-1-6.4-0.2-13.2-0.2-13.2l2.3,11.5c0,0,1.9-12,4.5-17.1c-1.2,3.6-3.3,17.3-2.5,17.9s0.5-5,2.9-9.5c-1.4,3.2-1.7,7.9-1.3,11.4c0,0-1.2,0.4-3.1,0.3C54,285.8,52.5,284.5,52.5,284.5z"},{"type":"path","fill":"#5FB032","stroke":"none","path":"M80.4,290.9c-1-6.4-0.2-13.2-0.2-13.2l2.3,11.5c0,0,1.9-12,4.5-17.1c-1.2,3.6-3.3,17.3-2.5,17.9s0.5-5,2.9-9.5c-1.4,3.2-1.7,7.9-1.3,11.4c0,0-1.2,0.4-3.1,0.3C81.9,292.2,80.4,290.9,80.4,290.9z"},{"type":"path","fill":"#5FB032","stroke":"none","path":"M44.8,285.8c-1-6.4-0.2-13.2-0.2-13.2l2.3,11.5c0,0,1.9-12,4.5-17.1c-1.2,3.6-3.3,17.3-2.5,17.9s0.5-5,2.9-9.5c-1.4,3.2-1.7,7.9-1.3,11.4c0,0-1.2,0.4-3.1,0.3C46.3,287.1,44.8,285.8,44.8,285.8z"},{"type":"path","fill":"#5FB032","stroke":"none","path":"M42.7,290c-1-6.4-0.2-13.2-0.2-13.2l2.3,11.5c0,0,1.9-12,4.5-17.1c-1.2,3.6-3.3,17.3-2.5,17.9s0.5-5,2.9-9.5c-1.4,3.2-1.7,7.9-1.3,11.4c0,0-1.2,0.4-3.1,0.3C44.2,291.3,42.7,290,42.7,290z"},{"type":"path","fill":"#5FB032","stroke":"none","path":"M59.2,283c-1-6.4-0.2-13.2-0.2-13.2l2.3,11.5c0,0,1.9-12,4.5-17.1c-1.2,3.6-3.3,17.3-2.5,17.9s0.5-5,2.9-9.5c-1.4,3.2-1.7,7.9-1.3,11.4c0,0-1.2,0.4-3.1,0.3C60.7,284.3,59.2,283,59.2,283z"},{"type":"path","fill":"#5FB032","stroke":"none","path":"M41.7,295.9c-1-6.4-0.2-13.2-0.2-13.2l2.3,11.5c0,0,1.9-12,4.5-17.1c-1.2,3.6-3.3,17.3-2.5,17.9s0.5-5,2.9-9.5c-1.4,3.2-1.7,7.9-1.3,11.4c0,0-1.2,0.4-3.1,0.3C43.2,297.2,41.7,295.9,41.7,295.9z"},{"type":"path","fill":"#5FB032","stroke":"none","path":"M48.6,292.9c1.8-4.9,1.2-12.8,1.2-12.8l0.8,11.1c0,0,1.9-12,4.5-17.1c-1.2,3.6-3.3,17.3-2.5,17.9s0.5-5,2.9-9.5c-1.4,3.2-1.7,7.9-1.3,11.4c0,0-1.2,0.4-3.1,0.3C50.1,294.2,48.6,292.9,48.6,292.9z"},{"type":"path","fill":"#5FB032","stroke":"none","path":"M71.4,285.8c1.8-4.9,1.2-12.8,1.2-12.8l0.8,11.1c0,0,1.9-12,4.5-17.1c-1.2,3.6-3.3,17.3-2.5,17.9s0.5-5,2.9-9.5c-1.4,3.2-1.7,7.9-1.3,11.4c0,0-1.2,0.4-3.1,0.3C72.9,287.1,71.4,285.8,71.4,285.8z"},{"type":"path","fill":"#5FB032","stroke":"none","path":"M64.8,287.4c1.6-7,3.3-19.6,3.3-19.6l-0.3,18c0,0-0.6-9.7,2-14.8c-1.2,3.6-0.8,15,0,15.6c0.8,0.6,0.8-16.8,5-21.7c-1.3,4.4-4,20.4-1,24.1c0,0-1.5,0.4-4.8,0C65.9,288.6,64.8,287.4,64.8,287.4z"},{"type":"path","fill":"#5FB032","stroke":"none","path":"M57.5,297.2c1.6-7,3.3-19.6,3.3-19.6l-0.3,18c0,0-0.6-9.7,2-14.8c-1.2,3.6-0.8,15,0,15.6s0.8-16.8,5-21.7c-1.3,4.4-4,20.4-1,24.1c0,0-1.5,0.4-4.8,0C58.6,298.4,57.5,297.2,57.5,297.2z"},{"type":"path","fill":"#5FB032","stroke":"none","path":"M73.3,291.6c1.6-7,3.3-19.6,3.3-19.6l-0.3,18c0,0-0.6-9.7,2-14.8c-1.2,3.6-0.8,15,0,15.6s0.8-16.8,5-21.7c-1.3,4.4-4,20.4-1,24.1c0,0-1.5,0.4-4.8,0C74.4,292.8,73.3,291.6,73.3,291.6z"},{"type":"path","fill":"#70AAC0","stroke":"none","path":"M48.7,367.1 52.9,367.7 52.9,350.3 33.3,346.6 33.3,341.5 35.2,341.7 35.2,345.4 54.5,349 54.5,370 47,368.7 z"},{"type":"path","fill":"#5FB032","stroke":"none","path":"M88.6,292.4c-1-6.4-5.3-14.8-5.3-14.8l8.3,13.3c0,0-0.6-9.7,2-14.8c-1.2,3.6-0.8,15,0,15.6c0.8,0.6,0.8-16.8,5-21.7c-1.3,4.4-4,20.4-1,24.1c0,0-1.5,0.4-4.8,0C89.7,293.7,88.6,292.4,88.6,292.4z"},{"type":"ellipse","fill":"#5FB032","stroke":"none","cx":-24.8,"cy":272.8,"rx":7.9,"ry":5.6},{"type":"ellipse","fill":"#8DBF5A","stroke":"none","cx":-43.4,"cy":267.7,"rx":7.2,"ry":5.7},{"type":"ellipse","fill":"#5FB032","stroke":"none","cx":-39.5,"cy":274.7,"rx":10.1,"ry":6.2},{"type":"ellipse","fill":"#DFDB11","stroke":"none","cx":-33.8,"cy":260.6,"rx":8.4,"ry":6.5},{"type":"ellipse","fill":"#8DBF5A","stroke":"none","cx":-27.5,"cy":264.6,"rx":8.5,"ry":6.3},{"type":"path","fill":"#A38979","stroke":"none","path":"M-33.4,272.8C-33.4,272.8-33.5,272.8-33.4,272.8C-33.5,272.6-33.4,272.6-33.4,272.8L-33.4,272.8L-33.4,272.8c0-0.4,0.7-0.6,1.7-0.6s1.7,0.2,1.7,0.6l0,0l1,30.5c0,0.5-1.1,0.9-2.6,0.9c-1.4,0-2.6-0.4-2.6-0.9L-33.4,272.8z"},{"type":"path","fill":"#A38979","stroke":"none","path":"M-26.4,273.7c0,0,0.5,0.1,0.9,0.5c0.4,0.4,0.4,0.9,0.4,0.9l-4.9,5.3c-0.2,0.1-0.7-0.1-1.2-0.6s-0.7-1.1-0.6-1.2L-26.4,273.7z"},{"type":"ellipse","fill":"#C7D019","stroke":"none","cx":-35.6,"cy":269.5,"rx":6.9,"ry":5.9},{"type":"path","fill":"#686B69","stroke":"none","path":"M27.7,291.5l1.1-0.2l-14.6-73.8l-1.1,0.1l-0.6-0.1l-4.3,36.2L8.1,254v0.5l0.1,0.1l-4.7,39.2l1.1,0.1l1-8.4l8.5,1.9l0.1,8.9h1.1l-0.1-8.8l10.9-4L27.7,291.5z M14.9,266.9l3.2,2.3L15,274L14.9,266.9z M15.8,266.1l5.8-2.2l-2.8,4.3L15.8,266.1z M15.3,265.1l2.8-5.5l3.3,3.2L15.3,265.1z M14.9,263.5l-0.1-7.1l2.5,2.4L14.9,263.5z M15.7,255.6l3.9-1.4l-1.8,3.5L15.7,255.6z M14.9,254.7l2-5.2l2.6,3.5L14.9,254.7z M14.7,252.1l-0.1-5.7l1.5,2L14.7,252.1z M15.2,245.2l2.6-1l-1.1,2.9L15.2,245.2z M14.7,244.2L14.7,244.2l-0.2-6.7l3.4,5.6L14.7,244.2z M13.5,243.9l-2.8-0.6l2.7-5.5L13.5,243.9z M13.8,267.3l0.1,6.8l-2.3-4L13.8,267.3z M10.9,269l-2.3-3.9l4.6,1L10.9,269z M13.4,275.6L8,274.4l2.8-3.4L13.4,275.6z M19,269.9l4,2.9l-7.7,2.9L19,269.9z M19.7,269l2.8-4.2l1.4,7.2L19.7,269z M18.6,258.5l1.8-3.6l1.3,6.7L18.6,258.5z M17.4,248.2l1.1-2.9l1.2,6.1L17.4,248.2z M14.9,235.9L14.9,235.9l1.7-0.6l1,5L14.9,235.9z M11,240l0.6-4.9l1.6,0.4L11,240z M13.2,245l-1.2,2.1l-0.9-2.6L13.2,245z M13.5,246.7l0.1,4.9l-1.1-3.1L13.5,246.7z M13.4,254.4l-3.8-0.9l2.2-3.8L13.4,254.4z M13.1,255.5l-1.9,2.7l-1.8-3.5L13.1,255.5z M13.7,256.7l0.1,6.6l-2-4L13.7,256.7z M13.3,265l-4.8-1.1l2.5-3.5L13.3,265z M7.9,266l2.3,3.9L7,273.8L7.9,266z M13.6,276.8l-3,2.7l-2.5-3.9L13.6,276.8z M14,278l0.1,6.8l-2.8-4.4L14,278z M15.1,277.3l4.3,2.3l-4.2,5.9L15.1,277.3z M16.2,276.5l7.3-2.7l-3.4,4.8L16.2,276.5z M16.4,234.1l-1.6,0.6l-0.3-0.1l-0.2-10.9L16.4,234.1z M13.2,221.7l0.2,12.7l-1.6-0.4L13.2,221.7z M10.3,245.7l0.9,2.6l-1.6,2.8L10.3,245.7z M10.4,259.3l-2.1,2.9l0.7-5.7L10.4,259.3z M6.8,275.5l3,4.7l-4,3.6L6.8,275.5z M10.4,281.2l3.2,5l-7-1.6L10.4,281.2z M16.3,285.9l4.1-5.8l4.7,2.5L16.3,285.9z M21.1,279.1l3.3-4.6l1.4,7L21.1,279.1z"},{"type":"path","fill":"#BCBCBB","stroke":"none","path":"M14.3,218.1c0-0.1,0-0.1,0-0.2c0,0,0,0,0-0.1c2.8-0.3,11.9-1.5,10.3-4.8c-1.6-3.4-8.4,2.4-10.5,4.3l-0.1-0.1c1.9-2.6,8.3-11.8,4.7-13c-3.6-1.3-4.8,9.7-5.1,12.9c0,0,0,0-0.1,0c0,0,0,0-0.1,0C13.1,214,12,203,8.5,204.6c-3.4,1.6,2.6,10.2,4.4,12.7c0,0-0.1,0-0.1,0.1c-2.2-2.2-9.6-9.3-10.9-5.7c-1.2,3.5,7.8,5.6,10.6,6.2c0,0.1,0,0.1,0,0.2c0,0,0,0,0,0.1c-2.8,0.3-11.9,1.5-10.3,4.8c1.6,3.4,8.4-2.4,10.5-4.3l0,0c-2.1,2.4-9.3,10.7-5.7,12c3.6,1.2,5.6-8.8,6.2-11.8h0.1h0.1c0.5,3.1,2.5,14.2,5.9,12.5s-3.5-10.3-5.5-12.7c0,0,0,0,0.1,0c2.2,2.2,9.6,9.3,10.9,5.7C26.1,220.7,17.1,218.7,14.3,218.1z"}]}