{"width":"229.7","height":"219.6","dx":"0","dy":"0","geometry":[{"type":"path","fill":"#FAF9F9","stroke":"none","path":"M226.9,162.7c0,22.2-50.1,40.2-111.8,40.2S3.4,184.9,3.4,162.7s50-40.2,111.8-40.2S226.9,140.5,226.9,162.7z"},{"type":"path","fill":"#989797","stroke":"none","path":"M2.4,162.1v12.9c0,13.7,29.6,39.5,115.6,39.5c63.7,0,109.1-20.9,109.1-39.1v-10.4c-1.3,18-47.1,38.1-109,38.1C30.2,203.2,1.6,176.1,2.4,162.1z"},{"type":"ellipse","fill":"none","stroke":"#B3B3B3","stroke-width":0.9996,"stroke-miterlimit":10,"cx":114.9,"cy":163,"rx":112.1,"ry":39.9},{"type":"path","fill":"#DDDEDF","stroke":"none","path":"M57.8,153.5 57.8,69.8 106.8,44 156.8,87.5 156.8,178.3 z"},{"type":"path","fill":"#A48A77","stroke":"none","path":"M157.3,28.6 106.8,44 156.8,87.5 207.3,69.8 z"},{"type":"path","fill":"#C6C7C8","stroke":"none","path":"M207.3,159.7 156.8,178.3 156.8,87.5 207.3,69.8 z"},{"type":"path","fill":"#A9C2E1","stroke":"none","path":"M76,100.8 76,80.3 64.8,77.6 64.8,98.2 z"},{"type":"path","fill":"#A9C2E1","stroke":"none","path":"M94.5,105.4 94.5,84.9 83.2,82.2 83.2,102.8 z"},{"type":"path","fill":"#A9C2E1","stroke":"none","path":"M112.9,110.1 112.9,89.6 101.6,86.9 101.6,107.4 z"},{"type":"path","fill":"#A9C2E1","stroke":"none","path":"M131.3,114.7 131.3,94.2 120.1,91.5 120.1,112 z"},{"type":"path","fill":"#A9C2E1","stroke":"none","path":"M149.9,119.1 149.9,98.6 138.6,95.9 138.6,116.4 z"},{"type":"path","fill":"#A9C2E1","stroke":"none","path":"M76,128.6 76,108.1 64.8,105.4 64.8,125.9 z"},{"type":"path","fill":"#A9C2E1","stroke":"none","path":"M94.5,133.2 94.5,112.7 83.2,110 83.2,130.5 z"},{"type":"path","fill":"#A9C2E1","stroke":"none","path":"M112.9,137.9 112.9,117.4 101.6,114.7 101.6,135.2 z"},{"type":"path","fill":"#B1B3B4","stroke":"none","path":"M129.3,171.4v-15.6c0,0-3-5.3-9.2-6.8c-5.9-1.4-9.2,2.2-9.2,2.2v15.5L129.3,171.4z"},{"type":"path","fill":"#A9C2E1","stroke":"none","path":"M131.3,142.5 131.3,122 120.1,119.3 120.1,139.8 z"},{"type":"path","fill":"#A9C2E1","stroke":"none","path":"M149.9,146.9 149.9,126.4 138.6,123.7 138.6,144.2 z"},{"type":"path","fill":"#88888A","stroke":"none","path":"M186.7,111.9 186.7,91.4 197.9,87.3 197.9,107.8 z"},{"type":"path","fill":"#88888A","stroke":"none","path":"M167.9,119 167.9,98.5 179.2,94.4 179.2,114.9 z"},{"type":"path","fill":"#88888A","stroke":"none","path":"M186.7,139.7 186.7,119.2 197.9,115.1 197.9,135.6 z"},{"type":"path","fill":"#88888A","stroke":"none","path":"M162.9,152.8 162.9,132.3 174.2,128.1 174.2,148.7 z"},{"type":"path","fill":"#989797","stroke":"none","path":"M-6.6,151.5L-6.6,151.5L-6.6,151.5C-6.6,151.6-6.6,151.6-6.6,151.5z"},{"type":"ellipse","fill":"#5AAC26","stroke":"none","cx":42.3,"cy":117.3,"rx":7.3,"ry":5.1},{"type":"ellipse","fill":"#87BB56","stroke":"none","cx":25,"cy":112.7,"rx":6.6,"ry":5.2},{"type":"ellipse","fill":"#5AAC26","stroke":"none","cx":28.7,"cy":119.1,"rx":9.3,"ry":5.7},{"type":"ellipse","fill":"#DFDB00","stroke":"none","cx":33.9,"cy":106.2,"rx":7.8,"ry":6},{"type":"ellipse","fill":"#AEBD59","stroke":"none","cx":39.8,"cy":109.8,"rx":7.8,"ry":5.9},{"type":"ellipse","fill":"#D9D9DA","stroke":"#FAF9F9","stroke-width":0.091495,"stroke-miterlimit":10,"cx":36.2,"cy":145.8,"rx":10.7,"ry":3.8},{"type":"path","fill":"#A38978","stroke":"none","path":"M34.2,117.3C34.2,117.3,34.2,117.2,34.2,117.3C34.2,117.2,34.2,117.2,34.2,117.3L34.2,117.3C34.2,117.2,34.2,117.2,34.2,117.3c0-0.3,0.7-0.6,1.6-0.6c0.9,0,1.6,0.3,1.6,0.6c0,0,0,0,0,0l0.9,28.1c0,0.5-1.1,0.8-2.4,0.8c-1.3,0-2.3-0.4-2.4-0.8L34.2,117.3z"},{"type":"path","fill":"#A38978","stroke":"none","path":"M43.1,115.8C43.1,115.8,43.1,115.8,43.1,115.8C43.1,115.8,43.1,115.8,43.1,115.8L43.1,115.8C43.1,115.7,43.1,115.8,43.1,115.8c0.1-0.1,0.5,0.1,0.8,0.4c0.3,0.3,0.5,0.7,0.4,0.8c0,0,0,0,0,0l-6.9,7.3c-0.2,0.2-0.7-0.1-1.2-0.6c-0.5-0.5-0.7-1-0.5-1.2L43.1,115.8z"},{"type":"path","fill":"#C7D009","stroke":"none","path":"M25.9,114.3c0-3,2.8-5.4,6.3-5.4c3.5,0,6.3,2.4,6.3,5.4c0,3-2.8,5.4-6.3,5.4C28.8,119.8,25.9,117.3,25.9,114.3z"},{"type":"path","fill":"#989797","stroke":"none","path":"M18.8,130.9L18.8,130.9L18.8,130.9C18.8,131,18.8,131,18.8,130.9z"},{"type":"ellipse","fill":"#5AAC26","stroke":"none","cx":169.9,"cy":159.5,"rx":7.3,"ry":5.1},{"type":"ellipse","fill":"#87BB56","stroke":"none","cx":152.6,"cy":154.9,"rx":6.6,"ry":5.2},{"type":"ellipse","fill":"#5AAC26","stroke":"none","cx":156.3,"cy":161.3,"rx":9.3,"ry":5.7},{"type":"ellipse","fill":"#DFDB00","stroke":"none","cx":161.5,"cy":148.4,"rx":7.8,"ry":6},{"type":"ellipse","fill":"#AEBD59","stroke":"none","cx":167.4,"cy":152,"rx":7.8,"ry":5.9},{"type":"ellipse","fill":"#D9D9DA","stroke":"#FAF9F9","stroke-width":0.091495,"stroke-miterlimit":10,"cx":163.8,"cy":188.1,"rx":10.7,"ry":3.8},{"type":"path","fill":"#A38978","stroke":"none","path":"M161.8,159.5C161.8,159.5,161.8,159.5,161.8,159.5C161.8,159.5,161.8,159.5,161.8,159.5L161.8,159.5C161.8,159.5,161.8,159.5,161.8,159.5c0-0.3,0.7-0.6,1.6-0.6c0.9,0,1.6,0.3,1.6,0.6c0,0,0,0,0,0l0.9,28.1c0,0.5-1.1,0.8-2.4,0.8c-1.3,0-2.3-0.4-2.4-0.8L161.8,159.5z"},{"type":"path","fill":"#A38978","stroke":"none","path":"M170.7,158C170.7,158,170.7,158,170.7,158C170.7,158,170.7,158,170.7,158L170.7,158C170.7,158,170.7,158,170.7,158c0.1-0.1,0.5,0.1,0.8,0.4c0.3,0.3,0.5,0.7,0.4,0.8c0,0,0,0,0,0l-6.9,7.3c-0.2,0.2-0.7-0.1-1.2-0.6c-0.5-0.5-0.7-1-0.5-1.2L170.7,158z"},{"type":"path","fill":"#C7D009","stroke":"none","path":"M153.5,156.6c0-3,2.8-5.4,6.3-5.4c3.5,0,6.3,2.4,6.3,5.4c0,3-2.8,5.4-6.3,5.4C156.4,162,153.5,159.6,153.5,156.6z"},{"type":"ellipse","fill":"#5AAC26","stroke":"none","cx":206.2,"cy":146.8,"rx":7.3,"ry":5.1},{"type":"ellipse","fill":"#87BB56","stroke":"none","cx":189,"cy":142.2,"rx":6.6,"ry":5.2},{"type":"ellipse","fill":"#5AAC26","stroke":"none","cx":192.6,"cy":148.7,"rx":9.3,"ry":5.7},{"type":"ellipse","fill":"#DFDB00","stroke":"none","cx":197.9,"cy":135.7,"rx":7.8,"ry":6},{"type":"ellipse","fill":"#AEBD59","stroke":"none","cx":203.7,"cy":139.4,"rx":7.8,"ry":5.9},{"type":"ellipse","fill":"#D9D9DA","stroke":"#FAF9F9","stroke-width":0.091495,"stroke-miterlimit":10,"cx":200.2,"cy":175.4,"rx":10.7,"ry":3.8},{"type":"ellipse","fill":"#705D50","stroke":"none","cx":145.9,"cy":48.5,"rx":3.3,"ry":1.2},{"type":"path","fill":"#A38978","stroke":"none","path":"M198.2,146.8C198.2,146.8,198.2,146.8,198.2,146.8C198.2,146.8,198.2,146.8,198.2,146.8L198.2,146.8C198.2,146.8,198.2,146.8,198.2,146.8c0-0.3,0.7-0.6,1.6-0.6c0.9,0,1.6,0.3,1.6,0.6c0,0,0,0,0,0l0.9,28.1c0,0.5-1.1,0.8-2.4,0.8c-1.3,0-2.3-0.4-2.4-0.8L198.2,146.8z"},{"type":"path","fill":"#A38978","stroke":"none","path":"M207.1,145.3C207.1,145.3,207.1,145.3,207.1,145.3C207.1,145.3,207.1,145.3,207.1,145.3L207.1,145.3C207.1,145.3,207.1,145.3,207.1,145.3c0.1-0.1,0.5,0.1,0.8,0.4c0.3,0.3,0.5,0.7,0.4,0.8c0,0,0,0,0,0l-6.9,7.3c-0.2,0.2-0.7-0.1-1.2-0.6c-0.5-0.5-0.7-1-0.5-1.2L207.1,145.3z"},{"type":"path","fill":"#C7D009","stroke":"none","path":"M189.9,143.9c0-3,2.8-5.4,6.3-5.4c3.5,0,6.3,2.4,6.3,5.4c0,3-2.8,5.4-6.3,5.4C192.7,149.3,189.9,146.9,189.9,143.9z"},{"type":"path","fill":"#FFFFFF","stroke":"none","path":"M164.5,8c-3.4-1.4-5.8-2.8-8-3.9v16.6c2.2,1.1,4.6,2.5,8,3.9c0.7,0.3,1.5,0.5,2.2,0.7V8.7\tC165.9,8.5,165.2,8.3,164.5,8z"},{"type":"path","fill":"#00A9C7","stroke":"none","path":"M145.9,2.4v16.6c4.6-0.9,7.3,0.1,10.6,1.8V4.1C153.2,2.4,150.5,1.4,145.9,2.4z"},{"type":"path","fill":"#E42B2E","stroke":"none","path":"M166.7,8.7v16.6c6,1.6,11.3,0,11.3,0V8.7C178,8.7,172.6,10.3,166.7,8.7z"},{"type":"path","fill":"none","stroke":"#3E3D40","stroke-miterlimit":10,"path":"M145.9,18.9c4.6-0.9,7.3,0.1,10.6,1.8c2.2,1.1,4.6,2.5,8,3.9\tc0.7,0.3,1.5,0.5,2.2,0.7c6,1.6,11.3,0,11.3,0V8.7c0,0-5.4,1.6-11.3,0c-0.7-0.2-1.4-0.4-2.2-0.7c-3.4-1.4-5.8-2.8-8-3.9\tc-3.3-1.7-6-2.7-10.6-1.8v46.2"},{"type":"path","fill":"#84D0F0","stroke":"none","path":"M25.3,146.2 22.7,156.5 17.1,162.2 17.1,168.7 35.5,173.4 35.5,166.9 41,161.3 43.4,150.8 \tz"},{"type":"ellipse","fill":"#F6F6F6","stroke":"none","transform":"t-136.8764,195.8869r-87.9873,0,0","cx":33,"cy":168.8,"rx":1.8,"ry":1},{"type":"ellipse","fill":"#F6F6F6","stroke":"none","transform":"t-146.9085,178.594r-87.9943,0,0","cx":19,"cy":165.4,"rx":1.8,"ry":1},{"type":"path","fill":"#A9C2E1","stroke":"none","path":"M25,157.2 27.5,148.4 40.4,151.7 38.3,160.7 \tz"},{"type":"path","fill":"#6F7072","stroke":"none","opacity":0.2,"path":"M27.5,148.4 40.4,151.7 38.3,160.7 \tz"},{"type":"path","fill":"#9E9FA1","stroke":"none","path":"M21.1,165 21.1,167.2 31,169.8 31,167.5 \tz"},{"type":"path","fill":"#88888A","stroke":"none","path":"M17.1,167.9 17.1,168.9 35.5,173.5 35.5,172.4 \tz"},{"type":"path","fill":"#75BAD7","stroke":"none","path":"M57.7,145.5 43.4,150.8 41,161.3 35.5,166.9 35.5,173.4 61.1,164 61.1,154.9 \tz"},{"type":"path","fill":"#58585A","stroke":"none","path":"M40.9,174.5c-0.6,0-1.1-1.1-1.3-2.6l1.2-0.5c0-2.5,0.6-4.4,1.4-4.4l0.8,0.1v7.8L40.9,174.5z"},{"type":"ellipse","fill":"#88888A","stroke":"none","cx":43,"cy":171,"rx":1.4,"ry":3.9},{"type":"path","fill":"#58585A","stroke":"none","path":"M56.2,168.9c-0.6,0-1.1-1.1-1.3-2.6l1.2-0.5c0-2.5,0.6-4.4,1.4-4.4l0.8,0.1v7.8L56.2,168.9z"},{"type":"ellipse","fill":"#88888A","stroke":"none","cx":58.3,"cy":165.4,"rx":1.4,"ry":3.9},{"type":"path","fill":"#90A5C1","stroke":"none","path":"M43.3,160.9 52.2,157.6 52.3,149.7 45.7,152.1 \tz"},{"type":"path","fill":"#90A5C1","stroke":"none","path":"M53.6,149.3 53.6,157.2 57.3,155.9 55.4,148.7 \tz"},{"type":"path","fill":"#84D0F0","stroke":"none","path":"M39.3,140.9 25.3,146.2 43.4,150.8 57.7,145.5 \tz"},{"type":"path","fill":"#6F7072","stroke":"none","opacity":0.2,"path":"M43.4,150.8 57.7,145.5 39.3,140.9 \tz"},{"type":"path","fill":"#EBEBED","stroke":"none","path":"M44.9,159.8 46.3,159.4 43.7,158.9 42.5,159.4 \t\tz"},{"type":"path","fill":"#88888A","stroke":"none","path":"M44.9,159.8 42.5,159.4 42.2,161 44.9,161.4 \t\tz"},{"type":"path","fill":"#88888A","stroke":"none","path":"M44.9,161.4 44.9,159.8 46.3,159.4 46.3,161 \t\tz"}]}