{"width":"224.7","height":"217.5","dx":"0","dy":"0","geometry":[{"type":"path","fill":"#999898","stroke":"none","path":"M0,165.1V178c0,13.7,29.6,39.5,115.6,39.5c63.7,0,109.1-20.9,109.1-39.1V168c-1.3,18-47.1,38.1-109,38.1\n\tC27.8,206.2-0.8,179.1,0,165.1z"},{"type":"path","fill":"#FBFAFA","stroke":"none","path":"M224.6,165.7c0,22.2-50.1,40.2-111.8,40.2S1,187.9,1,165.7s50-40.2,111.8-40.2S224.6,143.5,224.6,165.7z"},{"type":"ellipse","fill":"none","stroke":"#B4B4B4","stroke-width":0.9996,"stroke-miterlimit":10,"cx":112.5,"cy":166,"rx":112.1,"ry":39.9},{"type":"path","fill":"#989797","stroke":"none","path":"M1,166.9l175,31.6c0,0-62.8,15.8-126.5,0C-0.6,186.1,1,166.9,1,166.9z"},{"type":"path","fill":"#DDDEDF","stroke":"none","path":"M35.4,159.1 35.4,48.9 147.3,70.3 147.3,180.6 z"},{"type":"path","fill":"#8A9EBA","stroke":"none","path":"M35.4,49 47.7,22.5 159.6,44.2 147.3,70.5 z"},{"type":"path","fill":"#96ADC9","stroke":"none","path":"M48.1,22.7 84.1,10.2 196,31.9 160,44.3 z"},{"type":"path","fill":"#60AA26","stroke":"none","path":"M61.8,22.2 89.7,12.5 185.8,31.3 157.8,41 z"},{"type":"path","fill":"#A9C2E1","stroke":"none","path":"M60.5,88 60.5,62.4 45.6,59.5 45.6,85.2 z"},{"type":"path","fill":"#A9C2E1","stroke":"none","path":"M83.6,92.6 83.6,66.9 68.6,64.1 68.6,89.8 z"},{"type":"path","fill":"#A9C2E1","stroke":"none","path":"M106.8,97 106.8,71.3 91.8,68.5 91.8,94.1 z"},{"type":"path","fill":"#A9C2E1","stroke":"none","path":"M60.5,122.9 60.5,97.2 45.6,94.4 45.6,120.1 z"},{"type":"path","fill":"#A9C2E1","stroke":"none","path":"M83.6,127.4 83.6,101.7 68.6,98.9 68.6,124.6 z"},{"type":"path","fill":"#A9C2E1","stroke":"none","path":"M106.8,132 106.8,106.3 91.8,103.5 91.8,129.2 z"},{"type":"path","fill":"#A9C2E1","stroke":"none","path":"M130.2,101.6 130.2,75.9 115.2,73.1 115.2,98.7 z"},{"type":"path","fill":"#9C9E9E","stroke":"none","path":"M128.5,177.1v-19.6c0,0-0.4-6.8-5.5-8.2c-6.3-1.6-6.7,5.5-6.7,5.5v19.8L128.5,177.1z"},{"type":"path","fill":"#9C9E9E","stroke":"none","path":"M57.5,163.1v-19.6c0,0-0.4-6.8-5.5-8.2c-6.3-1.6-6.7,5.5-6.7,5.5v19.8L57.5,163.1z"},{"type":"path","fill":"#A9C2E1","stroke":"none","path":"M130.2,136.6 130.2,110.9 115.2,108.1 115.2,133.8 z"},{"type":"path","fill":"#A9C2E1","stroke":"none","path":"M84.1,163.2 84.1,137.5 69.1,134.7 69.1,160.4 z"},{"type":"path","fill":"#A9C2E1","stroke":"none","path":"M107.1,167.5 107.1,141.8 92.1,139 92.1,164.7 z"},{"type":"path","fill":"#87888A","stroke":"none","path":"M61.8,22.9 57.8,24.8 55.1,32.7 55.1,15.7 61.8,12.9 z"},{"type":"path","fill":"#B1B3B4","stroke":"none","path":"M51.7,14.8 51.7,31.9 55.1,32.7 55.1,15.7 \tz"},{"type":"path","fill":"#C7C7C8","stroke":"none","path":"M58.2,12 51.7,14.8 55.1,15.7 61.6,12.9 \tz"},{"type":"path","fill":"#C7C7C8","stroke":"none","path":"M196,31.9 159.6,44.2 147.3,70.3 147.3,180.6 210.5,157.3 210.5,48.1 z"},{"type":"path","fill":"#6F6561","stroke":"none","path":"M69.1,13.4 81.5,9.5 97.4,12.7 85,16.5 z"},{"type":"path","fill":"#A29590","stroke":"none","path":"M69.1,21.1 69.1,13.4 85,16.5 85,24.2 z"},{"type":"path","fill":"#6A4937","stroke":"none","path":"M71.8,14c0.3-0.4,0.9,0,2.6-1c1.7-1,1.6,0.2,2.6-0.3c1-0.5,2.2-2.4,3.9-2.2c0.4,0,1.4,0.2,2.8,0.2\n\tc1.4,0,2.5-0.5,3.2,0.3c0.7,0.9,0.4,1.1,2.4,1.2c2,0.1,2.7,0.1,3,0.5c0.3,0.4,0.5,1.5,0.5,1.5l-7.8,2.3L71.8,14z"},{"type":"path","fill":"#807A75","stroke":"none","path":"M97.4,20.4 85,24.2 85,16.5 97.4,12.7 z"},{"type":"path","fill":"#6F6561","stroke":"none","path":"M90.2,17.3 102.6,13.4 118.5,16.6 106.1,20.4 z"},{"type":"path","fill":"#A29590","stroke":"none","path":"M90.2,25 90.2,17.3 106.1,20.4 106.1,28.2 z"},{"type":"path","fill":"#6A4937","stroke":"none","path":"M92.9,17.9c0.3-0.4,0.9,0,2.6-1c1.7-1,1.6,0.2,2.6-0.3s2.2-2.4,3.9-2.2c0.4,0,1.4,0.2,2.8,0.2\n\tc1.4,0,2.5-0.5,3.2,0.3c0.7,0.9,0.4,1.1,2.4,1.2c2,0.1,2.7,0.1,3,0.5c0.3,0.4,0.5,1.5,0.5,1.5l-7.8,2.3L92.9,17.9z"},{"type":"path","fill":"#807A75","stroke":"none","path":"M118.5,24.3 106.1,28.2 106.1,20.4 118.5,16.6 z"},{"type":"path","fill":"#6F6561","stroke":"none","path":"M111.2,21.2 123.6,17.4 139.5,20.5 127.2,24.4 z"},{"type":"path","fill":"#A29590","stroke":"none","path":"M111.2,29 111.2,21.2 127.2,24.4 127.2,32.1 z"},{"type":"path","fill":"#6A4937","stroke":"none","path":"M114,21.9c0.3-0.4,0.9,0,2.6-1c1.7-1,1.6,0.2,2.6-0.3c1-0.5,2.2-2.4,3.9-2.2c0.4,0,1.4,0.2,2.8,0.2\n\tc1.4,0,2.5-0.5,3.2,0.3c0.7,0.9,0.4,1.1,2.4,1.2s2.7,0.1,3,0.5c0.3,0.4,0.5,1.5,0.5,1.5l-7.8,2.3L114,21.9z"},{"type":"path","fill":"#807A75","stroke":"none","path":"M139.5,28.3 127.2,32.1 127.2,24.4 139.5,20.5 z"},{"type":"path","fill":"#6F6561","stroke":"none","path":"M132.3,25.2 144.7,21.3 160.6,24.5 148.2,28.3 z"},{"type":"path","fill":"#A29590","stroke":"none","path":"M132.3,32.9 132.3,25.2 148.2,28.3 148.2,36 z"},{"type":"path","fill":"#6A4937","stroke":"none","path":"M135,25.8c0.3-0.4,0.9,0,2.6-1c1.7-1,1.6,0.2,2.6-0.3c1-0.5,2.2-2.4,3.9-2.2c0.4,0,1.4,0.2,2.8,0.2\n\tc1.4,0,2.5-0.5,3.2,0.3s0.4,1.1,2.4,1.2c2,0.1,2.7,0.1,3,0.5c0.3,0.4,0.5,1.5,0.5,1.5l-7.8,2.3L135,25.8z"},{"type":"path","fill":"#807A75","stroke":"none","path":"M160.6,32.2 148.2,36 148.2,28.3 160.6,24.5 z"},{"type":"ellipse","fill":"#60AA26","stroke":"none","cx":179.5,"cy":15.8,"rx":7.5,"ry":5.2},{"type":"ellipse","fill":"#60AA26","stroke":"none","transform":"t85.0307,161.0425r-65.9828,0,0","cx":166.5,"cy":15,"rx":5.8,"ry":9.6},{"type":"ellipse","fill":"#E0DA00","stroke":"none","cx":168.8,"cy":6.9,"rx":7.9,"ry":6.2},{"type":"ellipse","fill":"#B0BD56","stroke":"none","cx":176.9,"cy":8.1,"rx":8,"ry":6},{"type":"ellipse","fill":"#B0BD56","stroke":"none","cx":177.3,"cy":18.8,"rx":3.3,"ry":2.5},{"type":"path","fill":"#A18876","stroke":"none","path":"M171.2,15.6L171.2,15.6L171.2,15.6L171.2,15.6L171.2,15.6c0-0.4,0.7-0.6,1.7-0.6s1.7,0.2,1.7,0.6l0,0\n\tl0.8,17.1c0,0.5-1.1,0.8-2.4,0.8c-1.3,0-2.4-0.4-2.4-0.8L171.2,15.6z"},{"type":"path","fill":"#A18876","stroke":"none","path":"M180.3,14.1L180.3,14.1L180.3,14.1L180.3,14.1L180.3,14.1c0.1-0.1,0.5,0.1,0.8,0.4c0.4,0.4,0.5,0.7,0.4,0.8\n\tl0,0l-7.1,7.5c-0.2,0.1-0.7-0.1-1.2-0.6s-0.7-1.1-0.6-1.2L180.3,14.1z"},{"type":"path","fill":"#C8CF00","stroke":"none","path":"M166.8,12.2c0-3.7,3.4-6.6,7.7-6.6s7.7,3,7.7,6.6c0,3.7-3.4,6.6-7.7,6.6C170.3,18.8,166.8,15.9,166.8,12.2z"},{"type":"ellipse","fill":"#60AA26","stroke":"none","cx":170.9,"cy":21.8,"rx":7.5,"ry":5.2},{"type":"ellipse","fill":"#60AA26","stroke":"none","transform":"t74.4109,156.6841r-65.9828,0,0","cx":157.9,"cy":21,"rx":5.8,"ry":9.6},{"type":"ellipse","fill":"#E0DA00","stroke":"none","cx":160.2,"cy":12.9,"rx":7.9,"ry":6.2},{"type":"ellipse","fill":"#B0BD56","stroke":"none","cx":168.3,"cy":14.1,"rx":8,"ry":6},{"type":"ellipse","fill":"#B0BD56","stroke":"none","cx":168.7,"cy":24.8,"rx":3.3,"ry":2.5},{"type":"path","fill":"#A18876","stroke":"none","path":"M162.6,21.6L162.6,21.6L162.6,21.6L162.6,21.6L162.6,21.6c0-0.4,0.7-0.6,1.7-0.6s1.7,0.2,1.7,0.6l0,0\n\tl0.8,17.1c0,0.5-1.1,0.8-2.4,0.8c-1.3,0-2.4-0.4-2.4-0.8L162.6,21.6z"},{"type":"path","fill":"#A18876","stroke":"none","path":"M171.7,20.1L171.7,20.1L171.7,20.1L171.7,20.1L171.7,20.1c0.1-0.1,0.5,0.1,0.8,0.4c0.4,0.4,0.5,0.7,0.4,0.8\n\tl0,0l-7.1,7.5c-0.2,0.1-0.7-0.1-1.2-0.6s-0.7-1.1-0.6-1.2L171.7,20.1z"},{"type":"path","fill":"#C8CF00","stroke":"none","path":"M158.2,18.2c0-3.7,3.4-6.6,7.7-6.6s7.7,3,7.7,6.6c0,3.7-3.4,6.6-7.7,6.6C161.7,24.8,158.2,21.9,158.2,18.2z"},{"type":"path","fill":"#AEBD59","stroke":"none","path":"M101,15.6c-0.4-0.4-0.4-1.4-0.2-1.6s0.9-0.4,1-0.2c0.2,0.2,0.4,1.1,1,0.4c0.5-0.7,1-1,1.1-1\n\tc0.2,0,0.1,0,0.3,0.4c0.2,0.4,1.1,0.3,0.8,0.8c-0.3,0.4-0.7,0.5-0.5,0.8s0.1,0.5,0.5,0.7c0.4,0.1,0.8-0.4,0.9-0.7\n\tc0-0.1,0.3-0.3,0.4,0c0.1,0.3-0.2,1.1,0.3,0.4c0.5-0.7,0.3-0.7,0.7-1.1c0.3-0.4,1.1-0.3,1.2,0c0.1,0.3-0.2,0.2-0.1,0.7\n\tc0.1,0.4,0.3,0.7,0.7,0.7c0.3,0,1.5,0,1.4,0.4c0,0.3,0.4,1.2,0.1,1.3l-1,0.3L101,15.6z"},{"type":"path","fill":"#5AAC26","stroke":"none","path":"M99.5,17c-0.4-0.4-0.4-1.4-0.2-1.6c0.2-0.2,0.9-0.4,1-0.2c0.2,0.2,0.4,1.1,1,0.4c0.5-0.7,1-1,1.1-1\n\tc0.2,0,0.1,0,0.3,0.4c0.2,0.4,1.1,0.3,0.8,0.8s-0.7,0.5-0.5,0.8c0.1,0.2,0.1,0.5,0.5,0.7c0.4,0.1,0.8-0.4,0.9-0.7\n\tc0-0.1,0.3-0.3,0.4,0c0.1,0.3-0.2,1.1,0.3,0.4c0.5-0.7,0.3-0.7,0.7-1.1c0.3-0.4,1.1-0.3,1.2,0c0.1,0.3-0.2,0.2-0.1,0.7\n\tc0.1,0.4,0.3,0.7,0.7,0.7c0.3,0,1.5,0,1.4,0.4c0,0.3,0.4,1.2,0.1,1.3l-1,0.3L99.5,17z"},{"type":"path","fill":"#AEBD59","stroke":"none","path":"M96.7,17.6c-0.4-0.4-0.4-1.4-0.2-1.6c0.2-0.2,0.9-0.4,1-0.2c0.2,0.2,0.4,1.1,1,0.4c0.5-0.7,1-1,1.1-1\n\tc0.2,0,0.1,0,0.3,0.4c0.2,0.4,1.1,0.3,0.8,0.8c-0.3,0.4-0.7,0.5-0.5,0.8c0.1,0.2,0.1,0.5,0.5,0.7c0.4,0.1,0.8-0.4,0.9-0.7\n\tc0-0.1,0.3-0.3,0.4,0c0.1,0.3-0.2,1.1,0.3,0.4c0.5-0.7,0.3-0.7,0.7-1.1c0.3-0.4,1.1-0.3,1.2,0c0.1,0.3-0.2,0.2-0.1,0.7\n\tc0.1,0.4,0.3,0.7,0.7,0.7c0.3,0,1.5,0,1.4,0.4c0,0.3,0.4,1.2,0.1,1.3l-1,0.3L96.7,17.6z"},{"type":"path","fill":"#AEBD59","stroke":"none","path":"M79.9,11c-0.4-0.4-0.4-1.4-0.2-1.6c0.2-0.2,0.9-0.4,1-0.2c0.2,0.2,0.4,1.1,1,0.4c0.5-0.7,1-1,1.1-1\n\tc0.2,0,0.1,0,0.3,0.4c0.2,0.4,1.1,0.3,0.8,0.8c-0.3,0.4-0.7,0.5-0.5,0.8c0.1,0.2,0.1,0.5,0.5,0.7c0.4,0.1,0.8-0.4,0.9-0.7\n\tc0-0.1,0.3-0.3,0.4,0c0.1,0.3-0.2,1.1,0.3,0.4c0.5-0.7,0.3-0.7,0.7-1.1c0.3-0.4,1.1-0.3,1.2,0c0.1,0.3-0.2,0.2-0.1,0.7\n\tc0.1,0.4,0.3,0.7,0.7,0.7c0.3,0,1.5,0,1.4,0.4c0,0.3,0.4,1.2,0.1,1.3l-1,0.3L79.9,11z"},{"type":"path","fill":"#5AAC26","stroke":"none","path":"M78.4,12.4C78,12,78,11,78.2,10.8c0.2-0.2,0.9-0.4,1-0.2c0.2,0.2,0.4,1.1,1,0.4c0.5-0.7,1-1,1.1-1\n\tc0.2,0,0.1,0,0.3,0.4c0.2,0.4,1.1,0.3,0.8,0.8s-0.7,0.5-0.5,0.8s0.1,0.5,0.5,0.7c0.4,0.1,0.8-0.4,0.9-0.7c0-0.1,0.3-0.3,0.4,0\n\tc0.1,0.3-0.2,1.1,0.3,0.4c0.5-0.7,0.3-0.7,0.7-1.1c0.3-0.4,1.1-0.3,1.2,0c0.1,0.3-0.2,0.2-0.1,0.7c0.1,0.4,0.3,0.7,0.7,0.7\n\tc0.3,0,1.5,0,1.4,0.4c0,0.3,0.4,1.2,0.1,1.3l-1,0.3L78.4,12.4z"},{"type":"path","fill":"#AEBD59","stroke":"none","path":"M75.6,13c-0.4-0.4-0.4-1.4-0.2-1.6c0.2-0.2,0.9-0.4,1-0.2c0.2,0.2,0.4,1.1,1,0.4c0.5-0.7,1-1,1.1-1\n\tc0.2,0,0.1,0,0.3,0.4c0.2,0.4,1.1,0.3,0.8,0.8c-0.3,0.4-0.7,0.5-0.5,0.8s0.1,0.5,0.5,0.7c0.4,0.1,0.8-0.4,0.9-0.7\n\tc0-0.1,0.3-0.3,0.4,0c0.1,0.3-0.2,1.1,0.3,0.4s0.3-0.7,0.7-1.1c0.3-0.4,1.1-0.3,1.2,0c0.1,0.3-0.2,0.2-0.1,0.7\n\tc0.1,0.4,0.3,0.7,0.7,0.7c0.3,0,1.5,0,1.4,0.4c0,0.3,0.4,1.2,0.1,1.3l-1,0.3L75.6,13z"},{"type":"path","fill":"#AEBD59","stroke":"none","path":"M121.9,19.2c-0.4-0.4-0.4-1.4-0.2-1.6c0.2-0.2,0.9-0.4,1-0.2c0.2,0.2,0.4,1.1,1,0.4c0.5-0.7,1-1,1.1-1\n\tc0.2,0,0.1,0,0.3,0.4c0.2,0.4,1.1,0.3,0.8,0.8s-0.7,0.5-0.5,0.8c0.1,0.2,0.1,0.5,0.5,0.7c0.4,0.1,0.8-0.4,0.9-0.7\n\tc0-0.1,0.3-0.3,0.4,0c0.1,0.3-0.2,1.1,0.3,0.4c0.5-0.7,0.3-0.7,0.7-1.1c0.3-0.4,1.1-0.3,1.2,0c0.1,0.3-0.2,0.2-0.1,0.7\n\tc0.1,0.4,0.3,0.7,0.7,0.7c0.3,0,1.5,0,1.4,0.4c0,0.3,0.4,1.2,0.1,1.3l-1,0.3L121.9,19.2z"},{"type":"path","fill":"#5AAC26","stroke":"none","path":"M120.4,20.7c-0.4-0.4-0.4-1.4-0.2-1.6c0.2-0.2,0.9-0.4,1-0.2c0.2,0.2,0.4,1.1,1,0.4c0.5-0.7,1-1,1.1-1\n\tc0.2,0,0.1,0,0.3,0.4c0.2,0.4,1.1,0.3,0.8,0.8c-0.3,0.4-0.7,0.5-0.5,0.8c0.1,0.2,0.1,0.5,0.5,0.7c0.4,0.1,0.8-0.4,0.9-0.7\n\tc0-0.1,0.3-0.3,0.4,0s-0.2,1.1,0.3,0.4c0.5-0.7,0.3-0.7,0.7-1.1c0.3-0.4,1.1-0.3,1.2,0c0.1,0.3-0.2,0.2-0.1,0.7\n\tc0.1,0.4,0.3,0.7,0.7,0.7c0.3,0,1.5,0,1.4,0.4c0,0.3,0.4,1.2,0.1,1.3l-1,0.3L120.4,20.7z"},{"type":"path","fill":"#AEBD59","stroke":"none","path":"M117.6,21.2c-0.4-0.4-0.4-1.4-0.2-1.6c0.2-0.2,0.9-0.4,1-0.2c0.2,0.2,0.4,1.1,1,0.4c0.5-0.7,1-1,1.1-1\n\tc0.2,0,0.1,0,0.3,0.4c0.2,0.4,1.1,0.3,0.8,0.8s-0.7,0.5-0.5,0.8c0.1,0.2,0.1,0.5,0.5,0.7c0.4,0.1,0.8-0.4,0.9-0.7\n\tc0-0.1,0.3-0.3,0.4,0c0.1,0.3-0.2,1.1,0.3,0.4c0.5-0.7,0.3-0.7,0.7-1.1c0.3-0.4,1.1-0.3,1.2,0s-0.2,0.2-0.1,0.7\n\tc0.1,0.4,0.3,0.7,0.7,0.7c0.3,0,1.5,0,1.4,0.4c0,0.3,0.4,1.2,0.1,1.3l-1,0.3L117.6,21.2z"},{"type":"path","fill":"#AEBD59","stroke":"none","path":"M142.4,23.1c-0.4-0.4-0.4-1.4-0.2-1.6c0.2-0.2,0.9-0.4,1-0.2c0.2,0.2,0.4,1.1,1,0.4c0.5-0.7,1-1,1.1-1\n\tc0.2,0,0.1,0,0.3,0.4s1.1,0.3,0.8,0.8s-0.7,0.5-0.5,0.8c0.1,0.2,0.1,0.5,0.5,0.7c0.4,0.1,0.8-0.4,0.9-0.7c0-0.1,0.3-0.3,0.4,0\n\tc0.1,0.3-0.2,1.1,0.3,0.4c0.5-0.7,0.3-0.7,0.7-1.1s1.1-0.3,1.2,0c0.1,0.3-0.2,0.2-0.1,0.7c0.1,0.4,0.3,0.7,0.7,0.7s1.5,0,1.4,0.4\n\tc0,0.3,0.4,1.2,0.1,1.3l-1,0.3L142.4,23.1z"},{"type":"path","fill":"#5AAC26","stroke":"none","path":"M140.9,24.5c-0.4-0.4-0.4-1.4-0.2-1.6c0.2-0.2,0.9-0.4,1-0.2c0.2,0.2,0.4,1.1,1,0.4c0.5-0.7,1-1,1.1-1\n\tc0.2,0,0.1,0,0.3,0.4c0.2,0.4,1.1,0.3,0.8,0.8c-0.3,0.4-0.7,0.5-0.5,0.8c0.1,0.2,0.1,0.5,0.5,0.7c0.4,0.1,0.8-0.4,0.9-0.7\n\tc0-0.1,0.3-0.3,0.4,0c0.1,0.3-0.2,1.1,0.3,0.4c0.5-0.7,0.3-0.7,0.7-1.1c0.3-0.4,1.1-0.3,1.2,0s-0.2,0.2-0.1,0.7\n\tc0.1,0.4,0.3,0.7,0.7,0.7c0.3,0,1.5,0,1.4,0.4c0,0.3,0.4,1.2,0.1,1.3l-1,0.3L140.9,24.5z"},{"type":"path","fill":"#AEBD59","stroke":"none","path":"M138,25.1c-0.4-0.4-0.4-1.4-0.2-1.6c0.2-0.2,0.9-0.4,1-0.2c0.2,0.2,0.4,1.1,1,0.4c0.5-0.7,1-1,1.1-1\n\tc0.2,0,0.1,0,0.3,0.4c0.2,0.4,1.1,0.3,0.8,0.8c-0.3,0.4-0.7,0.5-0.5,0.8c0.1,0.2,0.1,0.5,0.5,0.7c0.4,0.1,0.8-0.4,0.9-0.7\n\tc0-0.1,0.3-0.3,0.4,0c0.1,0.3-0.2,1.1,0.3,0.4c0.5-0.7,0.3-0.7,0.7-1.1c0.3-0.4,1.1-0.3,1.2,0c0.1,0.3-0.2,0.2-0.1,0.7\n\tc0.1,0.4,0.3,0.7,0.7,0.7c0.3,0,1.5,0,1.4,0.4c0,0.3,0.4,1.2,0.1,1.3l-1,0.3L138,25.1z"}]}