{"width":"229.7","height":"135.9","dx":"0","dy":"0","geometry":[{"type":"path","fill":"#92BD61","stroke":"none","path":"M115.1,43.8C53.4,43.8,3.4,61.8,3.4,84c0,1.7,0.3,3.5,0.9,5.1c7,19.8,54,35,110.9,35c5.5,0,10.8-0.1,16.1-0.4c54.1-2.8,95.7-19.5,95.7-39.7C226.9,61.8,176.9,43.8,115.1,43.8z"},{"type":"path","fill":"#989797","stroke":"none","path":"M2.4,83.4v12.9c0,13.7,29.6,39.5,115.6,39.5c63.7,0,109.1-20.9,109.1-39.1V86.4c-1.3,18-47.1,38.1-109,38.1C30.2,124.5,1.6,97.4,2.4,83.4z"},{"type":"ellipse","fill":"none","stroke":"#B3B3B3","stroke-width":0.9996,"stroke-miterlimit":10,"cx":114.9,"cy":84.3,"rx":112.1,"ry":39.9},{"type":"path","fill":"#989797","stroke":"none","path":"M119.9,44.6L119.9,44.6L119.9,44.6C119.9,44.7,119.9,44.6,119.9,44.6z"},{"type":"path","fill":"#989797","stroke":"none","path":"M52,76L52,76L52,76C52,76.1,52,76.1,52,76z"},{"type":"path","fill":"#87BB56","stroke":"none","path":"M119.2,14.8c0-3.9,3.1-6.5,8.1-6.5s9,3.1,9,7c0,3.9-4,7-9,7S119.2,18.7,119.2,14.8z"},{"type":"ellipse","fill":"#5AAC26","stroke":"none","cx":132.2,"cy":24,"rx":12.6,"ry":7.7},{"type":"ellipse","fill":"#DFDB00","stroke":"none","cx":136.3,"cy":8.1,"rx":10.5,"ry":8.1},{"type":"ellipse","fill":"#AEBD59","stroke":"none","cx":149.5,"cy":10.3,"rx":10.6,"ry":7.9},{"type":"ellipse","fill":"#D9D9DA","stroke":"none","cx":142.4,"cy":55.4,"rx":14.5,"ry":5.2},{"type":"path","fill":"#A38978","stroke":"none","path":"M139.7,21.5C139.7,21.5,139.7,21.5,139.7,21.5C139.7,21.5,139.7,21.4,139.7,21.5L139.7,21.5C139.7,21.4,139.7,21.4,139.7,21.5c0-0.5,1-0.8,2.2-0.8c1.2,0,2.2,0.4,2.2,0.8c0,0,0,0,0,0l1.2,33.4c0,0.6-1.4,1.1-3.2,1.1c-1.7,0-3.2-0.5-3.2-1.1L139.7,21.5z"},{"type":"path","fill":"#A38978","stroke":"none","path":"M151.7,19.4C151.7,19.4,151.7,19.4,151.7,19.4C151.7,19.4,151.7,19.4,151.7,19.4L151.7,19.4C151.7,19.4,151.7,19.4,151.7,19.4c0.2-0.2,0.7,0.1,1.1,0.5c0.4,0.5,0.7,0.9,0.5,1.1c0,0,0,0,0,0L144,31c-0.2,0.2-0.9-0.1-1.6-0.8c-0.6-0.7-1-1.4-0.7-1.6L151.7,19.4z"},{"type":"path","fill":"#C7D009","stroke":"none","path":"M128.5,17.5c0-4.1,3.8-7.4,8.5-7.4c4.7,0,8.5,3.3,8.5,7.4c0,4.1-3.8,7.3-8.5,7.3C132.3,24.9,128.5,21.6,128.5,17.5z"},{"type":"ellipse","fill":"#AEBD59","stroke":"none","cx":150.6,"cy":20.1,"rx":10.6,"ry":7.9},{"type":"ellipse","fill":"#AEBD59","stroke":"none","cx":178.6,"cy":21,"rx":10.6,"ry":7.9},{"type":"path","fill":"#CFAB89","stroke":"none","path":"M213.8,102.5l-88.6-39.2c0,0-4.5-13.3,5.2-17.8c-7.2-0.2-8.2-0.7-12.5,0s-3.8,16-5.5,17.2s-34.1,6.3-49,14.6S9.7,97.4,9.7,97.4s5.8,6.5,12.9,9.2c4.7-1.3,22.9-7.5,30.5-12.6c6.4-4.3,56-24.1,63-21.9s85,37.1,85,37.1S206.4,107.3,213.8,102.5z"},{"type":"path","fill":"#B1B3B4","stroke":"none","path":"M124.3,85.6 119.9,87.4 119.9,70.1 124.3,68.5 z"},{"type":"path","fill":"#DDDEDF","stroke":"none","path":"M64.5,97.2 64.5,93.1 80.9,97.8 80.9,102 z"},{"type":"path","fill":"#DDDEDF","stroke":"none","path":"M111.7,63.4c-4.4-1.1-8.2,0.3-8.2,2v17.3l16.4,4.8V70.1C119.9,67.6,116.2,64.5,111.7,63.4z"},{"type":"path","fill":"#B1B3B4","stroke":"none","path":"M109.8,61.9c1.5-0.6,3.8-0.8,6.3-0.1c4.5,1.1,8.2,4.3,8.2,6.8l-4.4,1.6c0-2.5-3.7-5.6-8.2-6.8c-2.5-0.6-4.8-0.4-6.3,0.2"},{"type":"path","fill":"#B1B3B4","stroke":"none","path":"M152,96 147.6,97.8 147.6,80.5 152,79 z"},{"type":"path","fill":"#DDDEDF","stroke":"none","path":"M92.2,107.6 92.2,103.5 108.5,108.2 108.5,112.4 z"},{"type":"path","fill":"#DDDEDF","stroke":"none","path":"M139.4,73.8c-4.4-1.1-8.2,0.3-8.2,2V93l16.4,4.8V80.5C147.6,78.1,143.9,74.9,139.4,73.8z"},{"type":"path","fill":"#B1B3B4","stroke":"none","path":"M137.5,72.3c1.5-0.6,3.8-0.8,6.3-0.1c4.5,1.1,8.2,4.3,8.2,6.8l-4.4,1.6c0-2.5-3.7-5.6-8.2-6.8c-2.5-0.6-4.8-0.4-6.3,0.2"},{"type":"path","fill":"#ECEDED","stroke":"none","path":"M162.4,85.6 166.8,84.1 183.2,88.8 178.8,90.4 z"},{"type":"path","fill":"#B1B3B4","stroke":"none","path":"M183.2,105.8 178.8,107.7 178.8,90.4 183.2,88.8 z"},{"type":"path","fill":"#DDDEDF","stroke":"none","path":"M123.4,117.5 123.4,113.4 139.8,118.1 139.8,122.2 z"},{"type":"path","fill":"#9C9E9F","stroke":"none","path":"M134.9,81.5 134.9,79.3 143.8,81.9 143.8,84.1 z"},{"type":"path","fill":"#9C9E9F","stroke":"none","path":"M107.2,73.9 107.2,69.4 116.2,72 116.2,76.5 z"},{"type":"path","fill":"#DDDEDF","stroke":"none","path":"M170.6,83.6c-4.4-1.1-8.2,0.3-8.2,2v17.3l16.4,4.8V90.4C178.8,87.9,175.1,84.8,170.6,83.6z"},{"type":"path","fill":"#B1B3B4","stroke":"none","path":"M168.7,82.2c1.5-0.6,3.8-0.8,6.3-0.1c4.5,1.1,8.2,4.3,8.2,6.8l-4.4,1.6c0-2.5-3.7-5.6-8.2-6.8c-2.5-0.6-4.8-0.4-6.3,0.2"},{"type":"path","fill":"#ECEDED","stroke":"none","path":"M64.5,93.1 102.2,78.8 118.6,83.5 80.9,97.8 z"},{"type":"path","fill":"#ECEDED","stroke":"none","path":"M92.2,103.5 129.9,89.2 146.2,93.9 108.6,108.2 z"},{"type":"path","fill":"#ECEDED","stroke":"none","path":"M123.4,113.3 161.1,99 177.4,103.8 139.8,118.1 z"},{"type":"path","fill":"#B1B3B4","stroke":"none","path":"M118.6,87.7 80.9,102 80.9,97.8 118.6,83.5 z"},{"type":"path","fill":"#B1B3B4","stroke":"none","path":"M146.2,98.1 108.5,112.4 108.5,108.2 146.2,93.9 z"},{"type":"path","fill":"#B1B3B4","stroke":"none","path":"M177.4,108 139.8,122.2 139.8,118.1 177.4,103.8 z"},{"type":"path","fill":"#9C9E9F","stroke":"none","path":"M166.9,94 166.9,89.5 175.9,92.1 175.9,96.6 z"},{"type":"path","fill":"#ECEDED","stroke":"none","path":"M94.2,42.7 89.8,41.2 76.6,47.1 80.2,48.3 z"},{"type":"path","fill":"#ECEDED","stroke":"none","path":"M78,40.7 73.6,39.1 60.4,45 64,46.3 z"},{"type":"path","fill":"#B1B3B4","stroke":"none","path":"M60.4,62.5 64,63.6 64,46.3 60.4,45 z"},{"type":"path","fill":"#C6C7C8","stroke":"none","path":"M69.9,38.7c4.4-1.2,8.2,0.3,8.2,2V58l-14,5.6V46.3C64,43.8,64.1,40.3,69.9,38.7z"},{"type":"path","fill":"#B1B3B4","stroke":"none","path":"M71.7,37.3c-1.5-0.6-3.3-0.7-5.7,0.4c-3.9,1.8-5.7,5.6-5.7,7.4l3.6,1.3c0-2.5,1.4-6.3,5.8-7.6c2.5-0.7,4.8-0.4,6.3,0.2"},{"type":"path","fill":"#9C9E9F","stroke":"none","path":"M74.3,47.1 74.3,44.9 67.7,46.8 67.7,49.1 z"},{"type":"path","fill":"#ECEDED","stroke":"none","path":"M45.9,46.9 41.5,45.3 28.3,51.2 31.9,52.5 z"},{"type":"path","fill":"#B1B3B4","stroke":"none","path":"M28.3,68.7 31.9,69.8 31.9,52.5 28.3,51.2 z"},{"type":"path","fill":"#C6C7C8","stroke":"none","path":"M37.7,44.9c4.4-1.2,8.2,0.3,8.2,2v17.3l-14,5.6V52.5C31.9,50,32,46.5,37.7,44.9z"},{"type":"path","fill":"#B1B3B4","stroke":"none","path":"M39.6,43.5c-1.5-0.6-3.3-0.7-5.7,0.4c-3.9,1.8-5.7,5.6-5.7,7.4l3.6,1.3c0-2.5,1.4-6.3,5.8-7.6c2.5-0.7,4.8-0.4,6.3,0.2"},{"type":"path","fill":"#9C9E9F","stroke":"none","path":"M42.2,53.3 42.2,51.1 35.6,53 35.6,55.3 z"},{"type":"ellipse","fill":"#5AAC26","stroke":"none","cx":70.1,"cy":69.7,"rx":8.6,"ry":6.4},{"type":"ellipse","fill":"#D9D9DA","stroke":"none","cx":63.9,"cy":108.2,"rx":14.5,"ry":5.2},{"type":"path","fill":"#A38978","stroke":"none","path":"M61.3,78C61.3,78,61.3,78,61.3,78C61.3,78,61.3,78,61.3,78L61.3,78C61.3,78,61.3,78,61.3,78c0-0.5,1-0.8,2.2-0.8c1.2,0,2.2,0.4,2.2,0.8c0,0,0,0,0,0l1.2,29.7c0,0.6-1.4,1.1-3.2,1.1c-1.7,0-3.2-0.5-3.2-1.1L61.3,78z"},{"type":"path","fill":"#A38978","stroke":"none","path":"M73.3,76C73.3,76,73.3,76,73.3,76C73.3,76,73.3,76,73.3,76L73.3,76C73.3,76,73.3,76,73.3,76c0.2-0.2,0.7,0.1,1.1,0.5c0.4,0.5,0.7,0.9,0.5,1.1c0,0,0,0,0,0l-9.3,9.9c-0.2,0.2-0.9-0.1-1.6-0.8s-1-1.4-0.7-1.6L73.3,76z"},{"type":"ellipse","fill":"#87BB56","stroke":"none","cx":71,"cy":77.6,"rx":8.6,"ry":6.4},{"type":"path","fill":"#989797","stroke":"none","path":"M277.1,70.2L277.1,70.2L277.1,70.2C277.1,70.3,277.1,70.3,277.1,70.2z"},{"type":"ellipse","fill":"#D9D9DA","stroke":"none","cx":199.4,"cy":75.7,"rx":14.5,"ry":5.2},{"type":"path","fill":"#A38978","stroke":"none","path":"M196.7,26.1C196.7,26.1,196.7,26.1,196.7,26.1C196.7,26.1,196.7,26.1,196.7,26.1L196.7,26.1C196.7,26.1,196.7,26.1,196.7,26.1c0-0.5,1-0.8,2.2-0.8c1.2,0,2.2,0.4,2.2,0.8c0,0,0,0,0,0l1.2,49.1c0,0.6-1.4,1.1-3.2,1.1c-1.7,0-3.2-0.5-3.2-1.1L196.7,26.1z"},{"type":"path","fill":"#A38978","stroke":"none","path":"M208.7,24.1C208.7,24.1,208.7,24.1,208.7,24.1C208.7,24.1,208.7,24.1,208.7,24.1L208.7,24.1C208.7,24.1,208.7,24.1,208.7,24.1c0.2-0.2,0.7,0.1,1.1,0.5c0.4,0.5,0.7,0.9,0.5,1.1c0,0,0,0,0,0l-9.3,9.9c-0.2,0.2-0.9-0.1-1.6-0.8c-0.6-0.7-1-1.4-0.7-1.6L208.7,24.1z"},{"type":"path","fill":"#87BB56","stroke":"none","path":"M150.6,25.3c0-3.9,0.9-6.4,5.8-6.4s9,3.1,9,7c0,3.9-4,7-9,7S150.6,29.2,150.6,25.3z"},{"type":"path","fill":"#5AAC26","stroke":"none","path":"M154.9,34c0-4.3-0.5-7.1,6.5-7.1c7,0,12.6,3.5,12.6,7.7c0,4.3-0.1,4-7,4C160,38.6,154.9,38.3,154.9,34z"},{"type":"ellipse","fill":"#DFDB00","stroke":"none","cx":165.4,"cy":18.8,"rx":10.5,"ry":8.1},{"type":"ellipse","fill":"#D9D9DA","stroke":"none","cx":171.5,"cy":66.1,"rx":14.5,"ry":5.2},{"type":"path","fill":"#A38978","stroke":"none","path":"M168.9,32.1C168.9,32.1,168.9,32.1,168.9,32.1C168.9,32.1,168.9,32.1,168.9,32.1L168.9,32.1C168.9,32.1,168.9,32.1,168.9,32.1c0-0.5,1-0.8,2.2-0.8c1.2,0,2.2,0.4,2.2,0.8c0,0,0,0,0,0l1.2,33.4c0,0.6-1.4,1.1-3.2,1.1c-1.7,0-3.2-0.5-3.2-1.1L168.9,32.1z"},{"type":"path","fill":"#A38978","stroke":"none","path":"M180.9,30.1C180.9,30.1,180.9,30.1,180.9,30.1C180.9,30.1,180.9,30.1,180.9,30.1L180.9,30.1C180.9,30.1,180.9,30.1,180.9,30.1c0.2-0.2,0.7,0.1,1.1,0.5c0.4,0.5,0.7,0.9,0.5,1.1c0,0,0,0,0,0l-9.3,9.9c-0.2,0.2-0.9-0.1-1.6-0.8c-0.6-0.7-1-1.4-0.7-1.6L180.9,30.1z"},{"type":"path","fill":"#C7D009","stroke":"none","path":"M157.7,28.2c0-4.1,3.8-7.4,8.5-7.4c4.7,0,8.5,3.3,8.5,7.4c0,4.1-3.8,7.3-8.5,7.3C161.5,35.5,157.7,32.3,157.7,28.2z"},{"type":"ellipse","fill":"#AEBD59","stroke":"none","cx":179.8,"cy":30.7,"rx":10.6,"ry":7.9},{"type":"ellipse","fill":"#87BB56","stroke":"none","cx":184.3,"cy":19.9,"rx":9,"ry":7},{"type":"ellipse","fill":"#5AAC26","stroke":"none","cx":189.2,"cy":28.6,"rx":12.6,"ry":7.7},{"type":"ellipse","fill":"#DFDB00","stroke":"none","cx":193.2,"cy":12.7,"rx":10.5,"ry":8.1},{"type":"ellipse","fill":"#AEBD59","stroke":"none","cx":206.4,"cy":14.9,"rx":10.6,"ry":7.9},{"type":"path","fill":"#C7D009","stroke":"none","path":"M185.5,22.1c0-4.1,3.8-7.4,8.5-7.4c4.7,0,8.5,3.3,8.5,7.4c0,4.1-3.8,7.3-8.5,7.3C189.3,29.5,185.5,26.2,185.5,22.1z"},{"type":"ellipse","fill":"#AEBD59","stroke":"none","cx":207.6,"cy":24.7,"rx":10.6,"ry":7.9},{"type":"path","fill":"#ECEDED","stroke":"none","path":"M36.1,66 31.7,64.5 18.5,70.4 22.1,71.6 z"},{"type":"path","fill":"#B1B3B4","stroke":"none","path":"M18.5,87.9 22.1,88.9 22.1,71.6 18.5,70.4 z"},{"type":"path","fill":"#DDDEDF","stroke":"none","path":"M28,64c4.4-1.2,8.2,0.3,8.2,2v17.3l-14,5.6V71.6C22.1,69.2,22.2,65.6,28,64z"},{"type":"path","fill":"#B1B3B4","stroke":"none","path":"M29.8,62.6c-1.5-0.6-3.3-0.7-5.7,0.4c-3.9,1.8-5.7,5.6-5.7,7.4l3.6,1.3c0-2.5,1.4-6.3,5.8-7.6c2.5-0.7,4.8-0.4,6.3,0.2"},{"type":"path","fill":"#9C9E9F","stroke":"none","path":"M32.4,72.5 32.4,70.2 25.9,72.2 25.9,74.4 z"},{"type":"path","fill":"#ECEDED","stroke":"none","path":"M63.5,54 59.1,52.5 45.8,58.4 49.5,59.6 z"},{"type":"path","fill":"#B1B3B4","stroke":"none","path":"M45.8,75.9 49.5,76.9 49.5,59.6 45.8,58.4 z"},{"type":"path","fill":"#DDDEDF","stroke":"none","path":"M55.3,52c4.4-1.2,8.2,0.3,8.2,2v17.3l-14,5.6V59.6C49.5,57.2,49.6,53.7,55.3,52z"},{"type":"path","fill":"#B1B3B4","stroke":"none","path":"M57.2,50.6c-1.5-0.6-3.3-0.7-5.7,0.4c-3.9,1.8-5.7,5.6-5.7,7.4l3.6,1.3c0-2.5,1.4-6.3,5.8-7.6c2.5-0.7,4.8-0.4,6.3,0.2"},{"type":"path","fill":"#9C9E9F","stroke":"none","path":"M59.8,60.5 59.8,58.3 53.2,60.2 53.2,62.4 z"},{"type":"path","fill":"#B1B3B4","stroke":"none","path":"M76.6,64.6 80.2,65.6 80.2,48.3 76.6,47.1 z"},{"type":"path","fill":"#DDDEDF","stroke":"none","path":"M86,40.7c4.4-1.2,8.2,0.3,8.2,2V60l-14,5.6V48.3C80.2,45.8,80.3,42.3,86,40.7z"},{"type":"path","fill":"#B1B3B4","stroke":"none","path":"M87.9,39.3c-1.5-0.6-3.3-0.7-5.7,0.4c-3.9,1.8-5.7,5.6-5.7,7.4l3.6,1.3c0-2.5,1.4-6.3,5.8-7.6c2.5-0.7,4.8-0.4,6.3,0.2"},{"type":"path","fill":"#9C9E9F","stroke":"none","path":"M90.5,49.2 90.5,46.9 83.9,48.9 83.9,51.1 z"},{"type":"ellipse","fill":"#DFDB00","stroke":"none","cx":59.4,"cy":67.9,"rx":8.5,"ry":6.6},{"type":"path","fill":"#C7D009","stroke":"none","path":"M53.1,75.5c0-3.3,3.1-6,6.9-6c3.8,0,6.9,2.7,6.9,6c0,3.3-3.1,5.9-6.9,5.9C56.2,81.5,53.1,78.8,53.1,75.5z"},{"type":"ellipse","fill":"#AEBD59","stroke":"none","cx":52.2,"cy":73.7,"rx":7.3,"ry":5.7},{"type":"ellipse","fill":"#5AAC26","stroke":"none","cx":56.1,"cy":80.8,"rx":10.2,"ry":6.3}]}