{"width":"224.7","height":"126.1","dx":"0","dy":"0","geometry":[{"type":"path","fill":"#FBFAFA","stroke":"none","path":"M224.6,74.2c0,22.2-50.1,40.2-111.8,40.2C51.1,114.4,1,96.4,1,74.2C1,52,51,34.1,112.8,34.1C174.6,34.1,224.6,52,224.6,74.2z"},{"type":"path","fill":"#999898","stroke":"none","path":"M0,73.7v12.9c0,13.7,29.6,39.5,115.6,39.5c63.7,0,109.1-20.9,109.1-39.1V76.6c-1.3,18-47.1,38.1-109,38.1C27.8,114.7-0.8,87.7,0,73.7z"},{"type":"ellipse","fill":"none","stroke":"#B4B4B4","stroke-width":0.9996,"stroke-miterlimit":10,"cx":112.5,"cy":74.5,"rx":112.1,"ry":39.9},{"type":"path","fill":"#B1B3B4","stroke":"none","path":"M128.3,92.1 185,71.4 185,30.4 128.3,51.1 z"},{"type":"path","fill":"#A38979","stroke":"none","path":"M185,30.4 158.3,9.5 144.2,14.6 131.6,4.8 117.5,9.9 104.9,0 48.2,20.7 74.9,41.6 88.9,36.5 101.6,46.3 115.6,41.2 128.3,51.1 z"},{"type":"path","fill":"#D9DADB","stroke":"none","path":"M48.2,36.9 48.2,20.7 74.9,41.6 74.9,25.5 101.6,46.3 101.6,30.2 128.3,51.1 128.3,92.1 48.2,77.8 z"},{"type":"path","fill":"#88888A","stroke":"none","path":"M163.1,60.1c0-2.8,3-6.4,8.9-8.2c2.2-0.7,7.2-0.5,7.2,2.4v19.3l-16.1,5.8V60.1z"},{"type":"path","fill":"#A9C2E1","stroke":"none","path":"M85,66.8 85,54.1 53.9,48.8 53.9,61.5 z"},{"type":"path","fill":"#A9C2E1","stroke":"none","path":"M120.7,73.5 120.7,60.8 89.6,55.5 89.6,68.2 z"},{"type":"ellipse","fill":"#5CAD31","stroke":"none","cx":69.1,"cy":65.6,"rx":6.4,"ry":4.5},{"type":"ellipse","fill":"#88BC57","stroke":"none","cx":54,"cy":61.5,"rx":5.8,"ry":4.6},{"type":"ellipse","fill":"#5CAD31","stroke":"none","cx":57.2,"cy":67.2,"rx":8.2,"ry":5},{"type":"ellipse","fill":"#DFDB05","stroke":"none","cx":61.8,"cy":55.8,"rx":6.8,"ry":5.3},{"type":"ellipse","fill":"#88BC57","stroke":"none","cx":66.9,"cy":59,"rx":6.9,"ry":5.1},{"type":"path","fill":"#D9DADB","stroke":"#FBFAFA","stroke-width":0.0804,"stroke-miterlimit":10,"path":"M54.4,90.7c0,1.9,4.2,3.4,9.4,3.4c5.2,0,9.4-1.5,9.4-3.4c0-1.9-4.2-3.4-9.4-3.4C58.6,87.3,54.4,88.8,54.4,90.7z"},{"type":"path","fill":"#A38979","stroke":"none","path":"M62.1,65.6C62.1,65.6,62,65.6,62.1,65.6C62,65.5,62.1,65.5,62.1,65.6L62.1,65.6L62.1,65.6c0-0.3,0.6-0.5,1.4-0.5s1.4,0.2,1.4,0.5l0,0l0.8,24.7c0,0.4-0.9,0.7-2.1,0.7c-1.1,0-2.1-0.3-2.1-0.7L62.1,65.6z"},{"type":"path","fill":"#A38979","stroke":"none","path":"M67.8,66.4c0,0,0.4,0.1,0.7,0.4c0.3,0.3,0.3,0.7,0.3,0.7l-4,4.3c-0.2,0.1-0.6-0.1-1-0.5c-0.4-0.4-0.6-0.9-0.5-1L67.8,66.4z"},{"type":"ellipse","fill":"#C7D00F","stroke":"none","cx":60.3,"cy":63,"rx":5.6,"ry":4.8},{"type":"ellipse","fill":"#5CAD31","stroke":"none","cx":102.8,"cy":71.5,"rx":6.4,"ry":4.5},{"type":"ellipse","fill":"#88BC57","stroke":"none","cx":87.6,"cy":67.4,"rx":5.8,"ry":4.6},{"type":"ellipse","fill":"#5CAD31","stroke":"none","cx":90.8,"cy":73.1,"rx":8.2,"ry":5},{"type":"ellipse","fill":"#DFDB05","stroke":"none","cx":95.4,"cy":61.7,"rx":6.8,"ry":5.3},{"type":"ellipse","fill":"#88BC57","stroke":"none","cx":100.6,"cy":64.9,"rx":6.9,"ry":5.1},{"type":"path","fill":"#D9DADB","stroke":"#FBFAFA","stroke-width":0.0804,"stroke-miterlimit":10,"path":"M88,96.6c0,1.9,4.2,3.4,9.4,3.4c5.2,0,9.4-1.5,9.4-3.4s-4.2-3.4-9.4-3.4C92.3,93.2,88,94.7,88,96.6z"},{"type":"path","fill":"#A38979","stroke":"none","path":"M95.7,71.5C95.7,71.4,95.7,71.4,95.7,71.5C95.7,71.4,95.7,71.4,95.7,71.5L95.7,71.5L95.7,71.5c0-0.3,0.6-0.5,1.4-0.5c0.8,0,1.4,0.2,1.4,0.5l0,0l0.8,24.7c0,0.4-0.9,0.7-2.1,0.7c-1.1,0-2.1-0.3-2.1-0.7L95.7,71.5z"},{"type":"path","fill":"#A38979","stroke":"none","path":"M101.5,72.3c0,0,0.4,0.1,0.7,0.4c0.3,0.3,0.3,0.7,0.3,0.7l-4,4.3c-0.2,0.1-0.6-0.1-1-0.5c-0.4-0.4-0.6-0.9-0.5-1L101.5,72.3z"},{"type":"ellipse","fill":"#C7D00F","stroke":"none","cx":94,"cy":68.9,"rx":5.6,"ry":4.8},{"type":"path","fill":"#C7D00F","stroke":"none","path":"M133.8,81.5 133.8,55.8 157.7,48 157.7,73.7 z"},{"type":"path","fill":"#5A595B","stroke":"none","path":"M143.4,69c-3.9,0-2.9-2.7-4.5-5.9c0,0,1.5-0.1,1.7,0.6c0,0,0.6-2.8,0.3-3.9c0.4,0.7,1.1,1.1,1.1,1.1s1-3,0.9-4.8c0,0.6,1.1,1.4,1.1,1.8c0,0.4,0.4-2,1.8-4.4c0,0,0.3,3.1,0.8,3.3c0.4-1.6,0.8-2.2,0.8-2.2s1.2,2.2,0.8,4.1c0.6-0.6,1.1-1.7,1.1-1.7s0.6,2.8,0,4.6c1.1-0.9,1.9-2.2,1.9-2.2s-0.7,7.1-4.1,8.4c0.1-0.5,1.7-1.6,1.4-3.4c-0.6,1-0.9,0.7-0.9,0.7s0.3-1.2-0.5-2.6c-0.1,0.6-0.9,1.9-0.9,1.9s-0.6-1.2-1.2-2.4c-0.1,1.2-1.2,3.6-1,3.1l-0.7-0.9c0,0-0.7,2.2-0.1,2.9c-0.7,0-1.7-0.8-1.7-0.8S141.5,67.3,143.4,69z"},{"type":"path","fill":"#5A595B","stroke":"none","path":"M149,68.9 142,71.3 142,70.9 149,68.5 z"},{"type":"path","fill":"#5A595B","stroke":"none","path":"M136.5,75.1l1-0.3c0.4-0.1,0.8-0.2,1-0.1c0.2,0.1,0.3,0.2,0.3,0.5c0,0.2,0,0.4-0.1,0.5\tc-0.1,0.1-0.2,0.3-0.4,0.3l0,0c0.2,0,0.3,0,0.4,0.1s0.1,0.2,0.1,0.4c0,0.3-0.1,0.5-0.3,0.8c-0.2,0.2-0.5,0.4-0.8,0.5l-1.2,0.4V75.1\tz M137.2,76.1l0.4-0.1c0.2-0.1,0.3-0.1,0.4-0.2c0.1-0.1,0.1-0.2,0.1-0.3c0-0.1,0-0.2-0.1-0.2c-0.1,0-0.2,0-0.4,0.1l-0.4,0.1V76.1z\t M137.2,76.6v0.8l0.4-0.1c0.2-0.1,0.3-0.1,0.4-0.2c0.1-0.1,0.1-0.2,0.1-0.4c0-0.3-0.2-0.3-0.6-0.2L137.2,76.6z"},{"type":"path","fill":"#5A595B","stroke":"none","path":"M139.5,77.2v-3.1l0.7-0.2V77L139.5,77.2z"},{"type":"path","fill":"#5A595B","stroke":"none","path":"M143.8,74.2c0,0.5-0.1,1-0.4,1.3c-0.3,0.4-0.6,0.6-1.1,0.8s-0.9,0.1-1.1,0c-0.3-0.2-0.4-0.5-0.4-1.1\tc0-0.6,0.1-1,0.4-1.3c0.3-0.4,0.6-0.6,1.1-0.8c0.5-0.2,0.9-0.1,1.1,0C143.6,73.2,143.8,73.7,143.8,74.2z M141.5,74.9\tc0,0.4,0.1,0.6,0.2,0.7c0.1,0.1,0.3,0.2,0.6,0.1c0.5-0.2,0.8-0.6,0.8-1.3c0-0.7-0.3-1-0.8-0.8c-0.3,0.1-0.5,0.2-0.6,0.5\tC141.5,74.3,141.5,74.6,141.5,74.9z"},{"type":"path","fill":"#5A595B","stroke":"none","path":"M146.7,73l1.2-0.4v1.6c-0.2,0.1-0.4,0.2-0.6,0.3c-0.2,0.1-0.4,0.2-0.5,0.2c-0.5,0.2-0.8,0.1-1.1-0.1\tc-0.2-0.2-0.4-0.6-0.4-1.1s0.1-1,0.4-1.3c0.3-0.4,0.7-0.7,1.2-0.8c0.3-0.1,0.6-0.1,0.9-0.1l-0.2,0.6c-0.2,0-0.5,0-0.7,0.1\tc-0.3,0.1-0.5,0.3-0.7,0.5c-0.2,0.3-0.3,0.5-0.3,0.9c0,0.3,0.1,0.6,0.2,0.7c0.1,0.1,0.3,0.2,0.6,0.1c0.1,0,0.3-0.1,0.4-0.2v-0.7\tl-0.6,0.2V73H146.7z"},{"type":"path","fill":"#5A595B","stroke":"none","path":"M150.7,73.4l-0.2-0.7l-1.1,0.4l-0.2,0.8l-0.7,0.2l1.1-3.5l0.8-0.3l1.1,2.8L150.7,73.4z M150.3,72.2\tc-0.2-0.6-0.3-0.9-0.4-1c0-0.1,0-0.1-0.1-0.2c0,0.2-0.2,0.7-0.4,1.5L150.3,72.2z"},{"type":"path","fill":"#5A595B","stroke":"none","path":"M153.8,72.4l-2.3,0.7v-0.4L153,70l-1.5,0.5V70l2.3-0.8v0.4l-1.5,2.7l1.5-0.5V72.4z"}]}