{"width":"226","height":"115.7","dx":"0","dy":"0","geometry":[{"type":"path","fill":"#989797","stroke":"none","path":"M0.6,62.8v12.9c0,13.7,29.6,39.5,115.6,39.5c63.7,0,109.1-20.9,109.1-39.1V65.7c-1.3,18-47.1,38.1-109,38.1C28.4,103.9-0.2,76.8,0.6,62.8z"},{"type":"ellipse","fill":"#F9F7F1","stroke":"#B4B4B4","stroke-width":0.9996,"stroke-miterlimit":10,"cx":113.1,"cy":63.6,"rx":112.1,"ry":39.9},{"type":"path","fill":"#B1B3B4","stroke":"none","path":"M57.2,73.7 148.4,40.3 148.4,11.6 57.2,45 z"},{"type":"path","fill":"#D9DADB","stroke":"none","path":"M9.4,35.7 33.3,33.3 57.2,45 57.2,73.7 9.4,65.2 z"},{"type":"path","fill":"#A9C2E1","stroke":"none","path":"M32.4,49.2 32.4,42.1 23,40.5 23,47.5 z"},{"type":"path","fill":"#A9C2E1","stroke":"none","path":"M21.1,47.1 21.1,40 11.7,38.4 11.7,45.4 z"},{"type":"path","fill":"#A9C2E1","stroke":"none","path":"M54.8,53.5 54.8,46.5 45.3,44.9 45.3,51.9 z"},{"type":"path","fill":"#A9C2E1","stroke":"none","path":"M43.4,51.4 43.4,44.4 34,42.7 34,49.7 z"},{"type":"path","fill":"#B1B3B4","stroke":"none","path":"M117.2,83.2 208.4,49.9 208.4,21.2 117.2,54.5 z"},{"type":"path","fill":"#8F9091","stroke":"none","path":"M184,9.5 160.6,11.9 69.5,45.2 93.4,42.9 z"},{"type":"path","fill":"#D9DADB","stroke":"none","path":"M69.5,45.2 93.4,42.9 117.2,54.5 117.2,83.2 69.5,74.8 z"},{"type":"path","fill":"#88888A","stroke":"none","path":"M180.3,47.2l13.6-4.9v12.9l-13.6,4.9V47.2z"},{"type":"path","fill":"#88888A","stroke":"none","path":"M155.4,56.6l13.6-4.9v12.9l-13.6,4.9V56.6z"},{"type":"path","fill":"#88888A","stroke":"none","path":"M127.2,66.7l13.6-4.9v12.9l-13.6,4.9C127.2,79.6,127.2,66.7,127.2,66.7z"},{"type":"path","fill":"#88888A","stroke":"none","path":"M74.5,62.8l13.6,2.4v12.9l-13.6-2.4V62.8z"},{"type":"path","fill":"#88888A","stroke":"none","path":"M96.6,66.7l13.6,2.4V82l-13.6-2.4V66.7z"},{"type":"path","fill":"#88888A","stroke":"none","path":"M14.3,53.2l13.6,2.4v12.9L14.3,66V53.2z"},{"type":"path","fill":"#88888A","stroke":"none","path":"M36.5,57.1l13.6,2.4v12.9L36.5,70V57.1z"},{"type":"path","fill":"#A9C2E1","stroke":"none","path":"M92.6,59.1 92.6,52 83.1,50.4 83.1,57.5 z"},{"type":"path","fill":"#A9C2E1","stroke":"none","path":"M81.2,57 81.2,50 71.8,48.3 71.8,55.3 z"},{"type":"path","fill":"#A9C2E1","stroke":"none","path":"M114.9,63.5 114.9,56.4 105.5,54.8 105.5,61.8 z"},{"type":"path","fill":"#98ADC8","stroke":"none","path":"M132.7,59.6 132.7,52.5 123.3,56 123.3,63 z"},{"type":"path","fill":"#98ADC8","stroke":"none","path":"M143.1,55.9 143.1,48.8 133.7,52.3 133.7,59.3 z"},{"type":"path","fill":"#98ADC8","stroke":"none","path":"M153.5,52.2 153.5,45.1 144,48.5 144,55.5 z"},{"type":"path","fill":"#98ADC8","stroke":"none","path":"M163.8,48.5 163.8,41.4 154.4,44.8 154.4,51.8 z"},{"type":"path","fill":"#98ADC8","stroke":"none","path":"M174.2,44.7 174.2,37.7 164.8,41.1 164.8,48.1 z"},{"type":"path","fill":"#98ADC8","stroke":"none","path":"M184.6,41 184.6,33.9 175.2,37.4 175.2,44.4 z"},{"type":"path","fill":"#98ADC8","stroke":"none","path":"M195,37.3 195,30.2 185.6,33.7 185.6,40.7 z"},{"type":"path","fill":"#98ADC8","stroke":"none","path":"M205.4,33.6 205.4,26.5 195.9,29.9 195.9,36.9 z"},{"type":"path","fill":"#A9C2E1","stroke":"none","path":"M103.6,61.3 103.6,54.3 94.1,52.6 94.1,59.6 z"},{"type":"path","fill":"#9F9F9F","stroke":"none","path":"M93.2,42.9 184,9.5 208.4,21.2 117.2,54.5 z"},{"type":"path","fill":"#8F9091","stroke":"none","path":"M123.9,0 100.5,2.3 9.4,35.7 33.3,33.3 z"},{"type":"path","fill":"#9F9F9F","stroke":"none","path":"M33.2,33.4 123.9,0 148.4,11.6 57.2,45 z"},{"type":"path","fill":"#727279","stroke":"none","path":"M197.9,74.1"},{"type":"path","fill":"#5D5C60","stroke":"none","path":"M188.4,69.9 190.7,69.5 190.7,67 179.6,63.6 166.4,66 \tz"},{"type":"path","fill":"#5D5C60","stroke":"none","path":"M188.4,69.9 191,69.4 191,72.7 188.4,73.1 \tz"},{"type":"path","fill":"#E8B07E","stroke":"none","path":"M195.6,61.8 198.1,71.4 198.2,74.9 209,70.9 209,67.3 206.2,58 \tz"},{"type":"path","fill":"#E8CC57","stroke":"none","path":"M207.9,68.4c0.3-0.1,0.6,0.4,0.7,1.1c0,0.7-0.2,1.2-0.6,1.3c-0.3,0.1-0.6-0.4-0.6-0.9\tC207.2,69.3,207.5,68.6,207.9,68.4z"},{"type":"path","fill":"#E8CC57","stroke":"none","path":"M199.6,71.4c0.3-0.1,0.6,0.4,0.7,1.1c0,0.7-0.2,1.2-0.6,1.3c-0.3,0.1-0.6-0.4-0.6-0.9\tC198.9,72.3,199.2,71.5,199.6,71.4z"},{"type":"path","fill":"#8A8A8F","stroke":"none","path":"M188.4,69.9 166.4,66 166.4,69.2 188.4,73.2 \tz"},{"type":"path","fill":"#A8C1E5","stroke":"none","path":"M198.9,68.8 197.5,62.9 205.9,59.7 207.6,65.5 \tz"},{"type":"path","fill":"#727279","stroke":"none","opacity":0.2,"path":"M199,68.8 197.5,62.9 205.9,59.7 \tz"},{"type":"path","fill":"#5D5C60","stroke":"none","path":"M200.8,71.5 200.8,73 206.9,70.8 206.9,69.3 \tz"},{"type":"path","fill":"#F4C391","stroke":"none","path":"M198.5,55.1 188.1,58.9 166.5,55.1 176.8,51.3 \tz"},{"type":"path","fill":"#D29F71","stroke":"none","path":"M188.1,58.9 166.5,55.1 166.5,65.4 188.1,69.1 \tz"},{"type":"path","fill":"#B38962","stroke":"none","path":"M188.1,58.9 198.5,55.1 198.5,58.8 192,61.2 192.1,67.9 188.1,69.2 \tz"},{"type":"path","fill":"#C4966B","stroke":"none","path":"M189,73.2 198.2,74.9 198.1,71.4 195.6,61.8 188.9,60.6 \tz"},{"type":"path","fill":"#A8C1E5","stroke":"none","path":"M194.8,62.9 192.9,62.5 192.9,67.7 195.9,68.2 \tz"},{"type":"path","fill":"#A8C1E5","stroke":"none","path":"M190.2,62 190.2,67.2 192.6,67.6 192.6,62.4 \tz"},{"type":"path","fill":"#F4C391","stroke":"none","path":"M188.9,60.5 195.6,61.8 206.2,58 199.2,56.7 \tz"},{"type":"path","fill":"#727279","stroke":"none","opacity":0.2,"path":"M206.1,58.1 188.9,60.5 195.6,61.8 \tz"},{"type":"path","fill":"#C8C6C7","stroke":"none","path":"M174.2,58"},{"type":"path","fill":"#5D5C60","stroke":"none","path":"M193.1,75.5c0,0,0.9-0.3,1.1-0.4c0.4-0.3,0.6-0.7,0.6-1.1c0.1-1-0.3-2-1.2-2.1l-1.1,0.3"},{"type":"path","fill":"#8A8A8F","stroke":"none","path":"M194,74.2c0,0.6-0.4,1.4-1.2,1.3c-0.6-0.1-1.2-0.7-1.2-1.7c0-0.9,0.5-1.7,1.2-1.7\tC193.7,72.3,194,73.2,194,74.2z"},{"type":"path","fill":"#5D5C60","stroke":"none","path":"M181.3,73.4c0,0,0.9-0.3,1.1-0.4c0.4-0.3,0.6-0.7,0.6-1.1c0.1-1-0.3-2-1.2-2.1l-1.1,0.3"},{"type":"path","fill":"#9F9D9C","stroke":"none","path":"M182.2,72.1c0,0.6-0.4,1.4-1.2,1.3c-0.6-0.1-1.2-0.7-1.2-1.7c0-0.9,0.5-1.7,1.2-1.7\tC182,70.2,182.3,71.1,182.2,72.1z"},{"type":"path","fill":"#5D5C60","stroke":"none","path":"M169.4,71.3c0,0,0.9-0.3,1.1-0.4c0.4-0.3,0.6-0.7,0.6-1.1c0.1-1-0.3-2-1.2-2.1l-1.1,0.3"},{"type":"path","fill":"#9F9D9C","stroke":"none","path":"M170.3,70c0,0.6-0.4,1.4-1.2,1.3c-0.6-0.1-1.2-0.7-1.2-1.7s0.5-1.7,1.2-1.7C170,68.1,170.3,69,170.3,70z"},{"type":"path","fill":"#BCBCBB","stroke":"none","path":"M121.7,39.8 133.2,35.6 133.2,30.8 121.7,34.9 z"},{"type":"path","fill":"#E3E3E2","stroke":"none","path":"M102.9,36.9 114.5,32.7 114.5,27.9 102.9,32.1 z"},{"type":"path","fill":"#7E8689","stroke":"none","path":"M121.7,39.8 112.2,36 102.9,36.9 102.9,32.1 112.2,34.9 121.7,34.9 z"},{"type":"path","fill":"#6A7072","stroke":"none","path":"M123.8,30.7 133.3,30.8 121.7,34.9 112.2,34.9 102.9,32.1 114.5,27.9 123.8,30.7 z"},{"type":"path","fill":"#BCBCBB","stroke":"none","path":"M145.5,30.8 157,26.6 157,21.8 145.5,26 z"},{"type":"path","fill":"#7E8689","stroke":"none","path":"M145.5,30.8 136,27 126.7,27.9 126.7,23.1 136,25.9 145.5,26 z"},{"type":"path","fill":"#6A7072","stroke":"none","path":"M147.6,21.7 157.1,21.8 145.5,26 136,25.9 126.7,23.1 138.3,18.9 147.6,21.7 z"},{"type":"path","fill":"#BCBCBB","stroke":"none","path":"M168.8,22.4 180.3,18.3 180.3,13.5 168.8,17.6 z"},{"type":"path","fill":"#7E8689","stroke":"none","path":"M168.8,22.4 159.3,18.7 150,19.5 150,14.7 159.3,17.6 168.8,17.6 z"},{"type":"path","fill":"#6A7072","stroke":"none","path":"M170.9,13.4 180.4,13.5 168.8,17.6 159.3,17.6 150,14.7 161.6,10.6 170.9,13.4 z"},{"type":"path","fill":"#BCBCBB","stroke":"none","path":"M64.1,29.3 75.6,25.2 75.6,20.4 64.1,24.5 z"},{"type":"path","fill":"#7E8689","stroke":"none","path":"M64.1,29.3 54.6,25.6 45.3,26.4 45.3,21.6 54.6,24.5 64.1,24.5 z"},{"type":"path","fill":"#6A7072","stroke":"none","path":"M66.2,20.3 75.7,20.4 64.1,24.5 54.6,24.5 45.3,21.6 56.9,17.5 66.2,20.3 z"},{"type":"path","fill":"#BCBCBB","stroke":"none","path":"M87.9,20.4 99.4,16.2 99.4,11.4 87.9,15.5 z"},{"type":"path","fill":"#7E8689","stroke":"none","path":"M87.9,20.4 78.4,16.6 69.1,17.5 69.1,12.7 78.4,15.5 87.9,15.5 z"},{"type":"path","fill":"#6A7072","stroke":"none","path":"M90,11.3 99.5,11.4 87.9,15.5 78.4,15.5 69.1,12.7 80.7,8.5 90,11.3 z"},{"type":"path","fill":"#BCBCBB","stroke":"none","path":"M111.2,12 122.7,7.8 122.7,3 111.2,7.2 z"},{"type":"path","fill":"#7E8689","stroke":"none","path":"M111.2,12 101.7,8.3 92.4,9.1 92.4,4.3 101.7,7.1 111.2,7.2 z"},{"type":"path","fill":"#6A7072","stroke":"none","path":"M113.3,3 122.8,3 111.2,7.2 101.7,7.1 92.4,4.3 104,0.1 113.3,3 z"},{"type":"path","fill":"#727279","stroke":"none","path":"M168.4,86.2"},{"type":"path","fill":"#5D5C60","stroke":"none","path":"M158.8,82 161.1,81.6 161.1,79.1 150,75.7 136.8,78.1 \tz"},{"type":"path","fill":"#5D5C60","stroke":"none","path":"M158.8,82 161.4,81.5 161.4,84.8 158.8,85.2 \tz"},{"type":"path","fill":"#C5DCEC","stroke":"none","path":"M166.1,73.9 168.6,83.5 168.6,87 179.4,83 179.4,79.4 176.7,70.1 \tz"},{"type":"path","fill":"#E8CC57","stroke":"none","path":"M178.3,80.5c0.3-0.1,0.6,0.4,0.7,1.1c0,0.7-0.2,1.2-0.6,1.3c-0.3,0.1-0.6-0.4-0.6-0.9\tC177.6,81.4,177.9,80.7,178.3,80.5z"},{"type":"path","fill":"#E8CC57","stroke":"none","path":"M170.1,83.5c0.3-0.1,0.6,0.4,0.7,1.1c0,0.7-0.2,1.2-0.6,1.3c-0.3,0.1-0.6-0.4-0.6-0.9\tC169.4,84.4,169.6,83.7,170.1,83.5z"},{"type":"path","fill":"#8A8A8F","stroke":"none","path":"M158.8,82 136.8,78.1 136.8,81.3 158.8,85.3 \tz"},{"type":"path","fill":"#A8C1E5","stroke":"none","path":"M169.4,80.9 167.9,75 176.4,71.8 178,77.6 \tz"},{"type":"path","fill":"#727279","stroke":"none","opacity":0.2,"path":"M169.4,80.9 167.9,75 176.4,71.8 \tz"},{"type":"path","fill":"#5D5C60","stroke":"none","path":"M171.2,83.6 171.2,85.1 177.3,82.9 177.3,81.4 \tz"},{"type":"path","fill":"#CBE3F5","stroke":"none","path":"M168.9,67.2 158.5,71 136.9,67.2 147.2,63.4 \tz"},{"type":"path","fill":"#A2B5C2","stroke":"none","path":"M158.5,71 136.9,67.2 136.9,77.6 158.5,81.2 \tz"},{"type":"path","fill":"#8D9EA9","stroke":"none","path":"M158.5,71 168.9,67.2 168.9,71 162.4,73.3 162.5,80 158.5,81.3 \tz"},{"type":"path","fill":"#A2B5C2","stroke":"none","path":"M159.4,85.3 168.6,87 168.6,83.5 166.1,73.9 159.3,72.7 \tz"},{"type":"path","fill":"#A8C1E5","stroke":"none","path":"M165.2,75 163.4,74.6 163.3,79.8 166.4,80.3 \tz"},{"type":"path","fill":"#A8C1E5","stroke":"none","path":"M160.6,74.2 160.6,79.3 163,79.7 163,74.6 \tz"},{"type":"path","fill":"#CBE3F5","stroke":"none","path":"M159.3,72.6 166.1,73.9 176.7,70.1 169.7,68.8 \tz"},{"type":"path","fill":"#727279","stroke":"none","opacity":0.2,"path":"M176.5,70.2 159.3,72.6 166.1,73.9 \tz"},{"type":"path","fill":"#C8C6C7","stroke":"none","path":"M144.6,70.1"},{"type":"path","fill":"#5D5C60","stroke":"none","path":"M163.5,87.6c0,0,0.9-0.3,1.1-0.4c0.4-0.3,0.6-0.7,0.6-1.1c0.1-1-0.3-2-1.2-2.1l-1.1,0.3"},{"type":"path","fill":"#8A8A8F","stroke":"none","path":"M164.4,86.3c0,0.6-0.4,1.4-1.2,1.3c-0.6-0.1-1.2-0.7-1.2-1.7c0-0.9,0.5-1.7,1.2-1.7\tC164.2,84.4,164.4,85.3,164.4,86.3z"},{"type":"path","fill":"#5D5C60","stroke":"none","path":"M151.7,85.5c0,0,0.9-0.3,1.1-0.4c0.4-0.3,0.6-0.7,0.6-1.1c0.1-1-0.3-2-1.2-2.1l-1.1,0.3"},{"type":"path","fill":"#9F9D9C","stroke":"none","path":"M152.7,84.2c0,0.6-0.4,1.4-1.2,1.3c-0.6-0.1-1.2-0.7-1.2-1.7c0-0.9,0.5-1.7,1.2-1.7\tC152.4,82.3,152.7,83.2,152.7,84.2z"},{"type":"path","fill":"#5D5C60","stroke":"none","path":"M139.8,83.4c0,0,0.9-0.3,1.1-0.4c0.4-0.3,0.6-0.7,0.6-1.1c0.1-1-0.3-2-1.2-2.1l-1.1,0.3"},{"type":"path","fill":"#9F9D9C","stroke":"none","path":"M140.7,82.1c0,0.6-0.4,1.4-1.2,1.3c-0.6-0.1-1.2-0.7-1.2-1.7s0.5-1.7,1.2-1.7\tC140.4,80.2,140.7,81.1,140.7,82.1z"}]}