{"width":"225.7","height":"143.2","dx":"0","dy":"0","geometry":[{"type":"path","fill":"#B0B2B3","stroke":"none","path":"M209.5,55.2 212.4,54.1 155.9,43.1 155.9,43.1 153,44 \tz"},{"type":"path","fill":"#C4C5C3","stroke":"none","path":"M209.5,55.2 153,44 153,83.3 209.5,94.4 \tz"},{"type":"path","fill":"#969896","stroke":"none","path":"M209.5,94.4 209.5,55.2 212.4,54.1 212.4,93.4 \tz"},{"type":"path","fill":"#B0B2B3","stroke":"none","path":"M97.2,67.2 157.4,44.9 153,44 153,44.1 92.8,66.4 \tz"},{"type":"path","fill":"#D7DAD5","stroke":"none","path":"M97.2,67.2 92.8,66.4 92.8,105.6 97.2,106.4 \tz"},{"type":"path","fill":"#969896","stroke":"none","path":"M97.2,106.4 97.2,67.2 157.4,44.9 157.5,84.1 \tz"},{"type":"path","fill":"#AC8A54","stroke":"none","path":"M101.8,78.2 101.8,71.1 102.9,71.6 102.9,77.8 z"},{"type":"path","fill":"#BE985A","stroke":"none","path":"M101.5,78 101.5,70.9 101.8,71.5 101.8,78.2 z"},{"type":"path","fill":"#575759","stroke":"none","path":"M101.5,70.2 105.4,67.9 105.4,72.5 101.5,71.4 z"},{"type":"path","fill":"#BE985A","stroke":"none","path":"M105.8,80.3 105.8,73.1 106.2,73.8 106.2,80.4 z"},{"type":"path","fill":"#575759","stroke":"none","path":"M105.6,73 107.9,72.2 109.5,73.4 109.9,74 109.5,74.1 109.1,73.8 108,73.6 105.6,74.3 z"},{"type":"path","fill":"#EBDFC1","stroke":"none","path":"M133.3,70.2 119.3,75.3 117.8,74.9 131.8,69.9 z"},{"type":"path","fill":"#AC8A54","stroke":"none","path":"M119.8,74.8 119.8,71.9 120.8,71.6 120.8,74.4 z"},{"type":"path","fill":"#CABB9C","stroke":"none","path":"M119.8,71.9 119.3,71.7 120.3,71.4 120.9,71.6 z"},{"type":"path","fill":"#BE985A","stroke":"none","path":"M119.3,74.7 119.3,71.7 119.8,71.9 119.8,74.8 z"},{"type":"path","fill":"#AC8A54","stroke":"none","path":"M122.6,73.8 122.6,70.9 123.7,70.5 123.7,73.4 z"},{"type":"path","fill":"#CABB9C","stroke":"none","path":"M122.7,70.9 122.1,70.8 123.1,70.3 123.8,70.5 z"},{"type":"path","fill":"#BE985A","stroke":"none","path":"M122.1,73.7 122.1,70.8 122.6,70.9 122.6,73.8 z"},{"type":"path","fill":"#AC8A54","stroke":"none","path":"M125.5,72.8 125.5,69.9 126.6,69.5 126.6,72.4 z"},{"type":"path","fill":"#CABB9C","stroke":"none","path":"M125.5,69.9 124.9,69.7 126,69.4 126.6,69.5 z"},{"type":"path","fill":"#BE985A","stroke":"none","path":"M124.9,72.7 124.9,69.7 125.5,69.9 125.5,72.8 z"},{"type":"path","fill":"#AC8A54","stroke":"none","path":"M128.3,71.8 128.3,68.9 129.4,68.5 129.4,71.4 z"},{"type":"path","fill":"#CABB9C","stroke":"none","path":"M128.3,68.9 127.8,68.8 128.9,68.3 129.4,68.5 z"},{"type":"path","fill":"#BE985A","stroke":"none","path":"M127.8,71.7 127.8,68.8 128.3,68.9 128.3,71.8 z"},{"type":"path","fill":"#575759","stroke":"none","path":"M128.9,76.6 128.3,76.7 128.3,73.2 128.9,73 z"},{"type":"path","fill":"#AC8A54","stroke":"none","path":"M131.2,70.8 131.2,67.9 132.3,67.5 132.3,70.4 z"},{"type":"path","fill":"#CABB9C","stroke":"none","path":"M131.2,67.9 130.6,67.7 131.7,67.3 132.3,67.5 z"},{"type":"path","fill":"#BE985A","stroke":"none","path":"M130.6,70.7 130.6,67.7 131.2,67.8 131.2,70.8 z"},{"type":"path","fill":"#575759","stroke":"none","path":"M131.7,74.3 131.2,74.5 131.2,72.2 131.7,72 z"},{"type":"path","fill":"#A79C85","stroke":"none","path":"M133.3,71.8 119.3,76.9 119.3,75.3 133.3,70.2 z"},{"type":"path","fill":"#575759","stroke":"none","path":"M120.4,63.4 132,58.9 132,60.8 120.8,66.4 z"},{"type":"path","fill":"#BE985A","stroke":"none","path":"M117.8,67.7 117.8,64.3 120.8,63 122,64.3 121.1,66.3 z"},{"type":"path","fill":"#BE985A","stroke":"none","path":"M155.2,52.7 137.2,59.5 137.2,78.7 155.2,72 z"},{"type":"path","fill":"#EAEBEC","stroke":"none","path":"M149.2,65 153.1,64.2 153.1,58.5 149.2,59.3 z"},{"type":"path","fill":"#EAEBEC","stroke":"none","path":"M144.3,66 148.2,65.5 148.7,59.9 144.7,60.4 z"},{"type":"path","fill":"#EAEBEC","stroke":"none","path":"M149.5,70.8 153.4,70.3 153.8,64.6 149.9,65.1 z"},{"type":"path","fill":"#EAEBEC","stroke":"none","path":"M145.4,72.8 149.2,71.7 148.5,66 144.8,67.2 z"},{"type":"path","fill":"#EAEBEC","stroke":"none","path":"M138.8,67.8 142.7,67.1 142.8,61.4 138.8,62.1 z"},{"type":"path","fill":"#AC8A54","stroke":"none","path":"M183.3,52.3 171.2,88.9 172.1,89.8 184.3,52.7 z"},{"type":"path","fill":"#6B5732","stroke":"none","path":"M173.4,89.5 172.1,89.8 184.3,52.7 185.3,52.1 z"},{"type":"path","fill":"#C39C5D","stroke":"none","path":"M185.3,52.1 184.3,52.7 183.3,52.3 183.9,51.9 z"},{"type":"path","fill":"#AC8A54","stroke":"none","path":"M184.3,53 167.6,88.7 168.5,89.6 185.3,53.5 z"},{"type":"path","fill":"#987B49","stroke":"none","path":"M169.8,89.2 168.5,89.6 185.3,53.5 186.2,52.9 z"},{"type":"path","fill":"#C39C5D","stroke":"none","path":"M186.2,52.9 185.3,53.5 184.3,53 184.9,52.7 z"},{"type":"path","fill":"#937847","stroke":"none","path":"M181.2,54.4 162.2,86.6 163.1,87.5 182.3,54.9 z"},{"type":"path","fill":"#6B5732","stroke":"none","path":"M164.4,87.1 163.1,87.5 182.3,54.9 183.2,54.2 z"},{"type":"path","fill":"#C39C5D","stroke":"none","path":"M183.2,54.2 182.3,54.9 181.2,54.4 181.9,54 z"},{"type":"path","fill":"#AC8A54","stroke":"none","path":"M164.2,67.9 164.9,87.1 165.8,88 165.2,68.4 z"},{"type":"path","fill":"#987B49","stroke":"none","path":"M167.1,87.7 165.8,88 165.2,68.4 166.1,67.8 z"},{"type":"path","fill":"#C39C5D","stroke":"none","path":"M166.1,67.8 165.2,68.4 164.2,67.9 164.7,67.6 z"},{"type":"path","fill":"#937847","stroke":"none","path":"M161.6,49 155.2,85.4 156.2,86.3 162.7,49.5 z"},{"type":"path","fill":"#6B5732","stroke":"none","path":"M157.4,86 156.2,86.3 162.7,49.5 163.6,48.9 z"},{"type":"path","fill":"#C39C5D","stroke":"none","path":"M163.6,48.9 162.7,49.5 161.6,49 162.2,48.7 z"},{"type":"path","fill":"#AC8A54","stroke":"none","path":"M155.2,48 159.4,85.7 160.4,86.6 156.2,48.4 z"},{"type":"path","fill":"#937847","stroke":"none","path":"M161.6,86.3 160.4,86.6 156.2,48.4 157.1,47.8 z"},{"type":"path","fill":"#C39C5D","stroke":"none","path":"M157.1,47.8 156.2,48.4 155.2,48 155.8,47.6 z"},{"type":"path","fill":"#CABB9C","stroke":"none","path":"M168.8,107.7 138.6,102.3 138.6,116.2 140,116.5 140,104.9 166.5,109.6 166.5,121.2 168.8,121.6 \t\n\t\tz"},{"type":"path","fill":"#CABB9C","stroke":"none","path":"M185.3,103.8 183.1,103.6 183.1,115.2 185.3,115.6 \tz"},{"type":"path","fill":"#A79C85","stroke":"none","path":"M168.8,121.6 168.8,107.7 187,101 187,115 185.3,115.6 185.3,104.3 170.9,109.9 170.8,120.9 \tz"},{"type":"path","fill":"#A79C85","stroke":"none","path":"M140,116.5 140,104.9 142.4,105.3 142.4,115.6 \tz"},{"type":"path","fill":"#EBDFC1","stroke":"none","path":"M168.8,107.6 187,101 156.7,95.7 138.6,102.3 \tz"},{"type":"path","fill":"#A79C85","stroke":"none","path":"M98.5,106.6 98.5,93.4 100.9,94.4 100.9,105.8 \tz"},{"type":"path","fill":"#CABB9C","stroke":"none","path":"M136.1,90.9 134,90.7 134,102.1 136.1,102.4 \t\tz"},{"type":"path","fill":"#CABB9C","stroke":"none","path":"M115.8,96.6 97.2,93.1 97.2,106.4 98.5,106.6 98.5,95.2 114.5,98.2 114.6,109.6 115.8,109.8 \t\tz"},{"type":"path","fill":"#EBDFC1","stroke":"none","path":"M115.8,96.6 138.2,88.4 119.6,85.2 97.2,93.1 \t\tz"},{"type":"path","fill":"#A79C85","stroke":"none","path":"M115.8,109.8 115.8,96.6 138.2,88.4 138.3,101.7 136.1,102.4 136.1,91.1 118.2,97.6 118.2,109 \t\t\n\t\t\tz"},{"type":"path","fill":"#C9201C","stroke":"none","path":"M101.8,78.2 101.8,76.9 102.9,76.5 102.9,77.8 z"},{"type":"path","fill":"#E1241F","stroke":"none","path":"M101.5,78 101.5,76.7 101.8,76.9 101.8,78.2 z"},{"type":"path","fill":"#AC8A54","stroke":"none","path":"M106.2,80.4 106.2,73.4 107.3,73.8 107.3,80.1 z"},{"type":"path","fill":"#C9201C","stroke":"none","path":"M106.2,80.4 106.2,79.2 107.3,78.7 107.3,80.1 z"},{"type":"path","fill":"#E1241F","stroke":"none","path":"M105.8,80.3 105.8,79 106.2,79.2 106.2,80.4 z"},{"type":"path","fill":"#AC8A54","stroke":"none","path":"M110.9,82.6 110.9,75.5 112,76 112,82.3 z"},{"type":"path","fill":"#BE985A","stroke":"none","path":"M110.5,82.4 110.5,75.3 110.9,75.9 110.9,82.6 z"},{"type":"path","fill":"#C9201C","stroke":"none","path":"M110.9,82.6 110.9,81.4 112,80.9 112,82.3 z"},{"type":"path","fill":"#E1241F","stroke":"none","path":"M110.5,82.5 110.5,81.1 110.9,81.4 110.9,82.6 z"},{"type":"path","fill":"#575759","stroke":"none","path":"M110.4,74.8 112.7,74.1 113,74.7 114,74.8 114,75.5 110.4,76.4 z"},{"type":"path","fill":"#CABB9C","stroke":"none","path":"M119.3,75.3 119.3,76.9 117.8,76.6 117.8,74.9 z"},{"type":"path","fill":"#AC8A54","stroke":"none","path":"M119.1,90.5 119.1,86.7 124.7,84.6 124.7,88.4 z"},{"type":"path","fill":"#CABB9C","stroke":"none","path":"M119.1,86.7 111.5,85.1 116.9,83.1 124.7,84.6 z"},{"type":"path","fill":"#BE985A","stroke":"none","path":"M111.5,89 111.5,85.1 119.1,86.7 119.1,90.5 z"},{"type":"path","fill":"#AC8A54","stroke":"none","path":"M129.8,91.2 129.8,87.4 135.3,85.3 135.3,89.2 z"},{"type":"path","fill":"#CABB9C","stroke":"none","path":"M129.8,87.4 122.2,85.9 127.6,83.8 135.3,85.3 z"},{"type":"path","fill":"#BE985A","stroke":"none","path":"M122.2,89.7 122.2,85.9 129.8,87.4 129.8,91.2 z"},{"type":"path","fill":"#AC8A54","stroke":"none","path":"M108.2,93.7 108.2,89.8 113.8,87.8 113.8,91.6 z"},{"type":"path","fill":"#CABB9C","stroke":"none","path":"M108.2,89.8 100.6,88.3 106,86.2 113.8,87.8 z"},{"type":"path","fill":"#BE985A","stroke":"none","path":"M100.6,92.1 100.6,88.3 108.2,89.8 108.2,93.7 z"},{"type":"path","fill":"#575759","stroke":"none","path":"M120.3,82 119.8,82.2 119.8,76.2 120.3,76.1 z"},{"type":"path","fill":"#575759","stroke":"none","path":"M123.1,80.4 122.7,80.6 122.7,75.2 123.1,75 z"},{"type":"path","fill":"#575759","stroke":"none","path":"M126,78.1 125.5,78.3 125.5,74.2 126,74 z"},{"type":"path","fill":"#EBDFC1","stroke":"none","path":"M181.5,56.6 192.8,52.5 191.5,52.3 191.5,52.3 180.3,56.4 \tz"},{"type":"path","fill":"#CABB9C","stroke":"none","path":"M181.5,56.6 180.3,56.4 180.3,94.9 181.5,95.2 \tz"},{"type":"path","fill":"#A79C85","stroke":"none","path":"M181.5,95.2 181.5,56.6 192.8,52.5 192.8,91.1 \tz"},{"type":"path","fill":"#EBDFC1","stroke":"none","path":"M198.1,94.9 209.3,90.8 192.9,87.2 192.9,87.2 181.7,91.3 \tz"},{"type":"path","fill":"#CABB9C","stroke":"none","path":"M198.1,94.9 181.7,91.3 181.7,92.3 198.1,95.9 \tz"},{"type":"path","fill":"#A79C85","stroke":"none","path":"M198.1,95.9 198.1,94.9 209.3,90.8 209.4,91.8 \tz"},{"type":"path","fill":"#EBDFC1","stroke":"none","path":"M168.8,107.6 187,101 156.7,95.7 138.6,102.3 z"},{"type":"path","fill":"#AC8A54","stroke":"none","path":"M185.8,91.5 185.8,87.6 191.4,85.6 191.4,89.4 z"},{"type":"path","fill":"#746246","stroke":"none","path":"M185.8,87.6 183,87 188.4,85 191.4,85.6 z"},{"type":"path","fill":"#BE985A","stroke":"none","path":"M183,90.9 183,87 185.8,87.6 185.8,91.5 z"},{"type":"path","fill":"#AC8A54","stroke":"none","path":"M190.5,92.5 190.5,88.7 196.1,86.6 196.1,90.4 z"},{"type":"path","fill":"#746246","stroke":"none","path":"M190.5,88.7 187.6,88 193.1,86 196.1,86.6 z"},{"type":"path","fill":"#BE985A","stroke":"none","path":"M187.6,91.8 187.6,88 190.5,88.7 190.5,92.5 z"},{"type":"path","fill":"#EBDFC1","stroke":"none","path":"M198.1,88.5 209.3,84.5 192.9,80.9 192.9,80.9 181.7,85 \tz"},{"type":"path","fill":"#CABB9C","stroke":"none","path":"M198.1,88.5 181.7,85 181.7,86 198.1,89.6 \tz"},{"type":"path","fill":"#A79C85","stroke":"none","path":"M198.1,89.6 198.1,88.5 209.3,84.5 209.4,85.5 \tz"},{"type":"path","fill":"#EBDFC1","stroke":"none","path":"M198.1,82.2 209.3,78.1 192.9,74.5 192.9,74.5 181.7,78.7 \tz"},{"type":"path","fill":"#CABB9C","stroke":"none","path":"M198.1,82.2 181.7,78.7 181.7,79.7 198.1,83.3 \tz"},{"type":"path","fill":"#A79C85","stroke":"none","path":"M198.1,83.3 198.1,82.2 209.3,78.1 209.4,79.2 \tz"},{"type":"path","fill":"#AC8A54","stroke":"none","path":"M190.5,80.1 190.5,76.3 196.1,74.2 196.1,78.1 z"},{"type":"path","fill":"#746246","stroke":"none","path":"M190.5,76.3 187.6,75.6 193.1,73.6 196.1,74.2 z"},{"type":"path","fill":"#BE985A","stroke":"none","path":"M187.6,79.5 187.6,75.6 190.5,76.3 190.5,80.1 z"},{"type":"path","fill":"#AC8A54","stroke":"none","path":"M195.3,81.1 195.3,77.3 200.8,75.2 200.8,79.1 z"},{"type":"path","fill":"#746246","stroke":"none","path":"M195.3,77.3 192.4,76.7 197.8,74.7 200.8,75.2 z"},{"type":"path","fill":"#BE985A","stroke":"none","path":"M192.4,80.5 192.4,76.7 195.3,77.3 195.3,81.1 z"},{"type":"path","fill":"#EBDFC1","stroke":"none","path":"M198.1,75.9 209.3,71.8 192.9,68.2 192.9,68.2 181.7,72.3 \tz"},{"type":"path","fill":"#CABB9C","stroke":"none","path":"M198.1,75.9 181.7,72.3 181.7,73.4 198.1,77 \tz"},{"type":"path","fill":"#A79C85","stroke":"none","path":"M198.1,77 198.1,75.9 209.3,71.8 209.4,72.8 \tz"},{"type":"path","fill":"#AC8A54","stroke":"none","path":"M185.8,72.5 185.8,68.6 191.4,66.6 191.4,70.4 z"},{"type":"path","fill":"#746246","stroke":"none","path":"M185.8,68.6 183,68 188.4,66 191.4,66.6 z"},{"type":"path","fill":"#BE985A","stroke":"none","path":"M183,71.9 183,68 185.8,68.6 185.8,72.5 z"},{"type":"path","fill":"#AC8A54","stroke":"none","path":"M190.5,73.5 190.5,69.7 196.1,67.6 196.1,71.4 z"},{"type":"path","fill":"#746246","stroke":"none","path":"M190.5,69.7 187.6,69.1 193.1,67 196.1,67.6 z"},{"type":"path","fill":"#BE985A","stroke":"none","path":"M187.6,72.8 187.6,69.1 190.5,69.7 190.5,73.5 z"},{"type":"path","fill":"#AC8A54","stroke":"none","path":"M195.3,74.5 195.3,70.7 200.8,68.6 200.8,72.5 z"},{"type":"path","fill":"#746246","stroke":"none","path":"M195.3,70.7 192.4,70 197.8,68 200.8,68.6 z"},{"type":"path","fill":"#BE985A","stroke":"none","path":"M192.4,73.9 192.4,70 195.3,70.7 195.3,74.5 z"},{"type":"path","fill":"#EBDFC1","stroke":"none","path":"M198.1,69.6 209.3,65.5 192.9,61.9 192.9,61.9 181.7,66 \tz"},{"type":"path","fill":"#CABB9C","stroke":"none","path":"M198.1,69.6 181.7,66 181.7,67.1 198.1,70.6 \tz"},{"type":"path","fill":"#A79C85","stroke":"none","path":"M198.1,70.6 198.1,69.6 209.3,65.5 209.4,66.5 \tz"},{"type":"path","fill":"#AC8A54","stroke":"none","path":"M197,87.9 197,83.1 191.4,81.8 183.1,84.8 z"},{"type":"path","fill":"#93A96D","stroke":"none","path":"M189.7,65.5c0,0.5-1,0.9-2.4,0.9c-1.3,0-2.4-0.4-2.4-0.9v-5c0-0.5,1-0.9,2.4-0.9c1.3,0,2.4,0.4,2.4,0.9V65.5\n\tz"},{"type":"ellipse","fill":"#4A5839","stroke":"none","cx":187.3,"cy":60.5,"rx":2.3,"ry":0.8},{"type":"path","fill":"#93A96D","stroke":"none","path":"M197.6,65.5c0,0.5-1,0.9-2.4,0.9c-1.3,0-2.4-0.4-2.4-0.9v-5c0-0.5,1-0.9,2.4-0.9c1.3,0,2.4,0.4,2.4,0.9V65.5\n\tz"},{"type":"ellipse","fill":"#4A5839","stroke":"none","cx":195.2,"cy":60.5,"rx":2.3,"ry":0.8},{"type":"path","fill":"#EBDFC1","stroke":"none","path":"M198.3,59.9 209.5,55.8 208.3,55.5 208.3,55.5 197,59.6 \tz"},{"type":"path","fill":"#CABB9C","stroke":"none","path":"M198.3,59.9 197,59.6 197,98.2 198.3,98.5 \tz"},{"type":"path","fill":"#A79C85","stroke":"none","path":"M198.3,98.5 198.3,59.9 209.5,55.8 209.5,94.4 \tz"},{"type":"path","fill":"#AC8A54","stroke":"none","path":"M113.4,94.6 113.4,90.8 119,88.7 119,92.6 z"},{"type":"path","fill":"#CABB9C","stroke":"none","path":"M113.4,90.8 110.5,90.2 116,88.2 119,88.7 z"},{"type":"path","fill":"#BE985A","stroke":"none","path":"M110.5,94 110.5,90.2 113.4,90.8 113.4,94.6 z"},{"type":"path","fill":"#746246","stroke":"none","path":"M168.2,105.8 186.4,99.3 156.2,94 138,100.5 z"},{"type":"path","fill":"#93A96D","stroke":"none","path":"M170.6,104.4 188.8,97.8 158.5,92.4 140.4,99 z"},{"type":"path","fill":"#AC8A54","stroke":"none","path":"M169.8,103.4 187.9,96.8 157.7,91.5 139.5,98 z"},{"type":"path","fill":"#AC8A54","stroke":"none","path":"M169.8,101.6 187.9,95.1 157.7,89.8 139.5,96.3 z"},{"type":"path","fill":"#746246","stroke":"none","path":"M170.6,101.4 188.8,94.9 158.5,89.5 140.4,96 z"},{"type":"path","fill":"#C4C5C3","stroke":"none","path":"M169.2,100.4 187.3,93.8 157.1,88.5 138.9,95.1 z"},{"type":"path","fill":"#575759","stroke":"none","path":"M168.3,99.4 186.5,92.9 156.3,87.5 138.1,94 z"},{"type":"path","fill":"#AC8A54","stroke":"none","path":"M169.2,97.4 187.3,90.9 157.1,85.5 138.9,92.1 z"}]}