{"width":"224.7","height":"130.3","dx":"0","dy":"0","geometry":[{"type":"path","fill":"#999895","stroke":"none","path":"M0,76.6v13c0,13.7,29.6,39.5,115.6,39.5c63.7,0,109.1-20.9,109.1-39.1V79.6c-1.3,18-47.1,38.1-109,38.1\n\tC27.8,117.7-0.8,90.6,0,76.6z"},{"type":"ellipse","fill":"#F6F6F6","stroke":"#B3B3B3","stroke-width":0.9996,"stroke-miterlimit":10,"cx":112.5,"cy":77.5,"rx":112.1,"ry":39.9},{"type":"path","fill":"#DDDEDF","stroke":"none","path":"M22.5,79.2 22.5,21 130.5,40.6 130.5,98.8 z"},{"type":"path","fill":"#EDEDED","stroke":"none","path":"M22.5,21 87.5,0 190.7,18.9 130.6,40.6 z"},{"type":"path","fill":"#C6C7C8","stroke":"none","path":"M190.7,75.6 130.5,98.8 130.5,40.6 190.7,18.9 z"},{"type":"path","fill":"#7E7F7F","stroke":"none","path":"M137.6,96.4 137.6,58.2 185.9,39.1 185.9,77.3 z"},{"type":"path","fill":"#C6C7C8","stroke":"#FBFAF9","stroke-width":0.0915,"stroke-miterlimit":10,"path":"M208.7,73.8c4.9,0,8.8,1.4,8.8,3.1\n\ts-4,3.1-8.8,3.1c-4.9,0-8.8-1.4-8.8-3.1C199.8,75.2,203.8,73.8,208.7,73.8z"},{"type":"ellipse","fill":"#60AA26","stroke":"none","cx":215,"cy":51.1,"rx":7.5,"ry":5.2},{"type":"ellipse","fill":"#60AA26","stroke":"none","transform":"t73.8487,214.3514r-65.9828,0,0","cx":202,"cy":50.3,"rx":5.8,"ry":9.6},{"type":"ellipse","fill":"#E0DA00","stroke":"none","cx":204.3,"cy":42.2,"rx":7.9,"ry":6.2},{"type":"ellipse","fill":"#B0BD56","stroke":"none","cx":212.4,"cy":43.4,"rx":8,"ry":6},{"type":"ellipse","fill":"#B0BD56","stroke":"none","cx":212.8,"cy":54.1,"rx":3.3,"ry":2.5},{"type":"path","fill":"#A18876","stroke":"none","path":"M206.7,50.9L206.7,50.9L206.7,50.9L206.7,50.9L206.7,50.9c0-0.4,0.7-0.6,1.7-0.6s1.7,0.2,1.7,0.6l0,0\n\tl0.8,25.1c0,0.5-1.1,0.8-2.4,0.8c-1.3,0-2.4-0.4-2.4-0.8L206.7,50.9z"},{"type":"path","fill":"#A18876","stroke":"none","path":"M215.8,49.4L215.8,49.4L215.8,49.4L215.8,49.4L215.8,49.4c0.1-0.1,0.5,0.1,0.8,0.4c0.4,0.4,0.5,0.7,0.4,0.8\n\tl0,0l-7.1,7.5c-0.2,0.1-0.7-0.1-1.2-0.6s-0.7-1.1-0.6-1.2L215.8,49.4z"},{"type":"path","fill":"#C8CF00","stroke":"none","path":"M202.3,47.5c0-3.7,3.4-6.6,7.7-6.6s7.7,3,7.7,6.6c0,3.7-3.4,6.6-7.7,6.6C205.8,54.1,202.3,51.2,202.3,47.5z"},{"type":"path","fill":"#A9C2E1","stroke":"none","path":"M184.6,72 184.6,42.2 139.8,59.3 139.8,89.1 z"},{"type":"path","fill":"#7E7F7F","stroke":"none","path":"M155.7,86.6 155.5,53.2 154.3,52.9 154.4,86.3 z"},{"type":"path","fill":"#7E7F7F","stroke":"none","path":"M170.7,77.9 170.5,47.3 169.4,47.1 169.5,79.9 z"},{"type":"path","fill":"#C6C7C8","stroke":"#FBFAF9","stroke-width":0.0915,"stroke-miterlimit":10,"path":"M169.7,92.3c4.9,0,8.8,1.4,8.8,3.1\n\ts-4,3.1-8.8,3.1c-4.9,0-8.8-1.4-8.8-3.1C160.8,93.7,164.8,92.3,169.7,92.3z"},{"type":"ellipse","fill":"#60AA26","stroke":"none","cx":174,"cy":65.6,"rx":7.5,"ry":5.2},{"type":"ellipse","fill":"#60AA26","stroke":"none","transform":"t33.8919,189.6245r-65.9776,0,0","cx":163,"cy":68.7,"rx":5.8,"ry":9.6},{"type":"ellipse","fill":"#E0DA00","stroke":"none","cx":165.4,"cy":60.7,"rx":7.9,"ry":6.2},{"type":"ellipse","fill":"#B0BD56","stroke":"none","cx":173.4,"cy":61.9,"rx":8,"ry":6},{"type":"ellipse","fill":"#B0BD56","stroke":"none","cx":173.8,"cy":72.7,"rx":3.3,"ry":2.5},{"type":"path","fill":"#A18876","stroke":"none","path":"M167.7,69.5L167.7,69.5L167.7,69.5L167.7,69.5L167.7,69.5c0-0.4,0.7-0.6,1.7-0.6s1.7,0.2,1.7,0.6l0,0\n\tl0.8,25.1c0,0.5-1.1,0.8-2.4,0.8c-1.3,0-2.4-0.4-2.4-0.8L167.7,69.5z"},{"type":"path","fill":"#A18876","stroke":"none","path":"M176.8,67.9L176.8,67.9L176.8,67.9L176.8,67.9L176.8,67.9c0.1-0.1,0.5,0.1,0.8,0.4c0.4,0.4,0.5,0.7,0.4,0.8\n\tl0,0l-7.1,7.5c-0.2,0.1-0.7-0.1-1.2-0.6s-0.7-1.1-0.6-1.2L176.8,67.9z"},{"type":"path","fill":"#C8CF00","stroke":"none","path":"M163.4,66c0-3.7,3.4-6.6,7.7-6.6s7.7,3,7.7,6.6c0,3.7-3.4,6.6-7.7,6.6C166.8,72.7,163.4,69.7,163.4,66z"},{"type":"path","fill":"#D5B486","stroke":"none","path":"M102.2,46.7 104.4,45.9 61,37.4 61,37.4 58.8,38.1 z"},{"type":"path","fill":"#CCA462","stroke":"none","path":"M121.8,51 59,38.2 59,68.4 121.8,81.1 z"},{"type":"path","fill":"#CCA462","stroke":"none","path":"M31.3,39.8 28,39.2 28,80.1 31.3,80.7 z"},{"type":"path","fill":"#B89457","stroke":"none","path":"M31.3,80.7 31.3,39.8 50.8,32.5 62.5,35.1 62.5,69 z"},{"type":"path","fill":"#CBBB9D","stroke":"none","path":"M67.8,72.4 35.2,66.6 35.2,81.6 36.8,81.8 36.8,69.3 65.4,74.4 65.4,86.9 67.8,87.4 z"},{"type":"path","fill":"#A89D85","stroke":"none","path":"M67.8,87.4 67.8,72.4 87.3,65.3 87.4,80.2 85.7,80.9 85.7,68.6 70.1,74.9 70.1,86.5 z"},{"type":"path","fill":"#ECE0C2","stroke":"none","path":"M67.8,72.4 87.3,65.3 54.8,59.5 35.2,66.6 z"},{"type":"path","fill":"#CBBB9D","stroke":"none","path":"M100.3,78.1 67.7,72.4 67.7,87.4 69.3,87.6 69.3,75.1 97.9,80.2 97.8,92.7 100.3,93.1 z"},{"type":"path","fill":"#A89D85","stroke":"none","path":"M100.3,93.1 100.3,78.1 119.8,71.1 119.9,86 118.2,86.7 118.2,74.4 102.6,80.6 102.5,92.3 z"},{"type":"path","fill":"#ECE0C2","stroke":"none","path":"M100.3,78.1 119.8,71.1 87.3,65.3 67.7,72.4 z"},{"type":"path","fill":"#93D5F6","stroke":"none","path":"M28,39.2 28,25.7 121.8,42.7 121.8,56.3 z"},{"type":"path","fill":"#706F6F","stroke":"none","path":"M61.2,39.6c0-1-0.4-1.5-1.1-1.6c-0.2,0-0.3,0-0.5-0.1l-0.9,4.2L57,41.8l1.6-7l1.7,0.1l-0.5,2.4h0.1\n\t\tc0.4,0.1,0.8-0.1,1.2-0.4c0.3-0.3,0.5-0.7,0.5-1.2c0-0.6-0.3-1-0.8-1.3c-0.2-0.1-0.4-0.2-0.7-0.2c-0.2,0-0.5-0.1-0.7-0.1\n\t\ts-0.4,0-0.7,0.1c-0.5,0.1-0.8,0.4-1.1,0.8s-0.4,0.8-0.4,1.4c0,0.3,0,0.5,0.1,0.7v0.1c-0.6-0.1-1-0.4-1.1-0.8\n\t\tc-0.2,0-0.2-0.1-0.2-0.3c0-0.4,0.1-0.8,0.3-1.1c0.2-0.3,0.5-0.6,0.9-0.8c0.9-0.5,1.8-0.6,2.9-0.4c0.8,0.1,1.4,0.4,1.8,0.8\n\t\tc0.4,0.4,0.6,0.9,0.6,1.4c0,0.3-0.1,0.7-0.3,1s-0.5,0.5-0.9,0.7c0.5,0.2,0.8,0.4,1,0.8s0.3,0.8,0.3,1.3c0,0.3,0,0.6-0.1,1\n\t\tc-0.2,0.8-0.6,1.4-1.2,1.8c-0.3,0.2-0.7,0.2-1.2,0.1s-0.8-0.3-1-0.6C59,42,59,41.8,59,41.6s0-0.4,0.1-0.6c0.3,0.3,0.5,0.5,0.7,0.5\n\t\tc0.4,0.1,0.7-0.1,0.9-0.5C61.1,40.5,61.2,40.1,61.2,39.6z"},{"type":"path","fill":"#706F6F","stroke":"none","path":"M69.6,39.7c-0.5,0.4-1.1,0.6-2,0.6c-0.1,1-0.4,1.8-0.9,2.3s-1.1,0.7-1.8,0.6c-0.9-0.2-1.4-0.6-1.7-1.3\n\t\tc-0.1-0.2-0.2-0.4-0.2-0.7s0-0.6,0.1-0.8s0.1-0.6,0.2-0.8c0.2-0.6,0.6-1.1,1-1.5c0.5-0.4,1.1-0.6,1.9-0.4c1,0.2,1.5,0.9,1.5,2.1\n\t\tl0,0c0,0,0.1,0,0.2,0c0.2,0,0.5,0,0.8-0.1s0.6-0.2,0.9-0.3L69.6,39.7z M66.6,40.1c-0.2-0.1-0.3-0.3-0.3-0.6s0.1-0.5,0.4-0.5\n\t\tc0-0.2-0.1-0.4-0.1-0.5c-0.1-0.1-0.2-0.2-0.4-0.2c-0.3-0.1-0.7,0.3-1,1s-0.5,1.4-0.5,2c0,0.4,0,0.6,0.1,0.7\n\t\tc0.1,0.1,0.2,0.2,0.2,0.2c0.1,0,0.2,0.1,0.3,0.1c0.3,0,0.5-0.1,0.8-0.5C66.4,41.3,66.5,40.8,66.6,40.1z"},{"type":"path","fill":"#706F6F","stroke":"none","path":"M74.4,42.8c-0.5,1.3-1.2,1.9-2.3,1.7C71.4,44.4,71,44,71,43.2c-0.4,0.6-1,0.9-1.7,0.8\n\t\tc-0.3-0.1-0.6-0.2-0.9-0.5c-0.2-0.3-0.4-0.6-0.4-1.1c0-0.2,0-0.5,0.1-0.7l0.9-3.5l1.6,0.3l-0.8,3.7c0,0.1,0,0.2,0,0.3\n\t\tc0,0.3,0.1,0.5,0.3,0.5c0.4,0.1,0.7-0.2,0.9-0.8l0.8-3.5l1.6,0.3l-0.8,3.7c0,0.1-0.1,0.3-0.1,0.4c0,0.3,0.2,0.4,0.5,0.5\n\t\tc0.4,0.1,0.7-0.2,0.9-0.8H74.4z"},{"type":"path","fill":"#706F6F","stroke":"none","path":"M77.5,43.4c-0.5,1.3-1.3,1.9-2.5,1.7c-0.3-0.1-0.6-0.2-0.8-0.5c-0.2-0.3-0.4-0.6-0.4-1.1\n\t\tc0-0.2,0-0.5,0.1-0.7l0.7-3.1l-0.4-0.1l0.1-0.4l0.4,0.1l0.3-1.5l1.7,0.1l-0.4,1.7l0.7,0.1l0,0.4L76.3,40l-0.7,3.2\n\t\tc0,0.1,0,0.3,0,0.4c0,0.3,0.2,0.4,0.5,0.5c0.2,0,0.4,0,0.6-0.2s0.3-0.4,0.4-0.6L77.5,43.4z"},{"type":"path","fill":"#706F6F","stroke":"none","path":"M80.6,43.9c-0.5,1.3-1.3,1.9-2.5,1.7c-0.3-0.1-0.6-0.2-0.8-0.5c-0.2-0.3-0.4-0.6-0.4-1.1\n\t\tc0-0.2,0-0.5,0.1-0.7l0.8-3.5l1.6,0.3l-0.8,3.7c0,0.1,0,0.3,0,0.4c0,0.3,0.2,0.4,0.5,0.5c0.2,0,0.4,0,0.6-0.2s0.3-0.4,0.4-0.6\n\t\tL80.6,43.9z M79.8,38.6c0,0.3-0.1,0.5-0.3,0.6c-0.2,0.1-0.4,0.2-0.6,0.1c-0.3,0-0.5-0.2-0.6-0.4c-0.2-0.2-0.3-0.4-0.3-0.7\n\t\tc0-0.2,0.1-0.4,0.3-0.6s0.4-0.2,0.6-0.2s0.5,0.2,0.6,0.4C79.8,38.1,79.8,38.3,79.8,38.6z"},{"type":"path","fill":"#706F6F","stroke":"none","path":"M82.8,45.8c-0.4,0.3-0.8,0.5-1.4,0.4c-0.7-0.1-1.2-0.5-1.4-1.2c-0.1-0.2-0.1-0.5-0.1-0.8s0-0.6,0.1-0.9\n\t\ts0.1-0.6,0.2-0.9c0.2-0.6,0.6-1.1,1-1.4c0.4-0.4,1-0.5,1.6-0.4c0.3,0.1,0.6,0.2,0.7,0.3c0.1,0.1,0.2,0.3,0.2,0.5l0,0l0.1-0.5\n\t\tl1.6,0.3l-1.7,7.9L82,49.2L82.8,45.8z M81.6,44.3c0,0.6,0.2,0.9,0.6,0.9c0.2,0,0.3,0,0.5-0.1s0.3-0.3,0.4-0.5l0.6-2.7\n\t\tc0-0.1-0.1-0.2-0.1-0.3c-0.1-0.1-0.2-0.2-0.4-0.2s-0.4,0-0.6,0.2c-0.5,0.5-0.8,1.2-0.9,2.2C81.6,43.9,81.6,44.1,81.6,44.3z"},{"type":"path","fill":"#706F6F","stroke":"none","path":"M91.9,45.9c-0.5,1.3-1.2,1.9-2.3,1.7c-0.7-0.1-1.1-0.5-1.1-1.3c-0.4,0.6-1,0.9-1.7,0.8\n\t\tc-0.3-0.1-0.6-0.2-0.9-0.5c-0.2-0.3-0.4-0.6-0.4-1.1c0-0.2,0-0.5,0.1-0.7l0.8-3.5l1.6,0.3l-0.8,3.7c0,0.1,0,0.2,0,0.3\n\t\tc0,0.3,0.1,0.5,0.3,0.5c0.4,0.1,0.7-0.2,0.9-0.8l0.8-3.5l1.6,0.3L90,45.8c0,0.1-0.1,0.3-0.1,0.4c0,0.3,0.2,0.4,0.5,0.5\n\t\tc0.4,0.1,0.7-0.2,0.9-0.8H91.9z"},{"type":"path","fill":"#706F6F","stroke":"none","path":"M92.9,46.2c0,0.6,0.2,1,0.7,1.1c0.2,0,0.4,0,0.7-0.1c0.2-0.1,0.5-0.2,0.6-0.3c-0.2,1.1-0.9,1.5-2,1.3\n\t\tc-0.5-0.1-1-0.3-1.3-0.6c-0.3-0.3-0.5-0.8-0.5-1.5c0-0.9,0.2-1.7,0.7-2.4c0.3-0.6,0.8-0.9,1.4-1.1c0.3-0.1,0.6-0.1,0.9,0\n\t\tc0.5,0.1,0.9,0.3,1.1,0.5s0.3,0.5,0.3,0.8c0,0.7-0.3,1.2-0.8,1.5c-0.5,0.4-1.1,0.5-1.8,0.4C92.9,45.9,92.9,46,92.9,46.2z\n\t\t M94.7,43.6c0-0.3-0.1-0.4-0.3-0.5c-0.4,0-0.7,0.3-1,1.1c-0.1,0.3-0.3,0.7-0.3,1c0.4,0.1,0.8-0.1,1.2-0.4\n\t\tC94.5,44.6,94.7,44.2,94.7,43.6z"},{"type":"path","fill":"#C34A3C","stroke":"none","path":"M54.1,62.4c0,0.4,0.8,0.7,1.9,0.7c1,0,1.9-0.3,1.9-0.7v-4.1h-3.8L54.1,62.4z"},{"type":"ellipse","fill":"#F9FCFF","stroke":"none","cx":56,"cy":58.2,"rx":1.9,"ry":0.7},{"type":"path","fill":"#C34A3C","stroke":"none","path":"M49.9,64.5c0,0.4,0.8,0.7,1.9,0.7c1,0,1.9-0.3,1.9-0.7v-4.1h-3.8L49.9,64.5z"},{"type":"ellipse","fill":"#F9FCFF","stroke":"none","cx":51.7,"cy":60.3,"rx":1.9,"ry":0.7},{"type":"path","fill":"#C34A3C","stroke":"none","path":"M45.6,66.6c0,0.4,0.8,0.7,1.9,0.7c1,0,1.9-0.3,1.9-0.7v-4.1h-3.8L45.6,66.6z"},{"type":"ellipse","fill":"#F9FCFF","stroke":"none","cx":47.5,"cy":62.5,"rx":1.9,"ry":0.7},{"type":"path","fill":"#C34A3C","stroke":"none","path":"M63,64c0,0.4,0.8,0.7,1.9,0.7c1,0,1.9-0.3,1.9-0.7v-4.1H63L63,64z"},{"type":"ellipse","fill":"#F9FCFF","stroke":"none","cx":64.9,"cy":59.8,"rx":1.9,"ry":0.7},{"type":"path","fill":"#C34A3C","stroke":"none","path":"M58.7,66.1c0,0.4,0.8,0.7,1.9,0.7c1,0,1.9-0.3,1.9-0.7V62h-3.8L58.7,66.1z"},{"type":"ellipse","fill":"#F9FCFF","stroke":"none","cx":60.6,"cy":62,"rx":1.9,"ry":0.7},{"type":"path","fill":"#C34A3C","stroke":"none","path":"M54.5,68.2c0,0.4,0.8,0.7,1.9,0.7c1,0,1.9-0.3,1.9-0.7v-4.1h-3.8L54.5,68.2z"},{"type":"ellipse","fill":"#F9FCFF","stroke":"none","cx":56.4,"cy":64.1,"rx":1.9,"ry":0.7},{"type":"path","fill":"#C34A3C","stroke":"none","path":"M71.9,65.6c0,0.4,0.8,0.7,1.9,0.7c1,0,1.9-0.3,1.9-0.7v-4.1h-3.8L71.9,65.6z"},{"type":"ellipse","fill":"#F9FCFF","stroke":"none","cx":73.7,"cy":61.5,"rx":1.9,"ry":0.7},{"type":"path","fill":"#C34A3C","stroke":"none","path":"M67.6,67.7c0,0.4,0.8,0.7,1.9,0.7c1,0,1.9-0.3,1.9-0.7v-4.1h-3.8L67.6,67.7z"},{"type":"ellipse","fill":"#F9FCFF","stroke":"none","cx":69.5,"cy":63.6,"rx":1.9,"ry":0.7},{"type":"path","fill":"#C34A3C","stroke":"none","path":"M63.4,69.9c0,0.4,0.8,0.7,1.9,0.7c1,0,1.9-0.3,1.9-0.7v-4.1h-3.8L63.4,69.9z"},{"type":"ellipse","fill":"#F9FCFF","stroke":"none","cx":65.2,"cy":65.7,"rx":1.9,"ry":0.7},{"type":"path","fill":"#C34A3C","stroke":"none","path":"M80.7,67.2c0,0.4,0.8,0.7,1.9,0.7c1,0,1.9-0.3,1.9-0.7v-4.1h-3.8L80.7,67.2z"},{"type":"ellipse","fill":"#F9FCFF","stroke":"none","cx":82.6,"cy":63.1,"rx":1.9,"ry":0.7},{"type":"path","fill":"#C34A3C","stroke":"none","path":"M76.5,69.4c0,0.4,0.8,0.7,1.9,0.7c1,0,1.9-0.3,1.9-0.7v-4.1h-3.8L76.5,69.4z"},{"type":"ellipse","fill":"#F9FCFF","stroke":"none","cx":78.4,"cy":65.2,"rx":1.9,"ry":0.7},{"type":"path","fill":"#C34A3C","stroke":"none","path":"M72.2,71.5c0,0.4,0.8,0.7,1.9,0.7c1,0,1.9-0.3,1.9-0.7v-4.1h-3.8L72.2,71.5z"},{"type":"ellipse","fill":"#F9FCFF","stroke":"none","cx":74.1,"cy":67.3,"rx":1.9,"ry":0.7},{"type":"path","fill":"#C34A3C","stroke":"none","path":"M89.6,68.9c0,0.4,0.8,0.7,1.9,0.7c1,0,1.9-0.3,1.9-0.7v-4.1h-3.8L89.6,68.9z"},{"type":"ellipse","fill":"#F9FCFF","stroke":"none","cx":91.5,"cy":64.7,"rx":1.9,"ry":0.7},{"type":"path","fill":"#C34A3C","stroke":"none","path":"M85.4,71c0,0.4,0.8,0.7,1.9,0.7c1,0,1.9-0.3,1.9-0.7v-4.1h-3.8L85.4,71z"},{"type":"ellipse","fill":"#F9FCFF","stroke":"none","cx":87.2,"cy":66.8,"rx":1.9,"ry":0.7},{"type":"path","fill":"#C34A3C","stroke":"none","path":"M81.1,73.1c0,0.4,0.8,0.7,1.9,0.7c1,0,1.9-0.3,1.9-0.7V69h-3.8L81.1,73.1z"},{"type":"ellipse","fill":"#F9FCFF","stroke":"none","cx":83,"cy":69,"rx":1.9,"ry":0.7},{"type":"path","fill":"#C34A3C","stroke":"none","path":"M98.5,70.5c0,0.4,0.8,0.7,1.9,0.7c1,0,1.9-0.3,1.9-0.7v-4.1h-3.8L98.5,70.5z"},{"type":"ellipse","fill":"#F9FCFF","stroke":"none","cx":100.4,"cy":66.3,"rx":1.9,"ry":0.7},{"type":"path","fill":"#C34A3C","stroke":"none","path":"M94.2,72.6c0,0.4,0.8,0.7,1.9,0.7c1,0,1.9-0.3,1.9-0.7v-4.1h-3.8L94.2,72.6z"},{"type":"ellipse","fill":"#F9FCFF","stroke":"none","cx":96.1,"cy":68.5,"rx":1.9,"ry":0.7},{"type":"path","fill":"#C34A3C","stroke":"none","path":"M90,74.7c0,0.4,0.8,0.7,1.9,0.7c1,0,1.9-0.3,1.9-0.7v-4.1H90L90,74.7z"},{"type":"ellipse","fill":"#F9FCFF","stroke":"none","cx":91.9,"cy":70.6,"rx":1.9,"ry":0.7},{"type":"path","fill":"#C34A3C","stroke":"none","path":"M107.4,72.1c0,0.4,0.8,0.7,1.9,0.7c1,0,1.9-0.3,1.9-0.7V68h-3.8L107.4,72.1z"},{"type":"ellipse","fill":"#F9FCFF","stroke":"none","cx":109.2,"cy":68,"rx":1.9,"ry":0.7},{"type":"path","fill":"#C34A3C","stroke":"none","path":"M103.1,74.2c0,0.4,0.8,0.7,1.9,0.7c1,0,1.9-0.3,1.9-0.7v-4.1h-3.8L103.1,74.2z"},{"type":"ellipse","fill":"#F9FCFF","stroke":"none","cx":105,"cy":70.1,"rx":1.9,"ry":0.7},{"type":"path","fill":"#C34A3C","stroke":"none","path":"M98.9,76.4c0,0.4,0.8,0.7,1.9,0.7c1,0,1.9-0.3,1.9-0.7v-4.1h-3.8L98.9,76.4z"},{"type":"ellipse","fill":"#F9FCFF","stroke":"none","cx":100.7,"cy":72.2,"rx":1.9,"ry":0.7}]}