{"width":"225.7","height":"137.3","dx":"0","dy":"0","geometry":[{"type":"path","fill":"#989797","stroke":"none","path":"M0,84.8v12.9c0,13.7,29.6,39.5,115.6,39.5c63.7,0,109.1-20.9,109.1-39.1V87.7c-1.3,18-47.1,38.1-109,38.1C27.8,125.9-0.8,98.8,0,84.8z"},{"type":"ellipse","fill":"none","stroke":"#B3B3B3","stroke-width":0.9996,"stroke-miterlimit":10,"cx":112.5,"cy":85.6,"rx":112.1,"ry":39.9},{"type":"path","fill":"#ECE0C2","stroke":"none","path":"M148.9,47.9v-7.4c-2.1-0.3-30-1.1-36.4-0.9C46.6,41.4,0,54.7,0.7,85.6c0.5,21.8,50,39.4,111.6,39.4c61.6,0,111.8-17.7,111.8-39.4L148.9,47.9z"},{"type":"path","fill":"#958A85","stroke":"none","path":"M8.2,99.6l140.8-51.7c0,0,25,3.9,41.2,9.2c16.6,5.4,27.1,14.9,27.1,14.9L98.9,124.8c0,0-31.2,0-64.2-10.8C17,108.1,8.2,99.6,8.2,99.6z"},{"type":"path","fill":"#DADADB","stroke":"none","path":"M8.2,99.6v-7c0,0-4.7-2-6.9-13.5C0,84.4-0.4,91.9,8.2,99.6z"},{"type":"path","fill":"#959799","stroke":"none","path":"M8.2,99.6 8.2,92.7 148.9,40.5 148.9,47.9 z"},{"type":"path","fill":"#959799","stroke":"none","path":"M224.1,85.2c-6,23.7-80.5,36.5-125.7,33.8l0,5.7c20.4,0.7,50.6,0.1,78.1-6.8C224,105.9,224.3,88.8,224.1,85.2z"},{"type":"path","fill":"#ECE0C2","stroke":"none","path":"M98.7,119l121.9-48.3c0,0,7.2,7.6,2.4,17.5l-90.8,30c0,0-12.3,0.5-16.4,0.8S98.7,119,98.7,119z"},{"type":"path","fill":"#6F7072","stroke":"none","path":"M43.4,72.1"},{"type":"path","fill":"#FFFFFF","stroke":"none","path":"M153.8,72.9 167.3,67.8 163.7,67.2 150.4,72.3 z"},{"type":"path","fill":"#FFFFFF","stroke":"none","path":"M165.2,65.8 178.7,60.7 175.1,60.1 161.8,65.2 z"},{"type":"path","fill":"#FFFFFF","stroke":"none","path":"M134.1,80.9 147.6,75.8 144,75.2 130.7,80.3 z"},{"type":"path","fill":"#FFFFFF","stroke":"none","path":"M112.8,89 126.3,83.9 122.7,83.3 109.4,88.4 z"},{"type":"path","fill":"#FFFFFF","stroke":"none","path":"M91.4,97.1 105,92 101.4,91.4 88.1,96.5 z"},{"type":"path","fill":"#FFFFFF","stroke":"none","path":"M69.4,105.6 83,100.5 79.4,99.9 66.1,105 z"},{"type":"path","fill":"#FFFFFF","stroke":"none","path":"M48.1,113.7 61.7,108.6 58.1,108 44.8,113.1 z"},{"type":"path","fill":"#6F7072","stroke":"none","path":"M45.1,73.3"},{"type":"ellipse","fill":"#5BAC2A","stroke":"none","cx":105.8,"cy":18.2,"rx":7.7,"ry":5.4},{"type":"ellipse","fill":"#86BB56","stroke":"none","cx":87.4,"cy":13.3,"rx":7,"ry":5.6},{"type":"ellipse","fill":"#5BAC2A","stroke":"none","cx":91.3,"cy":20.2,"rx":9.9,"ry":6},{"type":"ellipse","fill":"#E0DC0C","stroke":"none","cx":96.9,"cy":6.4,"rx":8.2,"ry":6.4},{"type":"ellipse","fill":"#86BB56","stroke":"none","cx":103.1,"cy":10.3,"rx":8.3,"ry":6.2},{"type":"path","fill":"#DAD9DA","stroke":"#FBFAFA","stroke-width":0.080432,"stroke-miterlimit":10,"path":"M87.9,48.6c0,2.3,5.1,4.1,11.4,4.1c6.3,0,11.4-1.8,11.4-4.1c0-2.3-5.1-4.1-11.4-4.1C93.1,44.5,87.9,46.3,87.9,48.6z"},{"type":"path","fill":"#A38979","stroke":"none","path":"M97.2,18.2C97.2,18.1,97.2,18.1,97.2,18.2C97.2,18.1,97.2,18.1,97.2,18.2L97.2,18.2L97.2,18.2c0-0.4,0.7-0.6,1.7-0.6c1,0,1.7,0.2,1.7,0.6l0,0l1,29.8c0,0.5-1.1,0.8-2.5,0.8c-1.3,0-2.5-0.4-2.5-0.8L97.2,18.2z"},{"type":"path","fill":"#A38979","stroke":"none","path":"M104.2,19.2c0,0,0.5,0.1,0.8,0.5c0.4,0.4,0.4,0.8,0.4,0.8l-4.8,5.2c-0.2,0.1-0.7-0.1-1.2-0.6c-0.5-0.5-0.7-1.1-0.6-1.2L104.2,19.2z"},{"type":"ellipse","fill":"#C7D012","stroke":"none","cx":95.2,"cy":15.1,"rx":6.8,"ry":5.8},{"type":"ellipse","fill":"#5BAC2A","stroke":"none","cx":185,"cy":67.8,"rx":7.7,"ry":5.4},{"type":"ellipse","fill":"#86BB56","stroke":"none","cx":166.6,"cy":62.8,"rx":7,"ry":5.6},{"type":"ellipse","fill":"#5BAC2A","stroke":"none","cx":170.5,"cy":69.7,"rx":9.9,"ry":6},{"type":"ellipse","fill":"#E0DC0C","stroke":"none","cx":176.1,"cy":55.9,"rx":8.2,"ry":6.4},{"type":"ellipse","fill":"#86BB56","stroke":"none","cx":182.3,"cy":59.8,"rx":8.3,"ry":6.2},{"type":"path","fill":"#DAD9DA","stroke":"#FBFAFA","stroke-width":0.080432,"stroke-miterlimit":10,"path":"M167.1,98.1c0,2.3,5.1,4.1,11.4,4.1c6.3,0,11.4-1.8,11.4-4.1c0-2.3-5.1-4.1-11.4-4.1C172.3,94,167.1,95.8,167.1,98.1z"},{"type":"path","fill":"#A38979","stroke":"none","path":"M176.4,67.8C176.4,67.7,176.4,67.7,176.4,67.8C176.4,67.7,176.4,67.7,176.4,67.8L176.4,67.8L176.4,67.8c0-0.4,0.7-0.6,1.7-0.6c1,0,1.7,0.2,1.7,0.6l0,0l1,29.8c0,0.5-1.1,0.8-2.5,0.8c-1.3,0-2.5-0.4-2.5-0.8L176.4,67.8z"},{"type":"path","fill":"#A38979","stroke":"none","path":"M183.4,68.7c0,0,0.5,0.1,0.8,0.5c0.4,0.4,0.4,0.8,0.4,0.8l-4.8,5.2c-0.2,0.1-0.7-0.1-1.2-0.6c-0.5-0.5-0.7-1.1-0.6-1.2L183.4,68.7z"},{"type":"ellipse","fill":"#C7D012","stroke":"none","cx":174.4,"cy":64.6,"rx":6.8,"ry":5.8},{"type":"ellipse","fill":"#5BAC2A","stroke":"none","cx":70.1,"cy":28.4,"rx":7.7,"ry":5.4},{"type":"ellipse","fill":"#86BB56","stroke":"none","cx":51.8,"cy":23.4,"rx":7,"ry":5.6},{"type":"ellipse","fill":"#5BAC2A","stroke":"none","cx":55.6,"cy":30.3,"rx":9.9,"ry":6},{"type":"ellipse","fill":"#E0DC0C","stroke":"none","cx":61.2,"cy":16.6,"rx":8.2,"ry":6.4},{"type":"ellipse","fill":"#86BB56","stroke":"none","cx":67.5,"cy":20.4,"rx":8.3,"ry":6.2},{"type":"path","fill":"#DAD9DA","stroke":"#FBFAFA","stroke-width":0.080432,"stroke-miterlimit":10,"path":"M52.2,58.7c0,2.3,5.1,4.1,11.4,4.1c6.3,0,11.4-1.8,11.4-4.1c0-2.3-5.1-4.1-11.4-4.1C57.4,54.6,52.2,56.4,52.2,58.7z"},{"type":"path","fill":"#A38979","stroke":"none","path":"M61.6,28.4C61.6,28.3,61.6,28.3,61.6,28.4C61.6,28.3,61.6,28.3,61.6,28.4L61.6,28.4L61.6,28.4c0-0.4,0.7-0.6,1.7-0.6c1,0,1.7,0.2,1.7,0.6l0,0l1,29.8c0,0.5-1.1,0.8-2.5,0.8c-1.3,0-2.5-0.4-2.5-0.8L61.6,28.4z"},{"type":"path","fill":"#A38979","stroke":"none","path":"M68.6,29.4c0,0,0.5,0.1,0.8,0.5c0.4,0.4,0.4,0.8,0.4,0.8l-4.8,5.2c-0.2,0.1-0.7-0.1-1.2-0.6c-0.5-0.5-0.7-1.1-0.6-1.2L68.6,29.4z"},{"type":"ellipse","fill":"#C7D012","stroke":"none","cx":59.5,"cy":25.3,"rx":6.8,"ry":5.8},{"type":"ellipse","fill":"#5BAC2A","stroke":"none","cx":31.5,"cy":40.5,"rx":7.7,"ry":5.4},{"type":"ellipse","fill":"#86BB56","stroke":"none","cx":13.1,"cy":35.5,"rx":7,"ry":5.6},{"type":"ellipse","fill":"#5BAC2A","stroke":"none","cx":17,"cy":42.4,"rx":9.9,"ry":6},{"type":"ellipse","fill":"#E0DC0C","stroke":"none","cx":22.5,"cy":28.6,"rx":8.2,"ry":6.4},{"type":"ellipse","fill":"#86BB56","stroke":"none","cx":28.8,"cy":32.5,"rx":8.3,"ry":6.2},{"type":"path","fill":"#DAD9DA","stroke":"#FBFAFA","stroke-width":0.080432,"stroke-miterlimit":10,"path":"M13.6,70.8c0,2.3,5.1,4.1,11.4,4.1c6.3,0,11.4-1.8,11.4-4.1c0-2.3-5.1-4.1-11.4-4.1C18.8,66.7,13.6,68.5,13.6,70.8z"},{"type":"path","fill":"#A38979","stroke":"none","path":"M22.9,40.5C22.9,40.4,22.9,40.4,22.9,40.5C22.9,40.4,22.9,40.4,22.9,40.5L22.9,40.5L22.9,40.5c0-0.4,0.7-0.6,1.7-0.6c1,0,1.7,0.2,1.7,0.6l0,0l1,29.8c0,0.5-1.1,0.8-2.5,0.8c-1.3,0-2.5-0.4-2.5-0.8L22.9,40.5z"},{"type":"path","fill":"#A38979","stroke":"none","path":"M29.9,41.5c0,0,0.5,0.1,0.8,0.5c0.4,0.4,0.4,0.8,0.4,0.8L26.3,48c-0.2,0.1-0.7-0.1-1.2-0.6c-0.5-0.5-0.7-1.1-0.6-1.2L29.9,41.5z"},{"type":"ellipse","fill":"#C7D012","stroke":"none","cx":20.8,"cy":37.3,"rx":6.8,"ry":5.8},{"type":"path","fill":"none","stroke":"#58585A","stroke-width":2,"stroke-linecap":"round","stroke-miterlimit":10,"path":"M41.5,68.1c0,0-3-4.2,0-5.6"},{"type":"path","fill":"#58585A","stroke":"none","path":"M40.8,92.4c-0.1,0-0.2,0-0.2-0.1c-0.2-0.1-0.3-0.4-0.2-0.7l4.7-8.8c0.1-0.2,0.4-0.3,0.7-0.2\tc0.2,0.1,0.3,0.4,0.2,0.7l-4.7,8.8C41.1,92.3,40.9,92.4,40.8,92.4z"},{"type":"path","fill":"#58585A","stroke":"none","path":"M40.8,92.4c-0.2,0-0.4-0.1-0.5-0.3c-0.1-0.3,0-0.5,0.2-0.7l6.1-2.8c0.3-0.1,0.5,0,0.7,0.2\tc0.1,0.3,0,0.5-0.2,0.7L41,92.4C40.9,92.4,40.8,92.4,40.8,92.4z"},{"type":"path","fill":"#58585A","stroke":"none","path":"M46.9,93.8c0,0-0.1,0-0.1,0l-6.1-1.4c-0.3-0.1-0.4-0.3-0.4-0.6c0.1-0.3,0.3-0.4,0.6-0.4l6.1,1.4\tc0.3,0.1,0.4,0.3,0.4,0.6C47.3,93.7,47.1,93.8,46.9,93.8z"},{"type":"path","fill":"#58585A","stroke":"none","path":"M45.7,98.3c-0.1,0-0.3-0.1-0.4-0.2l-4.9-5.9c-0.2-0.2-0.1-0.5,0.1-0.7c0.2-0.2,0.5-0.1,0.7,0.1l4.9,5.9\tc0.2,0.2,0.1,0.5-0.1,0.7C45.9,98.3,45.8,98.3,45.7,98.3z"},{"type":"path","fill":"#58585A","stroke":"none","path":"M41.2,102.3c-0.3,0-0.5-0.2-0.5-0.5l-0.4-9.9c0-0.3,0.2-0.5,0.5-0.5c0.3,0,0.5,0.2,0.5,0.5l0.4,9.9\tC41.7,102.1,41.5,102.3,41.2,102.3C41.2,102.3,41.2,102.3,41.2,102.3z"},{"type":"path","fill":"#58585A","stroke":"none","path":"M35.5,99.8c-0.1,0-0.2,0-0.3-0.1c-0.2-0.2-0.3-0.5-0.1-0.7l5.2-7.4c0.2-0.2,0.5-0.3,0.7-0.1\tc0.2,0.2,0.3,0.5,0.1,0.7l-5.2,7.4C35.8,99.8,35.7,99.8,35.5,99.8z"},{"type":"path","fill":"#58585A","stroke":"none","path":"M34.1,94.5c-0.2,0-0.4-0.1-0.5-0.3c-0.1-0.3,0.1-0.5,0.3-0.6l6.6-2.1c0.3-0.1,0.5,0.1,0.6,0.3\tc0.1,0.3-0.1,0.5-0.3,0.6l-6.6,2.1C34.2,94.5,34.2,94.5,34.1,94.5z"},{"type":"path","fill":"#58585A","stroke":"none","path":"M40.8,92.4c-0.1,0-0.1,0-0.2,0l-6.2-2.2c-0.3-0.1-0.4-0.4-0.3-0.6c0.1-0.3,0.4-0.4,0.6-0.3l6.2,2.2\tc0.3,0.1,0.4,0.4,0.3,0.6C41.2,92.3,41,92.4,40.8,92.4z"},{"type":"path","fill":"#58585A","stroke":"none","path":"M40.8,92.4c-0.2,0-0.3-0.1-0.4-0.2l-4.5-7c-0.1-0.2-0.1-0.5,0.2-0.7c0.2-0.2,0.5-0.1,0.7,0.2l4.5,7\tc0.1,0.2,0.1,0.5-0.2,0.7C41,92.4,40.9,92.4,40.8,92.4z"},{"type":"path","fill":"#58585A","stroke":"none","path":"M78,79.4c-0.1,0-0.2,0-0.2-0.1c-0.2-0.1-0.3-0.4-0.2-0.7l4.7-8.8c0.1-0.2,0.4-0.3,0.7-0.2\tc0.2,0.1,0.3,0.4,0.2,0.7l-4.7,8.8C78.4,79.3,78.2,79.4,78,79.4z"},{"type":"path","fill":"none","stroke":"#58585A","stroke-linecap":"round","stroke-linejoin":"round","stroke-miterlimit":10,"path":"M78,78.9,84.1,76.1"},{"type":"path","fill":"#58585A","stroke":"none","path":"M84.1,80.8c0,0-0.1,0-0.1,0l-6.1-1.4c-0.3-0.1-0.4-0.3-0.4-0.6c0.1-0.3,0.3-0.4,0.6-0.4l6.1,1.4\tc0.3,0.1,0.4,0.3,0.4,0.6C84.6,80.7,84.4,80.8,84.1,80.8z"},{"type":"path","fill":"#58585A","stroke":"none","path":"M82.9,85.3c-0.1,0-0.3-0.1-0.4-0.2l-4.9-5.9c-0.2-0.2-0.1-0.5,0.1-0.7c0.2-0.2,0.5-0.1,0.7,0.1l4.9,5.9\tc0.2,0.2,0.1,0.5-0.1,0.7C83.1,85.3,83,85.3,82.9,85.3z"},{"type":"path","fill":"#58585A","stroke":"none","path":"M78.4,89.4c-0.3,0-0.5-0.2-0.5-0.5L77.5,79c0-0.3,0.2-0.5,0.5-0.5c0.3,0,0.5,0.2,0.5,0.5l0.4,9.9\tC78.9,89.1,78.7,89.3,78.4,89.4C78.4,89.4,78.4,89.4,78.4,89.4z"},{"type":"path","fill":"#58585A","stroke":"none","path":"M78,78c-0.3,0-0.5-0.2-0.5-0.5l-0.4-9.9c0-0.3,0.2-0.5,0.5-0.5c0.3,0,0.5,0.2,0.5,0.5l0.4,9.9\tC78.5,77.8,78.3,78,78,78C78,78,78,78,78,78z"},{"type":"path","fill":"#58585A","stroke":"none","path":"M72.8,86.9c-0.1,0-0.2,0-0.3-0.1c-0.2-0.2-0.3-0.5-0.1-0.7l5.2-7.4c0.2-0.2,0.5-0.3,0.7-0.1\tc0.2,0.2,0.3,0.5,0.1,0.7l-5.2,7.4C73.1,86.8,73,86.9,72.8,86.9z"},{"type":"path","fill":"none","stroke":"#58585A","stroke-linecap":"round","stroke-linejoin":"round","stroke-miterlimit":10,"path":"M78,78.9,71.4,81"},{"type":"path","fill":"#58585A","stroke":"none","path":"M78,79.4c-0.1,0-0.1,0-0.2,0l-6.2-2.2c-0.3-0.1-0.4-0.4-0.3-0.6c0.1-0.3,0.4-0.4,0.6-0.3l6.2,2.2\tc0.3,0.1,0.4,0.4,0.3,0.6C78.4,79.3,78.2,79.4,78,79.4z"},{"type":"path","fill":"#58585A","stroke":"none","path":"M78,79.4c-0.2,0-0.3-0.1-0.4-0.2l-4.5-7c-0.1-0.2-0.1-0.5,0.2-0.7c0.2-0.2,0.5-0.1,0.7,0.2l4.5,7\tc0.1,0.2,0.1,0.5-0.2,0.7C78.2,79.4,78.1,79.4,78,79.4z"},{"type":"path","fill":"#282829","stroke":"none","path":"M39.9,82c-2.3,1.7-4.4,5.9-4.4,11.4c0,5.2,2.6,7.6,4.4,7.6l0,0c0.2,0,0.3,0,0.5-0.1\tc3.4-1.1,5.6-5.9,5.6-12.3c0-4.5-1.9-6.8-3.7-7.2l0.2-2.5c2.7,0.4,6,3.2,6,9.8c0,7.6-2.8,13.2-7.4,14.6c-0.4,0.1-0.8,0.2-1.2,0.2\tl0,0c-2.9,0-6.9-3.1-6.9-10c0-7.1,3.3-12.4,6.5-14c0.2-0.1,0.3-0.2,0.5-0.2L39.9,82z"},{"type":"path","fill":"none","stroke":"#282829","stroke-width":2,"stroke-miterlimit":10,"path":"M77.8,89.3c4.1-1.3,6.5-6.6,6.5-13.5s-3.8-9.3-6.5-8.4c-3.2,1-6.5,6.3-6.5,13.2C71.3,87.4,75.4,90,77.8,89.3z"},{"type":"path","fill":"#3E3D40","stroke":"none","path":"M69.2,81.3 66.3,79.5 67.6,78.6 70.6,80.5 z"},{"type":"path","fill":"#3E3D40","stroke":"none","path":"M64.6,84.2 68.1,79.6 68.9,80.1 65.4,84.6 z"},{"type":"path","fill":"#3E3D40","stroke":"none","path":"M60.9,63.3c0.3,0.6,2.1-0.2,3.7-0.2c2.4-0.1,5,0.2,5.2-1c0.4-2-2.6-3.5-4.8-2.6S60.2,62.2,60.9,63.3z"},{"type":"path","fill":"#3E3D40","stroke":"none","path":"M50.5,76.3c0.4-1.6,10-3.1,11.3-1.2c1.1,1.5-0.4,6.2-0.4,6.2L50.5,76.3z"},{"type":"path","fill":"#B1B3B4","stroke":"none","path":"M104.7,68.9 132.5,53.8 114.4,50.3 114.4,50.3 86.7,60.4 z"},{"type":"path","fill":"#87888A","stroke":"none","path":"M86.7,77.5 114.6,67.3 114.4,50.3 114.4,50.3 86.7,60.4 z"},{"type":"path","fill":"#AB9066","stroke":"none","path":"M104.7,63.9 86.7,60.4 86.7,77.5 104.7,81 z"},{"type":"path","fill":"#826E4E","stroke":"none","path":"M104.7,81 104.7,63.9 132.5,53.8 132.5,70.8 z"},{"type":"path","fill":"#58585A","stroke":"none","path":"M119.4,75.9c-0.1,0-0.2,0-0.2-0.1c-0.2-0.1-0.3-0.4-0.2-0.7l2.3-4.4c0.1-0.2,0.4-0.3,0.7-0.2\tc0.2,0.1,0.3,0.4,0.2,0.7l-2.3,4.4C119.7,75.8,119.5,75.9,119.4,75.9z"},{"type":"path","fill":"#58585A","stroke":"none","path":"M122.4,76.6c0,0-0.1,0-0.1,0l-3.1-0.7c-0.3-0.1-0.4-0.3-0.4-0.6s0.3-0.4,0.6-0.4l3.1,0.7\tc0.3,0.1,0.4,0.3,0.4,0.6C122.9,76.4,122.7,76.6,122.4,76.6z"},{"type":"path","fill":"#58585A","stroke":"none","path":"M121.8,78.8c-0.1,0-0.3-0.1-0.4-0.2l-2.4-2.9c-0.2-0.2-0.1-0.5,0.1-0.7c0.2-0.2,0.5-0.1,0.7,0.1l2.4,2.9\tc0.2,0.2,0.1,0.5-0.1,0.7C122,78.8,121.9,78.8,121.8,78.8z"},{"type":"path","fill":"#58585A","stroke":"none","path":"M119.6,80.8c-0.3,0-0.5-0.2-0.5-0.5l-0.2-5c0-0.3,0.2-0.5,0.5-0.5c0.3,0,0.5,0.2,0.5,0.5l0.2,5\tC120.1,80.6,119.9,80.8,119.6,80.8C119.6,80.8,119.6,80.8,119.6,80.8z"},{"type":"path","fill":"#58585A","stroke":"none","path":"M119.3,75.2c-0.3,0-0.5-0.2-0.5-0.5l-0.2-5c0-0.3,0.2-0.5,0.5-0.5c0.3,0,0.5,0.2,0.5,0.5l0.2,5\tC119.9,74.9,119.6,75.2,119.3,75.2C119.4,75.2,119.3,75.2,119.3,75.2z"},{"type":"path","fill":"#58585A","stroke":"none","path":"M116.8,79.6c-0.1,0-0.2,0-0.3-0.1c-0.2-0.2-0.3-0.5-0.1-0.7l2.6-3.7c0.2-0.2,0.5-0.3,0.7-0.1\tc0.2,0.2,0.3,0.5,0.1,0.7l-2.6,3.7C117.1,79.5,116.9,79.6,116.8,79.6z"},{"type":"path","fill":"#58585A","stroke":"none","path":"M119.4,75.9c-0.1,0-0.1,0-0.2,0l-3.1-1.1c-0.3-0.1-0.4-0.4-0.3-0.6s0.4-0.4,0.6-0.3l3.1,1.1\tc0.3,0.1,0.4,0.4,0.3,0.6C119.8,75.7,119.6,75.9,119.4,75.9z"},{"type":"path","fill":"#58585A","stroke":"none","path":"M119.4,75.9c-0.2,0-0.3-0.1-0.4-0.2l-2.2-3.5c-0.1-0.2-0.1-0.5,0.2-0.7c0.2-0.2,0.5-0.1,0.7,0.2l2.2,3.5\tc0.1,0.2,0.1,0.5-0.2,0.7C119.6,75.8,119.5,75.9,119.4,75.9z"},{"type":"path","fill":"none","stroke":"#282829","stroke-width":2,"stroke-miterlimit":10,"path":"M119.2,80.5c2-0.7,3.3-3.3,3.3-6.7c0-3.5-1.9-4.6-3.3-4.2c-1.6,0.5-3.2,3.2-3.2,6.6C116,79.6,118,80.9,119.2,80.5z"},{"type":"path","fill":"#58585A","stroke":"none","path":"M95.4,72.2c-0.2-0.5-0.8-0.8-1.3-0.6l-16,5.7c-0.1,0-0.1,0.1-0.2,0.1l-11-10.1c-0.1-0.1-0.1-0.1-0.2-0.1l0.2-4.7c0-0.6-0.4-1-1-1c-0.6,0-1,0.4-1,1l-0.2,4.9l-22.1,4.9v-3.1c2.6,0.1,8.6,0.1,10.2-2.9c0.3-0.5,0.1-1.1-0.4-1.3c-0.5-0.3-1.1-0.1-1.3,0.4c-0.9,1.8-6,2.1-9.3,1.7c-0.3,0-0.6,0.1-0.8,0.3c-0.2,0.2-0.3,0.5-0.3,0.7v5.4l-0.8,18.3c0,0.6,0.4,1,1,1c0,0,0,0,0,0c0.5,0,1-0.4,1-1l0.7-16.9l22.1,9.9c0.3,0.1,0.7,0.1,0.9-0.1c0,0,0,0,0.1-0.1l12.6-5.2c0.2-0.1,0.3-0.2,0.4-0.3c0.1,0,0.1,0,0.2,0l16-5.7C95.3,73.3,95.6,72.8,95.4,72.2z M44.7,73.9l19.9-4.4l-0.5,13L44.7,73.9z M66.1,82.4l0.5-12.7l9.4,8.6L66.1,82.4z"},{"type":"path","fill":"#70492A","stroke":"none","path":"M112.9,60.9 113.7,52.7 130,54.8 z"},{"type":"path","fill":"#726251","stroke":"none","path":"M110.1,62 110,54.8 127.1,55.8 z"},{"type":"path","fill":"#966239","stroke":"none","path":"M107.2,63 107.6,55.4 124.3,56.9 z"},{"type":"path","fill":"#70492A","stroke":"none","path":"M105.4,59.4 106.9,55.9 121.4,58 116.4,59.7 z"},{"type":"path","fill":"#977360","stroke":"none","path":"M101.3,59.1 101.3,57.4 118.7,58.9 114.4,60.4 z"},{"type":"path","fill":"#A76C3F","stroke":"none","path":"M98.7,61.3 98.7,58 116,59.9 111.3,61.6 z"},{"type":"path","fill":"#966239","stroke":"none","path":"M96.3,62.3 95.4,60.9 96.4,59.3 111.8,61.4 104.7,63.9 z"},{"type":"path","fill":"#3E3D40","stroke":"none","path":"M65.4,84.2c0,0,0.2-0.4,0-0.6c-0.4-0.3-0.7,0.1-0.7,0.1l-2.3,3L61.2,86l-1.3,1l3.3,1.8l1.1-0.9l-1.3-0.8L65.4,84.2z"},{"type":"path","fill":"#C5C6C4","stroke":"none","path":"M211.2,57.6 208.2,57 208.2,85 211.2,85.6 z"},{"type":"path","fill":"#838584","stroke":"none","path":"M211.2,85.6 211.2,57.6 212.8,57 212.9,85 z"},{"type":"path","fill":"#C6C7C8","stroke":"none","path":"M212.5,38.6 216.8,36.9 208,35.3 204.2,36.9 z"},{"type":"path","fill":"#87888A","stroke":"none","path":"M212.5,38.6 204.2,36.9 204.2,59.7 212.5,61.4 z"},{"type":"path","fill":"#3E3D40","stroke":"none","path":"M212.5,61.4 212.5,38.6 216.8,36.9 216.9,59.7 z"},{"type":"ellipse","fill":"#E5352D","stroke":"none","cx":208.2,"cy":41.7,"rx":2.3,"ry":2.4},{"type":"ellipse","fill":"#F29400","stroke":"none","cx":208.2,"cy":48.8,"rx":2.3,"ry":2.4},{"type":"ellipse","fill":"#97BF0D","stroke":"none","cx":208.2,"cy":56,"rx":2.3,"ry":2.4},{"type":"ellipse","fill":"#5BAC2A","stroke":"none","cx":148,"cy":80.8,"rx":7.7,"ry":5.4},{"type":"ellipse","fill":"#86BB56","stroke":"none","cx":129.6,"cy":75.8,"rx":7,"ry":5.6},{"type":"ellipse","fill":"#5BAC2A","stroke":"none","cx":133.5,"cy":82.7,"rx":9.9,"ry":6},{"type":"ellipse","fill":"#E0DC0C","stroke":"none","cx":139.1,"cy":68.9,"rx":8.2,"ry":6.4},{"type":"ellipse","fill":"#86BB56","stroke":"none","cx":145.3,"cy":72.8,"rx":8.3,"ry":6.2},{"type":"path","fill":"#DAD9DA","stroke":"#FBFAFA","stroke-width":0.080432,"stroke-miterlimit":10,"path":"M130.1,111.1c0,2.3,5.1,4.1,11.4,4.1c6.3,0,11.4-1.8,11.4-4.1c0-2.3-5.1-4.1-11.4-4.1C135.3,107,130.1,108.8,130.1,111.1z"},{"type":"path","fill":"#A38979","stroke":"none","path":"M139.4,80.8C139.4,80.6,139.4,80.6,139.4,80.8C139.4,80.6,139.4,80.6,139.4,80.8L139.4,80.8L139.4,80.8c0-0.4,0.7-0.6,1.7-0.6c1,0,1.7,0.2,1.7,0.6l0,0l1,29.8c0,0.5-1.1,0.8-2.5,0.8c-1.3,0-2.5-0.4-2.5-0.8L139.4,80.8z"},{"type":"path","fill":"#A38979","stroke":"none","path":"M146.4,81.7c0,0,0.5,0.1,0.8,0.5c0.4,0.4,0.4,0.8,0.4,0.8l-4.8,5.2c-0.2,0.1-0.7-0.1-1.2-0.6c-0.5-0.5-0.7-1.1-0.6-1.2L146.4,81.7z"},{"type":"ellipse","fill":"#C7D012","stroke":"none","cx":137.4,"cy":77.6,"rx":6.8,"ry":5.8}]}