{"width":"225.7","height":"137.3","dx":"0","dy":"0","geometry":[{"type":"path","fill":"#989797","stroke":"none","path":"M0,84.8v12.9c0,13.7,29.6,39.5,115.6,39.5c63.7,0,109.1-20.9,109.1-39.1V87.7c-1.3,18-47.1,38.1-109,38.1\n\tC27.8,125.9-0.8,98.8,0,84.8z"},{"type":"ellipse","fill":"none","stroke":"#B3B3B3","stroke-width":0.9996,"stroke-miterlimit":10,"cx":112.5,"cy":85.6,"rx":112.1,"ry":39.9},{"type":"path","fill":"#ECE0C2","stroke":"none","path":"M148.9,47.9v-7.4c-2.1-0.3-30-1.1-36.4-0.9C46.6,41.4,0,54.7,0.7,85.6c0.5,21.8,50,39.4,111.6,39.4\n\ts111.8-17.7,111.8-39.4L148.9,47.9z"},{"type":"path","fill":"#958A85","stroke":"none","path":"M8.2,99.6L149,47.9c0,0,25,3.9,41.2,9.2c16.6,5.4,27.1,14.9,27.1,14.9L98.9,124.8c0,0-31.2,0-64.2-10.8\n\tC17,108.1,8.2,99.6,8.2,99.6z"},{"type":"path","fill":"#DADADB","stroke":"none","path":"M8.2,99.6v-7c0,0-4.7-2-6.9-13.5C0,84.4-0.4,91.9,8.2,99.6z"},{"type":"path","fill":"#959799","stroke":"none","path":"M8.2,99.6 8.2,92.7 148.9,40.5 148.9,47.9 z"},{"type":"path","fill":"#959799","stroke":"none","path":"M224.1,85.2c-6,23.7-80.5,36.5-125.7,33.8v5.7c20.4,0.7,50.6,0.1,78.1-6.8C224,105.9,224.3,88.8,224.1,85.2z\n\t"},{"type":"path","fill":"#ECE0C2","stroke":"none","path":"M98.7,119l121.9-48.3c0,0,7.2,7.6,2.4,17.5l-90.8,30c0,0-12.3,0.5-16.4,0.8S98.7,119,98.7,119z"},{"type":"path","fill":"#6F7072","stroke":"none","path":"M75.7,66.5"},{"type":"path","fill":"#FFFFFF","stroke":"none","path":"M153.8,72.9 167.3,67.8 163.7,67.2 150.4,72.3 z"},{"type":"path","fill":"#FFFFFF","stroke":"none","path":"M165.2,65.8 178.7,60.7 175.1,60.1 161.8,65.2 z"},{"type":"path","fill":"#FFFFFF","stroke":"none","path":"M134.1,80.9 147.6,75.8 144,75.2 130.7,80.3 z"},{"type":"path","fill":"#FFFFFF","stroke":"none","path":"M112.8,89 126.3,83.9 122.7,83.3 109.4,88.4 z"},{"type":"path","fill":"#FFFFFF","stroke":"none","path":"M91.4,97.1 105,92 101.4,91.4 88.1,96.5 z"},{"type":"path","fill":"#FFFFFF","stroke":"none","path":"M69.4,105.6 83,100.5 79.4,99.9 66.1,105 z"},{"type":"path","fill":"#FFFFFF","stroke":"none","path":"M48.1,113.7 61.7,108.6 58.1,108 44.8,113.1 z"},{"type":"path","fill":"#6F7072","stroke":"none","path":"M77.5,67.8"},{"type":"ellipse","fill":"#5BAC2A","stroke":"none","cx":105.8,"cy":18.2,"rx":7.7,"ry":5.4},{"type":"ellipse","fill":"#86BB56","stroke":"none","cx":87.4,"cy":13.3,"rx":7,"ry":5.6},{"type":"ellipse","fill":"#5BAC2A","stroke":"none","cx":91.3,"cy":20.2,"rx":9.9,"ry":6},{"type":"ellipse","fill":"#E0DC0C","stroke":"none","cx":96.9,"cy":6.4,"rx":8.2,"ry":6.4},{"type":"ellipse","fill":"#86BB56","stroke":"none","cx":103.1,"cy":10.3,"rx":8.3,"ry":6.2},{"type":"path","fill":"#DAD9DA","stroke":"#FBFAFA","stroke-width":0.080432,"stroke-miterlimit":10,"path":"M87.9,48.6c0,2.3,5.1,4.1,11.4,4.1\n\ts11.4-1.8,11.4-4.1s-5.1-4.1-11.4-4.1C93.1,44.5,87.9,46.3,87.9,48.6z"},{"type":"path","fill":"#A38979","stroke":"none","path":"M97.2,18.2C97.2,18.1,97.2,18.1,97.2,18.2C97.2,18.1,97.2,18.1,97.2,18.2L97.2,18.2L97.2,18.2\n\tc0-0.4,0.7-0.6,1.7-0.6s1.7,0.2,1.7,0.6l0,0l1,29.8c0,0.5-1.1,0.8-2.5,0.8c-1.3,0-2.5-0.4-2.5-0.8L97.2,18.2z"},{"type":"path","fill":"#A38979","stroke":"none","path":"M104.2,19.2c0,0,0.5,0.1,0.8,0.5c0.4,0.4,0.4,0.8,0.4,0.8l-4.8,5.2c-0.2,0.1-0.7-0.1-1.2-0.6\n\ts-0.7-1.1-0.6-1.2L104.2,19.2z"},{"type":"ellipse","fill":"#C7D012","stroke":"none","cx":95.2,"cy":15.1,"rx":6.8,"ry":5.8},{"type":"ellipse","fill":"#5BAC2A","stroke":"none","cx":185,"cy":67.8,"rx":7.7,"ry":5.4},{"type":"ellipse","fill":"#86BB56","stroke":"none","cx":166.6,"cy":62.8,"rx":7,"ry":5.6},{"type":"ellipse","fill":"#5BAC2A","stroke":"none","cx":170.5,"cy":69.7,"rx":9.9,"ry":6},{"type":"ellipse","fill":"#E0DC0C","stroke":"none","cx":176.1,"cy":55.9,"rx":8.2,"ry":6.4},{"type":"ellipse","fill":"#86BB56","stroke":"none","cx":182.3,"cy":59.8,"rx":8.3,"ry":6.2},{"type":"path","fill":"#DAD9DA","stroke":"#FBFAFA","stroke-width":0.080432,"stroke-miterlimit":10,"path":"M167.1,98.1c0,2.3,5.1,4.1,11.4,4.1\n\tc6.3,0,11.4-1.8,11.4-4.1c0-2.3-5.1-4.1-11.4-4.1C172.3,94,167.1,95.8,167.1,98.1z"},{"type":"path","fill":"#A38979","stroke":"none","path":"M176.4,67.8C176.4,67.7,176.4,67.7,176.4,67.8C176.4,67.7,176.4,67.7,176.4,67.8L176.4,67.8L176.4,67.8\n\tc0-0.4,0.7-0.6,1.7-0.6s1.7,0.2,1.7,0.6l0,0l1,29.8c0,0.5-1.1,0.8-2.5,0.8c-1.3,0-2.5-0.4-2.5-0.8L176.4,67.8z"},{"type":"path","fill":"#A38979","stroke":"none","path":"M183.4,68.7c0,0,0.5,0.1,0.8,0.5c0.4,0.4,0.4,0.8,0.4,0.8l-4.8,5.2c-0.2,0.1-0.7-0.1-1.2-0.6\n\ts-0.7-1.1-0.6-1.2L183.4,68.7z"},{"type":"ellipse","fill":"#C7D012","stroke":"none","cx":174.4,"cy":64.6,"rx":6.8,"ry":5.8},{"type":"ellipse","fill":"#5BAC2A","stroke":"none","cx":70.1,"cy":28.4,"rx":7.7,"ry":5.4},{"type":"ellipse","fill":"#86BB56","stroke":"none","cx":51.8,"cy":23.4,"rx":7,"ry":5.6},{"type":"ellipse","fill":"#5BAC2A","stroke":"none","cx":55.6,"cy":30.3,"rx":9.9,"ry":6},{"type":"ellipse","fill":"#E0DC0C","stroke":"none","cx":61.2,"cy":16.6,"rx":8.2,"ry":6.4},{"type":"ellipse","fill":"#86BB56","stroke":"none","cx":67.5,"cy":20.4,"rx":8.3,"ry":6.2},{"type":"path","fill":"#DAD9DA","stroke":"#FBFAFA","stroke-width":0.080432,"stroke-miterlimit":10,"path":"M52.2,58.7c0,2.3,5.1,4.1,11.4,4.1\n\tS75,61,75,58.7s-5.1-4.1-11.4-4.1C57.4,54.6,52.2,56.4,52.2,58.7z"},{"type":"path","fill":"#A38979","stroke":"none","path":"M61.6,28.4C61.6,28.3,61.6,28.3,61.6,28.4C61.6,28.3,61.6,28.3,61.6,28.4L61.6,28.4L61.6,28.4\n\tc0-0.4,0.7-0.6,1.7-0.6c1,0,1.7,0.2,1.7,0.6l0,0l1,29.8c0,0.5-1.1,0.8-2.5,0.8c-1.3,0-2.5-0.4-2.5-0.8L61.6,28.4z"},{"type":"path","fill":"#A38979","stroke":"none","path":"M68.6,29.4c0,0,0.5,0.1,0.8,0.5c0.4,0.4,0.4,0.8,0.4,0.8L65,35.9c-0.2,0.1-0.7-0.1-1.2-0.6\n\tc-0.5-0.5-0.7-1.1-0.6-1.2L68.6,29.4z"},{"type":"ellipse","fill":"#C7D012","stroke":"none","cx":59.5,"cy":25.3,"rx":6.8,"ry":5.8},{"type":"ellipse","fill":"#5BAC2A","stroke":"none","cx":31.5,"cy":40.5,"rx":7.7,"ry":5.4},{"type":"ellipse","fill":"#86BB56","stroke":"none","cx":13.1,"cy":35.5,"rx":7,"ry":5.6},{"type":"ellipse","fill":"#5BAC2A","stroke":"none","cx":17,"cy":42.4,"rx":9.9,"ry":6},{"type":"ellipse","fill":"#E0DC0C","stroke":"none","cx":22.5,"cy":28.6,"rx":8.2,"ry":6.4},{"type":"ellipse","fill":"#86BB56","stroke":"none","cx":28.8,"cy":32.5,"rx":8.3,"ry":6.2},{"type":"path","fill":"#DAD9DA","stroke":"#FBFAFA","stroke-width":0.080432,"stroke-miterlimit":10,"path":"M13.6,70.8c0,2.3,5.1,4.1,11.4,4.1\n\ts11.4-1.8,11.4-4.1c0-2.3-5.1-4.1-11.4-4.1C18.8,66.7,13.6,68.5,13.6,70.8z"},{"type":"path","fill":"#A38979","stroke":"none","path":"M22.9,40.5C22.9,40.4,22.9,40.4,22.9,40.5C22.9,40.4,22.9,40.4,22.9,40.5L22.9,40.5L22.9,40.5\n\tc0-0.4,0.7-0.6,1.7-0.6s1.7,0.2,1.7,0.6l0,0l1,29.8c0,0.5-1.1,0.8-2.5,0.8c-1.3,0-2.5-0.4-2.5-0.8L22.9,40.5z"},{"type":"path","fill":"#A38979","stroke":"none","path":"M29.9,41.5c0,0,0.5,0.1,0.8,0.5c0.4,0.4,0.4,0.8,0.4,0.8L26.3,48c-0.2,0.1-0.7-0.1-1.2-0.6s-0.7-1.1-0.6-1.2\n\tL29.9,41.5z"},{"type":"ellipse","fill":"#C7D012","stroke":"none","cx":20.8,"cy":37.3,"rx":6.8,"ry":5.8},{"type":"path","fill":"none","stroke":"#58585A","stroke-width":2.1366,"stroke-linecap":"round","stroke-miterlimit":10,"path":"M73.7,62.3\n\tc0,0-3.2-4.5,0-6"},{"type":"path","fill":"#58585A","stroke":"none","path":"M112.7,74.3c-0.1,0-0.2,0-0.2-0.1c-0.2-0.1-0.3-0.4-0.2-0.7l5-9.4c0.1-0.2,0.4-0.3,0.7-0.2\n\t\tc0.2,0.1,0.3,0.4,0.2,0.7l-5,9.4C113.1,74.2,112.9,74.3,112.7,74.3z"},{"type":"path","fill":"none","stroke":"#58585A","stroke-width":1.0683,"stroke-linecap":"round","stroke-linejoin":"round","stroke-miterlimit":10,"path":"M112.7,73.8,119.2,70.8"},{"type":"path","fill":"#58585A","stroke":"none","path":"M119.2,75.8L119.2,75.8l-6.6-1.5c-0.3-0.1-0.4-0.3-0.4-0.6c0.1-0.3,0.3-0.4,0.6-0.4l6.5,1.5\n\t\tc0.3,0.1,0.4,0.3,0.4,0.6S119.5,75.8,119.2,75.8z"},{"type":"path","fill":"#58585A","stroke":"none","path":"M117.9,80.6c-0.1,0-0.3-0.1-0.4-0.2l-5.2-6.3c-0.2-0.2-0.1-0.5,0.1-0.7s0.5-0.1,0.7,0.1l5.2,6.3\n\t\tc0.2,0.2,0.1,0.5-0.1,0.7C118.1,80.6,118,80.6,117.9,80.6z"},{"type":"path","fill":"#58585A","stroke":"none","path":"M113.1,85c-0.3,0-0.5-0.2-0.5-0.5l-0.4-10.6c0-0.3,0.2-0.5,0.5-0.5s0.5,0.2,0.5,0.5l0.4,10.6\n\t\tC113.6,84.7,113.4,84.9,113.1,85L113.1,85z"},{"type":"path","fill":"#58585A","stroke":"none","path":"M112.7,72.9c-0.3,0-0.5-0.2-0.5-0.5l-0.4-10.6c0-0.3,0.2-0.5,0.5-0.5s0.5,0.2,0.5,0.5l0.4,10.6\n\t\tC113.2,72.6,113,72.9,112.7,72.9L112.7,72.9z"},{"type":"path","fill":"#58585A","stroke":"none","path":"M107.1,82.4c-0.1,0-0.2,0-0.3-0.1c-0.2-0.2-0.3-0.5-0.1-0.7l5.6-7.9c0.2-0.2,0.5-0.3,0.7-0.1\n\t\tc0.2,0.2,0.3,0.5,0.1,0.7l-5.6,7.9C107.4,82.3,107.3,82.4,107.1,82.4z"},{"type":"path","fill":"none","stroke":"#58585A","stroke-width":1.0683,"stroke-linecap":"round","stroke-linejoin":"round","stroke-miterlimit":10,"path":"M112.7,73.8,105.6,76.1"},{"type":"path","fill":"#58585A","stroke":"none","path":"M112.7,74.3c-0.1,0-0.1,0-0.2,0l-6.6-2.4c-0.3-0.1-0.4-0.4-0.3-0.6c0.1-0.3,0.4-0.4,0.6-0.3l6.6,2.4\n\t\tc0.3,0.1,0.4,0.4,0.3,0.6C113.1,74.2,112.9,74.3,112.7,74.3z"},{"type":"path","fill":"#58585A","stroke":"none","path":"M112.7,74.3c-0.2,0-0.3-0.1-0.4-0.2l-4.8-7.5c-0.1-0.2-0.1-0.5,0.2-0.7c0.2-0.2,0.5-0.1,0.7,0.2l4.8,7.5\n\t\tc0.1,0.2,0.1,0.5-0.2,0.7C112.9,74.3,112.8,74.3,112.7,74.3z"},{"type":"path","fill":"none","stroke":"#282829","stroke-width":2.1366,"stroke-miterlimit":10,"path":"M112.5,84.9c4.4-1.4,6.9-7.1,6.9-14.4\n\ts-4.1-9.9-6.9-9c-3.4,1.1-6.9,6.7-6.9,14.1C105.5,82.9,109.9,85.7,112.5,84.9z"},{"type":"path","fill":"#3E3D40","stroke":"none","path":"M103.3,76.4 100.2,74.5 101.6,73.5 104.8,75.5 z"},{"type":"path","fill":"#3E3D40","stroke":"none","path":"M98.4,79.5 102.1,74.6 103,75.1 99.2,79.9 z"},{"type":"path","fill":"#58585A","stroke":"none","path":"M114.2,72.7c-0.2-0.5-0.9-0.9-1.4-0.6l0,0c-0.1,0-0.1,0.1-0.2,0.1l-11.8-10.8c-0.1-0.1-0.1-0.1-0.2-0.1\n\tl0.2-5c0-0.6-0.4-1.1-1.1-1.1s-1.1,0.4-1.1,1.1l-0.2,5.2l-24,15.9l0.5-13.9c2.8,0.1,9.2,0.1,10.9-3.1c0.3-0.5,0.1-1.2-0.4-1.4\n\tc-0.5-0.3-1.2-0.1-1.4,0.4c-1,1.9-6.4,2.2-9.9,1.8c-0.3,0-0.6,0.1-0.9,0.3c-0.2,0.2-0.3,0.5-0.3,0.7V68L72,87.6\n\tc0,0.6,0.4,1.1,1.1,1.1l0,0c0.5,0,1.1-0.4,1.1-1.1l0.3-7.5h24.1c0.3,0.1,0.7,0.1,1-0.1c0,0,0,0,0.1-0.1l13.5-5.6\n\tc0.2-0.1,0.3-0.2,0.4-0.3c0.1,0,0.1,0,0.2,0l0,0C114.1,73.9,114.4,73.4,114.2,72.7z M78.2,77.9l20.2-14.1l-0.5,13.9L78.2,77.9z\n\t M100,77.6l0.5-13.6l10,9.2L100,77.6z"},{"type":"path","fill":"#C5C6C4","stroke":"none","path":"M211.2,57.6 208.2,57 208.2,85 211.2,85.6 z"},{"type":"path","fill":"#838584","stroke":"none","path":"M211.2,85.6 211.2,57.6 212.8,57 212.9,85 z"},{"type":"path","fill":"#C6C7C8","stroke":"none","path":"M212.5,38.6 216.8,36.9 208,35.3 204.2,36.9 z"},{"type":"path","fill":"#87888A","stroke":"none","path":"M212.5,38.6 204.2,36.9 204.2,59.7 212.5,61.4 z"},{"type":"path","fill":"#3E3D40","stroke":"none","path":"M212.5,61.4 212.5,38.6 216.8,36.9 216.9,59.7 z"},{"type":"ellipse","fill":"#E5352D","stroke":"none","cx":208.2,"cy":41.7,"rx":2.3,"ry":2.4},{"type":"ellipse","fill":"#F29400","stroke":"none","cx":208.2,"cy":48.8,"rx":2.3,"ry":2.4},{"type":"ellipse","fill":"#97BF0D","stroke":"none","cx":208.2,"cy":56,"rx":2.3,"ry":2.4},{"type":"ellipse","fill":"#5BAC2A","stroke":"none","cx":148,"cy":80.8,"rx":7.7,"ry":5.4},{"type":"ellipse","fill":"#86BB56","stroke":"none","cx":129.6,"cy":75.8,"rx":7,"ry":5.6},{"type":"ellipse","fill":"#5BAC2A","stroke":"none","cx":133.5,"cy":82.7,"rx":9.9,"ry":6},{"type":"ellipse","fill":"#E0DC0C","stroke":"none","cx":139.1,"cy":68.9,"rx":8.2,"ry":6.4},{"type":"ellipse","fill":"#86BB56","stroke":"none","cx":145.3,"cy":72.8,"rx":8.3,"ry":6.2},{"type":"path","fill":"#DAD9DA","stroke":"#FBFAFA","stroke-width":0.080432,"stroke-miterlimit":10,"path":"M130.1,111.1c0,2.3,5.1,4.1,11.4,4.1\n\tc6.3,0,11.4-1.8,11.4-4.1c0-2.3-5.1-4.1-11.4-4.1C135.3,107,130.1,108.8,130.1,111.1z"},{"type":"path","fill":"#A38979","stroke":"none","path":"M139.4,80.8C139.4,80.6,139.4,80.6,139.4,80.8C139.4,80.6,139.4,80.6,139.4,80.8L139.4,80.8L139.4,80.8\n\tc0-0.4,0.7-0.6,1.7-0.6s1.7,0.2,1.7,0.6l0,0l1,29.8c0,0.5-1.1,0.8-2.5,0.8c-1.3,0-2.5-0.4-2.5-0.8L139.4,80.8z"},{"type":"path","fill":"#A38979","stroke":"none","path":"M146.4,81.7c0,0,0.5,0.1,0.8,0.5c0.4,0.4,0.4,0.8,0.4,0.8l-4.8,5.2c-0.2,0.1-0.7-0.1-1.2-0.6\n\ts-0.7-1.1-0.6-1.2L146.4,81.7z"},{"type":"ellipse","fill":"#C7D012","stroke":"none","cx":137.4,"cy":77.6,"rx":6.8,"ry":5.8},{"type":"path","fill":"#B1B3B4","stroke":"none","path":"M59.6,86 84.7,67.4 65.4,63.7 65.4,63.7 40.3,77 z"},{"type":"path","fill":"#87888A","stroke":"none","path":"M40.3,93.2 65.6,84 65.4,63.7 65.4,63.7 40.3,77 z"},{"type":"path","fill":"#AB9066","stroke":"none","path":"M59.6,80.7 40.3,77 40.3,93.2 59.6,96.9 z"},{"type":"path","fill":"#826E4E","stroke":"none","path":"M59.6,96.9 59.6,80.7 84.7,67.4 84.7,87.7 z"},{"type":"path","fill":"#58585A","stroke":"none","path":"M70.9,92.3c-0.2,0-0.3,0-0.3-0.2c-0.3-0.2-0.5-0.6-0.3-1.1l3.5-6.8c0.2-0.3,0.6-0.5,1.1-0.3\n\t\tc0.3,0.2,0.5,0.6,0.3,1.1l-3.5,6.8C71.4,92.1,71.1,92.3,70.9,92.3z"},{"type":"path","fill":"#58585A","stroke":"none","path":"M75.5,93.3h-0.2l-4.8-1.1c-0.5-0.2-0.6-0.5-0.6-0.9s0.5-0.6,0.9-0.6l4.8,1.1c0.5,0.2,0.6,0.5,0.6,0.9\n\t\tC76.3,93,76,93.3,75.5,93.3z"},{"type":"path","fill":"#58585A","stroke":"none","path":"M74.6,96.7c-0.2,0-0.5-0.2-0.6-0.3L70.3,92c-0.3-0.3-0.2-0.8,0.2-1.1c0.3-0.3,0.8-0.2,1.1,0.2l3.7,4.5\n\t\tc0.3,0.3,0.2,0.8-0.2,1.1C74.9,96.7,74.7,96.7,74.6,96.7z"},{"type":"path","fill":"#58585A","stroke":"none","path":"M70.8,91.2c-0.5,0-0.8-0.3-0.8-0.8l-0.3-7.7c0-0.5,0.3-0.8,0.8-0.8s0.8,0.3,0.8,0.8l0.3,7.7\n\t\tC71.7,90.7,71.2,91.2,70.8,91.2C70.9,91.2,70.8,91.2,70.8,91.2z"},{"type":"path","fill":"#58585A","stroke":"none","path":"M66.9,97.9c-0.2,0-0.3,0-0.5-0.2c-0.3-0.3-0.5-0.8-0.2-1.1l4-5.7c0.3-0.3,0.8-0.5,1.1-0.2\n\t\tc0.3,0.3,0.5,0.8,0.2,1.1l-4,5.7C67.4,97.8,67.1,97.9,66.9,97.9z"},{"type":"path","fill":"#58585A","stroke":"none","path":"M70.9,92.3c-0.2,0-0.2,0-0.3,0l-4.8-1.7c-0.5-0.2-0.6-0.6-0.5-0.9c0.2-0.3,0.6-0.6,0.9-0.5l4.8,1.7\n\t\tc0.5,0.2,0.6,0.6,0.5,0.9C71.5,92,71.2,92.3,70.9,92.3z"},{"type":"path","fill":"#58585A","stroke":"none","path":"M70.9,92.3c-0.3,0-0.5-0.2-0.6-0.3l-3.4-5.4c-0.2-0.3-0.2-0.8,0.3-1.1c0.3-0.3,0.8-0.2,1.1,0.3l3.4,5.4\n\t\tc0.2,0.3,0.2,0.8-0.3,1.1C71.2,92.1,71.1,92.3,70.9,92.3z"},{"type":"path","fill":"#58585A","stroke":"none","path":"M97,78.5 70.1,89 70.7,91.3 99.5,79.9 z"},{"type":"path","fill":"#3E3D40","stroke":"none","path":"M99.2,79.5c0,0,0.2-0.4,0-0.6c-0.4-0.3-0.7,0.1-0.7,0.1L96,82.1l-1.3-0.7l-1.4,1.1l3.5,1.9l1.2-1l-1.4-0.9\n\tL99.2,79.5z"},{"type":"path","fill":"#58585A","stroke":"none","path":"M71.2,99.8c-0.5,0-0.8-0.3-0.8-0.8l-0.3-7.7c0-0.5,0.3-0.8,0.8-0.8s0.8,0.3,0.8,0.8L72,99\n\t\tC72,99.5,71.7,99.8,71.2,99.8L71.2,99.8z"},{"type":"path","fill":"none","stroke":"#282829","stroke-width":3.0698,"stroke-miterlimit":10,"path":"M70.6,99.3c3.1-1.1,5.1-5.1,5.1-10.3\n\tc0-5.4-2.9-7.1-5.1-6.4c-2.5,0.8-4.9,4.9-4.9,10.1C65.7,97.9,68.8,99.9,70.6,99.3z"},{"type":"path","fill":"#3E3D40","stroke":"none","path":"M94.4,57.1c0.3,0.6,2.2-0.2,4-0.2c2.6-0.1,5.3,0.2,5.6-1.1c0.4-2.1-2.8-3.7-5.1-2.8S93.7,56,94.4,57.1z"}]}