{"width":"224.7","height":"144.9","dx":"0","dy":"0","geometry":[{"type":"path","fill":"#ECEDED","stroke":"none","path":"M112.4,133.5c-61.6,0-111.8-17.9-111.8-39.9s50.2-39.9,111.8-39.9s111.8,17.9,111.8,39.9\n\tS174.1,133.5,112.4,133.5z"},{"type":"path","fill":"#989797","stroke":"none","path":"M224.1,95.3c-2.5,21.2-51.7,38.1-111.7,38.1c-61.6,0-111.8-17.9-111.8-39.9c0-0.4,0-0.8,0.1-1.2H0.3L0,104.7\n\tc0,22.2,51.1,40.2,112.9,40.2s111.8-18,111.8-40.2v-9.4H224.1z"},{"type":"ellipse","fill":"none","stroke":"#B3B3B3","stroke-width":0.9996,"stroke-miterlimit":10,"cx":112.5,"cy":93.2,"rx":112.1,"ry":39.9},{"type":"path","fill":"#CBCBCB","stroke":"none","path":"M205.7,19.9 210.4,18.2 117.7,0 117.7,0 112.9,1.6 z"},{"type":"path","fill":"#DADAD6","stroke":"none","path":"M205.7,19.9 120.3,2.9 120.3,67.4 205.7,84.3 z"},{"type":"path","fill":"#A5A6A6","stroke":"none","path":"M205.7,84.3 205.7,19.9 210.4,18.2 210.4,82.7 z"},{"type":"path","fill":"#CBCBCB","stroke":"none","path":"M21.3,39.6 120.2,3 112.9,1.6 112.9,1.7 14.1,38.3 z"},{"type":"path","fill":"#A5A6A6","stroke":"none","path":"M21.3,39.6 14.1,38.3 14.1,102.7 21.3,104 z"},{"type":"path","fill":"#EDECE8","stroke":"none","path":"M21.3,104 21.3,39.6 120.2,3 120.3,67.4 z"},{"type":"path","fill":"#B09A7B","stroke":"none","path":"M56.5,82.7 137,53.2 137,51.8 56.5,81.3 z"},{"type":"path","fill":"#CFB490","stroke":"none","path":"M56.5,81.3 137,51.8 120.4,48.9 39.9,78.4 z"},{"type":"path","fill":"#D8D9DA","stroke":"none","path":"M38.8,43 21.8,39.8 21.8,104.2 38.8,107.5 z"},{"type":"path","fill":"#D8D9DA","stroke":"none","path":"M104.1,18.5 87.1,15.3 87.1,33.6 104.1,36.9 z"},{"type":"path","fill":"#FFFFFF","stroke":"none","path":"M38.8,43 56.5,36.5 39.5,33.3 21.8,39.8 z"},{"type":"path","fill":"#868787","stroke":"none","path":"M85.6,18.9 91.3,16.8 85.7,15.8 80,17.9 z"},{"type":"path","fill":"#868787","stroke":"none","path":"M81.5,50.1 81.5,47 70.2,44.8 64.5,46.9 z"},{"type":"path","fill":"#FFFFFF","stroke":"none","path":"M93.9,66.9 107.6,62 93.6,59.3 79.8,64.2 z"},{"type":"path","fill":"#C6C6C6","stroke":"none","path":"M38.8,107.5 56.5,101 56.5,36.5 38.8,43 z"},{"type":"path","fill":"#C6C6C6","stroke":"none","path":"M56.6,101 74.3,94.5 74.3,76 56.6,82.5 z"},{"type":"path","fill":"#868787","stroke":"none","path":"M38.8,67 56.5,60.5 56.5,60 38.8,66.5 z"},{"type":"path","fill":"#868787","stroke":"none","path":"M41.5,63.5 45.8,61.9 45.8,61.4 41.5,63 z"},{"type":"path","fill":"#868787","stroke":"none","path":"M41.5,69.5 45.8,68 45.8,67.4 41.5,69 z"},{"type":"path","fill":"#CBBB9D","stroke":"none","path":"M151.6,58.2c3.8,0,3.8-4.3,3.8-4.3c-1.4-0.5-2.4-0.8-3.5-0.8c-1.1,0-2.7,0.3-4.1,0.8\n\t\tC147.9,57.6,151.6,58.2,151.6,58.2z"},{"type":"path","fill":"#CBBB9D","stroke":"none","path":"M151.6,51.7c3.8,0,6-3.2,6-7c0-4.1-2.2-7-6-7c-3.8,0-6.2,3.2-6.2,7C145.4,48.4,147.6,51.7,151.6,51.7z"},{"type":"path","fill":"#369C9E","stroke":"none","path":"M159.2,82.5c2.7-3.8,4.3-7.3,5.1-11.9c0.8-6-0.5-11.1-3.8-14.1c-1.1-1.1-2.4-1.9-3.5-2.4\n\t\tc-0.8-0.3-1.6-0.5-2.7-0.8c-0.5,0-0.3,3-3.2,3c-2.9,0-2.2-3-3-2.7c-1.9,0.5-3.5,1.4-4.1,2.2c-1.6,1.6-2.7,3.8-3.2,5.4\n\t\tc-1.1,3-1.4,6-1.9,8.9c-0.3,1.1-0.3,2.2-0.5,3.2c-0.3,1.4,0.8,2.7,2.2,3c0.3,0,0.3,0,0.5,0c1.1,0,2.2-0.8,2.4-2.2\n\t\tc0.3-1.1,0.3-2.4,0.5-3.5c0.3-2.4,0.5-4.9,1.4-7c0,2.4-0.5,9.7-0.5,9.7h13.5L159.2,82.5z M159.2,69.8c-0.3,1.1-0.3,2.2-0.8,3\n\t\tc-0.3-2.2-0.3-5.4-0.5-7.8c0-0.8,0-1.4,0-2.2v-1.9C159.8,64.1,159.4,67.6,159.2,69.8z"},{"type":"path","fill":"#ECEDED","stroke":"none","path":"M154.4,47.7h-5.4c0,0,0.8,1.9,2.7,1.9C153.2,49.5,154.4,47.7,154.4,47.7z"},{"type":"path","fill":"#5F4C3F","stroke":"none","path":"M157.2,44.6c1.9-0.3-0.3-8.1-6-7.8c-6.2,0-6,7.8-6,7.8h0.5c0,0,0.8-4.1,5.7-4.1\n\t\tC156.8,40.6,157.2,44.6,157.2,44.6L157.2,44.6z"},{"type":"path","fill":"#5F4C3F","stroke":"none","path":"M153.2,43.5c0.3,0,0.5,0.5,0.5,1.1s-0.2,1.1-0.5,1.1s-0.5-0.5-0.5-1.1S152.9,43.5,153.2,43.5z"},{"type":"ellipse","fill":"#5F4C3F","stroke":"none","cx":150.1,"cy":44.6,"rx":0.5,"ry":1.1},{"type":"path","fill":"#3E3D40","stroke":"none","path":"M144.9,73.3l-1.9,28.4c0,1.9,1.4,3.2,3,3.5h0.3c1.6,0,3.2-1.4,3.2-3l1.6-22.5c0.3,0,0.5,0,0.5,0\n\t\tc0.3,0,1.9,18.4,1.9,18.4l0.3,4.1c0,1.6,1.6,3,3.2,3h0.3c1.4,0,2.7-1.1,3-2.4c0-0.3,0-0.8,0-1.1l-0.5-7l-0.8-12.2l-0.5-9.2\n\t\tL144.9,73.3L144.9,73.3z"},{"type":"path","fill":"#5F4C3F","stroke":"none","path":"M196.6,40.4 196.4,50.9 184.6,50.6 184.4,40.4 \tz"},{"type":"path","fill":"#CBBB9D","stroke":"none","path":"M190.4,47.8c-3.8,0-6-3.2-6-7c0-4.1,2.2-7,6-7s6.2,3.2,6.2,7C196.4,44.6,194.2,47.8,190.4,47.8z"},{"type":"path","fill":"#5F4C3F","stroke":"none","path":"M184.4,40.8c0-4.1,2.2-7,6-7s6.2,3.2,6.2,7h-0.5c0,0-0.8-4.1-5.7-4.1c-5.1,0-5.7,4.1-5.7,4.1H184.4z"},{"type":"ellipse","fill":"#5F4C3F","stroke":"none","cx":188.6,"cy":41.1,"rx":0.5,"ry":1.1},{"type":"ellipse","fill":"#5F4C3F","stroke":"none","cx":191.8,"cy":41.1,"rx":0.5,"ry":1.1},{"type":"path","fill":"#58585A","stroke":"none","path":"M183.4,69.5l-2.6,20.2h1.3c0,0-0.6,9.2-0.6,9.3c0.3,1.4,1.6,2.4,3,2.4h0.3c1.6,0,3.2-1.4,3.2-3l0.5-8.8\n\t\tc0,0,3.5,0,3.8,0l0.5,8.8c0,1.6,1.6,3,3.2,3h0.3c1.9,0,3.2-1.6,3-3.5l-0.5-8.2h1.1l-2.5-20.2L183.4,69.5L183.4,69.5z"},{"type":"path","fill":"#FFFFFF","stroke":"none","path":"M188.9,44.7h3.2c0,0-0.5,0.8-1.6,0.8C189.4,45.4,188.9,44.7,188.9,44.7z"},{"type":"path","fill":"#CBBB9D","stroke":"none","path":"M190.9,54.5c3.8,0,3.8-4.3,3.8-4.3c-1.4-0.5-2.4-0.8-3.5-0.8c-1.1,0-2.7,0.3-4.1,0.8\n\t\tC187.1,53.9,190.9,54.5,190.9,54.5z"},{"type":"path","fill":"#62B9E0","stroke":"none","path":"M183.6,69.5h13.5c0,0-0.3-7.3-0.5-9.7c0.8,2.2,1.1,4.6,1.4,7c0.3,1.1,0.3,2.4,0.5,3.5\n\t\tc0.3,1.4,1.4,2.2,2.4,2.2c0.3,0,0.3,0,0.5,0c1.4-0.3,2.2-1.6,2.2-3c-0.3-1.1-0.3-2.2-0.5-3.2c-0.3-3-0.8-6-1.9-8.9\n\t\tc-0.5-1.9-1.6-4.1-3.2-5.4c-0.8-0.8-2.2-1.9-4.1-2.2c-0.8-0.3,0,2.7-3,2.7s-2.7-3-3.2-3c-1.1,0.3-1.9,0.5-2.7,0.8\n\t\tc-1.1,0.5-2.4,1.1-3.5,2.4c-3.2,3.2-4.6,8.1-3.8,14.1c0.8,4.9,1.9,7.6,4.6,11.1L183.6,69.5z M183.9,57.3v1.9c0,0.5,0,1.4,0,2.2\n\t\tc-0.3,2.4-0.3,5.7-0.5,7.8c-0.3-1.1-0.5-1.9-0.8-3C182.4,63.8,182.4,60,183.9,57.3z"},{"type":"path","fill":"#868787","stroke":"none","path":"M63.6,82 68,80.5 68,79.9 63.6,81.5 z"},{"type":"path","fill":"#C6C6C6","stroke":"none","path":"M74.6,94.5 92.3,88 92.3,69.5 74.6,76 z"},{"type":"path","fill":"#868787","stroke":"none","path":"M81.6,75.5 86,74 86,73.4 81.6,75 z"},{"type":"path","fill":"#5A5C5B","stroke":"none","path":"M92.6,88 110.3,81.5 110.3,63 92.6,69.5 z"},{"type":"path","fill":"#EDECE8","stroke":"none","path":"M99.6,69 104,67.5 104,66.9 99.6,68.5 z"},{"type":"path","fill":"#C6C6C6","stroke":"none","path":"M110.6,81.5 128.3,75 128.3,56.5 110.6,63 z"},{"type":"path","fill":"#868787","stroke":"none","path":"M117.6,62.5 122,61 122,60.4 117.6,62 z"},{"type":"path","fill":"#C6C6C6","stroke":"none","path":"M128.6,75 137.1,72 137.1,53.6 128.6,56.5 z"},{"type":"path","fill":"#868787","stroke":"none","path":"M130.6,58.3 135,56.8 135,56.2 130.6,57.8 z"},{"type":"path","fill":"#5A5C5B","stroke":"none","path":"M85.6,42 91.2,39.9 91.2,16.8 85.6,18.9 z"},{"type":"path","fill":"#5A5C5B","stroke":"none","path":"M80.1,41 85.6,42 85.6,18.9 80.1,17.8 z"},{"type":"ellipse","fill":"#5A5C5B","stroke":"none","cx":87.1,"cy":63.5,"rx":2.1,"ry":0.8},{"type":"ellipse","fill":"#5A5C5B","stroke":"none","cx":93.7,"cy":64.5,"rx":2.7,"ry":1},{"type":"ellipse","fill":"#5A5C5B","stroke":"none","cx":99.1,"cy":62.6,"rx":2.7,"ry":1},{"type":"ellipse","fill":"#5A5C5B","stroke":"none","cx":92.6,"cy":61.3,"rx":2.6,"ry":1},{"type":"path","fill":"#5A5C5B","stroke":"none","path":"M100.5,41.4 100.5,43.9 81.5,50.1 81.5,47 z"},{"type":"path","fill":"#FFFFFF","stroke":"none","path":"M56.7,36.5 74.4,30 57.4,26.8 39.7,33.3 z"},{"type":"path","fill":"#C6C6C6","stroke":"none","path":"M56.6,55 74.3,48.5 74.3,30.1 56.6,36.6 z"},{"type":"path","fill":"#868787","stroke":"none","path":"M63.6,50.6 68,49.1 68,48.5 63.6,50.1 z"},{"type":"path","fill":"#FFFFFF","stroke":"none","path":"M119.5,12.9 137.2,6.4 120.2,3.2 102.5,9.7 z"},{"type":"path","fill":"#C6C6C6","stroke":"none","path":"M119.4,31.4 137.1,24.9 137.1,6.4 119.4,12.9 z"},{"type":"path","fill":"#868787","stroke":"none","path":"M126.5,26.9 130.9,25.4 130.9,24.8 126.5,26.4 z"},{"type":"path","fill":"#FFFFFF","stroke":"none","path":"M104.1,18.4 119.4,12.9 102.4,9.7 87.1,15.2 z"},{"type":"path","fill":"#C6C6C6","stroke":"none","path":"M104.2,36.9 119.3,31.4 119.3,13 104.2,18.5 z"},{"type":"path","fill":"#868787","stroke":"none","path":"M110.2,33.2 114.6,31.7 114.6,31.1 110.2,32.7 z"},{"type":"path","fill":"#868787","stroke":"none","path":"M91.2,39.9 100.5,41.4 81.5,47 85.6,42 z"},{"type":"path","fill":"#C6C6C6","stroke":"none","path":"M80.1,41 73,45.2 81.5,47 85.6,42 z"},{"type":"path","fill":"#CBBB9D","stroke":"none","path":"M134.5,91.2 91.6,83.6 91.6,113.2 93.7,113.5 93.7,87.2 131.4,93.9 131.3,120.2 134.5,120.8 z"},{"type":"path","fill":"#CBBB9D","stroke":"none","path":"M173.6,80 170.3,79.5 170.4,105.9 173.6,106.5 z"},{"type":"path","fill":"#A89D85","stroke":"none","path":"M134.5,120.8 134.5,91.2 175.9,76.1 176,105.6 173.7,106.5 173.7,80.5 137.6,94.5 137.5,119.7 z"},{"type":"path","fill":"#A89D85","stroke":"none","path":"M93.6,113.5 93.6,87.2 97.1,87.9 97.1,112.2 z"},{"type":"path","fill":"#ECE0C2","stroke":"none","path":"M134.5,91.2 175.9,76.1 133,68.5 91.6,83.6 z"}]}