{"width":"224.7","height":"144.9","dx":"0","dy":"0","geometry":[{"type":"path","fill":"#ECEDED","stroke":"none","path":"M112.4,133.5c-61.6,0-111.8-17.9-111.8-39.9s50.2-39.9,111.8-39.9s111.8,17.9,111.8,39.9S174.1,133.5,112.4,133.5z"},{"type":"path","fill":"#999898","stroke":"none","path":"M224.1,95.3c-2.5,21.2-51.7,38.1-111.7,38.1c-61.6,0-111.8-17.9-111.8-39.9c0-0.4,0-0.8,0.1-1.2H0.3L0,104.7c0,22.2,51.1,40.2,112.9,40.2s111.8-18,111.8-40.2v-9.4H224.1z"},{"type":"ellipse","fill":"none","stroke":"#B4B4B4","stroke-width":0.9996,"stroke-miterlimit":10,"cx":112.5,"cy":93.2,"rx":112.1,"ry":39.9},{"type":"path","fill":"#707072","stroke":"none","path":"M133.4,58.5"},{"type":"path","fill":"#D6B587","stroke":"none","path":"M205.7,19.9 210.4,18.2 117.7,0 117.7,0 112.9,1.6 z"},{"type":"path","fill":"#CDA562","stroke":"none","path":"M205.7,19.9 112.9,1.6 112.9,66.1 205.7,84.3 z"},{"type":"path","fill":"#B99557","stroke":"none","path":"M205.7,84.3 205.7,19.9 210.4,18.2 210.4,82.7 z"},{"type":"path","fill":"#D6B587","stroke":"none","path":"M21.3,39.6 120.2,3 112.9,1.6 112.9,1.7 14.1,38.3 z"},{"type":"path","fill":"#CDA562","stroke":"none","path":"M21.3,39.6 14.1,38.3 14.1,102.7 21.3,104 z"},{"type":"path","fill":"#B99557","stroke":"none","path":"M21.3,104 21.3,39.6 120.2,3 120.3,67.4 z"},{"type":"path","fill":"#CCBC9E","stroke":"none","path":"M138.1,65.7 95.2,58.1 95.2,77.9 97.3,78.2 97.3,61.7 135,68.4 134.9,84.9 138.1,85.5 z"},{"type":"path","fill":"#CCBC9E","stroke":"none","path":"M161.6,60.2 158.4,59.9 158.4,76.4 161.6,77 z"},{"type":"path","fill":"#A89D85","stroke":"none","path":"M138.1,85.5 138.1,65.7 163.9,56.4 164,76.1 161.7,77 161.7,60.8 141.2,69 141.1,84.4 z"},{"type":"path","fill":"#A89D85","stroke":"none","path":"M97.2,78.2 97.2,61.7 100.7,62.4 100.7,76.9 z"},{"type":"path","fill":"#ECE0C2","stroke":"none","path":"M138.1,65.7 163.9,56.4 121,48.8 95.2,58.1 z"},{"type":"path","fill":"#ECE0C2","stroke":"none","path":"M159.7,22.3 178.2,15.5 176.2,15.1 176.2,15.1 157.7,21.9 z"},{"type":"path","fill":"#CCBC9E","stroke":"none","path":"M159.7,22.3 157.7,21.9 157.7,85.2 159.7,85.7 z"},{"type":"path","fill":"#A89D85","stroke":"none","path":"M159.7,85.7 159.7,22.3 178.2,15.5 178.2,78.9 z"},{"type":"path","fill":"#ECE0C2","stroke":"none","path":"M187,85.1 205.4,78.4 178.5,72.5 178.5,72.5 160,79.2 z"},{"type":"path","fill":"#CCBC9E","stroke":"none","path":"M187,85.1 160,79.2 160,80.9 187,86.8 z"},{"type":"path","fill":"#A89D85","stroke":"none","path":"M187,86.8 187,85.1 205.4,78.4 205.5,80.1 z"},{"type":"path","fill":"#AC8A53","stroke":"none","path":"M166.8,79.5 166.8,73.2 175.9,69.8 175.9,76.1 z"},{"type":"path","fill":"#756448","stroke":"none","path":"M166.8,73.2 162.1,72.2 171,68.8 175.9,69.8 z"},{"type":"path","fill":"#BF995B","stroke":"none","path":"M162.1,78.5 162.1,72.2 166.8,73.2 166.8,79.5 z"},{"type":"path","fill":"#756448","stroke":"none","path":"M174.5,74.9 169.8,73.8 178.7,70.5 183.7,71.5 z"},{"type":"path","fill":"#ECE0C2","stroke":"none","path":"M187,74.7 205.4,68 178.5,62.1 178.5,62.1 160,68.8 z"},{"type":"path","fill":"#CCBC9E","stroke":"none","path":"M187,74.7 160,68.8 160,70.5 187,76.4 z"},{"type":"path","fill":"#A89D85","stroke":"none","path":"M187,76.4 187,74.7 205.4,68 205.5,69.7 z"},{"type":"path","fill":"#ECE0C2","stroke":"none","path":"M187,64.3 205.4,57.6 178.5,51.7 178.5,51.7 160,58.5 z"},{"type":"path","fill":"#CCBC9E","stroke":"none","path":"M187,64.3 160,58.5 160,60.2 187,66.1 z"},{"type":"path","fill":"#A89D85","stroke":"none","path":"M187,66.1 187,64.3 205.4,57.6 205.5,59.3 z"},{"type":"path","fill":"#58A0C1","stroke":"none","path":"M174.5,60.8 174.5,54.6 183.7,51.2 183.7,57.5 z"},{"type":"path","fill":"#656565","stroke":"none","path":"M174.5,54.6 169.8,53.5 178.7,50.2 183.7,51.2 z"},{"type":"path","fill":"#65BAE1","stroke":"none","path":"M169.8,59.8 169.8,53.5 174.5,54.6 174.5,60.8 z"},{"type":"path","fill":"#AC8A53","stroke":"none","path":"M182.3,62.5 182.3,56.2 191.4,52.8 191.4,59.2 z"},{"type":"path","fill":"#756448","stroke":"none","path":"M182.3,56.2 177.6,55.2 186.5,51.9 191.4,52.8 z"},{"type":"path","fill":"#BF995B","stroke":"none","path":"M177.6,61.5 177.6,55.2 182.3,56.2 182.3,62.5 z"},{"type":"path","fill":"#ECE0C2","stroke":"none","path":"M187,54 205.4,47.2 178.5,41.3 178.5,41.3 160,48.1 z"},{"type":"path","fill":"#CCBC9E","stroke":"none","path":"M187,54 160,48.1 160,49.8 187,55.7 z"},{"type":"path","fill":"#A89D85","stroke":"none","path":"M187,55.7 187,54 205.4,47.2 205.5,48.9 z"},{"type":"path","fill":"#AC8A53","stroke":"none","path":"M166.8,48.3 166.8,42 175.9,38.6 175.9,44.9 z"},{"type":"path","fill":"#756448","stroke":"none","path":"M166.8,42 162.1,41 171,37.7 175.9,38.6 z"},{"type":"path","fill":"#BF995B","stroke":"none","path":"M162.1,47.3 162.1,41 166.8,42 166.8,48.3 z"},{"type":"path","fill":"#58A0C1","stroke":"none","path":"M174.5,50 174.5,43.7 183.7,40.3 183.7,46.6 z"},{"type":"path","fill":"#656565","stroke":"none","path":"M174.5,43.7 169.8,42.7 178.7,39.3 183.7,40.3 z"},{"type":"path","fill":"#65BAE1","stroke":"none","path":"M169.8,48.9 169.8,42.7 174.5,43.7 174.5,50 z"},{"type":"path","fill":"#58A0C1","stroke":"none","path":"M182.3,51.6 182.3,45.4 191.4,42 191.4,48.3 z"},{"type":"path","fill":"#656565","stroke":"none","path":"M182.3,45.4 177.6,44.3 186.5,41 191.4,42 z"},{"type":"path","fill":"#65BAE1","stroke":"none","path":"M177.6,50.6 177.6,44.3 182.3,45.4 182.3,51.6 z"},{"type":"path","fill":"#ECE0C2","stroke":"none","path":"M187,43.6 205.4,36.8 178.5,30.9 178.5,30.9 160,37.7 z"},{"type":"path","fill":"#CCBC9E","stroke":"none","path":"M187,43.6 160,37.7 160,39.4 187,45.3 z"},{"type":"path","fill":"#A89D85","stroke":"none","path":"M187,45.3 187,43.6 205.4,36.8 205.5,38.5 z"},{"type":"path","fill":"#AC8A53","stroke":"none","path":"M185.2,73.6 185.2,65.7 175.9,63.6 162.4,68.5 z"},{"type":"path","fill":"#95AA6D","stroke":"none","path":"M173.2,36.8c0,0.8-1.7,1.4-3.9,1.4c-2.1,0-3.9-0.6-3.9-1.4v-8.2c0-0.8,1.7-1.4,3.9-1.4c2.1,0,3.9,0.6,3.9,1.4V36.8z"},{"type":"ellipse","fill":"#4B593A","stroke":"none","cx":169.3,"cy":28.7,"rx":3.7,"ry":1.3},{"type":"path","fill":"#95AA6D","stroke":"none","path":"M183,34.1c0,0.8-1.7,1.4-3.9,1.4c-2.1,0-3.9-0.6-3.9-1.4v-8.2c0-0.8,1.7-1.4,3.9-1.4c2.1,0,3.9,0.6,3.9,1.4V34.1z"},{"type":"ellipse","fill":"#4B593A","stroke":"none","cx":179.1,"cy":26,"rx":3.7,"ry":1.3},{"type":"path","fill":"#ECE0C2","stroke":"none","path":"M187.3,27.7 205.7,20.9 203.7,20.5 203.8,20.5 185.2,27.2 z"},{"type":"path","fill":"#ECEDED","stroke":"none","path":"M138.7,11.4 132.3,10.1 132.3,19.4 138.7,20.7 z"},{"type":"path","fill":"#ECEDED","stroke":"none","path":"M146,13.1 139.5,12.3 140.2,21.6 146.7,22.4 z"},{"type":"path","fill":"#ECEDED","stroke":"none","path":"M137.5,20.9 131,20.1 131.7,29.4 138.2,30.2 z"},{"type":"path","fill":"#ECEDED","stroke":"none","path":"M145.8,24.4 139.6,22.4 138.6,31.7 144.8,33.6 z"},{"type":"path","fill":"#ECEDED","stroke":"none","path":"M155.6,16 149.2,14.8 149.3,24.2 155.7,25.3 z"},{"type":"path","fill":"none","stroke":"#999898","stroke-width":0.1691,"stroke-miterlimit":10,"path":"M141.6,57.9c1.2-0.5,3-2.8,0.3-2.7c-2.6,0.1-3.1-1.5-6.4-0.8"},{"type":"path","fill":"#D9DADB","stroke":"none","path":"M120.5,55 133.4,57.2 133.4,59 120.5,56.8 z"},{"type":"path","fill":"#999898","stroke":"none","path":"M133.4,57.2 139.5,55 139.5,56.8 133.4,59 z"},{"type":"path","fill":"#B1B3B3","stroke":"none","path":"M120.5,55 126.6,52.8 139.5,55 133.4,57.2 z"},{"type":"path","fill":"#D9DADB","stroke":"none","path":"M127.6,51 130.4,51.6 130.4,55.9 127.6,55.4 z"},{"type":"path","fill":"#999898","stroke":"none","path":"M130.4,51.6 132.8,50.7 132.8,55 130.4,55.9 z"},{"type":"path","fill":"#C7C6C7","stroke":"none","path":"M127.6,51 130,50.2 132.8,50.7 130.4,51.6 z"},{"type":"path","fill":"#D9DADB","stroke":"none","path":"M115.8,31 140.5,35.4 140.5,53.5 115.8,49.1 z"},{"type":"path","fill":"#B1B3B3","stroke":"none","path":"M140.5,35.4 143.5,34.3 143.5,52.4 140.5,53.5 z"},{"type":"path","fill":"#C7C6C7","stroke":"none","path":"M115.8,31 118.8,29.9 143.5,34.3 140.5,35.4 z"},{"type":"path","fill":"#A8C1E1","stroke":"none","path":"M117.2,32.8 139.2,36.7 139.2,51.7 117.2,47.8 z"},{"type":"path","fill":"#999898","stroke":"none","path":"M142,57.9c0.2,0.3,0.5,1.1-0.5,1.7c-1.1,0.6-2.6,1.2-3.4,0.4C137.3,59.2,142,57.9,142,57.9z"},{"type":"path","fill":"#C7C6C7","stroke":"none","path":"M138.1,60c-1.7-1.3,2.1-3.6,3.7-2.3c0.8,0.6-0.1,0.8-1,1.4C139.9,59.7,138.9,60.7,138.1,60z"},{"type":"path","fill":"#999898","stroke":"none","path":"M140.6,58.1c0.4-0.2,0.7-0.3,1.2-0.4l-0.1-0.1c-0.5,0.1-0.8,0.2-1.2,0.4c-0.5-0.3-0.9-0.5-1-0.5l-0.2,0.1c0,0,1.2,0.5,1.8,1.4l0.1-0.1C141.1,58.6,140.9,58.3,140.6,58.1z"},{"type":"path","fill":"#CCBC9E","stroke":"none","path":"M187.3,72.5 157.7,67.7 157.7,85.6 187.3,91 z"},{"type":"path","fill":"#D9DADB","stroke":"none","path":"M61.6,39.7 44.6,36.5 44.6,100.9 61.6,104.2 z"},{"type":"path","fill":"#ECEDED","stroke":"none","path":"M61.6,39.7 79.3,33.2 62.3,30 44.6,36.5 z"},{"type":"path","fill":"#C7C6C7","stroke":"none","path":"M61.6,104.2 79.3,97.7 79.3,33.2 61.6,39.7 z"},{"type":"path","fill":"#878788","stroke":"none","path":"M61.6,63.7 79.3,57.2 79.3,56.7 61.6,63.2 z"},{"type":"path","fill":"#878788","stroke":"none","path":"M64.2,60.2 68.6,58.6 68.6,58.1 64.2,59.7 z"},{"type":"path","fill":"#878788","stroke":"none","path":"M64.2,66.2 68.6,64.7 68.6,64.1 64.2,65.7 z"},{"type":"path","fill":"#7B7C7D","stroke":"none","path":"M36.8,103.9c-1.2-0.2-2.2-0.8-2.6-1.7c-0.5-1-0.4-2.2,0.2-3.4c0.6-1.1,2-2,3.3-2.9s2.7-1.8,3-2.7\tc0.2-0.7,0-1.3-0.5-2.4c-0.7-1.5-1.6-3.5-1.6-7c0-5.4,3.1-5.8,5-6c0.4,0,0.8-0.2,1.1-0.3v1.1c-0.3,0.1-0.5,0.1-1,0.2\tc-1.8,0.2-4,0.5-4.1,5c0,3.3,0.9,5.2,1.5,6.6c0.5,1.2,1,2.1,0.6,3.2c-0.4,1.2-1.9,2.2-3.4,3.2c-1.2,0.8-2.5,1.7-3,2.5\tc-0.5,0.9-0.6,1.8-0.2,2.5c0.3,0.6,1,1.1,1.9,1.2L36.8,103.9z"},{"type":"path","fill":"#7B7C7D","stroke":"none","path":"M36.8,102.9c0.4-1.1,2.8,0,2.8,0l-0.6,2.5C39,105.4,36,105.2,36.8,102.9z"},{"type":"path","fill":"#7B7C7D","stroke":"none","path":"M39,103.3c0,0,2.1,0.4,1.9,0.8c-0.2,0.4-1.9-0.3-1.9-0.3V103.3z"},{"type":"path","fill":"#7B7C7D","stroke":"none","path":"M38.7,104.4c0,0,2.1,0.4,1.9,0.8c-0.2,0.4-1.9-0.3-1.9-0.3V104.4z"},{"type":"path","fill":"#AC8A53","stroke":"none","path":"M187.7,35.3 183.3,37.1 182,35.8 186.4,33.9 z"},{"type":"path","fill":"#CCBC9E","stroke":"none","path":"M183.2,37.1 183.3,38.1 182.1,36.7 182,35.7 z"},{"type":"path","fill":"#BF995B","stroke":"none","path":"M187.8,36.3 183.3,38.1 183.2,37.2 187.7,35.3 z"},{"type":"path","fill":"#5A595B","stroke":"none","path":"M173.9,39.5 173.8,40.5 182.8,37.1 182.3,36.4 z"},{"type":"path","fill":"#CCBC9E","stroke":"none","path":"M187.3,27.7 185.2,27.2 185.2,90.6 187.3,91 z"},{"type":"path","fill":"#A89D85","stroke":"none","path":"M187.3,91 187.3,27.7 205.7,20.9 205.7,84.3 z"},{"type":"path","fill":"#CCBC9E","stroke":"none","path":"M108.4,79.4c3.8,0,3.8-4.3,3.8-4.3c-1.4-0.5-2.4-0.8-3.5-0.8s-2.7,0.3-4.1,0.8\tC104.6,78.8,108.4,79.4,108.4,79.4z"},{"type":"path","fill":"#CCBC9E","stroke":"none","path":"M108.4,72.9c3.8,0,6-3.2,6-7c0-4.1-2.2-7-6-7c-3.8,0-6.2,3.2-6.2,7C102.2,69.6,104.3,72.9,108.4,72.9z"},{"type":"path","fill":"#389C9E","stroke":"none","path":"M116,103.7c2.7-3.8,4.3-7.3,5.1-11.9c0.8-6-0.5-11.1-3.8-14.1c-1.1-1.1-2.4-1.9-3.5-2.4\tc-0.8-0.3-1.6-0.5-2.7-0.8c-0.5,0-0.3,3-3.2,3s-2.2-3-3-2.7c-1.9,0.5-3.5,1.4-4.1,2.2c-1.6,1.6-2.7,3.8-3.2,5.4\tc-1.1,3-1.4,6-1.9,8.9c-0.3,1.1-0.3,2.2-0.5,3.2c-0.3,1.4,0.8,2.7,2.2,3c0.3,0,0.3,0,0.5,0c1.1,0,2.2-0.8,2.4-2.2\tc0.3-1.1,0.3-2.4,0.5-3.5c0.3-2.4,0.5-4.9,1.4-7c0,2.4-0.5,9.7-0.5,9.7h13.5L116,103.7z M116,91c-0.3,1.1-0.3,2.2-0.8,3\tc-0.3-2.2-0.3-5.4-0.5-7.8c0-0.8,0-1.4,0-2.2v-1.9C116.5,85.3,116.2,88.8,116,91z"},{"type":"path","fill":"#ECEDED","stroke":"none","path":"M111.1,68.9h-5.4c0,0,0.8,1.9,2.7,1.9C110,70.7,111.1,68.9,111.1,68.9z"},{"type":"path","fill":"#604D40","stroke":"none","path":"M114,65.8c1.9-0.3-0.3-8.1-6-7.8c-6.2,0-6,7.8-6,7.8h0.5c0,0,0.8-4.1,5.7-4.1C113.5,61.8,114,65.8,114,65.8\tL114,65.8z"},{"type":"path","fill":"#604D40","stroke":"none","path":"M110,64.7c0.3,0,0.5,0.5,0.5,1.1s-0.2,1.1-0.5,1.1s-0.5-0.5-0.5-1.1S109.7,64.7,110,64.7z"},{"type":"ellipse","fill":"#604D40","stroke":"none","cx":106.8,"cy":65.8,"rx":0.5,"ry":1.1},{"type":"path","fill":"#3F3E41","stroke":"none","path":"M101.6,94.5l-1.9,28.4c0,1.9,1.4,3.2,3,3.5h0.3c1.6,0,3.2-1.4,3.2-3l1.6-22.5c0.3,0,0.5,0,0.5,0\tc0.3,0,1.9,18.4,1.9,18.4l0.3,4.1c0,1.6,1.6,3,3.2,3h0.3c1.4,0,2.7-1.1,3-2.4c0-0.3,0-0.8,0-1.1l-0.5-7l-0.8-12.2l-0.5-9.2\tL101.6,94.5L101.6,94.5z"},{"type":"path","fill":"#604D40","stroke":"none","path":"M153.3,61.6 153.2,72.1 141.4,71.8 141.1,61.6 \tz"},{"type":"path","fill":"#CCBC9E","stroke":"none","path":"M147.2,69c-3.8,0-6-3.2-6-7c0-4.1,2.2-7,6-7c3.8,0,6.2,3.2,6.2,7C153.1,65.8,151,69,147.2,69z"},{"type":"path","fill":"#604D40","stroke":"none","path":"M141.2,62c0-4.1,2.2-7,6-7c3.8,0,6.2,3.2,6.2,7h-0.5c0,0-0.8-4.1-5.7-4.1c-5.1,0-5.7,4.1-5.7,4.1H141.2z"},{"type":"ellipse","fill":"#604D40","stroke":"none","cx":145.3,"cy":62.3,"rx":0.5,"ry":1.1},{"type":"ellipse","fill":"#604D40","stroke":"none","cx":148.5,"cy":62.3,"rx":0.5,"ry":1.1},{"type":"path","fill":"#5A595B","stroke":"none","path":"M140.1,90.7l-2.6,20.2h1.3c0,0-0.6,9.2-0.6,9.3c0.3,1.4,1.6,2.4,3,2.4h0.3c1.6,0,3.2-1.4,3.2-3l0.5-8.8\tc0,0,3.5,0,3.8,0l0.5,8.8c0,1.6,1.6,3,3.2,3h0.3c1.9,0,3.2-1.6,3-3.5l-0.5-8.2h1.1l-2.5-20.2L140.1,90.7L140.1,90.7z"},{"type":"path","fill":"#FFFFFF","stroke":"none","path":"M145.6,65.9h3.2c0,0-0.5,0.8-1.6,0.8C146.1,66.7,145.6,65.9,145.6,65.9z"},{"type":"path","fill":"#CCBC9E","stroke":"none","path":"M147.6,75.7c3.8,0,3.8-4.3,3.8-4.3c-1.4-0.5-2.4-0.8-3.5-0.8c-1.1,0-2.7,0.3-4.1,0.8\tC143.8,75.1,147.6,75.7,147.6,75.7z"},{"type":"path","fill":"#65BAE1","stroke":"none","path":"M140.4,90.7h13.5c0,0-0.3-7.3-0.5-9.7c0.8,2.2,1.1,4.6,1.4,7c0.3,1.1,0.3,2.4,0.5,3.5\tc0.3,1.4,1.4,2.2,2.4,2.2c0.3,0,0.3,0,0.5,0c1.4-0.3,2.2-1.6,2.2-3c-0.3-1.1-0.3-2.2-0.5-3.2c-0.3-3-0.8-6-1.9-8.9\tc-0.5-1.9-1.6-4.1-3.2-5.4c-0.8-0.8-2.2-1.9-4.1-2.2c-0.8-0.3,0,2.7-3,2.7s-2.7-3-3.2-3c-1.1,0.3-1.9,0.5-2.7,0.8\tc-1.1,0.5-2.4,1.1-3.5,2.4c-3.2,3.2-4.6,8.1-3.8,14.1c0.8,4.9,2.4,8.4,5.1,11.9L140.4,90.7z M140.7,78.5v1.9c0,0.5,0,1.4,0,2.2\tc-0.3,2.4-0.3,5.7-0.5,7.8c-0.3-1.1-0.5-1.9-0.8-3C139.1,85,139.1,81.2,140.7,78.5z"}]}