{"width":"224.7","height":"122.8","dx":"0","dy":"0","geometry":[{"type":"path","fill":"#FBFAFA","stroke":"none","path":"M224.6,70.9c0,22.2-50,40.2-111.8,40.2C51.1,111.1,1,93.1,1,70.9s50-40.2,111.8-40.2C174.5,30.8,224.6,48.7,224.6,70.9z"},{"type":"path","fill":"#979797","stroke":"none","path":"M0,70.4v12.9c0,13.7,29.6,39.5,115.6,39.5c63.7,0,109.1-20.9,109.1-39.1V73.3c-1.3,18-47.1,38.1-109,38.1C27.8,111.4-0.8,84.4,0,70.4z"},{"type":"ellipse","fill":"none","stroke":"#B3B1B1","stroke-width":0.9996,"stroke-miterlimit":10,"cx":112.5,"cy":71.2,"rx":112.1,"ry":39.9},{"type":"path","fill":"#979797","stroke":"none","path":"M1.3,68L1.3,68L1.3,68L1.3,68z"},{"type":"path","fill":"#B1B1B2","stroke":"none","path":"M126.8,92.1 183.6,71.4 183.6,30.3 126.8,51 z"},{"type":"path","fill":"#9B8878","stroke":"none","path":"M183.6,30.3 156.9,9.5 142.8,14.6 130.2,4.7 116.1,9.9 103.5,0 46.8,20.7 73.5,41.6 87.5,36.4 100.1,46.3 114.2,41.2 126.8,51 z"},{"type":"path","fill":"#D9D8DA","stroke":"none","path":"M46.8,36.8 46.8,20.7 73.5,41.6 73.5,25.4 100.1,46.3 100.2,30.2 126.8,51 126.8,92.1 46.8,77.8 z"},{"type":"path","fill":"#878788","stroke":"none","path":"M150.2,64.2c0-2.8,3-6.4,8.9-8.2c2.2-0.7,7.2-0.5,7.2,2.4v19.3l-16.1,5.8V64.2L150.2,64.2z"},{"type":"path","fill":"#AFBFDE","stroke":"none","path":"M115.1,79.8 115.1,59.2 103.9,57.3 103.9,77.8 z"},{"type":"path","fill":"#AFBFDE","stroke":"none","path":"M90.5,75.3 90.5,54.8 79.3,52.8 79.3,73.3 z"},{"type":"path","fill":"#AFBFDE","stroke":"none","path":"M65.9,70.8 65.9,50.3 54.7,48.3 54.7,68.9 z"},{"type":"ellipse","fill":"#78AB38","stroke":"none","cx":55.5,"cy":62.9,"rx":7.3,"ry":5.1},{"type":"ellipse","fill":"#98BB5E","stroke":"none","cx":38.2,"cy":58.3,"rx":6.6,"ry":5.2},{"type":"ellipse","fill":"#78AB38","stroke":"none","cx":41.9,"cy":64.7,"rx":9.3,"ry":5.7},{"type":"ellipse","fill":"#DDDA19","stroke":"none","cx":47.1,"cy":51.8,"rx":7.8,"ry":6},{"type":"ellipse","fill":"#B2BC60","stroke":"none","cx":52.9,"cy":55.5,"rx":7.8,"ry":5.9},{"type":"ellipse","fill":"#D9D8DA","stroke":"#FBFAFA","stroke-width":0.0915,"stroke-miterlimit":10,"cx":49.4,"cy":91.5,"rx":10.7,"ry":3.8},{"type":"path","fill":"#9B8878","stroke":"none","path":"M47.4,62.9L47.4,62.9L47.4,62.9L47.4,62.9L47.4,62.9c0-0.3,0.7-0.6,1.6-0.6s1.6,0.3,1.6,0.6l0,0L51.5,91c0,0.5-1.1,0.8-2.4,0.8c-1.3,0-2.3-0.4-2.4-0.8L47.4,62.9z"},{"type":"path","fill":"#9B8878","stroke":"none","path":"M56.3,61.4L56.3,61.4L56.3,61.4L56.3,61.4L56.3,61.4c0.1-0.1,0.5,0.1,0.8,0.4c0.3,0.3,0.5,0.7,0.4,0.8l0,0l-6.9,7.3c-0.2,0.2-0.7-0.1-1.2-0.6s-0.7-1-0.5-1.2L56.3,61.4z"},{"type":"path","fill":"#C8CF33","stroke":"none","path":"M39.1,60c0-3,2.8-5.4,6.3-5.4s6.3,2.4,6.3,5.4s-2.8,5.4-6.3,5.4C42,65.4,39.1,63,39.1,60z"},{"type":"ellipse","fill":"#78AB38","stroke":"none","cx":195.8,"cy":55.3,"rx":6.4,"ry":4.5},{"type":"ellipse","fill":"#98BB5E","stroke":"none","cx":180.6,"cy":51.3,"rx":5.8,"ry":4.6},{"type":"ellipse","fill":"#78AB38","stroke":"none","cx":183.8,"cy":56.9,"rx":8.2,"ry":5},{"type":"ellipse","fill":"#DDDA19","stroke":"none","cx":188.4,"cy":45.6,"rx":6.8,"ry":5.3},{"type":"ellipse","fill":"#98BB5E","stroke":"none","cx":193.6,"cy":48.8,"rx":6.9,"ry":5.1},{"type":"path","fill":"#D9D8DA","stroke":"#FBFAFA","stroke-width":0.0804,"stroke-miterlimit":10,"path":"M181,80.4c0,1.9,4.2,3.4,9.4,3.4s9.4-1.5,9.4-3.4s-4.2-3.4-9.4-3.4C185.2,77.1,181,78.6,181,80.4z"},{"type":"path","fill":"#9B8878","stroke":"none","path":"M188.7,55.3L188.7,55.3L188.7,55.3L188.7,55.3L188.7,55.3c0-0.3,0.6-0.5,1.4-0.5c0.8,0,1.4,0.2,1.4,0.5l0,0l0.8,24.7c0,0.4-0.9,0.7-2.1,0.7c-1.1,0-2.1-0.3-2.1-0.7L188.7,55.3z"},{"type":"path","fill":"#9B8878","stroke":"none","path":"M194.4,56.2c0,0,0.4,0.1,0.7,0.4c0.3,0.3,0.3,0.7,0.3,0.7l-4,4.3c-0.2,0.1-0.6-0.1-1-0.5s-0.6-0.9-0.5-1L194.4,56.2z"},{"type":"ellipse","fill":"#C8CF33","stroke":"none","cx":187,"cy":52.8,"rx":5.6,"ry":4.8}]}