{"width":"229.7","height":"143.9","dx":"-95","dy":"226.4","geometry":[{"type":"path","fill":"#92BD61","stroke":"none","path":"M131.9,318.4c0-22.2-50.1-40.2-111.8-40.2s-111.8,18-111.8,40.2c0,1.7,0.3,3.5,0.9,5.1l127,34.6\tC90.3,355.3,131.9,338.6,131.9,318.4z"},{"type":"path","fill":"#92BD61","stroke":"none","path":"M20.1,358.5c5.5,0,10.8-0.1,16.1-0.4l-127-34.6C-83.7,343.3-36.7,358.5,20.1,358.5z"},{"type":"path","fill":"#989797","stroke":"none","path":"M-92.6,317.8v12.9c0,13.7,29.6,39.5,115.6,39.5c63.7,0,109.1-20.9,109.1-39.1v-10.4c-1.3,18-47.1,38.1-109,38.1C-64.8,358.9-93.4,331.8-92.6,317.8z"},{"type":"ellipse","fill":"none","stroke":"#B3B3B3","stroke-width":0.9996,"stroke-miterlimit":10,"cx":19.9,"cy":318.7,"rx":112.1,"ry":39.9},{"type":"path","fill":"#5AAC26","stroke":"none","path":"M-65.8,260.1c0-4.2,4.8-7.6,10.8-7.6c5.9,0,10.8,3.4,10.8,7.6s-4.8,7.6-10.8,7.6C-61,267.7-65.8,264.3-65.8,260.1z"},{"type":"ellipse","fill":"#87BB56","stroke":"none","cx":-74.6,"cy":248.1,"rx":9.8,"ry":7.7},{"type":"path","fill":"#5AAC26","stroke":"none","path":"M-85.2,263.3c-0.5-4.7,2.4-9,10-9c7.6,0,13.8,3.8,13.8,8.5c0,4.7-0.9,8.5-8.5,8.5C-77.5,271.2-84.4,270.5-85.2,263.3z"},{"type":"ellipse","fill":"#DFDB00","stroke":"none","cx":-67.5,"cy":243.6,"rx":11.5,"ry":8.9},{"type":"ellipse","fill":"#AEBD59","stroke":"none","cx":-58.8,"cy":249,"rx":11.6,"ry":8.7},{"type":"ellipse","fill":"#D9D9DA","stroke":"#FAF9F9","stroke-width":0.1003,"stroke-miterlimit":10,"cx":-64,"cy":314.9,"rx":15.9,"ry":5.7},{"type":"path","fill":"#A38978","stroke":"none","path":"M-67,258.2C-67,258.2-67,258.2-67,258.2C-67,258.2-67,258.2-67,258.2L-67,258.2C-67,258.2-67,258.2-67,258.2c0-0.5,1.1-0.9,2.4-0.9c1.3,0,2.4,0.4,2.4,0.9c0,0,0,0,0,0l1.3,56c0,0.7-1.6,1.2-3.5,1.2c-1.9,0-3.5-0.6-3.5-1.2L-67,258.2z"},{"type":"path","fill":"#A38978","stroke":"none","path":"M-53.8,257.8C-53.8,257.8-53.8,257.8-53.8,257.8C-53.8,257.8-53.8,257.8-53.8,257.8L-53.8,257.8C-53.8,257.8-53.8,257.8-53.8,257.8c0.2-0.2,0.7,0.1,1.2,0.6c0.5,0.5,0.7,1,0.5,1.2c0,0,0,0,0,0l-10.2,10.9c-0.3,0.2-1-0.1-1.7-0.9c-0.7-0.7-1-1.5-0.8-1.8L-53.8,257.8z"},{"type":"path","fill":"#C7D009","stroke":"none","path":"M-79.2,255.7c0-4.5,4.2-8.1,9.4-8.1c5.2,0,9.4,3.6,9.4,8.1c0,4.4-4.2,8.1-9.4,8.1C-75.1,263.8-79.2,260.1-79.2,255.7z"},{"type":"path","fill":"#C7D009","stroke":"none","path":"M-45.8,246.6c0-2.2,2.1-4.1,4.7-4.1s4.7,1.8,4.7,4.1c0,2.2-2.1,4.1-4.7,4.1C-43.7,250.7-45.8,248.9-45.8,246.6z"},{"type":"path","fill":"#C7D009","stroke":"none","path":"M-79.3,263.3c0-2.2,2.1-4.1,4.7-4.1c2.6,0,4.7,1.8,4.7,4.1c0,2.2-2.1,4.1-4.7,4.1C-77.2,267.3-79.3,265.5-79.3,263.3z"},{"type":"path","fill":"#5AAC26","stroke":"none","path":"M58.8,249.5c0-3.8,4.4-6.9,9.8-6.9c5.4,0,9.8,3.1,9.8,6.9s-4.4,6.9-9.8,6.9C63.2,256.5,58.8,253.4,58.8,249.5z"},{"type":"ellipse","fill":"#87BB56","stroke":"none","cx":-12.2,"cy":253.4,"rx":8.4,"ry":6.6},{"type":"ellipse","fill":"#5AAC26","stroke":"none","cx":50.3,"cy":252,"rx":12.6,"ry":7.7},{"type":"ellipse","fill":"#DFDB00","stroke":"none","cx":57.3,"cy":234.5,"rx":10.5,"ry":8.1},{"type":"ellipse","fill":"#AEBD59","stroke":"none","cx":65.3,"cy":239.5,"rx":10.6,"ry":7.9},{"type":"ellipse","fill":"#AEBD59","stroke":"none","cx":65.8,"cy":255,"rx":4.4,"ry":3.3},{"type":"ellipse","fill":"#D9D9DA","stroke":"#FAF9F9","stroke-width":0.0915,"stroke-miterlimit":10,"cx":60.4,"cy":296.7,"rx":14.5,"ry":5.2},{"type":"path","fill":"#A38978","stroke":"none","path":"M57.8,249.5C57.8,249.5,57.8,249.5,57.8,249.5C57.8,249.5,57.8,249.5,57.8,249.5L57.8,249.5C57.8,249.5,57.8,249.5,57.8,249.5c0-0.5,1-0.8,2.2-0.8c1.2,0,2.2,0.4,2.2,0.8c0,0,0,0,0,0l1.2,46.6c0,0.6-1.4,1.1-3.2,1.1c-1.7,0-3.2-0.5-3.2-1.1L57.8,249.5z"},{"type":"path","fill":"#A38978","stroke":"none","path":"M69.8,247.5C69.8,247.5,69.8,247.5,69.8,247.5C69.8,247.5,69.8,247.5,69.8,247.5L69.8,247.5C69.8,247.5,69.8,247.5,69.8,247.5c0.2-0.2,0.7,0.1,1.1,0.5c0.4,0.5,0.7,0.9,0.5,1.1c0,0,0,0,0,0l-9.3,9.9c-0.2,0.2-0.9-0.1-1.6-0.8c-0.6-0.7-1-1.4-0.7-1.6L69.8,247.5z"},{"type":"path","fill":"#C7D009","stroke":"none","path":"M46.6,245.6c0-4.1,3.8-7.4,8.5-7.4c4.7,0,8.5,3.3,8.5,7.4c0,4.1-3.8,7.3-8.5,7.3C50.4,252.9,46.6,249.6,46.6,245.6z"},{"type":"path","fill":"#5AAC26","stroke":"none","path":"M-23.2,252c0-3.6,4.1-6.5,9.2-6.5c5.1,0,9.2,2.9,9.2,6.5c0,3.6-4.1,6.5-9.2,6.5C-19.1,258.5-23.2,255.6-23.2,252z"},{"type":"ellipse","fill":"#87BB56","stroke":"none","cx":-35.8,"cy":246.2,"rx":8.4,"ry":6.6},{"type":"ellipse","fill":"#5AAC26","stroke":"none","cx":-31.2,"cy":254.3,"rx":11.8,"ry":7.2},{"type":"ellipse","fill":"#DFDB00","stroke":"none","cx":-24.6,"cy":238,"rx":9.8,"ry":7.6},{"type":"ellipse","fill":"#AEBD59","stroke":"none","cx":-17.2,"cy":242.6,"rx":9.9,"ry":7.4},{"type":"ellipse","fill":"#AEBD59","stroke":"none","cx":45.8,"cy":241.7,"rx":2.8,"ry":2.1},{"type":"ellipse","fill":"#AEBD59","stroke":"none","cx":43.8,"cy":245.4,"rx":2.8,"ry":2.1},{"type":"ellipse","fill":"#D9D9DA","stroke":"#FAF9F9","stroke-width":0.1336,"stroke-miterlimit":10,"cx":-21.7,"cy":296.1,"rx":13.5,"ry":4.9},{"type":"path","fill":"#A38978","stroke":"none","path":"M-24.2,252C-24.2,252-24.2,252-24.2,252C-24.2,252-24.2,252-24.2,252L-24.2,252C-24.2,252-24.2,252-24.2,252c0-0.4,0.9-0.7,2-0.7c1.1,0,2,0.3,2,0.7c0,0,0,0,0,0l1.1,43.6c0,0.6-1.3,1.1-3,1.1c-1.6,0-3-0.5-3-1.1L-24.2,252z"},{"type":"path","fill":"#A38978","stroke":"none","path":"M-15.1,257.4C-15.1,257.4-15.1,257.4-15.1,257.4C-15.1,257.4-15.1,257.4-15.1,257.4L-15.1,257.4C-15.1,257.4-15.1,257.4-15.1,257.4c0.1-0.1,0.5,0.1,0.8,0.4c0.3,0.3,0.5,0.7,0.4,0.8c0,0,0,0,0,0l-6.7,7.1c-0.2,0.2-0.7-0.1-1.1-0.6c-0.5-0.5-0.7-1-0.5-1.2L-15.1,257.4z"},{"type":"path","fill":"#C7D009","stroke":"none","path":"M-29.6,247.8c0-4.5,4.3-8.2,9.5-8.2c5.3,0,9.5,3.7,9.5,8.2c0,4.5-4.3,8.2-9.5,8.2C-25.3,256-29.6,252.3-29.6,247.8z"},{"type":"path","fill":"#989797","stroke":"none","path":"M-92.9,304.6L-92.9,304.6L-92.9,304.6C-92.9,304.7-92.9,304.6-92.9,304.6z"},{"type":"path","fill":"#989797","stroke":"none","path":"M-26.4,264.1L-26.4,264.1L-26.4,264.1C-26.4,264.1-26.4,264.1-26.4,264.1z"},{"type":"ellipse","fill":"#87BB56","stroke":"none","cx":78.3,"cy":260.3,"rx":7.5,"ry":5.9},{"type":"path","fill":"#989797","stroke":"none","path":"M24.9,279.6L24.9,279.6L24.9,279.6C24.9,279.6,24.9,279.6,24.9,279.6z"},{"type":"path","fill":"#989797","stroke":"none","path":"M-76.2,296.1L-76.2,296.1L-76.2,296.1C-76.2,296.1-76.2,296.1-76.2,296.1z"},{"type":"ellipse","fill":"#AEBD59","stroke":"none","cx":66.8,"cy":250.8,"rx":4.4,"ry":3.3},{"type":"path","fill":"#BA9D6C","stroke":"none","path":"M-13.5,332.8c0,6.5,14.8,11.8,33.1,11.8s33.1-5.3,33.1-11.8v-9.1h-66.2L-13.5,332.8z"},{"type":"ellipse","fill":"#ECE0C1","stroke":"none","cx":19.7,"cy":323.7,"rx":33.1,"ry":11.8},{"type":"ellipse","fill":"#8C7753","stroke":"none","cx":19.8,"cy":322.9,"rx":29.2,"ry":8.3},{"type":"path","fill":"#6EAABF","stroke":"none","path":"M48.7,324.2c0-3.9-13.1-7-29-7c-15.9,0-28.7,3.1-28.7,7c1.9,3.5,12.9,7,28.7,7C35.6,331.2,47.3,327.6,48.7,324.2z"},{"type":"path","fill":"#ECE0C1","stroke":"none","path":"M2.9,322.6c0,2.9,8.5,5.3,16.7,5.3s16.7-2.4,16.7-5.3c0,0-5-7.7-7.4-15c-2.4-7.3-1.9-13.4-1.9-13.4H12.3c0,0,0.5,5.9-1.9,13.4C7.9,315,2.9,322.6,2.9,322.6z"},{"type":"path","fill":"#BA9D6C","stroke":"none","path":"M5.9,295.5c0,2.7,6.2,4.9,13.7,4.9s13.7-2.2,13.7-4.9V292H5.9L5.9,295.5L5.9,295.5z"},{"type":"ellipse","fill":"#ECE0C1","stroke":"none","cx":19.7,"cy":292,"rx":13.7,"ry":4.9},{"type":"ellipse","fill":"#8C7753","stroke":"none","cx":19.8,"cy":291.7,"rx":11.5,"ry":3.3},{"type":"path","fill":"#6EAABF","stroke":"none","path":"M31.2,292.2c0-1.5-5.2-2.7-11.4-2.7c-6.2,0-11.3,1.2-11.3,2.7c0.7,1.4,5.1,2.7,11.3,2.7C26,295,30.6,293.5,31.2,292.2z"},{"type":"path","fill":"#ECE0C1","stroke":"none","path":"M12.6,291.3c0,1.2,3.6,2.2,7.1,2.2s7.1-1,7.1-2.2c0,0-2.1-3.2-3.1-6.3c-1-3.1-0.8-8.1-0.8-8.1h-6.3c0,0,0.2,5-0.8,8.1C14.7,288.1,12.6,291.3,12.6,291.3z"},{"type":"path","fill":"#BA9D6C","stroke":"none","path":"M13.7,278.2c0,1.2,2.7,2.1,6,2.1s6-1,6-2.1v-1.7h-12L13.7,278.2L13.7,278.2z"},{"type":"ellipse","fill":"#ECE0C1","stroke":"none","cx":19.7,"cy":276.2,"rx":6,"ry":2.1},{"type":"ellipse","fill":"#8C7753","stroke":"none","cx":19.8,"cy":276.1,"rx":4.8,"ry":1.4},{"type":"path","fill":"#6EAABF","stroke":"none","path":"M24.6,276.3c0-0.6-2.2-1.1-4.8-1.1s-4.7,0.5-4.7,1.1c0.3,0.6,2.1,1.1,4.7,1.1S24.3,276.9,24.6,276.3z"},{"type":"path","fill":"#ECE0C1","stroke":"none","path":"M17,275.6c0,0.5,1.2,1,2.7,1c1.5,0,2.7-0.4,2.7-1l-2.5-5.2h-0.6L17,275.6z"},{"type":"path","fill":"#6EAABF","stroke":"none","opacity":0.5,"path":"M19.7,271.2c0,0,0.1-2,1.2-1.7c2,0.6,1.3,6.8,1.3,6.8l2-0.1c0,0-0.3-7.2-2.9-7.2C18.8,268.9,19.7,271.2,19.7,271.2z"},{"type":"path","fill":"#6EAABF","stroke":"none","opacity":0.5,"path":"M19.6,271.2c0,0-0.1-2-1.2-1.7c-2,0.6-1.3,6.8-1.3,6.8l-2-0.1c0,0,0.3-7.2,2.9-7.2C20.5,268.9,19.6,271.2,19.6,271.2z"},{"type":"path","fill":"#6EAABF","stroke":"none","opacity":0.5,"path":"M17.6,276.8c0,0-0.5-1.7-2.1-1.1c-4.6,1.8-1.4,18.1-1.4,18.1L8.4,292c0,0-0.5-16.2,6.1-17.3C17.9,274,17.6,276.8,17.6,276.8z"},{"type":"path","fill":"#6EAABF","stroke":"none","opacity":0.5,"path":"M21.6,276.8c0,0,0.8-1.6,2.4-0.9c4.6,1.8,1.4,18,1.4,18l5.5-1.9c0,0,0.7-16.1-5.8-17.2C21.6,274.2,21.6,276.8,21.6,276.8z"},{"type":"path","fill":"#6EAABF","stroke":"none","opacity":0.5,"path":"M14.1,293.9c0,0-1.5-1-4.9,0.3C-0.3,298,8.5,329,8.5,329l-17-6.2c0,0,0.8-30.9,14.5-33.2C13.1,288.4,14.1,293.9,14.1,293.9z"},{"type":"path","fill":"#6EAABF","stroke":"none","opacity":0.5,"path":"M24.6,293.9c0,0,1.5-1,4.9,0.3c9.6,3.8,0.8,34.9,0.8,34.9l18.4-4.9c0,0-2.2-32.2-15.9-34.5C25.7,288.4,24.6,293.9,24.6,293.9z"},{"type":"path","fill":"#5AAC26","stroke":"none","path":"M101.6,269.9c0-4.4,5-7.9,11.2-7.9c6.2,0,11.2,3.5,11.2,7.9c0,4.4-5,7.9-11.2,7.9C106.6,277.8,101.6,274.3,101.6,269.9z"},{"type":"ellipse","fill":"#87BB56","stroke":"none","cx":86.3,"cy":262.9,"rx":10.2,"ry":8},{"type":"path","fill":"#5AAC26","stroke":"none","path":"M82.2,274.2c0-4.9,1.8-10.2,9.7-10.2c7.9,0,14.4,3.9,14.4,8.8c0,4.9-1.8,7.5-9.7,7.5C88.5,280.3,82.2,279,82.2,274.2z"},{"type":"ellipse","fill":"#DFDB00","stroke":"none","cx":99.9,"cy":252.8,"rx":12,"ry":9.2},{"type":"ellipse","fill":"#AEBD59","stroke":"none","cx":111,"cy":256.9,"rx":14.1,"ry":10.5},{"type":"ellipse","fill":"#D9D9DA","stroke":"#FAF9F9","stroke-width":0.1042,"stroke-miterlimit":10,"cx":103.1,"cy":314.3,"rx":16.5,"ry":5.9},{"type":"path","fill":"#A38978","stroke":"none","path":"M100.4,269.9C100.4,269.9,100.4,269.9,100.4,269.9C100.4,269.9,100.4,269.9,100.4,269.9L100.4,269.9C100.4,269.9,100.4,269.9,100.4,269.9c0-0.5,1.1-0.9,2.5-0.9c1.4,0,2.5,0.4,2.5,0.9c0,0,0,0,0,0l1.3,43.4c0,0.7-1.6,1.3-3.6,1.3c-2,0-3.6-0.6-3.6-1.3L100.4,269.9z"},{"type":"path","fill":"#A38978","stroke":"none","path":"M114.1,267.6C114.1,267.6,114.1,267.6,114.1,267.6C114.1,267.6,114.1,267.6,114.1,267.6L114.1,267.6C114.1,267.6,114.1,267.6,114.1,267.6c0.2-0.2,0.8,0.1,1.2,0.6c0.5,0.5,0.8,1.1,0.6,1.3c0,0,0,0,0,0l-10.6,11.3c-0.3,0.3-1.1-0.1-1.8-0.9c-0.7-0.8-1.1-1.6-0.8-1.8L114.1,267.6z"},{"type":"path","fill":"#C7D009","stroke":"none","path":"M86.3,262.9c0-4.6,6.4-10,11.7-10c5.4,0,12.9,7.1,12.9,11.8c0,4.6-8.2,9.2-13.6,9.2C92,273.8,86.3,267.5,86.3,262.9z"}]}