{"width":"229.9","height":"144.9","dx":"0","dy":"0","geometry":[{"type":"path","fill":"#ECEDED","stroke":"none","path":"M112.4,133.5c-61.6,0-111.8-17.9-111.8-39.9s50.2-39.9,111.8-39.9c61.6,0,111.8,17.9,111.8,39.9S174.1,133.5,112.4,133.5z"},{"type":"path","fill":"#989797","stroke":"none","path":"M224.1,95.3c-2.5,21.2-51.7,38.1-111.7,38.1c-61.6,0-111.8-17.9-111.8-39.9c0-0.4,0-0.8,0.1-1.2H0.3L0,104.7c0,22.2,51.1,40.2,112.9,40.2s111.8-18,111.8-40.2v-9.4H224.1z"},{"type":"ellipse","fill":"none","stroke":"#B3B3B3","stroke-width":0.9996,"stroke-miterlimit":10,"cx":112.5,"cy":93.2,"rx":112.1,"ry":39.9},{"type":"path","fill":"#B1B3B4","stroke":"none","path":"M205.7,19.9 210.4,18.2 117.7,0 117.7,0 112.9,1.6 \tz"},{"type":"path","fill":"#C5C6C4","stroke":"none","path":"M205.7,19.9 112.9,1.6 112.9,66.1 205.7,84.3 \tz"},{"type":"path","fill":"#979997","stroke":"none","path":"M205.7,84.3 205.7,19.9 210.4,18.2 210.4,82.7 \tz"},{"type":"path","fill":"#B1B3B4","stroke":"none","path":"M21.3,39.6 120.2,3 112.9,1.6 112.9,1.7 14.1,38.3 \tz"},{"type":"path","fill":"#C5C6C4","stroke":"none","path":"M21.3,39.6 14.1,38.3 14.1,102.7 21.3,104 \tz"},{"type":"path","fill":"#979997","stroke":"none","path":"M21.3,104 21.3,39.6 120.2,3 120.3,67.4 \tz"},{"type":"path","fill":"#AC8A53","stroke":"none","path":"M28.9,57.7 28.9,46.1 30.6,46.8 30.6,57.1 z"},{"type":"path","fill":"#BF995B","stroke":"none","path":"M28.3,57.4 28.3,45.7 28.9,46.7 28.9,57.7 z"},{"type":"path","fill":"#58585A","stroke":"none","path":"M28.3,44.6 34.7,40.8 34.7,48.3 28.3,46.6 z"},{"type":"path","fill":"#BF995B","stroke":"none","path":"M35.4,61.1 35.4,49.4 36,50.4 36,61.4 z"},{"type":"path","fill":"#58585A","stroke":"none","path":"M35.1,49.2 38.9,47.9 41.5,49.8 42.1,50.8 41.5,50.9 40.9,50.4 39.1,50.1 35.1,51.3 z"},{"type":"path","fill":"#ECE0C2","stroke":"none","path":"M80.6,44.5 57.6,52.9 55.1,52.3 78.1,44 z"},{"type":"path","fill":"#AC8A53","stroke":"none","path":"M58.4,52.2 58.4,47.4 60.1,46.8 60.1,51.5 z"},{"type":"path","fill":"#CBBB9D","stroke":"none","path":"M58.4,47.4 57.5,47.1 59.2,46.5 60.2,46.8 z"},{"type":"path","fill":"#BF995B","stroke":"none","path":"M57.5,52 57.5,47.1 58.4,47.4 58.4,52.2 z"},{"type":"path","fill":"#AC8A53","stroke":"none","path":"M63,50.5 63,45.8 64.8,45.1 64.8,49.9 z"},{"type":"path","fill":"#CBBB9D","stroke":"none","path":"M63.1,45.8 62.1,45.5 63.9,44.8 64.9,45.1 z"},{"type":"path","fill":"#BF995B","stroke":"none","path":"M62.1,50.3 62.1,45.5 63,45.7 63,50.5 z"},{"type":"path","fill":"#AC8A53","stroke":"none","path":"M67.7,48.9 67.7,44.1 69.5,43.5 69.5,48.2 z"},{"type":"path","fill":"#CBBB9D","stroke":"none","path":"M67.8,44.1 66.8,43.8 68.6,43.2 69.5,43.5 z"},{"type":"path","fill":"#BF995B","stroke":"none","path":"M66.8,48.7 66.8,43.8 67.7,44.1 67.7,48.9 z"},{"type":"path","fill":"#AC8A53","stroke":"none","path":"M72.4,47.2 72.4,42.4 74.2,41.8 74.2,46.6 z"},{"type":"path","fill":"#CBBB9D","stroke":"none","path":"M72.4,42.4 71.5,42.2 73.3,41.5 74.2,41.8 z"},{"type":"path","fill":"#BF995B","stroke":"none","path":"M71.5,47 71.5,42.2 72.4,42.4 72.4,47.2 z"},{"type":"path","fill":"#58585A","stroke":"none","path":"M73.3,55 72.4,55.3 72.4,49.5 73.3,49.2 z"},{"type":"path","fill":"#AC8A53","stroke":"none","path":"M77.1,45.6 77.1,40.8 78.9,40.1 78.9,44.9 z"},{"type":"path","fill":"#CBBB9D","stroke":"none","path":"M77.1,40.8 76.2,40.5 77.9,39.8 78.9,40.1 z"},{"type":"path","fill":"#BF995B","stroke":"none","path":"M76.2,45.4 76.2,40.5 77.1,40.7 77.1,45.6 z"},{"type":"path","fill":"#58585A","stroke":"none","path":"M78,51.3 77.1,51.6 77.1,47.8 78,47.5 z"},{"type":"path","fill":"#A89D85","stroke":"none","path":"M80.6,47.2 57.6,55.5 57.6,52.9 80.6,44.5 z"},{"type":"path","fill":"#58585A","stroke":"none","path":"M59.4,33.4 78.5,26 78.5,29.1 60.1,38.4 z"},{"type":"path","fill":"#BF995B","stroke":"none","path":"M55.1,40.5 55.1,34.9 60.1,32.8 62,34.9 60.5,38.2 z"},{"type":"path","fill":"#BF995B","stroke":"none","path":"M116.5,15.9 86.9,27 86.9,58.6 116.5,47.5 z"},{"type":"path","fill":"#ECEDED","stroke":"none","path":"M106.6,36 113,34.7 113,25.4 106.6,26.7 z"},{"type":"path","fill":"#ECEDED","stroke":"none","path":"M98.6,37.7 105.1,36.9 105.8,27.6 99.3,28.4 z"},{"type":"path","fill":"#ECEDED","stroke":"none","path":"M107.1,45.5 113.5,44.7 114.3,35.4 107.8,36.2 z"},{"type":"path","fill":"#ECEDED","stroke":"none","path":"M100.5,48.9 106.6,47 105.6,37.7 99.5,39.7 z"},{"type":"path","fill":"#ECEDED","stroke":"none","path":"M89.6,40.6 96,39.5 96.1,30.1 89.6,31.3 z"},{"type":"path","fill":"#AC8A53","stroke":"none","path":"M162.7,15.1 142.8,75.3 144.3,76.7 164.3,15.9 z"},{"type":"path","fill":"#6B5732","stroke":"none","path":"M146.4,76.2 144.3,76.7 164.3,15.9 165.9,14.9 z"},{"type":"path","fill":"#C59D5E","stroke":"none","path":"M165.9,14.9 164.3,15.9 162.7,15.1 163.6,14.6 z"},{"type":"path","fill":"#AC8A53","stroke":"none","path":"M164.3,16.4 136.9,74.9 138.4,76.4 166,17.2 z"},{"type":"path","fill":"#997B49","stroke":"none","path":"M140.5,75.8 138.4,76.4 166,17.2 167.5,16.2 z"},{"type":"path","fill":"#C59D5E","stroke":"none","path":"M167.5,16.2 166,17.2 164.3,16.4 165.3,15.9 z"},{"type":"path","fill":"#947847","stroke":"none","path":"M159.3,18.6 128,71.5 129.5,72.9 161,19.4 z"},{"type":"path","fill":"#6B5732","stroke":"none","path":"M131.6,72.4 129.5,72.9 161,19.4 162.5,18.3 z"},{"type":"path","fill":"#C59D5E","stroke":"none","path":"M162.5,18.3 161,19.4 159.3,18.6 160.3,18 z"},{"type":"path","fill":"#AC8A53","stroke":"none","path":"M131.3,40.8 132.5,72.4 134,73.8 132.9,41.6 z"},{"type":"path","fill":"#997B49","stroke":"none","path":"M136,73.3 134,73.8 132.9,41.6 134.5,40.6 z"},{"type":"path","fill":"#C59D5E","stroke":"none","path":"M134.5,40.6 132.9,41.6 131.3,40.8 132.2,40.3 z"},{"type":"path","fill":"#947847","stroke":"none","path":"M127.1,9.8 116.6,69.6 118.1,71 128.8,10.6 z"},{"type":"path","fill":"#6B5732","stroke":"none","path":"M120.2,70.5 118.1,71 128.8,10.6 130.3,9.6 z"},{"type":"path","fill":"#C59D5E","stroke":"none","path":"M130.3,9.6 128.8,10.6 127.1,9.8 128.1,9.3 z"},{"type":"path","fill":"#AC8A53","stroke":"none","path":"M116.5,8.1 123.5,70.1 125,71.5 118.2,8.8 z"},{"type":"path","fill":"#947847","stroke":"none","path":"M127.1,71 125,71.5 118.2,8.8 119.7,7.8 z"},{"type":"path","fill":"#C59D5E","stroke":"none","path":"M119.7,7.8 118.2,8.8 116.5,8.1 117.5,7.5 z"},{"type":"path","fill":"#6F7072","stroke":"none","path":"M292.8,124.2"},{"type":"path","fill":"#CBBB9D","stroke":"none","path":"M138.8,106.1 89.2,97.2 89.2,120.1 91.5,120.6 91.5,101.5 135.1,109.2 135.1,128.3 138.8,128.9 \tz"},{"type":"path","fill":"#CBBB9D","stroke":"none","path":"M165.9,99.8 162.3,99.4 162.3,118.4 165.9,119.1 \tz"},{"type":"path","fill":"#A89D85","stroke":"none","path":"M138.8,128.9 138.8,106.1 168.7,95.2 168.8,118.2 166,119.1 166,100.5 142.3,109.8 142.2,127.8 \tz"},{"type":"path","fill":"#A89D85","stroke":"none","path":"M91.5,120.6 91.5,101.5 95.5,102.2 95.5,119.1 \tz"},{"type":"path","fill":"#ECE0C2","stroke":"none","path":"M138.8,106 168.7,95.2 119,86.4 89.2,97.2 \tz"},{"type":"path","fill":"#A89D85","stroke":"none","path":"M23.4,104.4 23.4,82.6 27.3,84.3 27.3,103 \tz"},{"type":"path","fill":"#CBBB9D","stroke":"none","path":"M85.2,78.6 81.7,78.2 81.7,96.9 85.2,97.5 \t\tz"},{"type":"path","fill":"#CBBB9D","stroke":"none","path":"M51.8,87.9 21.3,82.2 21.3,104 23.5,104.4 23.5,85.7 49.7,90.6 49.8,109.2 51.8,109.6 \t\tz"},{"type":"path","fill":"#ECE0C2","stroke":"none","path":"M51.8,87.9 88.6,74.5 58.1,69.2 21.3,82.2 \t\tz"},{"type":"path","fill":"#A89D85","stroke":"none","path":"M51.8,109.6 51.8,87.9 88.6,74.5 88.7,96.3 85.1,97.5 85.1,78.9 55.7,89.6 55.7,108.2 \t\tz"},{"type":"path","fill":"#CA1F1C","stroke":"none","path":"M28.9,57.7 28.9,55.6 30.6,54.9 30.6,57.1 z"},{"type":"path","fill":"#E3201E","stroke":"none","path":"M28.3,57.4 28.3,55.3 28.9,55.6 28.9,57.7 z"},{"type":"path","fill":"#AC8A53","stroke":"none","path":"M36,61.4 36,49.8 37.8,50.5 37.8,60.8 z"},{"type":"path","fill":"#CA1F1C","stroke":"none","path":"M36,61.4 36,59.3 37.8,58.6 37.8,60.8 z"},{"type":"path","fill":"#E3201E","stroke":"none","path":"M35.4,61.1 35.4,59 36,59.3 36,61.4 z"},{"type":"path","fill":"#AC8A53","stroke":"none","path":"M43.8,65 43.8,53.3 45.6,54.1 45.6,64.4 z"},{"type":"path","fill":"#BF995B","stroke":"none","path":"M43.2,64.6 43.2,53 43.8,53.9 43.8,65 z"},{"type":"path","fill":"#CA1F1C","stroke":"none","path":"M43.8,65 43.8,62.9 45.6,62.2 45.6,64.4 z"},{"type":"path","fill":"#E3201E","stroke":"none","path":"M43.2,64.7 43.2,62.5 43.8,62.9 43.8,65 z"},{"type":"path","fill":"#58585A","stroke":"none","path":"M42.9,52.1 46.7,51 47.3,51.9 48.9,52.1 48.9,53.2 42.9,54.8 z"},{"type":"path","fill":"#CBBB9D","stroke":"none","path":"M57.6,52.9 57.6,55.5 55.1,55 55.1,52.3 z"},{"type":"path","fill":"#AC8A53","stroke":"none","path":"M57.2,77.9 57.2,71.6 66.4,68.2 66.4,74.5 z"},{"type":"path","fill":"#CBBB9D","stroke":"none","path":"M57.2,71.6 44.7,69.1 53.6,65.7 66.4,68.2 z"},{"type":"path","fill":"#BF995B","stroke":"none","path":"M44.7,75.4 44.7,69.1 57.2,71.6 57.2,77.9 z"},{"type":"path","fill":"#AC8A53","stroke":"none","path":"M74.8,79.1 74.8,72.8 83.9,69.4 83.9,75.7 z"},{"type":"path","fill":"#CBBB9D","stroke":"none","path":"M74.8,72.8 62.3,70.3 71.2,66.9 83.9,69.4 z"},{"type":"path","fill":"#BF995B","stroke":"none","path":"M62.3,76.6 62.3,70.3 74.8,72.8 74.8,79.1 z"},{"type":"path","fill":"#AC8A53","stroke":"none","path":"M39.4,83.1 39.4,76.8 48.6,73.4 48.6,79.7 z"},{"type":"path","fill":"#CBBB9D","stroke":"none","path":"M39.4,76.8 26.9,74.3 35.8,70.9 48.6,73.4 z"},{"type":"path","fill":"#BF995B","stroke":"none","path":"M26.9,80.6 26.9,74.3 39.4,76.8 39.4,83.1 z"},{"type":"path","fill":"#58585A","stroke":"none","path":"M59.2,64 58.4,64.2 58.4,54.4 59.2,54.2 z"},{"type":"path","fill":"#58585A","stroke":"none","path":"M63.9,61.3 63.1,61.6 63.1,52.8 63.9,52.5 z"},{"type":"path","fill":"#58585A","stroke":"none","path":"M68.6,57.6 67.8,57.9 67.8,51.1 68.6,50.8 z"},{"type":"path","fill":"#ECE0C2","stroke":"none","path":"M159.7,22.3 178.2,15.5 176.2,15.1 176.2,15.1 157.7,21.9 \tz"},{"type":"path","fill":"#CBBB9D","stroke":"none","path":"M159.7,22.3 157.7,21.9 157.7,85.2 159.7,85.7 \tz"},{"type":"path","fill":"#A89D85","stroke":"none","path":"M159.7,85.7 159.7,22.3 178.2,15.5 178.2,78.9 \tz"},{"type":"path","fill":"#ECE0C2","stroke":"none","path":"M187,85.1 205.4,78.4 178.5,72.5 178.5,72.5 160,79.2 \tz"},{"type":"path","fill":"#CBBB9D","stroke":"none","path":"M187,85.1 160,79.2 160,80.9 187,86.8 \tz"},{"type":"path","fill":"#A89D85","stroke":"none","path":"M187,86.8 187,85.1 205.4,78.4 205.5,80.1 \tz"},{"type":"path","fill":"#ECE0C2","stroke":"none","path":"M138.8,106 168.7,95.2 119,86.4 89.2,97.2 z"},{"type":"path","fill":"#AC8A53","stroke":"none","path":"M166.8,79.5 166.8,73.2 175.9,69.8 175.9,76.1 z"},{"type":"path","fill":"#746347","stroke":"none","path":"M166.8,73.2 162.1,72.2 171,68.8 175.9,69.8 z"},{"type":"path","fill":"#BF995B","stroke":"none","path":"M162.1,78.5 162.1,72.2 166.8,73.2 166.8,79.5 z"},{"type":"path","fill":"#AC8A53","stroke":"none","path":"M174.5,81.2 174.5,74.9 183.7,71.5 183.7,77.8 z"},{"type":"path","fill":"#746347","stroke":"none","path":"M174.5,74.9 169.8,73.8 178.7,70.5 183.7,71.5 z"},{"type":"path","fill":"#BF995B","stroke":"none","path":"M169.8,80.1 169.8,73.8 174.5,74.9 174.5,81.2 z"},{"type":"path","fill":"#ECE0C2","stroke":"none","path":"M187,74.7 205.4,68 178.5,62.1 178.5,62.1 160,68.8 \tz"},{"type":"path","fill":"#CBBB9D","stroke":"none","path":"M187,74.7 160,68.8 160,70.5 187,76.4 \tz"},{"type":"path","fill":"#A89D85","stroke":"none","path":"M187,76.4 187,74.7 205.4,68 205.5,69.7 \tz"},{"type":"path","fill":"#ECE0C2","stroke":"none","path":"M187,64.3 205.4,57.6 178.5,51.7 178.5,51.7 160,58.5 \tz"},{"type":"path","fill":"#CBBB9D","stroke":"none","path":"M187,64.3 160,58.5 160,60.2 187,66.1 \tz"},{"type":"path","fill":"#A89D85","stroke":"none","path":"M187,66.1 187,64.3 205.4,57.6 205.5,59.3 \tz"},{"type":"path","fill":"#AC8A53","stroke":"none","path":"M174.5,60.8 174.5,54.6 183.7,51.2 183.7,57.5 z"},{"type":"path","fill":"#746347","stroke":"none","path":"M174.5,54.6 169.8,53.5 178.7,50.2 183.7,51.2 z"},{"type":"path","fill":"#BF995B","stroke":"none","path":"M169.8,59.8 169.8,53.5 174.5,54.6 174.5,60.8 z"},{"type":"path","fill":"#AC8A53","stroke":"none","path":"M182.3,62.5 182.3,56.2 191.4,52.8 191.4,59.2 z"},{"type":"path","fill":"#746347","stroke":"none","path":"M182.3,56.2 177.6,55.2 186.5,51.9 191.4,52.8 z"},{"type":"path","fill":"#BF995B","stroke":"none","path":"M177.6,61.5 177.6,55.2 182.3,56.2 182.3,62.5 z"},{"type":"path","fill":"#ECE0C2","stroke":"none","path":"M187,54 205.4,47.2 178.5,41.3 178.5,41.3 160,48.1 \tz"},{"type":"path","fill":"#CBBB9D","stroke":"none","path":"M187,54 160,48.1 160,49.8 187,55.7 \tz"},{"type":"path","fill":"#A89D85","stroke":"none","path":"M187,55.7 187,54 205.4,47.2 205.5,48.9 \tz"},{"type":"path","fill":"#AC8A53","stroke":"none","path":"M166.8,48.3 166.8,42 175.9,38.6 175.9,44.9 z"},{"type":"path","fill":"#746347","stroke":"none","path":"M166.8,42 162.1,41 171,37.7 175.9,38.6 z"},{"type":"path","fill":"#BF995B","stroke":"none","path":"M162.1,47.3 162.1,41 166.8,42 166.8,48.3 z"},{"type":"path","fill":"#AC8A53","stroke":"none","path":"M174.5,50 174.5,43.7 183.7,40.3 183.7,46.6 z"},{"type":"path","fill":"#746347","stroke":"none","path":"M174.5,43.7 169.8,42.7 178.7,39.3 183.7,40.3 z"},{"type":"path","fill":"#BF995B","stroke":"none","path":"M169.8,48.9 169.8,42.7 174.5,43.7 174.5,50 z"},{"type":"path","fill":"#AC8A53","stroke":"none","path":"M182.3,51.6 182.3,45.4 191.4,42 191.4,48.3 z"},{"type":"path","fill":"#746347","stroke":"none","path":"M182.3,45.4 177.6,44.3 186.5,41 191.4,42 z"},{"type":"path","fill":"#BF995B","stroke":"none","path":"M177.6,50.6 177.6,44.3 182.3,45.4 182.3,51.6 z"},{"type":"path","fill":"#ECE0C2","stroke":"none","path":"M187,43.6 205.4,36.8 178.5,30.9 178.5,30.9 160,37.7 \tz"},{"type":"path","fill":"#CBBB9D","stroke":"none","path":"M187,43.6 160,37.7 160,39.4 187,45.3 \tz"},{"type":"path","fill":"#A89D85","stroke":"none","path":"M187,45.3 187,43.6 205.4,36.8 205.5,38.5 \tz"},{"type":"path","fill":"#AC8A53","stroke":"none","path":"M185.2,73.6 185.2,65.7 175.9,63.6 162.4,68.5 z"},{"type":"path","fill":"#94AA6E","stroke":"none","path":"M173.2,36.8c0,0.8-1.7,1.4-3.9,1.4c-2.1,0-3.9-0.6-3.9-1.4v-8.2c0-0.8,1.7-1.4,3.9-1.4c2.1,0,3.9,0.6,3.9,1.4V36.8z"},{"type":"ellipse","fill":"#4A5839","stroke":"none","cx":169.3,"cy":28.7,"rx":3.7,"ry":1.3},{"type":"path","fill":"#94AA6E","stroke":"none","path":"M186.1,36.8c0,0.8-1.7,1.4-3.9,1.4c-2.1,0-3.9-0.6-3.9-1.4v-8.2c0-0.8,1.7-1.4,3.9-1.4c2.1,0,3.9,0.6,3.9,1.4V36.8z"},{"type":"ellipse","fill":"#4A5839","stroke":"none","cx":182.2,"cy":28.7,"rx":3.7,"ry":1.3},{"type":"path","fill":"#ECE0C2","stroke":"none","path":"M187.3,27.7 205.7,20.9 203.7,20.5 203.8,20.5 185.2,27.2 \tz"},{"type":"path","fill":"#CBBB9D","stroke":"none","path":"M187.3,27.7 185.2,27.2 185.2,90.6 187.3,91 \tz"},{"type":"path","fill":"#A89D85","stroke":"none","path":"M187.3,91 187.3,27.7 205.7,20.9 205.7,84.3 \tz"},{"type":"path","fill":"#AC8A53","stroke":"none","path":"M47.9,84.7 47.9,78.4 57.1,75 57.1,81.3 z"},{"type":"path","fill":"#CBBB9D","stroke":"none","path":"M47.9,78.4 43.2,77.4 52.2,74.1 57.1,75 z"},{"type":"path","fill":"#BF995B","stroke":"none","path":"M43.2,83.7 43.2,77.4 47.9,78.4 47.9,84.7 z"},{"type":"path","fill":"#746347","stroke":"none","path":"M137.9,103.1 167.8,92.4 118.1,83.6 88.3,94.3 z"},{"type":"path","fill":"#94AA6E","stroke":"none","path":"M141.8,100.7 171.7,89.9 122,81.1 92.2,91.9 z"},{"type":"path","fill":"#AC8A53","stroke":"none","path":"M140.5,99.1 170.3,88.3 120.7,79.5 90.8,90.3 z"},{"type":"path","fill":"#AC8A53","stroke":"none","path":"M140.5,96.2 170.3,85.5 120.7,76.7 90.8,87.4 z"},{"type":"path","fill":"#746347","stroke":"none","path":"M141.8,95.8 171.7,85.1 122,76.3 92.2,87 z"},{"type":"path","fill":"#C5C6C4","stroke":"none","path":"M139.5,94.1 169.3,83.4 119.7,74.6 89.8,85.4 z"},{"type":"path","fill":"#58585A","stroke":"none","path":"M138.1,92.5 168,81.8 118.3,73 88.5,83.7 z"},{"type":"path","fill":"#AC8A53","stroke":"none","path":"M139.5,89.3 169.3,78.5 119.7,69.7 89.8,80.5 z"}]}