{"width":"224.7","height":"130.3","dx":"-98","dy":"233","geometry":[{"type":"path","fill":"#ECE0C2","stroke":"none","path":"M126.6,311.5c0,22.2-50.1,40.2-111.8,40.2S-97,333.7-97,311.5c0-22.2,50-40.2,111.8-40.2S126.6,289.3,126.6,311.5z"},{"type":"path","fill":"#999898","stroke":"none","path":"M-98,310.9v12.9c0,13.7,29.6,39.5,115.6,39.5c63.7,0,109.1-20.9,109.1-39.1v-10.3c-1.3,18-47.1,38.1-109,38.1C-70.2,352-98.8,324.9-98,310.9z"},{"type":"ellipse","fill":"none","stroke":"#B5B4B4","stroke-width":0.9996,"stroke-miterlimit":10,"cx":14.5,"cy":311.8,"rx":112.1,"ry":39.9},{"type":"path","fill":"#756448","stroke":"none","path":"M107.3,261.7 -44,234.7 -44.1,294.9 107.3,322.4 z"},{"type":"path","fill":"#C8C7C8","stroke":"none","path":"M-61.5,271 -68.3,284.5 4,297.8 10.8,284.4 z"},{"type":"path","fill":"#DDDEDF","stroke":"none","path":"M-50.5,266.6 -61.5,271 10.8,284.4 22.4,279.7 z"},{"type":"path","fill":"#9D9F9E","stroke":"none","path":"M30.7,314.3 4,324.6 4,297.8 10.6,284.5 22.4,279.7 30.7,288.4 z"},{"type":"path","fill":"#B1B3B4","stroke":"none","path":"M-68.3,310.8 -68.3,284.5 4,297.8 4,324.6 z"},{"type":"path","fill":"#B1B3B4","stroke":"none","path":"M4.9,324.7 4.9,298.4 34.4,303.4 44.2,313.8 44.2,332 z"},{"type":"path","fill":"#BF995B","stroke":"none","path":"M-89,252.6 -90.7,252.3 -90.7,312.2 -89,312.5 z"},{"type":"path","fill":"#8C7756","stroke":"none","path":"M-89,312.5 -89,252.6 -87.8,252.2 -87.7,312 z"},{"type":"path","fill":"#C8C7C8","stroke":"none","path":"M70.9,321.9 70.9,304 61,293.5 34.4,303.4 44.2,313.8 44.2,331.7 70.8,321.8 z"},{"type":"path","fill":"#DDDEDF","stroke":"none","path":"M4.9,298.5 31.5,288.5 61,293.5 34.4,303.4 z"},{"type":"path","fill":"#DDDEDF","stroke":"none","path":"M14.5,287.4 27.9,282.4 37.7,289.2 24.2,294.1 z"},{"type":"path","fill":"#C8C7C8","stroke":"none","path":"M14.5,287.4 10.2,291.5 10.2,296.5 19.5,298.1 24.2,294.1 z"},{"type":"path","fill":"#9D9F9E","stroke":"none","path":"M37.7,289.2 33,293.3 19.5,298.1 24.2,294.1 z"},{"type":"path","fill":"#767878","stroke":"none","path":"M16.9,287.7 27.8,283.6 35.6,288.9 24.6,293 z"},{"type":"path","fill":"#BF995B","stroke":"none","path":"M60,279.5 58.3,279.2 58.3,339.1 60,339.4 z"},{"type":"path","fill":"#8C7756","stroke":"none","path":"M60,339.4 60,279.5 61.2,279.1 61.3,338.9 z"},{"type":"path","fill":"#BF995B","stroke":"none","path":"M107.3,261.7 60,279.5 -90.7,252.3 -43.4,234.7 z"},{"type":"path","fill":"#9E7048","stroke":"none","path":"M-9.6,240.7 -56.9,258.4 -59.4,258 -12,240.4 \tz"},{"type":"path","fill":"#9E7048","stroke":"none","path":"M-28.7,237.2 -76,255 -78.5,254.6 -31.2,236.9 \tz"},{"type":"path","fill":"#9E7048","stroke":"none","path":"M31.1,248 -16.2,265.7 -18.7,265.3 28.7,247.7 \tz"},{"type":"path","fill":"#9E7048","stroke":"none","path":"M71.8,255.3 24.5,273 22.1,272.6 69.4,255 \tz"},{"type":"path","fill":"#9E7048","stroke":"none","path":"M9.6,244.1 -37.7,261.9 -40.2,261.5 7.1,243.9 \tz"},{"type":"path","fill":"#9E7048","stroke":"none","path":"M50.3,251.5 3,269.2 0.5,268.8 47.9,251.2 \tz"},{"type":"path","fill":"#9E7048","stroke":"none","path":"M91,258.8 43.7,276.5 41.2,276.1 88.6,258.5 \tz"},{"type":"path","fill":"#9E7048","stroke":"none","path":"M-90.7,252.3 -90.7,253.8 60,280.9 60,279.5 z"},{"type":"path","fill":"#7F5939","stroke":"none","path":"M60,280.9 107.3,263.4 107.3,261.7 60,279.5 z"}]}