{"width":"224.6","height":"155.5","dx":"0","dy":"0","geometry":[{"type":"path","fill":"#FBFAFA","stroke":"none","path":"M224.6,103.6c0,22.2-50.1,40.2-111.8,40.2C51.1,143.8,1,125.8,1,103.6c0-22.2,50-40.1,111.8-40.1C174.6,63.5,224.6,81.4,224.6,103.6z"},{"type":"path","fill":"#999898","stroke":"none","path":"M0,103.1V116c0,13.7,29.6,39.5,115.6,39.5c63.7,0,109.1-20.9,109.1-39.1V106c-1.3,18-47.1,38.1-109,38.1C27.8,144.1-0.8,117.1,0,103.1z"},{"type":"ellipse","fill":"#ECEDEE","stroke":"#B4B4B4","stroke-width":0.9996,"stroke-miterlimit":10,"cx":112.5,"cy":103.9,"rx":112.1,"ry":39.9},{"type":"path","fill":"#B1B3B4","stroke":"none","path":"M116.7,122.8 173.5,102.1 173.5,61 116.7,81.7 z"},{"type":"path","fill":"#A38979","stroke":"none","path":"M173.5,61 116.7,34.9 60,55.6 116.7,81.7 z"},{"type":"path","fill":"#D9DADB","stroke":"none","path":"M60,55.6 116.7,81.7 116.7,122.8 60,112.7 z"},{"type":"path","fill":"#88888A","stroke":"none","path":"M140.1,94.9c0-2.8,3-6.4,8.9-8.2c2.2-0.7,7.2-0.5,7.2,2.4v19.3l-16.1,5.8V94.9L140.1,94.9z"},{"type":"path","fill":"#A9C2E1","stroke":"none","path":"M105,110.5 105,89.9 93.8,88 93.8,108.5 z"},{"type":"path","fill":"#A9C2E1","stroke":"none","path":"M80.4,106 80.4,85.5 69.2,83.5 69.2,104 z"},{"type":"ellipse","fill":"#5CAD31","stroke":"none","cx":191.3,"cy":84.5,"rx":7,"ry":4.9},{"type":"ellipse","fill":"#88BC57","stroke":"none","cx":174.6,"cy":80.1,"rx":6.4,"ry":5.1},{"type":"ellipse","fill":"#5CAD31","stroke":"none","cx":178.1,"cy":86.2,"rx":9,"ry":5.6},{"type":"ellipse","fill":"#DFDB05","stroke":"none","cx":183.1,"cy":73.7,"rx":7.5,"ry":5.8},{"type":"ellipse","fill":"#88BC57","stroke":"none","cx":188.9,"cy":77.2,"rx":7.5,"ry":5.7},{"type":"ellipse","fill":"#D9DADB","stroke":"#FBFAFA","stroke-width":0.0804,"stroke-miterlimit":10,"cx":185.3,"cy":112.1,"rx":10.4,"ry":3.8},{"type":"path","fill":"#A38979","stroke":"none","path":"M183.5,84.5L183.5,84.5L183.5,84.5L183.5,84.5L183.5,84.5c0-0.4,0.6-0.5,1.6-0.5c0.9,0,1.6,0.3,1.6,0.5l0,0l0.8,27.3c0,0.4-1,0.8-2.3,0.8c-1.3,0-2.2-0.4-2.3-0.8L183.5,84.5z"},{"type":"path","fill":"#A38979","stroke":"none","path":"M189.8,85.4c0,0,0.5,0.1,0.8,0.4c0.3,0.4,0.4,0.8,0.4,0.8l-4.4,4.7c-0.1,0.1-0.6-0.1-1.2-0.5c-0.4-0.5-0.6-1-0.5-1.2L189.8,85.4z"},{"type":"ellipse","fill":"#C7D00F","stroke":"none","cx":181.6,"cy":81.6,"rx":6.1,"ry":5.2},{"type":"ellipse","fill":"#5CAD31","stroke":"none","cx":135.9,"cy":103.9,"rx":7,"ry":4.9},{"type":"ellipse","fill":"#88BC57","stroke":"none","cx":119.2,"cy":99.4,"rx":6.4,"ry":5.1},{"type":"ellipse","fill":"#5CAD31","stroke":"none","cx":122.7,"cy":105.6,"rx":9,"ry":5.6},{"type":"ellipse","fill":"#DFDB05","stroke":"none","cx":127.7,"cy":93.1,"rx":7.5,"ry":5.8},{"type":"ellipse","fill":"#88BC57","stroke":"none","cx":133.5,"cy":96.6,"rx":7.5,"ry":5.7},{"type":"ellipse","fill":"#D9DADB","stroke":"#FBFAFA","stroke-width":0.0804,"stroke-miterlimit":10,"cx":129.9,"cy":131.5,"rx":10.4,"ry":3.8},{"type":"path","fill":"#A38979","stroke":"none","path":"M128.1,103.9L128.1,103.9L128.1,103.9L128.1,103.9L128.1,103.9c0-0.4,0.6-0.5,1.6-0.5c0.9,0,1.6,0.3,1.6,0.5l0,0l0.8,27.3c0,0.4-1,0.8-2.3,0.8c-1.3,0-2.2-0.4-2.3-0.8L128.1,103.9z"},{"type":"path","fill":"#A38979","stroke":"none","path":"M134.4,104.8c0,0,0.5,0.1,0.8,0.4c0.3,0.4,0.4,0.8,0.4,0.8l-4.4,4.7c-0.1,0.1-0.6-0.1-1.2-0.5c-0.4-0.5-0.6-1-0.5-1.2L134.4,104.8z"},{"type":"ellipse","fill":"#C7D00F","stroke":"none","cx":126.2,"cy":101,"rx":6.1,"ry":5.2},{"type":"path","fill":"#868789","stroke":"none","path":"M53.6,35.6c0,0.8-1.9,1.5-4.2,1.5c-2.3,0-4.2-0.7-4.2-1.5c0-0.8,1.9-1.5,4.2-1.5\tC51.7,34.1,53.6,34.7,53.6,35.6z"},{"type":"path","fill":"#C6C6C9","stroke":"none","path":"M53.6,35.5c0,0.8-1.9,1.5-4.2,1.5c-2.3,0-4.2-0.7-4.2-1.5L43,109c0,1.2,2.8,2.2,6.1,2.2c3.4,0,6.1-1,6.1-2.2L53.6,35.5z"},{"type":"path","fill":"#949EB4","stroke":"none","opacity":0.3,"path":"M51.5,36.8l-1.7-7.2l1.8-4.7l1.8-6.6l-2.9-4.4l-2.6-4.1l3.5-5l-1.1-4.2L47.9,0l-3.3,4.4L43.1,11l0.9,6.5l-1.1,3l1.6,4.8l2.9,4.1l0.6,2.9L47.4,37c0,0,1,0.2,1.9,0.2C50,37.1,51.5,36.8,51.5,36.8z"}]}