{"width":"224.7","height":"218.1","dx":"0","dy":"0","geometry":[{"type":"path","fill":"#FBFAFA","stroke":"none","path":"M224.5,166.3c0,22.2-50.1,40.2-111.8,40.2S1,188.5,1,166.3s50-40.2,111.8-40.2S224.5,144.1,224.5,166.3z"},{"type":"ellipse","fill":"none","stroke":"#B4B4B4","stroke-width":0.9996,"stroke-miterlimit":10,"cx":112.5,"cy":166.6,"rx":112.1,"ry":39.9},{"type":"ellipse","fill":"#D9DADB","stroke":"#FBFAFA","stroke-width":0.091495,"stroke-miterlimit":10,"cx":66.6,"cy":142.9,"rx":10.7,"ry":3.8},{"type":"path","fill":"#999898","stroke":"none","path":"M0,165.7v12.9c0,13.7,29.6,39.5,115.6,39.5c63.7,0,109.1-20.9,109.1-39.1v-10.4c-1.3,18-47.1,38.1-109,38.1C27.8,206.8-0.8,179.7,0,165.7z"},{"type":"ellipse","fill":"#5CAD31","stroke":"none","cx":72.7,"cy":114.3,"rx":7.3,"ry":5.1},{"type":"ellipse","fill":"#88BC57","stroke":"none","cx":55.5,"cy":109.7,"rx":6.6,"ry":5.2},{"type":"ellipse","fill":"#5CAD31","stroke":"none","cx":59.1,"cy":116.1,"rx":9.3,"ry":5.7},{"type":"ellipse","fill":"#DFDB05","stroke":"none","cx":64.3,"cy":103.2,"rx":7.8,"ry":6},{"type":"ellipse","fill":"#AEBD58","stroke":"none","cx":70.2,"cy":106.9,"rx":7.8,"ry":5.9},{"type":"path","fill":"#A38979","stroke":"none","path":"M64.6,114.3L64.6,114.3L64.6,114.3L64.6,114.3L64.6,114.3c0-0.3,0.7-0.6,1.6-0.6c0.9,0,1.6,0.3,1.6,0.6l0,0l0.9,28.1c0,0.5-1.1,0.8-2.4,0.8c-1.3,0-2.3-0.4-2.4-0.8L64.6,114.3z"},{"type":"path","fill":"#A38979","stroke":"none","path":"M73.5,112.8L73.5,112.8L73.5,112.8L73.5,112.8L73.5,112.8c0.1-0.1,0.5,0.1,0.8,0.4c0.3,0.3,0.5,0.7,0.4,0.8l0,0l-6.9,7.3c-0.2,0.2-0.7-0.1-1.2-0.6s-0.7-1-0.5-1.2L73.5,112.8z"},{"type":"path","fill":"#C7D00F","stroke":"none","path":"M56.4,111.4c0-3,2.8-5.4,6.3-5.4s6.3,2.4,6.3,5.4s-2.8,5.4-6.3,5.4S56.4,114.4,56.4,111.4z"},{"type":"path","fill":"#DDDEDF","stroke":"none","path":"M70.1,162 70.1,17.8 133.4,33.6 133.4,177.9 z"},{"type":"path","fill":"#ECEDED","stroke":"none","path":"M70.1,17.7 120.6,0 183.9,15.9 133.4,33.6 z"},{"type":"path","fill":"#C7C7C8","stroke":"none","path":"M183.9,159.2 133.4,177.9 133.4,33.6 183.9,15.9 z"},{"type":"path","fill":"#A9C2E1","stroke":"none","path":"M89.5,109.7 89.5,89.2 78.2,86.5 78.2,107 z"},{"type":"path","fill":"#A9C2E1","stroke":"none","path":"M107.9,114.3 107.9,93.8 96.7,91.1 96.7,111.6 z"},{"type":"path","fill":"#A9C2E1","stroke":"none","path":"M126.5,118.7 126.5,98.2 115.2,95.5 115.2,116 z"},{"type":"path","fill":"#A9C2E1","stroke":"none","path":"M89.5,83.2 89.5,62.7 78.2,60 78.2,80.5 z"},{"type":"path","fill":"#A9C2E1","stroke":"none","path":"M108,87.8 108,67.3 96.7,64.6 96.7,85.1 z"},{"type":"path","fill":"#A9C2E1","stroke":"none","path":"M89.5,137.5 89.5,117 78.2,114.3 78.2,134.8 z"},{"type":"path","fill":"#B1B3B4","stroke":"none","path":"M110,172v-15.6c0,0-3-5.3-9.2-6.8c-5.9-1.4-9.2,2.2-9.2,2.2v15.5L110,172z"},{"type":"path","fill":"#A9C2E1","stroke":"none","path":"M107.9,142.1 107.9,121.6 96.7,118.9 96.7,139.4 z"},{"type":"path","fill":"#A9C2E1","stroke":"none","path":"M126.5,146.5 126.5,126 115.2,123.3 115.2,143.8 z"},{"type":"path","fill":"#A9C2E1","stroke":"none","path":"M126.5,92 126.5,71.5 115.2,68.8 115.2,89.3 z"},{"type":"path","fill":"#88888A","stroke":"none","path":"M163.3,111.5 163.3,91 174.5,86.8 174.5,107.3 z"},{"type":"path","fill":"#88888A","stroke":"none","path":"M144.5,118.6 144.5,98.1 155.8,93.9 155.8,114.4 z"},{"type":"path","fill":"#88888A","stroke":"none","path":"M163.3,139.3 163.3,118.8 174.5,114.6 174.5,135.1 z"},{"type":"path","fill":"#88888A","stroke":"none","path":"M144.5,146.6 144.5,126.1 155.8,122 155.8,142.5 z"},{"type":"path","fill":"#88888A","stroke":"none","path":"M163.3,56.9 163.3,36.3 174.5,32.2 174.5,52.7 z"},{"type":"path","fill":"#88888A","stroke":"none","path":"M144.5,63.9 144.5,43.4 155.8,39.3 155.8,59.8 z"},{"type":"path","fill":"#88888A","stroke":"none","path":"M163.3,84.6 163.3,64.1 174.5,60 174.5,80.5 z"},{"type":"path","fill":"#88888A","stroke":"none","path":"M144.5,92 144.5,71.5 155.8,67.3 155.8,87.9 z"},{"type":"ellipse","fill":"#5CAD31","stroke":"none","cx":28.3,"cy":127.3,"rx":7.3,"ry":5.1},{"type":"ellipse","fill":"#88BC57","stroke":"none","cx":11,"cy":122.7,"rx":6.6,"ry":5.2},{"type":"ellipse","fill":"#5CAD31","stroke":"none","cx":14.7,"cy":129.2,"rx":9.3,"ry":5.7},{"type":"ellipse","fill":"#DFDB05","stroke":"none","cx":19.9,"cy":116.2,"rx":7.8,"ry":6},{"type":"ellipse","fill":"#AEBD58","stroke":"none","cx":25.8,"cy":119.9,"rx":7.8,"ry":5.9},{"type":"ellipse","fill":"#D9DADB","stroke":"#FBFAFA","stroke-width":0.091495,"stroke-miterlimit":10,"cx":22.2,"cy":155.9,"rx":10.7,"ry":3.8},{"type":"path","fill":"#A38979","stroke":"none","path":"M20.2,127.3L20.2,127.3L20.2,127.3L20.2,127.3L20.2,127.3c0-0.3,0.7-0.6,1.6-0.6s1.6,0.3,1.6,0.6l0,0l0.9,28.1c0,0.5-1.1,0.8-2.4,0.8s-2.3-0.4-2.4-0.8L20.2,127.3z"},{"type":"path","fill":"#A38979","stroke":"none","path":"M29.1,125.8L29.1,125.8L29.1,125.8L29.1,125.8L29.1,125.8c0.1-0.1,0.5,0.1,0.8,0.4s0.5,0.7,0.4,0.8l0,0l-6.9,7.3c-0.2,0.2-0.7-0.1-1.2-0.6s-0.7-1-0.5-1.2L29.1,125.8z"},{"type":"path","fill":"#C7D00F","stroke":"none","path":"M11.9,124.4c0-3,2.8-5.4,6.3-5.4s6.3,2.4,6.3,5.4s-2.8,5.4-6.3,5.4C14.8,129.8,11.9,127.4,11.9,124.4z"},{"type":"path","fill":"#999898","stroke":"none","path":"M16.4,134.5L16.4,134.5L16.4,134.5L16.4,134.5z"},{"type":"ellipse","fill":"#5CAD31","stroke":"none","cx":57.2,"cy":157.5,"rx":7.3,"ry":5.1},{"type":"ellipse","fill":"#88BC57","stroke":"none","cx":39.9,"cy":152.9,"rx":6.6,"ry":5.2},{"type":"ellipse","fill":"#5CAD31","stroke":"none","cx":43.6,"cy":159.4,"rx":9.3,"ry":5.7},{"type":"ellipse","fill":"#DFDB05","stroke":"none","cx":48.8,"cy":146.4,"rx":7.8,"ry":6},{"type":"ellipse","fill":"#AEBD58","stroke":"none","cx":54.7,"cy":150.1,"rx":7.8,"ry":5.9},{"type":"ellipse","fill":"#D9DADB","stroke":"#FBFAFA","stroke-width":0.091495,"stroke-miterlimit":10,"cx":51.1,"cy":186.1,"rx":10.7,"ry":3.8},{"type":"path","fill":"#A38979","stroke":"none","path":"M49.1,157.5L49.1,157.5L49.1,157.5L49.1,157.5L49.1,157.5c0-0.3,0.7-0.6,1.6-0.6c0.9,0,1.6,0.3,1.6,0.6l0,0l0.9,28.1c0,0.5-1.1,0.8-2.4,0.8c-1.3,0-2.3-0.4-2.4-0.8L49.1,157.5z"},{"type":"path","fill":"#A38979","stroke":"none","path":"M58,156L58,156L58,156L58,156L58,156c0.1-0.1,0.5,0.1,0.8,0.4s0.5,0.7,0.4,0.8l0,0l-6.9,7.3c-0.2,0.2-0.7-0.1-1.2-0.6s-0.7-1-0.5-1.2L58,156z"},{"type":"path","fill":"#C7D00F","stroke":"none","path":"M40.8,154.6c0-3,2.8-5.4,6.3-5.4s6.3,2.4,6.3,5.4s-2.8,5.4-6.3,5.4C43.7,160,40.8,157.6,40.8,154.6z"},{"type":"path","fill":"#999898","stroke":"none","path":"M33.7,171.2L33.7,171.2L33.7,171.2L33.7,171.2z"},{"type":"path","fill":"none","stroke":"#03AAAD","stroke-width":4,"stroke-miterlimit":10,"path":"M101.7,33.6c16.9,2.9,14.6,24.9-0.9,21.2C86.7,51.4,88.3,31.3,101.7,33.6z"},{"type":"path","fill":"none","stroke":"#096FA0","stroke-width":1.5,"stroke-linecap":"round","stroke-linejoin":"round","stroke-miterlimit":10,"path":"M85.7,41.4c4.5-2.6,5.7-1.9,8.7,0.2c1.6,1,6.1-0.6,6.1-0.6l-0.3,3.3l2.1,0.1l0.3,1.7c0,0,1.3-1,1.9,0.6c0.5-0.1,2.1-0.2,1.5,1.9c0,0-2.7,2.2-2.7,9.4"},{"type":"path","fill":"#727278","stroke":"none","path":"M115.1,143.3"},{"type":"path","fill":"#59595A","stroke":"none","path":"M102,175.5 104.3,176 104.3,171.6 102,171.1 \tz"},{"type":"path","fill":"#575657","stroke":"none","path":"M104.3,171.6 104.9,171.1 104.9,175.5 104.3,176 \tz"},{"type":"path","fill":"#636263","stroke":"none","path":"M102,171.1 102.6,170.6 104.9,171.1 104.3,171.6 \tz"},{"type":"path","fill":"#59595A","stroke":"none","path":"M104.3,172.4 106.6,172.8 106.6,172 104.3,171.6 \tz"},{"type":"path","fill":"#636263","stroke":"none","path":"M104.3,171.6 104.9,171.1 107.2,171.6 106.6,172 \tz"},{"type":"path","fill":"#F2F2F2","stroke":"none","path":"M128,173.3 205,145.2 182.1,140.2 105.9,167.9 \tz"},{"type":"path","fill":"#C1C4C8","stroke":"none","path":"M205,174.4 128,202.8 128,173.3 205,145.2 \tz"},{"type":"path","fill":"#EEEAEA","stroke":"none","path":"M105.9,198.5 128,202.8 128,173.3 105.9,167.9 \tz"},{"type":"path","fill":"#D9B625","stroke":"none","path":"M172.6,176.6 193.6,168.8 193.8,171.6 172.6,179.5 \tz"},{"type":"path","fill":"#D9B625","stroke":"none","path":"M139.5,188.9 151.2,184.3 151.4,187.2 139.5,191.8 \tz"},{"type":"path","fill":"#51A483","stroke":"none","path":"M128.3,174.1 204.2,146.7 204.2,148.3 128.3,176 \tz"},{"type":"path","fill":"#536770","stroke":"none","path":"M204.2,148.6 128.3,176.2 128.3,193 204.2,165.2 \tz"},{"type":"path","fill":"#51A483","stroke":"none","path":"M105.9,167.9 128,173.3 128,193.4 105.9,189.1 \tz"},{"type":"path","fill":"#7794A2","stroke":"none","path":"M106.7,168.9v19.5l20.5,4v-18.5L106.7,168.9z"},{"type":"path","fill":"#535F5A","stroke":"none","path":"M106.7,173.3 106.7,168.9 127.2,173.7 127.2,178.1 \tz"},{"type":"path","fill":"#575657","stroke":"none","path":"M108.3,188.7l7-3.8l-6.6,4.4c0,0-0.2,0.1-0.4-0.1C108,189,108.3,188.7,108.3,188.7z"},{"type":"path","fill":"#575657","stroke":"none","path":"M123.4,191.8l-3.8-7l4.4,6.6c0,0,0.1,0.2-0.1,0.4C123.7,192.1,123.4,191.8,123.4,191.8z"},{"type":"path","fill":"#8A898E","stroke":"none","path":"M105.9,198.5 128,202.8 128,199.7 105.9,195.4 \tz"},{"type":"path","fill":"#C1C4C8","stroke":"none","path":"M113.6,199.7 118.2,200.6 118.2,199.6 113.6,198.7 \tz"},{"type":"path","fill":"#A5BAC7","stroke":"none","path":"M105.9,191 107.1,191.2 110.7,195.1 110.6,196.9 105.9,196 \tz"},{"type":"path","fill":"#A5BAC7","stroke":"none","path":"M126.8,194.8 128,195 128,200.2 123.2,199.3 123.2,197.5 \tz"},{"type":"path","fill":"#5C5B5F","stroke":"none","path":"M205,174.5 128,202.8 128,199.5 205,171.1 \tz"},{"type":"path","fill":"#5C5B5F","stroke":"none","path":"M145.6,200.3c-1.2,0-2.2-1.7-2.2-5c0,0,1.5,0.4,1.5,0.1c0.1-3,0.8-5.8,1.9-5.8l2,0.3v11L145.6,200.3z"},{"type":"path","fill":"#8A898E","stroke":"none","path":"M149,189.9c1.2,0,2.2,2.7,2.2,6.1s-1,5-2.2,5s-2.2-1.6-2.2-5S147.8,189.9,149,189.9z"},{"type":"path","fill":"#5C5B5F","stroke":"none","path":"M190.6,184c-1.2,0-2.2-1.7-2.2-5c0,0,1.5,0.4,1.5,0.1c0.1-3,0.8-5.8,1.9-5.8l2,0.3v10.9L190.6,184z"},{"type":"path","fill":"#8A898E","stroke":"none","path":"M193.9,173.6c1.2,0,2.2,2.7,2.2,6.1s-1,5-2.2,5s-2.2-1.6-2.2-5C191.7,176.3,192.7,173.6,193.9,173.6z"},{"type":"path","fill":"#59595A","stroke":"none","path":"M127.2,177.1 129.5,177.6 129.5,176.8 127.2,176.4 \tz"},{"type":"path","fill":"#636263","stroke":"none","path":"M127.2,176.4 127.8,175.9 130.1,176.4 129.5,176.8 \tz"},{"type":"path","fill":"#59595A","stroke":"none","path":"M128,180.9 130.3,181.4 130.3,177 128,176.5 \tz"},{"type":"path","fill":"#575657","stroke":"none","path":"M130.3,177 130.9,176.5 130.9,180.9 130.3,181.4 \tz"},{"type":"path","fill":"#636263","stroke":"none","path":"M128,176.5 128.6,176 130.9,176.5 130.3,177 \tz"}]}