{"width":"224.7","height":"116.9","dx":"0","dy":"0","geometry":[{"type":"path","fill":"#659CB1","stroke":"none","path":"M224.6,65c0,22.2-50.1,40.2-111.8,40.2S1,87.1,1,65s50-40.2,111.8-40.2S224.6,42.8,224.6,65z"},{"type":"path","fill":"#5A8EA6","stroke":"none","path":"M218.3,52c3.9,4.1,6,8.5,6,13c0,22.2-50.1,40.2-111.8,40.2C50.8,105.1,0.7,87.1,0.7,65c0-4.3,1.8-8.4,5.3-12.2c0,0,13.7-3.7,23.2-3.7c7.6,0,8.9,2.7,19.8,2.7c8.5,0,10.6-2.7,17.1-2.7s11.5,4.1,18.5,4.1S99.5,49,110.5,49s13.5,3.6,26,3.6s14.2-5.8,21.3-5.8s9.7,5.8,18.3,5.8s13.5-3.6,20.8-3.6S218.3,52,218.3,52z"},{"type":"path","fill":"#989797","stroke":"none","path":"M0,64.4v12.9c0,13.7,29.6,39.5,115.6,39.5c63.7,0,109.1-20.9,109.1-39.1V67.3c-1.3,18-47.1,38.1-109,38.1C27.8,105.5-0.8,78.4,0,64.4z"},{"type":"ellipse","fill":"none","stroke":"#B3B3B3","stroke-width":0.9996,"stroke-miterlimit":10,"cx":112.5,"cy":65.2,"rx":112.1,"ry":39.9},{"type":"ellipse","fill":"#5AAC26","stroke":"none","cx":-106.5,"cy":68.1,"rx":6.4,"ry":4.5},{"type":"ellipse","fill":"#87BB56","stroke":"none","cx":-121.7,"cy":64.1,"rx":5.8,"ry":4.6},{"type":"ellipse","fill":"#5AAC26","stroke":"none","cx":-118.5,"cy":69.7,"rx":8.2,"ry":5},{"type":"ellipse","fill":"#DFDB00","stroke":"none","cx":-113.9,"cy":58.3,"rx":6.8,"ry":5.3},{"type":"ellipse","fill":"#87BB56","stroke":"none","cx":-108.7,"cy":61.6,"rx":6.9,"ry":5.1},{"type":"path","fill":"#D9D9DA","stroke":"#FAF9F9","stroke-width":0.080432,"stroke-miterlimit":10,"path":"M-121.3,93.2c0,1.9,4.2,3.4,9.4,3.4c5.2,0,9.4-1.5,9.4-3.4c0-1.9-4.2-3.4-9.4-3.4C-117,89.8-121.3,91.3-121.3,93.2z"},{"type":"path","fill":"#A38978","stroke":"none","path":"M-113.6,68.1C-113.6,68.1-113.6,68.1-113.6,68.1C-113.6,68.1-113.6,68.1-113.6,68.1L-113.6,68.1L-113.6,68.1c0-0.3,0.6-0.5,1.4-0.5c0.8,0,1.4,0.2,1.4,0.5c0,0,0,0,0,0l0.8,24.7c0,0.4-0.9,0.7-2.1,0.7c-1.1,0-2.1-0.3-2.1-0.7L-113.6,68.1z"},{"type":"path","fill":"#A38978","stroke":"none","path":"M-107.9,69c0,0,0.4,0.1,0.7,0.4c0.3,0.3,0.3,0.7,0.3,0.7l-4,4.3c-0.2,0.1-0.6-0.1-1-0.5c-0.4-0.4-0.6-0.9-0.5-1L-107.9,69z"},{"type":"ellipse","fill":"#C7D009","stroke":"none","cx":-115.3,"cy":65.5,"rx":5.6,"ry":4.8},{"type":"path","fill":"#EBEDEE","stroke":"none","path":"M27.9,34.6C48.4,26.2,78.5,21,112,21c33,0,62.8,5.1,83.3,13.3L27.9,34.6z"},{"type":"path","fill":"#C5C3C3","stroke":"none","path":"M27.9,34.6 27.9,39.1 195.3,39.1 195.3,34.3 z"},{"type":"rect","fill":"#626262","stroke":"none","x":95.7,"y":50.7,"width":66.4,"height":9},{"type":"path","fill":"#DAB721","stroke":"none","path":"M92.2,58.6 95.8,60.4 95.7,51.7 86.6,54.8 z"},{"type":"path","fill":"#737373","stroke":"none","path":"M170.8,47.5 104.8,47.4 95.7,50.7 162.1,50.7 z"},{"type":"path","fill":"#D8D9D8","stroke":"none","path":"M170.4,44.4 181.1,40.4 160.3,40.5 150.1,44.4 z"},{"type":"path","fill":"#C5C6C4","stroke":"none","path":"M170.4,44.4 150.1,44.4 150.1,61.5 170.4,61.5 z"},{"type":"path","fill":"#838584","stroke":"none","path":"M170.4,61.6 170.4,44.4 181.1,40.5 181.2,57.7 z"},{"type":"ellipse","fill":"#88888A","stroke":"none","cx":164.1,"cy":31.3,"rx":1.5,"ry":0.5},{"type":"path","fill":"#F4F2F0","stroke":"none","path":"M165.6,31.3c0,0.3-0.7,0.5-1.5,0.5c-0.8,0-1.5-0.2-1.5-0.5l-0.8,26.5c0,0.4,1,0.8,2.2,0.8c1.2,0,2.2-0.4,2.2-0.8L165.6,31.3z"},{"type":"path","fill":"#959DB2","stroke":"none","opacity":0.3,"path":"M165.1,31.5l-0.7-3.1l0.8-2l0.8-2.8l-1.2-1.9l-1.1-1.7l1.5-2.1l-0.5-1.8l-1-0.3l-1.4,1.9l-0.6,2.8l0.4,2.8l-0.5,1.3l0.6,2.1l1.2,1.7l0.3,1.2l-0.2,2c0,0,0.4,0.1,0.8,0.1C164.4,31.6,165.1,31.5,165.1,31.5z"},{"type":"path","fill":"#ECD958","stroke":"none","path":"M86.6,55 94.2,65 173.2,65 177.4,55 148.3,55 145.9,59.4 113.9,59.4 112.3,55 z"},{"type":"path","fill":"#DAB721","stroke":"none","path":"M173.2,65 182.2,61.7 186.5,51.7 177.4,55 z"},{"type":"ellipse","fill":"#5AAC26","stroke":"none","cx":80.2,"cy":10.5,"rx":4.5,"ry":3.2},{"type":"ellipse","fill":"#87BB56","stroke":"none","cx":69.6,"cy":7.7,"rx":4.1,"ry":3.2},{"type":"ellipse","fill":"#5AAC26","stroke":"none","cx":71.8,"cy":11.6,"rx":5.7,"ry":3.5},{"type":"ellipse","fill":"#DFDB00","stroke":"none","cx":75,"cy":3.7,"rx":4.8,"ry":3.7},{"type":"ellipse","fill":"#87BB56","stroke":"none","cx":78.6,"cy":5.9,"rx":4.8,"ry":3.6},{"type":"ellipse","fill":"#D9D9DA","stroke":"#FAF9F9","stroke-width":0.080432,"stroke-miterlimit":10,"cx":76.4,"cy":28,"rx":6.6,"ry":2.4},{"type":"path","fill":"#A38978","stroke":"none","path":"M75.2,10.5C75.2,10.5,75.2,10.5,75.2,10.5C75.2,10.5,75.2,10.5,75.2,10.5L75.2,10.5L75.2,10.5c0-0.2,0.5-0.4,1-0.4c0.5,0,1,0.2,1,0.4c0,0,0,0,0,0l0.5,17.3c0,0.3-0.6,0.5-1.4,0.5c-0.8,0-1.4-0.2-1.4-0.5L75.2,10.5z"},{"type":"path","fill":"#A38978","stroke":"none","path":"M79.2,11.1c0,0,0.3,0,0.5,0.2c0.2,0.2,0.2,0.5,0.2,0.5l-2.8,3c-0.1,0.1-0.4-0.1-0.7-0.4c-0.3-0.3-0.4-0.6-0.3-0.7L79.2,11.1z"},{"type":"ellipse","fill":"#C7D009","stroke":"none","cx":74,"cy":8.7,"rx":3.9,"ry":3.3},{"type":"ellipse","fill":"#5AAC26","stroke":"none","cx":110.5,"cy":10.5,"rx":4.5,"ry":3.2},{"type":"ellipse","fill":"#87BB56","stroke":"none","cx":99.9,"cy":7.7,"rx":4.1,"ry":3.2},{"type":"ellipse","fill":"#5AAC26","stroke":"none","cx":102.1,"cy":11.6,"rx":5.7,"ry":3.5},{"type":"ellipse","fill":"#DFDB00","stroke":"none","cx":105.3,"cy":3.7,"rx":4.8,"ry":3.7},{"type":"ellipse","fill":"#87BB56","stroke":"none","cx":108.9,"cy":5.9,"rx":4.8,"ry":3.6},{"type":"ellipse","fill":"#D9D9DA","stroke":"#FAF9F9","stroke-width":0.080432,"stroke-miterlimit":10,"cx":106.7,"cy":28,"rx":6.6,"ry":2.4},{"type":"path","fill":"#A38978","stroke":"none","path":"M105.5,10.5C105.5,10.5,105.5,10.5,105.5,10.5C105.5,10.5,105.5,10.5,105.5,10.5L105.5,10.5L105.5,10.5c0-0.2,0.5-0.4,1-0.4c0.5,0,1,0.2,1,0.4c0,0,0,0,0,0l0.5,17.3c0,0.3-0.6,0.5-1.4,0.5c-0.8,0-1.4-0.2-1.4-0.5L105.5,10.5z"},{"type":"path","fill":"#A38978","stroke":"none","path":"M109.5,11.1c0,0,0.3,0,0.5,0.2c0.2,0.2,0.2,0.5,0.2,0.5l-2.8,3c-0.1,0.1-0.4-0.1-0.7-0.4c-0.3-0.3-0.4-0.6-0.3-0.7L109.5,11.1z"},{"type":"ellipse","fill":"#C7D009","stroke":"none","cx":104.3,"cy":8.7,"rx":3.9,"ry":3.3},{"type":"ellipse","fill":"#5AAC26","stroke":"none","cx":140.8,"cy":10.5,"rx":4.5,"ry":3.2},{"type":"ellipse","fill":"#87BB56","stroke":"none","cx":130.2,"cy":7.7,"rx":4.1,"ry":3.2},{"type":"ellipse","fill":"#5AAC26","stroke":"none","cx":132.4,"cy":11.6,"rx":5.7,"ry":3.5},{"type":"ellipse","fill":"#DFDB00","stroke":"none","cx":135.6,"cy":3.7,"rx":4.8,"ry":3.7},{"type":"ellipse","fill":"#87BB56","stroke":"none","cx":139.2,"cy":5.9,"rx":4.8,"ry":3.6},{"type":"ellipse","fill":"#D9D9DA","stroke":"#FAF9F9","stroke-width":0.080432,"stroke-miterlimit":10,"cx":137,"cy":28,"rx":6.6,"ry":2.4},{"type":"path","fill":"#A38978","stroke":"none","path":"M135.8,10.5C135.8,10.5,135.8,10.5,135.8,10.5C135.8,10.5,135.8,10.5,135.8,10.5L135.8,10.5L135.8,10.5c0-0.2,0.5-0.4,1-0.4c0.5,0,1,0.2,1,0.4c0,0,0,0,0,0l0.5,17.3c0,0.3-0.6,0.5-1.4,0.5c-0.8,0-1.4-0.2-1.4-0.5L135.8,10.5z"},{"type":"path","fill":"#A38978","stroke":"none","path":"M139.8,11.1c0,0,0.3,0,0.5,0.2c0.2,0.2,0.2,0.5,0.2,0.5l-2.8,3c-0.1,0.1-0.4-0.1-0.7-0.4c-0.3-0.3-0.4-0.6-0.3-0.7L139.8,11.1z"},{"type":"ellipse","fill":"#C7D009","stroke":"none","cx":134.6,"cy":8.7,"rx":3.9,"ry":3.3},{"type":"path","fill":"#6EAABF","stroke":"none","path":"M224.3,65c0,22.2-50.1,40.2-111.8,40.2C50.8,105.1,0.7,87.1,0.7,65c0,0,5.6-4.2,11.6-4.5s10.3,5,17.7,5s9.8-4.2,15.3-5s9.2,4,17.2,4s8.5-3,15.8-3.1s8.3,2.8,16.3,2.6s11.2-1.8,17-1.8s5.1,1.6,12.6,1.9s13.5-2,20.2-2s11.3,1.6,19.9,1.6s11.7-3.3,18.5-3.3s3.7,2.8,14.8,2.8s9.5-2.8,15-2.8S224.3,65,224.3,65z"},{"type":"path","fill":"#C5C3C3","stroke":"none","path":"M218.9,76.8c-14.5,16-56.7,27.7-106.4,27.7c-49.6,0-91.9-11.6-106.4-27.7v-4.4h212.8V76.8z"},{"type":"path","fill":"#EBEDEE","stroke":"none","path":"M6.1,72.4c14.5,16,56.8,27.7,106.4,27.7c49.7,0,91.9-11.6,106.4-27.7L6.1,72.4z"}]}