{"width":"229.7","height":"222.3","dx":"0","dy":"0","geometry":[{"type":"path","fill":"#989797","stroke":"none","path":"M84.4,178.1L84.4,178.1L84.4,178.1C84.4,178.1,84.4,178.1,84.4,178.1z"},{"type":"path","fill":"#84D0F0","stroke":"none","path":"M173.9,175.6 172,183.1 167.9,187.2 167.9,191.9 181.2,195.3 181.2,190.6 185.2,186.6 187,179 \tz"},{"type":"ellipse","fill":"#F6F6F6","stroke":"none","transform":"t-18.7024,364.6109r-87.9953,0,0","cx":179.4,"cy":192,"rx":1.3,"ry":0.7},{"type":"ellipse","fill":"#F6F6F6","stroke":"none","transform":"t-25.9554,352.0977r-87.9953,0,0","cx":169.3,"cy":189.5,"rx":1.3,"ry":0.7},{"type":"path","fill":"#A9C2E1","stroke":"none","path":"M173.7,183.6 175.5,177.2 184.8,179.6 183.3,186.1 \tz"},{"type":"path","fill":"#6F7072","stroke":"none","opacity":0.2,"path":"M175.5,177.2 184.8,179.6 183.3,186.1 \tz"},{"type":"path","fill":"#9E9FA1","stroke":"none","path":"M170.9,189.2 170.9,190.8 178,192.7 178,191.1 \tz"},{"type":"path","fill":"#88888A","stroke":"none","path":"M167.9,191.3 167.9,192 181.2,195.3 181.2,194.6 \tz"},{"type":"path","fill":"#75BAD7","stroke":"none","path":"M197.3,175.1 187,179 185.2,186.6 181.2,190.6 181.2,195.3 199.7,188.5 199.7,181.9 \tz"},{"type":"path","fill":"#58585A","stroke":"none","path":"M185.1,196.1c-0.4,0-0.8-0.8-1-1.9l0.9-0.4c0-1.8,0.5-3.1,1-3.1l0.6,0.1v5.7L185.1,196.1z"},{"type":"ellipse","fill":"#88888A","stroke":"none","cx":186.7,"cy":193.6,"rx":1,"ry":2.8},{"type":"path","fill":"#58585A","stroke":"none","path":"M196.2,192.1c-0.4,0-0.8-0.8-1-1.9l0.9-0.4c0-1.8,0.5-3.1,1-3.1l0.6,0.1v5.7L196.2,192.1z"},{"type":"ellipse","fill":"#88888A","stroke":"none","cx":197.7,"cy":189.5,"rx":1,"ry":2.8},{"type":"path","fill":"#90A5C1","stroke":"none","path":"M186.9,186.2 193.3,183.9 193.4,178.2 188.6,179.9 \tz"},{"type":"path","fill":"#90A5C1","stroke":"none","path":"M194.3,177.9 194.3,183.6 197,182.6 195.6,177.4 \tz"},{"type":"path","fill":"#84D0F0","stroke":"none","path":"M184,171.8 173.9,175.6 187,179 197.3,175.1 \tz"},{"type":"path","fill":"#6F7072","stroke":"none","opacity":0.2,"path":"M187,179 197.3,175.1 184,171.8 \tz"},{"type":"path","fill":"#EBEBED","stroke":"none","path":"M188.1,185.5 189,185.2 187.2,184.8 186.3,185.2 \t\tz"},{"type":"path","fill":"#88888A","stroke":"none","path":"M188.1,185.5 186.3,185.2 186.1,186.3 188.1,186.6 \t\tz"},{"type":"path","fill":"#88888A","stroke":"none","path":"M188.1,186.6 188.1,185.5 189,185.2 189,186.3 \t\tz"},{"type":"path","fill":"#EBD958","stroke":"none","path":"M34.6,161.9 32.7,169.4 28.7,173.5 28.7,178.2 42,181.6 42,176.9 46,172.8 47.7,165.2 \tz"},{"type":"ellipse","fill":"#F6F6F6","stroke":"none","transform":"t-139.3752,212.1372r-87.9848,0,0","cx":40.2,"cy":178.3,"rx":1.3,"ry":0.7},{"type":"ellipse","fill":"#F6F6F6","stroke":"none","transform":"t-146.6217,199.6572r-87.9953,0,0","cx":30.1,"cy":175.8,"rx":1.3,"ry":0.7},{"type":"path","fill":"#A9C2E1","stroke":"none","path":"M34.4,169.8 36.2,163.5 45.5,165.9 44,172.3 \tz"},{"type":"path","fill":"#6F7072","stroke":"none","opacity":0.2,"path":"M36.2,163.5 45.5,165.9 44,172.3 \tz"},{"type":"path","fill":"#B1B3B4","stroke":"none","path":"M31.6,175.5 31.6,177.1 38.7,178.9 38.7,177.3 \tz"},{"type":"path","fill":"#88888A","stroke":"none","path":"M28.7,177.6 28.7,178.3 42,181.6 42,180.9 \tz"},{"type":"path","fill":"#DAB722","stroke":"none","path":"M58,161.4 47.7,165.2 46,172.8 42,176.9 42,181.6 60.5,174.7 60.5,168.2 \tz"},{"type":"path","fill":"#58585A","stroke":"none","path":"M45.9,182.4c-0.4,0-0.8-0.8-1-1.9l0.9-0.4c0-1.8,0.5-3.1,1-3.1l0.6,0.1v5.7L45.9,182.4z"},{"type":"ellipse","fill":"#88888A","stroke":"none","cx":47.4,"cy":179.8,"rx":1,"ry":2.8},{"type":"path","fill":"#58585A","stroke":"none","path":"M56.9,178.3c-0.4,0-0.8-0.8-1-1.9l0.9-0.4c0-1.8,0.5-3.1,1-3.1l0.6,0.1v5.7L56.9,178.3z"},{"type":"ellipse","fill":"#88888A","stroke":"none","cx":58.4,"cy":175.8,"rx":1,"ry":2.8},{"type":"path","fill":"#90A5C1","stroke":"none","path":"M47.6,172.5 54.1,170.1 54.1,164.4 49.3,166.2 \tz"},{"type":"path","fill":"#90A5C1","stroke":"none","path":"M55,164.2 55,169.9 57.7,168.9 56.4,163.7 \tz"},{"type":"path","fill":"#EBD958","stroke":"none","path":"M44.7,158.1 34.6,161.9 47.7,165.2 58,161.4 \tz"},{"type":"path","fill":"#6F7072","stroke":"none","opacity":0.2,"path":"M47.7,165.2 58,161.4 44.7,158.1 \tz"},{"type":"path","fill":"#EBEBED","stroke":"none","path":"M48.8,171.8 49.8,171.4 47.9,171.1 47,171.4 \t\tz"},{"type":"path","fill":"#88888A","stroke":"none","path":"M48.8,171.8 47,171.4 46.8,172.6 48.8,172.9 \t\tz"},{"type":"path","fill":"#88888A","stroke":"none","path":"M48.8,172.9 48.8,171.8 49.8,171.4 49.8,172.6 \t\tz"},{"type":"path","fill":"#EBD958","stroke":"none","path":"M102.5,181 100.6,188.5 96.5,192.7 96.5,197.4 109.8,200.7 109.8,196 113.9,192 115.6,184.4 \tz"},{"type":"ellipse","fill":"#F6F6F6","stroke":"none","transform":"t-93.0462,298.4688r-87.9848,0,0","cx":108.1,"cy":197.4,"rx":1.3,"ry":0.7},{"type":"ellipse","fill":"#F6F6F6","stroke":"none","transform":"t-100.2803,285.9928r-87.9953,0,0","cx":97.9,"cy":194.9,"rx":1.3,"ry":0.7},{"type":"path","fill":"#A9C2E1","stroke":"none","path":"M102.3,189 104.1,182.6 113.4,185 111.9,191.5 \tz"},{"type":"path","fill":"#6F7072","stroke":"none","opacity":0.2,"path":"M104.1,182.6 113.4,185 111.9,191.5 \tz"},{"type":"path","fill":"#B1B3B4","stroke":"none","path":"M99.5,194.7 99.5,196.3 106.6,198.1 106.6,196.5 \tz"},{"type":"path","fill":"#88888A","stroke":"none","path":"M96.5,196.7 96.5,197.5 109.8,200.8 109.8,200 \tz"},{"type":"path","fill":"#DAB722","stroke":"none","path":"M125.9,180.6 115.6,184.4 113.9,192 109.8,196 109.8,200.7 128.3,193.9 128.3,187.3 \tz"},{"type":"path","fill":"#58585A","stroke":"none","path":"M113.7,201.5c-0.4,0-0.8-0.8-1-1.9l0.9-0.4c0-1.8,0.5-3.1,1-3.1l0.6,0.1v5.7L113.7,201.5z"},{"type":"ellipse","fill":"#88888A","stroke":"none","cx":115.3,"cy":199,"rx":1,"ry":2.8},{"type":"path","fill":"#58585A","stroke":"none","path":"M124.8,197.5c-0.4,0-0.8-0.8-1-1.9l0.9-0.4c0-1.8,0.5-3.1,1-3.1l0.6,0.1v5.7L124.8,197.5z"},{"type":"ellipse","fill":"#88888A","stroke":"none","cx":126.3,"cy":195,"rx":1,"ry":2.8},{"type":"path","fill":"#90A5C1","stroke":"none","path":"M115.5,191.7 121.9,189.3 122,183.6 117.2,185.4 \tz"},{"type":"path","fill":"#90A5C1","stroke":"none","path":"M122.9,183.3 122.9,189.1 125.6,188 124.3,182.8 \tz"},{"type":"path","fill":"#EBD958","stroke":"none","path":"M112.6,177.2 102.5,181 115.6,184.4 125.9,180.6 \tz"},{"type":"path","fill":"#6F7072","stroke":"none","opacity":0.2,"path":"M115.6,184.4 125.9,180.6 112.6,177.2 \tz"},{"type":"path","fill":"#EBEBED","stroke":"none","path":"M116.7,190.9 117.7,190.6 115.8,190.3 114.9,190.6 \t\tz"},{"type":"path","fill":"#88888A","stroke":"none","path":"M116.7,190.9 114.9,190.6 114.7,191.8 116.7,192.1 \t\tz"},{"type":"path","fill":"#88888A","stroke":"none","path":"M116.7,192.1 116.7,190.9 117.7,190.6 117.7,191.7 \t\tz"},{"type":"path","fill":"#C9BFC0","stroke":"none","path":"M58,169.3 56.1,176.8 52,180.9 52,185.6 65.3,189 65.3,184.3 69.4,180.3 71.1,172.7 \tz"},{"type":"ellipse","fill":"#F6F6F6","stroke":"none","transform":"t-124.2669,242.732r-87.9953,0,0","cx":63.6,"cy":185.7,"rx":1.3,"ry":0.7},{"type":"ellipse","fill":"#F6F6F6","stroke":"none","transform":"t-131.5198,230.2188r-87.9953,0,0","cx":53.4,"cy":183.2,"rx":1.3,"ry":0.7},{"type":"path","fill":"#A9C2E1","stroke":"none","path":"M57.8,177.3 59.6,170.9 68.9,173.3 67.4,179.8 \tz"},{"type":"path","fill":"#6F7072","stroke":"none","opacity":0.2,"path":"M59.6,170.9 68.9,173.3 67.4,179.8 \tz"},{"type":"path","fill":"#9E9FA1","stroke":"none","path":"M55,182.9 55,184.6 62.1,186.4 62.1,184.8 \tz"},{"type":"path","fill":"#88888A","stroke":"none","path":"M52,185 52,185.8 65.3,189.1 65.3,188.3 \tz"},{"type":"path","fill":"#ABA3A4","stroke":"none","path":"M81.4,168.9 71.1,172.7 69.4,180.3 65.3,184.3 65.3,189 83.8,182.2 83.8,175.6 \tz"},{"type":"path","fill":"#58585A","stroke":"none","path":"M69.2,189.8c-0.4,0-0.8-0.8-1-1.9l0.9-0.4c0-1.8,0.5-3.1,1-3.1l0.6,0.1v5.7L69.2,189.8z"},{"type":"ellipse","fill":"#88888A","stroke":"none","cx":70.8,"cy":187.3,"rx":1,"ry":2.8},{"type":"path","fill":"#58585A","stroke":"none","path":"M80.3,185.8c-0.4,0-0.8-0.8-1-1.9l0.9-0.4c0-1.8,0.5-3.1,1-3.1l0.6,0.1v5.7L80.3,185.8z"},{"type":"ellipse","fill":"#88888A","stroke":"none","cx":81.8,"cy":183.2,"rx":1,"ry":2.8},{"type":"path","fill":"#90A5C1","stroke":"none","path":"M71,180 77.4,177.6 77.5,171.9 72.7,173.6 \tz"},{"type":"path","fill":"#90A5C1","stroke":"none","path":"M78.4,171.6 78.4,177.3 81.1,176.3 79.8,171.1 \tz"},{"type":"path","fill":"#C9BFC0","stroke":"none","path":"M68.1,165.5 58,169.3 71.1,172.7 81.4,168.9 \tz"},{"type":"path","fill":"#6F7072","stroke":"none","opacity":0.2,"path":"M71.1,172.7 81.4,168.9 68.1,165.5 \tz"},{"type":"path","fill":"#EBEBED","stroke":"none","path":"M72.2,179.2 73.2,178.9 71.3,178.6 70.4,178.9 \t\tz"},{"type":"path","fill":"#88888A","stroke":"none","path":"M72.2,179.2 70.4,178.9 70.2,180.1 72.2,180.3 \t\tz"},{"type":"path","fill":"#88888A","stroke":"none","path":"M72.2,180.3 72.2,179.2 73.2,178.9 73.2,180 \t\tz"}]}