{"width":"224.7","height":"190.9","dx":"0","dy":"0","geometry":[{"type":"path","fill":"#999895","stroke":"none","path":"M0,137.1v13c0,13.699,29.6,39.5,115.6,39.5c63.699,0,109.1-20.9,109.1-39.101V140.1c-1.3,18-47.1,38.1-109,38.1C27.8,178.2-0.8,151.1,0,137.1z"},{"type":"ellipse","fill":"#F6F6F6","stroke":"#B3B3B3","stroke-width":0.9996,"stroke-miterlimit":10,"cx":112.5,"cy":138,"rx":112.1,"ry":39.9},{"type":"path","fill":"#DDDEDF","stroke":"none","path":"M22.7,143 22.7,52.8 112.8,69.1 112.8,159.4 z"},{"type":"path","fill":"#ECEDED","stroke":"none","path":"M22.8,52.7 94.6,29.3 184.7,43.9 112.9,69.1 z"},{"type":"path","fill":"#C6C7C8","stroke":"none","path":"M184.7,132.9 112.8,159.4 112.8,69.1 184.7,43.9 z"},{"type":"path","fill":"#A9C2E1","stroke":"none","path":"M43.5,87.2 43.5,70.5 34.3,68.9 34.3,85.5 z"},{"type":"path","fill":"#A9C2E1","stroke":"none","path":"M58.5,89.9 58.5,73.3 49.3,71.6 49.3,88.3 z"},{"type":"path","fill":"#A9C2E1","stroke":"none","path":"M43.5,109.8 43.5,93.1 34.3,91.5 34.3,108.1 z"},{"type":"path","fill":"#A9C2E1","stroke":"none","path":"M58.5,112.5 58.5,95.9 49.3,94.2 49.3,110.9 z"},{"type":"path","fill":"#A9C2E1","stroke":"none","path":"M73.5,92.8 73.5,76.2 64.4,74.5 64.4,91.2 z"},{"type":"path","fill":"#A9C2E1","stroke":"none","path":"M73.5,115.4 73.5,98.8 64.4,97.1 64.4,113.7 z"},{"type":"path","fill":"#A9C2E1","stroke":"none","path":"M88.7,95.7 88.7,79 79.6,77.4 79.6,94 z"},{"type":"path","fill":"#A9C2E1","stroke":"none","path":"M103.7,98.4 103.7,81.7 94.5,80.1 94.5,96.7 z"},{"type":"path","fill":"#A9C2E1","stroke":"none","path":"M88.7,118.3 88.7,101.6 79.6,99.9 79.6,116.6 z"},{"type":"path","fill":"#A9C2E1","stroke":"none","path":"M103.7,121 103.7,104.3 94.5,102.7 94.5,119.3 z"},{"type":"path","fill":"#A9C2E1","stroke":"none","path":"M43.5,131.8 43.5,115.1 34.3,113.4 34.3,130.1 z"},{"type":"path","fill":"#A9C2E1","stroke":"none","path":"M58.5,134.5 58.5,117.8 49.3,116.1 49.3,132.8 z"},{"type":"path","fill":"#A9C2E1","stroke":"none","path":"M73.5,137.4 73.5,120.7 64.4,119 64.4,135.7 z"},{"type":"path","fill":"#A9C2E1","stroke":"none","path":"M88.7,140.2 88.7,123.6 79.6,121.9 79.6,138.6 z"},{"type":"path","fill":"#A9C2E1","stroke":"none","path":"M103.7,143 103.7,126.3 94.5,124.6 94.5,141.3 z"},{"type":"path","fill":"#88888A","stroke":"none","path":"M99.9,157.1 99.9,146.4 86.2,143.8 86.2,154.5 z"},{"type":"path","fill":"#88888A","stroke":"none","path":"M167.2,81.9 167.2,66.1 175.799,62.9 175.799,78.7 z"},{"type":"path","fill":"#88888A","stroke":"none","path":"M152.799,87.3 152.799,71.6 161.4,68.4 161.4,84.1 z"},{"type":"path","fill":"#88888A","stroke":"none","path":"M167.2,104.1 167.2,88.4 175.799,85.2 175.799,101 z"},{"type":"path","fill":"#88888A","stroke":"none","path":"M152.799,109.8 152.799,94 161.4,90.8 161.4,106.6 z"},{"type":"path","fill":"#88888A","stroke":"none","path":"M138.7,92.3 138.7,76.6 147.4,73.4 147.4,89.2 z"},{"type":"path","fill":"#88888A","stroke":"none","path":"M124.4,97.8 124.4,82 133,78.8 133,94.6 z"},{"type":"path","fill":"#88888A","stroke":"none","path":"M138.7,114.6 138.7,98.8 147.4,95.7 147.4,111.4 z"},{"type":"path","fill":"#88888A","stroke":"none","path":"M124.4,120.3 124.4,104.5 133,101.3 133,117.1 z"},{"type":"path","fill":"#88888A","stroke":"none","path":"M167.2,128 167.2,112.2 175.799,109.1 175.799,124.8 z"},{"type":"path","fill":"#88888A","stroke":"none","path":"M152.799,133.7 152.799,117.9 161.4,114.7 161.4,130.5 z"},{"type":"path","fill":"#88888A","stroke":"none","path":"M138.7,138.5 138.7,122.7 147.4,119.5 147.4,135.3 z"},{"type":"path","fill":"#88888A","stroke":"none","path":"M124.4,144.1 124.4,128.4 133,125.2 133,140.9 z"},{"type":"path","fill":"#8ABA55","stroke":"none","path":"M83.8,45.4 110.1,36.4 93.2,33.7 34,52.3 111.6,66.4 141.2,55.5 z"},{"type":"path","fill":"#999895","stroke":"none","path":"M61.2,28.5L61.2,28.5L61.2,28.5C61.2,28.6,61.2,28.5,61.2,28.5z"},{"type":"path","fill":"#999895","stroke":"none","path":"M86,27L86,27L86,27C86,27.1,86,27.1,86,27z"},{"type":"path","fill":"#BA9A70","stroke":"none","path":"M146,54 170.9,45 170.9,19 159.799,9.1 146,28 \tz"},{"type":"path","fill":"#91A6C1","stroke":"none","path":"M147,39.5 154.5,36.8 154.5,22.1 163.9,18.7 163.9,33.5 170.299,31.2 170.299,19.6 160.1,10.4 \t147,28.1 \tz"},{"type":"path","fill":"#CFAB89","stroke":"none","path":"M146,28 146,54 95.2,44.9 95.2,19 \tz"},{"type":"path","fill":"#E5C19B","stroke":"none","path":"M159.799,9.1 146,28 95.2,18.9 108.8,0 \tz"},{"type":"path","fill":"#AAC2E1","stroke":"none","path":"M145.299,39.8 145.299,28.6 95.9,19.7 95.9,30.9 \tz"},{"type":"path","fill":"#B6D0E9","stroke":"none","path":"M145.299,28 158.4,9.7 109,0.8 95.9,19.1 \tz"},{"type":"path","fill":"#E5C19B","stroke":"none","path":"M117.7,1.7 104.1,20.4 104.1,32.3 103.4,32.1 103.4,20.3 117.1,1.5 \tz"},{"type":"path","fill":"#E5C19B","stroke":"none","path":"M128.4,3.7 114.7,22.5 114.7,34.3 114,34.2 114,22.4 127.799,3.6 \tz"},{"type":"path","fill":"#CFAB89","stroke":"none","path":"M154.1,21.6 163.9,18.2 164.1,18.8 154.7,22.1 \tz"},{"type":"path","fill":"#CFAB89","stroke":"none","path":"M154.1,51 154.1,16.9 154.799,15.9 154.799,50.7 \tz"},{"type":"path","fill":"#CFAB89","stroke":"none","path":"M163.5,47.7 163.5,12.4 164.2,13 164.2,47.4 \tz"},{"type":"path","fill":"#CFAB89","stroke":"none","path":"M159.1,49.2 159.1,20.6 159.799,20.3 159.799,48.9 \tz"},{"type":"path","fill":"#E5C19B","stroke":"none","path":"M139.5,5.7 125.9,24.5 125.9,36.3 125.2,36.2 125.2,24.3 138.9,5.6 \tz"},{"type":"path","fill":"#E5C19B","stroke":"none","path":"M150.9,7.9 137.299,26.6 137.299,38.4 136.6,38.3 136.6,26.5 150.299,7.7 \tz"},{"type":"ellipse","fill":"#60AA26","stroke":"none","cx":53.9,"cy":36.4,"rx":5.6,"ry":3.9},{"type":"ellipse","fill":"#8ABA55","stroke":"none","cx":40.5,"cy":32.8,"rx":5.1,"ry":4},{"type":"ellipse","fill":"#60AA26","stroke":"none","cx":43.4,"cy":37.7,"rx":7.2,"ry":4.4},{"type":"ellipse","fill":"#E0DA00","stroke":"none","cx":47.4,"cy":27.7,"rx":6,"ry":4.6},{"type":"ellipse","fill":"#B0BD56","stroke":"none","cx":51.9,"cy":30.6,"rx":6.1,"ry":4.5},{"type":"ellipse","fill":"#B0BD56","stroke":"none","cx":55.1,"cy":36.1,"rx":2.5,"ry":1.9},{"type":"ellipse","fill":"#B0BD56","stroke":"none","cx":53.3,"cy":39.4,"rx":2.5,"ry":1.9},{"type":"path","fill":"#A18876","stroke":"none","path":"M47.6,36.3L47.6,36.3L47.6,36.3L47.6,36.3L47.6,36.3c0-0.3,0.5-0.399,1.2-0.399c0.7,0,1.2,0.2,1.2,0.399l0,0l0.6,15c0,0.4-0.8,0.601-1.8,0.601S47,51.6,47,51.3L47.6,36.3z"},{"type":"path","fill":"#A18876","stroke":"none","path":"M54.5,35.1L54.5,35.1L54.5,35.1L54.5,35.1L54.5,35.1c0.1-0.101,0.4,0.1,0.6,0.3c0.3,0.3,0.4,0.5,0.3,0.6l0,0L50,41.6c-0.2,0.1-0.5-0.101-0.9-0.4c-0.4-0.4-0.5-0.8-0.4-0.9L54.5,35.1z"},{"type":"path","fill":"#C8CF00","stroke":"none","path":"M44.3,33.7c0-2.8,2.6-5,5.8-5c3.2,0,5.8,2.2,5.8,5s-2.6,5-5.8,5C46.9,38.7,44.3,36.5,44.3,33.7z"},{"type":"path","fill":"#E65622","stroke":"none","path":"M40.3,32.4c-0.4,0-0.6-0.3-0.6-0.601c0-0.3,0.3-0.6,0.6-0.6c0.3,0,0.6,0.3,0.6,0.6C40.9,32.1,40.6,32.4,40.3,32.4z M51.2,30.6c0-0.4-0.3-0.601-0.6-0.601C50.2,30,50,30.3,50,30.6c0,0.3,0.3,0.6,0.6,0.6C50.9,31.2,51.2,31,51.2,30.6z M46.9,32.4c0-0.4-0.3-0.601-0.6-0.601c-0.4,0-0.6,0.301-0.6,0.601c0,0.399,0.3,0.6,0.6,0.6C46.7,33,46.9,32.7,46.9,32.4z M40.9,36.8c0-0.399-0.3-0.6-0.6-0.6c-0.3,0-0.6,0.3-0.6,0.6c0,0.4,0.3,0.601,0.6,0.601C40.6,37.4,40.9,37.2,40.9,36.8z M44,39.4c0-0.4-0.3-0.601-0.6-0.601c-0.3,0-0.6,0.301-0.6,0.601c0,0.399,0.3,0.6,0.6,0.6C43.7,40,44,39.8,44,39.4z M53.3,34.5c0-0.399-0.3-0.6-0.6-0.6c-0.3,0-0.7,0.3-0.7,0.6s0.3,0.601,0.6,0.601C52.9,35.1,53.3,34.9,53.3,34.5z M49.3,37.5c0-0.399-0.3-0.6-0.6-0.6c-0.4,0-0.6,0.3-0.6,0.6c0,0.4,0.3,0.601,0.6,0.601C49.1,38.2,49.3,37.9,49.3,37.5z"},{"type":"ellipse","fill":"#8ABA55","stroke":"none","cx":63.6,"cy":32.8,"rx":6.1,"ry":4.7},{"type":"ellipse","fill":"#60AA26","stroke":"none","cx":66.9,"cy":38.7,"rx":8.5,"ry":5.2},{"type":"ellipse","fill":"#E0DA00","stroke":"none","cx":69.7,"cy":28,"rx":7.1,"ry":5.5},{"type":"ellipse","fill":"#B0BD56","stroke":"none","cx":78.6,"cy":29.4,"rx":7.2,"ry":5.3},{"type":"path","fill":"#A18876","stroke":"none","path":"M72,37L72,37L72,37L72,37L72,37c0-0.3,0.7-0.5,1.5-0.5S75,36.8,75,37l0,0l0.8,19.2c0,0.4-0.9,0.7-2.2,0.7c-1.1,0-2.2-0.3-2.2-0.7L72,37z"},{"type":"path","fill":"#A18876","stroke":"none","path":"M80.1,35.6L80.1,35.6L80.1,35.6L80.1,35.6L80.1,35.6c0.1-0.101,0.5,0.1,0.7,0.3c0.3,0.3,0.5,0.6,0.3,0.7l0,0L74.8,43.3c-0.1,0.101-0.6-0.1-1.1-0.5c-0.4-0.5-0.7-0.899-0.5-1.1L80.1,35.6z"},{"type":"path","fill":"#C8CF00","stroke":"none","path":"M64.4,34.4c0-2.8,2.6-5,5.7-5c3.2,0,5.7,2.2,5.7,5S73.2,39.3,70.1,39.3S64.4,37.1,64.4,34.4z"},{"type":"ellipse","fill":"#B0BD56","stroke":"none","cx":79.3,"cy":36,"rx":7.2,"ry":5.3},{"type":"path","fill":"#E65622","stroke":"none","path":"M62.4,32.4c-0.4,0-0.8-0.3-0.8-0.8c0-0.4,0.3-0.801,0.8-0.801c0.4,0,0.8,0.301,0.8,0.801C63.2,32,62.9,32.4,62.4,32.4z M75.7,30.1c0-0.4-0.3-0.801-0.8-0.801c-0.4,0-0.8,0.301-0.8,0.801c0,0.399,0.3,0.8,0.8,0.8S75.7,30.6,75.7,30.1z M70.6,32.4c0-0.4-0.3-0.8-0.8-0.8c-0.4,0-0.8,0.3-0.8,0.8c0,0.399,0.3,0.8,0.8,0.8C70.3,33.1,70.6,32.8,70.6,32.4z M67.1,40.9c0-0.4-0.3-0.8-0.8-0.8c-0.4,0-0.8,0.3-0.8,0.8c0,0.399,0.3,0.8,0.8,0.8S67.1,41.3,67.1,40.9z M78.3,34.9c0-0.4-0.3-0.8-0.8-0.8s-0.8,0.3-0.8,0.8c0,0.399,0.3,0.8,0.8,0.8S78.3,35.3,78.3,34.9z"},{"type":"ellipse","fill":"#60AA26","stroke":"none","cx":101,"cy":45.6,"rx":5.6,"ry":3.9},{"type":"ellipse","fill":"#8ABA55","stroke":"none","cx":87.6,"cy":42,"rx":5.1,"ry":4},{"type":"ellipse","fill":"#60AA26","stroke":"none","cx":90.5,"cy":46.9,"rx":7.2,"ry":4.4},{"type":"ellipse","fill":"#E0DA00","stroke":"none","cx":94.5,"cy":36.9,"rx":6,"ry":4.6},{"type":"ellipse","fill":"#B0BD56","stroke":"none","cx":99,"cy":39.8,"rx":6.1,"ry":4.5},{"type":"ellipse","fill":"#B0BD56","stroke":"none","cx":102.2,"cy":45.3,"rx":2.5,"ry":1.9},{"type":"ellipse","fill":"#B0BD56","stroke":"none","cx":100.4,"cy":48.6,"rx":2.5,"ry":1.9},{"type":"path","fill":"#A18876","stroke":"none","path":"M94.7,45.5L94.7,45.5L94.7,45.5L94.7,45.5L94.7,45.5c0-0.3,0.5-0.399,1.2-0.399c0.7,0,1.2,0.199,1.2,0.399l0,0l0.6,15c0,0.4-0.8,0.601-1.8,0.601S94.1,60.8,94.1,60.5L94.7,45.5z"},{"type":"path","fill":"#A18876","stroke":"none","path":"M101.6,44.3L101.6,44.3L101.6,44.3L101.6,44.3L101.6,44.3c0.1-0.1,0.4,0.101,0.6,0.301c0.3,0.3,0.4,0.5,0.3,0.6l0,0l-5.3,5.6C97,50.9,96.7,50.7,96.3,50.4c-0.4-0.4-0.5-0.8-0.4-0.9L101.6,44.3z"},{"type":"path","fill":"#C8CF00","stroke":"none","path":"M91.4,42.9c0-2.8,2.6-5,5.8-5c3.2,0,5.8,2.2,5.8,5s-2.6,5-5.8,5C94,47.9,91.4,45.7,91.4,42.9z"},{"type":"path","fill":"#E65622","stroke":"none","path":"M87.3,41.6c-0.4,0-0.6-0.301-0.6-0.601s0.3-0.6,0.6-0.6c0.3,0,0.6,0.3,0.6,0.6S87.7,41.6,87.3,41.6z M98.3,39.8c0-0.399-0.3-0.6-0.6-0.6c-0.3,0-0.7,0.2-0.7,0.6c0,0.4,0.3,0.601,0.6,0.601C97.9,40.4,98.3,40.1,98.3,39.8z M94,41.6C94,41.2,93.7,41,93.4,41c-0.4,0-0.6,0.3-0.6,0.601c0,0.399,0.3,0.6,0.6,0.6C93.7,42.2,94,41.9,94,41.6z M88,46c0-0.399-0.3-0.6-0.6-0.6c-0.3,0-0.6,0.3-0.6,0.6c0,0.4,0.3,0.601,0.6,0.601C87.7,46.6,88,46.4,88,46z M91.1,48.6c0-0.4-0.3-0.601-0.6-0.601c-0.4,0-0.6,0.3-0.6,0.601c0,0.399,0.3,0.6,0.6,0.6S91.1,49,91.1,48.6z M100.3,43.7c0-0.4-0.3-0.6-0.6-0.6c-0.3,0-0.6,0.3-0.6,0.6s0.3,0.6,0.6,0.6C100,44.3,100.3,44.1,100.3,43.7z M96.4,46.7c0-0.4-0.3-0.6-0.6-0.6c-0.3,0-0.6,0.3-0.6,0.6s0.3,0.6,0.6,0.6C96.1,47.3,96.4,47.1,96.4,46.7z"},{"type":"path","fill":"#87888A","stroke":"none","path":"M116.9,177.4L224.1,138c0,0,1.699,14-26.5,25.3C159,178.9,116.9,177.4,116.9,177.4z"},{"type":"ellipse","fill":"#C6C7C8","stroke":"#FBFAF9","stroke-width":0.0915,"stroke-miterlimit":10,"cx":121.9,"cy":166,"rx":6.101,"ry":2.2},{"type":"ellipse","fill":"#60AA26","stroke":"none","cx":126.2,"cy":148.1,"rx":5.2,"ry":3.6},{"type":"ellipse","fill":"#60AA26","stroke":"none","transform":"t164.2007,330.1475r204.0172,0,0","cx":117.212,"cy":147.611,"rx":6.6,"ry":4},{"type":"ellipse","fill":"#E0DA00","stroke":"none","cx":118.9,"cy":142,"rx":5.5,"ry":4.3},{"type":"ellipse","fill":"#B0BD56","stroke":"none","cx":124.4,"cy":142.8,"rx":5.601,"ry":4.2},{"type":"ellipse","fill":"#B0BD56","stroke":"none","cx":124.7,"cy":150.3,"rx":2.301,"ry":1.7},{"type":"path","fill":"#A18876","stroke":"none","path":"M120.5,148.1L120.5,148.1L120.5,148.1L120.5,148.1L120.5,148.1c0-0.2,0.5-0.4,1.1-0.4s1.1,0.2,1.1,0.4l0,0l0.6,17.399c0,0.3-0.699,0.601-1.6,0.601s-1.6-0.2-1.6-0.601L120.5,148.1z"},{"type":"path","fill":"#A18876","stroke":"none","path":"M126.799,147L126.799,147L126.799,147L126.799,147L126.799,147c0.101-0.1,0.301,0.101,0.601,0.2c0.2,0.2,0.3,0.5,0.2,0.6l0,0l-4.9,5.2c-0.199,0.101-0.5-0.1-0.8-0.399c-0.3-0.301-0.5-0.7-0.399-0.801L126.799,147z"},{"type":"path","fill":"#C8CF00","stroke":"none","path":"M117.5,145.7c0-2.5,2.399-4.6,5.299-4.6c2.9,0,5.301,2,5.301,4.6s-2.4,4.6-5.301,4.6C119.9,150.3,117.5,148.2,117.5,145.7z"},{"type":"ellipse","fill":"#C6C7C8","stroke":"#FBFAF9","stroke-width":0.0915,"stroke-miterlimit":10,"cx":181.2,"cy":144.3,"rx":6.1,"ry":2.2},{"type":"ellipse","fill":"#60AA26","stroke":"none","cx":185.6,"cy":126.4,"rx":5.199,"ry":3.6},{"type":"ellipse","fill":"#60AA26","stroke":"none","transform":"t286.5711,312.5331r204.0224,0,0","cx":176.53,"cy":125.784,"rx":6.6,"ry":4},{"type":"ellipse","fill":"#E0DA00","stroke":"none","cx":178.2,"cy":120.3,"rx":5.5,"ry":4.3},{"type":"ellipse","fill":"#B0BD56","stroke":"none","cx":183.799,"cy":121.1,"rx":5.601,"ry":4.2},{"type":"ellipse","fill":"#B0BD56","stroke":"none","cx":184.1,"cy":128.5,"rx":2.3,"ry":1.7},{"type":"path","fill":"#A18876","stroke":"none","path":"M179.9,126.3L179.9,126.3L179.9,126.3L179.9,126.3L179.9,126.3c0-0.199,0.5-0.399,1.101-0.399c0.6,0,1.1,0.2,1.1,0.399l0,0l0.6,17.4c0,0.3-0.699,0.6-1.6,0.6s-1.6-0.199-1.6-0.6L179.9,126.3z"},{"type":"path","fill":"#A18876","stroke":"none","path":"M186.2,125.3L186.2,125.3L186.2,125.3L186.2,125.3L186.2,125.3c0.1-0.1,0.301,0.101,0.6,0.2C187,125.7,187.1,126,187,126.1l0,0l-4.9,5.199c-0.2,0.101-0.5-0.1-0.801-0.399c-0.299-0.3-0.5-0.7-0.399-0.8L186.2,125.3z"},{"type":"path","fill":"#C8CF00","stroke":"none","path":"M176.799,123.9c0-2.5,2.4-4.601,5.301-4.601s5.3,2,5.3,4.601c0,2.6-2.399,4.6-5.3,4.6S176.799,126.5,176.799,123.9z"},{"type":"ellipse","fill":"#C6C7C8","stroke":"#FBFAF9","stroke-width":0.0915,"stroke-miterlimit":10,"cx":151.6,"cy":155.1,"rx":6.1,"ry":2.2},{"type":"ellipse","fill":"#60AA26","stroke":"none","cx":156,"cy":137.3,"rx":5.199,"ry":3.6},{"type":"ellipse","fill":"#60AA26","stroke":"none","transform":"t225.5612,321.3184r204.0172,0,0","cx":146.954,"cy":136.67,"rx":6.6,"ry":4},{"type":"ellipse","fill":"#E0DA00","stroke":"none","cx":148.6,"cy":131.1,"rx":5.5,"ry":4.3},{"type":"ellipse","fill":"#B0BD56","stroke":"none","cx":154.2,"cy":132,"rx":5.6,"ry":4.2},{"type":"ellipse","fill":"#B0BD56","stroke":"none","cx":154.5,"cy":139.4,"rx":2.299,"ry":1.7},{"type":"path","fill":"#A18876","stroke":"none","path":"M150.299,137.2L150.299,137.2L150.299,137.2L150.299,137.2L150.299,137.2c0-0.2,0.5-0.4,1.101-0.4s1.101,0.2,1.101,0.4l0,0l0.6,17.4c0,0.3-0.7,0.6-1.6,0.6c-0.9,0-1.601-0.2-1.601-0.6L150.299,137.2z"},{"type":"path","fill":"#A18876","stroke":"none","path":"M156.6,136.1L156.6,136.1L156.6,136.1L156.6,136.1L156.6,136.1c0.1-0.101,0.3,0.1,0.6,0.199c0.2,0.2,0.301,0.5,0.2,0.601l0,0l-4.899,5.2c-0.201,0.1-0.5-0.101-0.801-0.4c-0.3-0.3-0.5-0.7-0.4-0.8L156.6,136.1z"},{"type":"path","fill":"#C8CF00","stroke":"none","path":"M147.2,134.8c0-2.5,2.4-4.6,5.301-4.6c2.899,0,5.299,2,5.299,4.6c0,2.601-2.399,4.601-5.299,4.601C149.6,139.4,147.2,137.4,147.2,134.8z"},{"type":"path","fill":"#C5C6C4","stroke":"none","path":"M211.299,123.9 209.9,123.6 209.9,136.9 211.299,137.2 z"},{"type":"path","fill":"#838584","stroke":"none","path":"M211.299,137.2 211.299,123.9 212,123.6 212,136.9 z"},{"type":"path","fill":"#C6C7C8","stroke":"none","path":"M211.9,114.9 213.9,114.1 209.799,113.3 207.9,114.1 z"},{"type":"path","fill":"#87888A","stroke":"none","path":"M211.9,114.9 207.9,114.1 207.9,124.9 211.9,125.7 z"},{"type":"path","fill":"#3E3D40","stroke":"none","path":"M211.9,125.7 211.9,114.9 213.9,114.1 214,124.9 z"},{"type":"ellipse","fill":"#E5352D","stroke":"none","cx":209.9,"cy":116.4,"rx":1.1,"ry":1.1},{"type":"ellipse","fill":"#F29400","stroke":"none","cx":209.9,"cy":119.8,"rx":1.1,"ry":1.1},{"type":"ellipse","fill":"#97BF0D","stroke":"none","cx":209.9,"cy":123.2,"rx":1.1,"ry":1.1}]}