{"width":"235","height":"97.7","dx":"0","dy":"0","geometry":[{"type":"path","fill":"#989797","stroke":"none","path":"M5.6,45.2v12.9c0,13.7,29.6,39.5,115.6,39.5c63.7,0,109.1-20.9,109.1-39.1V48.1c-1.3,18-47.1,38.1-109,38.1C33.4,86.3,4.8,59.2,5.6,45.2z"},{"type":"ellipse","fill":"none","stroke":"#B3B3B3","stroke-width":0.9996,"stroke-miterlimit":10,"cx":118.1,"cy":46,"rx":112.1,"ry":39.9},{"type":"path","fill":"#ECE0C2","stroke":"none","path":"M154.5,8.3V0.9c-2.1-0.3-30-1.1-36.4-0.9C52.1,1.8,5.6,15.1,6.3,46c0.5,21.8,50,39.4,111.6,39.4c61.6,0,111.8-17.7,111.8-39.4L154.5,8.3z"},{"type":"path","fill":"#958A85","stroke":"none","path":"M13.7,60L154.5,8.3c0,0,25,3.9,41.2,9.2c16.6,5.4,27.1,14.9,27.1,14.9L104.5,85.2c0,0-31.2,0-64.2-10.8C22.6,68.5,13.7,60,13.7,60z"},{"type":"path","fill":"#DADADB","stroke":"none","path":"M13.7,60v-7c0,0-4.7-2-6.9-13.5C5.6,44.8,5.2,52.3,13.7,60z"},{"type":"path","fill":"#959799","stroke":"none","path":"M13.7,60 13.7,53 154.5,0.9 154.5,8.3 z"},{"type":"path","fill":"#959799","stroke":"none","path":"M229.7,45.6c-8.2,20.4-68,37.2-125.7,33.8l0,5.7c20.4,0.7,50.6,0.1,78.1-6.8C229.6,66.3,229.8,49.2,229.7,45.6z"},{"type":"path","fill":"#ECE0C2","stroke":"none","path":"M104.3,79.4l121.9-48.3c0,0,6.7,7.3,2.8,16.2l-91.2,31.3c0,0-12.3,0.5-16.4,0.8S104.3,79.4,104.3,79.4z"},{"type":"path","fill":"#6F7072","stroke":"none","path":"M49,32.5"},{"type":"path","fill":"#FFFFFF","stroke":"none","path":"M182.2,25.1 195.8,20 192.2,19.3 178.9,24.5 z"},{"type":"path","fill":"#FFFFFF","stroke":"none","path":"M160.9,33.2 174.5,28.1 170.9,27.4 157.6,32.6 z"},{"type":"path","fill":"#FFFFFF","stroke":"none","path":"M139.6,41.3 153.2,36.2 149.6,35.5 136.3,40.7 z"},{"type":"path","fill":"#FFFFFF","stroke":"none","path":"M118.3,49.4 131.9,44.3 128.3,43.6 115,48.8 z"},{"type":"path","fill":"#FFFFFF","stroke":"none","path":"M97,57.5 110.6,52.4 107,51.7 93.7,56.9 z"},{"type":"path","fill":"#FFFFFF","stroke":"none","path":"M75,66 88.5,60.9 84.9,60.3 71.6,65.4 z"},{"type":"path","fill":"#FFFFFF","stroke":"none","path":"M53.7,74.1 67.2,69 63.6,68.4 50.3,73.5 z"}]}