{"width":"224.7","height":"131.3","dx":"0","dy":"0","geometry":[{"type":"path","fill":"#669CB1","stroke":"none","path":"M224.6,79.5c0,22.2-50.1,40.2-111.8,40.2C51.1,119.7,1,101.6,1,79.5c0-22.1,50-40.2,111.8-40.2C174.6,39.3,224.6,57.3,224.6,79.5z"},{"type":"path","fill":"#5B8EA6","stroke":"none","path":"M218.3,66.5c3.9,4.1,6,8.5,6,13c0,22.2-50.1,40.2-111.8,40.2C50.8,119.6,0.7,101.6,0.7,79.5c0-4.3,1.8-8.4,5.3-12.2c0,0,13.4-4.8,22.9-4.8c7.6,0,11.4,5,22.3,5c8.5,0,11.4-3.6,17.9-3.6s13.8,3.9,20.8,3.9s7.5-4.2,18.5-4.2s9.2,3.6,21.7,3.6s17.6-5.8,24.7-5.8c7.1,0,12.8,5.8,21.4,5.8s13.3-4.7,20.6-4.7C204.1,62.5,218.3,66.5,218.3,66.5z"},{"type":"path","fill":"#999898","stroke":"none","path":"M0,78.9v12.9c0,13.7,29.6,39.5,115.6,39.5c63.7,0,109.1-20.9,109.1-39.1V81.8c-1.3,18-47.1,38.1-109,38.1C27.8,120-0.8,92.9,0,78.9z"},{"type":"ellipse","fill":"none","stroke":"#B4B4B4","stroke-width":0.9996,"stroke-miterlimit":10,"cx":112.5,"cy":79.7,"rx":112.1,"ry":39.9},{"type":"path","fill":"#EDDFAB","stroke":"none","path":"M27.9,49.1c20.5-8.4,50.6-13.6,84.1-13.6c33,0,62.8,5.1,83.3,13.3L27.9,49.1z"},{"type":"path","fill":"#DCCE9F","stroke":"none","path":"M27.9,49.1 27.9,53.6 195.3,53.6 195.3,48.8 z"},{"type":"path","fill":"#70AAC0","stroke":"none","path":"M224.3,79.5c0,22.2-50.1,40.2-111.8,40.2C50.8,119.6,0.7,101.6,0.7,79.5c0,0,5.6-4.2,11.6-4.5s10.3,5,17.7,5s9.8-4.2,15.3-5s9.2,4,17.2,4s8.5-3,15.8-3.1c7.3-0.1,8.3,2.8,16.3,2.6s10.3-3.6,16.1-3.6s6,3.4,13.5,3.7c7.5,0.3,13.5-3.7,20.2-3.7s11.3,3.3,19.9,3.3c8.6,0,11.7-3.3,18.5-3.3c6.8,0,3.7,2.8,14.8,2.8s9.5-2.8,15-2.8S224.3,79.5,224.3,79.5z"},{"type":"path","fill":"#DCCE9F","stroke":"none","path":"M218.9,92c-14.5,16-56.7,27.7-106.4,27.7c-49.6,0-91.9-11.6-106.4-27.7v-4.4h212.8V92z"},{"type":"path","fill":"#EDDFAB","stroke":"none","path":"M6.1,87.6c14.5,16,56.8,27.7,106.4,27.7c49.7,0,91.9-11.6,106.4-27.7H6.1z"},{"type":"rect","fill":"#9E9D9C","stroke":"none","x":115.5,"y":27,"width":0.9,"height":17.1},{"type":"path","fill":"#196CAB","stroke":"none","path":"M115.7,23 110.7,36.3 120.4,36.3 z"},{"type":"path","fill":"#0366A9","stroke":"none","path":"M127.4,32.6 120.4,36.3 115.7,23 z"},{"type":"path","fill":"#0762A7","stroke":"none","path":"M125.2,27.7 127.4,32.6 115.7,23 z"},{"type":"path","fill":"#0577B5","stroke":"none","path":"M103.6,32.6 110.7,36.3 115.7,23 z"},{"type":"path","fill":"#0888C4","stroke":"none","path":"M105.8,27.7 103.6,32.6 115.7,23 z"},{"type":"rect","fill":"#9E9D9C","stroke":"none","x":170.7,"y":29.8,"transform":"t334.0967,103.3408r189.1138,0,0","width":0.9,"height":17.1},{"type":"path","fill":"#196CAB","stroke":"none","path":"M172.9,26 165.9,38.3 175.5,39.8 z"},{"type":"path","fill":"#0366A9","stroke":"none","path":"M182.9,37.3 175.5,39.8 172.9,26 z"},{"type":"path","fill":"#0762A7","stroke":"none","path":"M181.5,32.1 182.9,37.3 172.9,26 z"},{"type":"path","fill":"#0577B5","stroke":"none","path":"M159.5,33.6 165.9,38.3 172.9,26 z"},{"type":"path","fill":"#0888C4","stroke":"none","path":"M162.4,29.1 159.5,33.6 172.9,26 z"},{"type":"rect","fill":"#9E9D9C","stroke":"none","x":73.5,"y":27.9,"transform":"t151.4627,64.6471r173.7712,0,0","width":0.9,"height":17.1},{"type":"path","fill":"#196CAB","stroke":"none","path":"M72.3,24 68.8,37.7 78.4,36.7 z"},{"type":"path","fill":"#0366A9","stroke":"none","path":"M84.9,32.3 78.4,36.7 72.3,24 z"},{"type":"path","fill":"#0762A7","stroke":"none","path":"M82.2,27.6 84.9,32.3 72.3,24 z"},{"type":"path","fill":"#0577B5","stroke":"none","path":"M61.3,34.8 68.8,37.7 72.3,24 z"},{"type":"path","fill":"#0888C4","stroke":"none","path":"M63,29.7 61.3,34.8 72.3,24 z"},{"type":"path","fill":"#F08473","stroke":"none","path":"M155.8,98.1 178.7,102.2 188.9,98.4 166,94.4 z"},{"type":"path","fill":"#839C94","stroke":"none","path":"M167.5,93.7 190.3,97.8 200.5,94 177.6,90 z"},{"type":"path","fill":"#F4990A","stroke":"none","path":"M76.2,44 93.9,47.2 101.7,44.3 84.1,41.1 z"},{"type":"path","fill":"#839C94","stroke":"none","path":"M85.2,40.6 102.8,43.8 110.7,40.9 93,37.7 z"},{"type":"path","fill":"#1DA6B7","stroke":"none","path":"M127.2,42 144.8,45.1 152.7,42.2 135,39.1 z"},{"type":"path","fill":"#1DA6B7","stroke":"none","path":"M143.3,109.7 162.7,102.7 150.5,100.6 131.2,107.5 z"},{"type":"path","fill":"#F4990A","stroke":"none","path":"M127.6,106.7 146.9,99.7 134.8,97.6 115.5,104.5 z"},{"type":"rect","fill":"#9E9D9C","stroke":"none","x":134.5,"y":89.6,"width":1.1,"height":21.5},{"type":"path","fill":"#196CAB","stroke":"none","path":"M134.8,84.7 128.5,101.3 140.6,101.3 z"},{"type":"path","fill":"#0366A9","stroke":"none","path":"M149.4,96.7 140.6,101.3 134.8,84.7 z"},{"type":"path","fill":"#0762A7","stroke":"none","path":"M146.6,90.5 149.4,96.7 134.8,84.7 z"},{"type":"path","fill":"#0577B5","stroke":"none","path":"M119.6,96.7 128.5,101.3 134.8,84.7 z"},{"type":"path","fill":"#0888C4","stroke":"none","path":"M122.3,90.5 119.6,96.7 134.8,84.7 z"},{"type":"rect","fill":"#9E9D9C","stroke":"none","x":174.8,"y":82.2,"transform":"t332.5384,214.1235r189.7063,0,0","width":1.1,"height":21.5},{"type":"path","fill":"#196CAB","stroke":"none","path":"M177.8,77.4 168.7,92.7 180.8,94.8 \tz"},{"type":"path","fill":"#0366A9","stroke":"none","path":"M190.1,91.7 180.8,94.8 177.8,77.4 \tz"},{"type":"path","fill":"#0762A7","stroke":"none","path":"M188.5,85.2 190.1,91.7 177.8,77.4 \tz"},{"type":"path","fill":"#0577B5","stroke":"none","path":"M160.8,86.7 168.7,92.7 177.8,77.4 \tz"},{"type":"path","fill":"#0888C4","stroke":"none","path":"M164.5,81.1 160.8,86.7 177.8,77.4 \tz"},{"type":"rect","fill":"#9E9D9C","stroke":"none","x":206.6,"y":72.7,"transform":"t397.279,200.6371r189.7063,0,0","width":1.1,"height":21.5},{"type":"path","fill":"#196CAB","stroke":"none","path":"M209.5,67.9 200.5,83.2 212.5,85.3 \tz"},{"type":"path","fill":"#0366A9","stroke":"none","path":"M221.9,82.2 212.5,85.3 209.5,67.9 \tz"},{"type":"path","fill":"#0762A7","stroke":"none","path":"M220.2,75.7 221.9,82.2 209.5,67.9 \tz"},{"type":"path","fill":"#0577B5","stroke":"none","path":"M192.5,77.2 200.5,83.2 209.5,67.9 \tz"},{"type":"path","fill":"#0888C4","stroke":"none","path":"M196.3,71.6 192.5,77.2 209.5,67.9 \tz"},{"type":"path","fill":"#1DA6B7","stroke":"none","path":"M158.3,102.1"},{"type":"path","fill":"#1DA6B7","stroke":"none","path":"M40.4,100.8"},{"type":"rect","fill":"#9E9D9C","stroke":"none","x":52.9,"y":101.5,"width":0.6,"height":3.6},{"type":"rect","fill":"#9E9D9C","stroke":"none","x":43.3,"y":100,"width":0.6,"height":3.6},{"type":"rect","fill":"#9E9D9C","stroke":"none","x":60.9,"y":98.5,"width":0.6,"height":3.6},{"type":"path","fill":"#1DA6B7","stroke":"none","path":"M52.9,102.7 63.6,98.8 51.5,96.7 40.7,100.6 \t\tz"},{"type":"path","fill":"#147883","stroke":"none","path":"M49.9,101.8 55.3,99.8 53.7,99.5 48.3,101.4 \t\tz"},{"type":"path","fill":"#146973","stroke":"none","path":"M55.3,99.8 55.3,100.2 50,102.1 50,101.7 \t\tz"},{"type":"path","fill":"#147883","stroke":"none","path":"M41.1,99.5 46.4,97.5 44.9,97.3 39.5,99.2 \t\tz"},{"type":"path","fill":"#146973","stroke":"none","path":"M46.4,97.5 46.4,97.9 41.2,99.7 41.2,99.5 \t\tz"},{"type":"path","fill":"#147883","stroke":"none","path":"M52.9,102.7 44.3,99 32.2,96.8 32.2,97.3 44.3,99.4 52.9,103.1 \t\tz"},{"type":"path","fill":"#146973","stroke":"none","path":"M52.9,103.1 44.3,99.4 32.2,97.2 40.7,100.9 \t\tz"},{"type":"path","fill":"#146973","stroke":"none","path":"M63.6,98.8 63.6,99.1 52.9,103.1 52.9,102.7 \tz"},{"type":"path","fill":"#1DA6B7","stroke":"none","path":"M57.6,93.5"},{"type":"rect","fill":"#9E9D9C","stroke":"none","x":70,"y":94.2,"width":0.6,"height":3.6},{"type":"rect","fill":"#9E9D9C","stroke":"none","x":60.5,"y":92.7,"width":0.6,"height":3.6},{"type":"rect","fill":"#9E9D9C","stroke":"none","x":78,"y":91.2,"width":0.6,"height":3.6},{"type":"path","fill":"#1DA6B7","stroke":"none","path":"M70,95.4 80.7,91.5 68.6,89.4 57.8,93.3 \t\tz"},{"type":"path","fill":"#147883","stroke":"none","path":"M67.1,94.5 72.4,92.5 70.9,92.2 65.5,94.1 \t\tz"},{"type":"path","fill":"#146973","stroke":"none","path":"M72.4,92.5 72.4,92.9 67.2,94.8 67.2,94.4 \t\tz"},{"type":"path","fill":"#147883","stroke":"none","path":"M58.2,92.2 63.6,90.3 62.1,90 56.7,91.9 \t\tz"},{"type":"path","fill":"#146973","stroke":"none","path":"M63.6,90.3 63.6,90.6 58.3,92.4 58.3,92.2 \t\tz"},{"type":"path","fill":"#147883","stroke":"none","path":"M70,95.4 61.4,91.7 49.3,89.5 49.3,90 61.4,92.1 70,95.8 \t\tz"},{"type":"path","fill":"#146973","stroke":"none","path":"M70,95.8 61.4,92.1 49.3,89.9 57.8,93.6 \t\tz"},{"type":"path","fill":"#146973","stroke":"none","path":"M80.7,91.5 80.7,91.8 70,95.8 70,95.4 \tz"},{"type":"path","fill":"#1DA6B7","stroke":"none","path":"M63.5,106.5"},{"type":"rect","fill":"#9E9D9C","stroke":"none","x":76,"y":107.2,"width":0.6,"height":3.6},{"type":"rect","fill":"#9E9D9C","stroke":"none","x":66.4,"y":105.7,"width":0.6,"height":3.6},{"type":"rect","fill":"#9E9D9C","stroke":"none","x":83.9,"y":104.2,"width":0.6,"height":3.6},{"type":"path","fill":"#1DA6B7","stroke":"none","path":"M75.9,108.4 86.7,104.5 74.6,102.5 63.8,106.3 \t\tz"},{"type":"path","fill":"#147883","stroke":"none","path":"M73,107.5 78.3,105.5 76.8,105.3 71.4,107.1 \t\tz"},{"type":"path","fill":"#146973","stroke":"none","path":"M78.3,105.5 78.3,105.9 73.1,107.8 73.1,107.5 \t\tz"},{"type":"path","fill":"#147883","stroke":"none","path":"M64.2,105.2 69.5,103.3 68,103 62.6,104.9 \t\tz"},{"type":"path","fill":"#146973","stroke":"none","path":"M69.5,103.3 69.5,103.7 64.3,105.5 64.3,105.2 \t\tz"},{"type":"path","fill":"#147883","stroke":"none","path":"M75.9,108.4 67.3,104.8 55.2,102.5 55.2,103 67.3,105.1 75.9,108.8 \t\tz"},{"type":"path","fill":"#146973","stroke":"none","path":"M75.9,108.8 67.3,105.1 55.2,102.9 63.8,106.7 \t\tz"},{"type":"path","fill":"#146973","stroke":"none","path":"M86.7,104.5 86.7,104.8 75.9,108.8 75.9,108.4 \tz"},{"type":"path","fill":"#1DA6B7","stroke":"none","path":"M86,100"},{"type":"rect","fill":"#9E9D9C","stroke":"none","x":98.4,"y":100.7,"width":0.6,"height":3.6},{"type":"rect","fill":"#9E9D9C","stroke":"none","x":88.9,"y":99.2,"width":0.6,"height":3.6},{"type":"rect","fill":"#9E9D9C","stroke":"none","x":106.4,"y":97.7,"width":0.6,"height":3.6},{"type":"path","fill":"#1DA6B7","stroke":"none","path":"M98.4,101.9 109.1,98 97,96 86.2,99.8 \t\tz"},{"type":"path","fill":"#147883","stroke":"none","path":"M95.4,101 100.8,99 99.3,98.8 93.9,100.6 \t\tz"},{"type":"path","fill":"#146973","stroke":"none","path":"M100.8,99 100.8,99.4 95.5,101.3 95.5,100.9 \t\tz"},{"type":"path","fill":"#147883","stroke":"none","path":"M86.6,98.7 92,96.8 90.5,96.5 85.1,98.4 \t\tz"},{"type":"path","fill":"#146973","stroke":"none","path":"M92,96.8 92,97.2 86.7,99 86.7,98.7 \t\tz"},{"type":"path","fill":"#147883","stroke":"none","path":"M98.4,101.9 89.8,98.3 77.7,96 77.7,96.5 89.8,98.6 98.4,102.3 \t\tz"},{"type":"path","fill":"#146973","stroke":"none","path":"M98.4,102.3 89.8,98.6 77.7,96.4 86.2,100.2 \t\tz"},{"type":"path","fill":"#146973","stroke":"none","path":"M109.1,98 109.1,98.3 98.4,102.3 98.4,101.9 \tz"},{"type":"path","fill":"#9A7F5B","stroke":"none","path":"M106.2,61.4L106.2,61.4L106.2,61.4L106.2,61.4L106.2,61.4c0-0.3,0.8-0.6,1.6-0.6c0.8,0,1.6,0.3,1.6,0.6l0,0\tl0.8,30.8c0,0.5-0.9,0.8-2.2,0.8s-2.2-0.3-2.2-0.8L106.2,61.4z"},{"type":"path","fill":"#5CAD31","stroke":"none","path":"M107.4,58.9 97.6,60 98.7,61.1 93.9,63.4 95,64.2 92.6,67.8 94.4,68.5 94.4,71 96.1,69.1 97.6,69.6 \t98.4,65 99.2,66.4 101.7,62.9 101.7,64.3 108.1,61.1 \tz"},{"type":"path","fill":"#6CB340","stroke":"none","path":"M108.4,59.2 99.7,54.6 100,56.1 94.8,55.3 95.2,56.6 91.2,58.3 92.3,59.8 90.9,61.9 93.4,61.3 \t94.3,62.5 97.6,59.1 97.4,60.8 101.5,59.3 100.7,60.5 107.8,61.4 \tz"},{"type":"path","fill":"#5CAD31","stroke":"none","path":"M107,58.7 116.5,61.2 115.3,62.1 119.7,65 118.5,65.6 120.9,69.3 119.1,69.5 120,71.5 117.9,70.2 \t116.4,71.5 115.1,66 114.1,67.3 112,63.5 111.9,64.9 106,60.9 \tz"},{"type":"path","fill":"#8FBD2E","stroke":"none","path":"M105.8,58.7 114.6,54.2 114.3,55.7 119.5,54.9 119.1,56.2 123.3,57.3 122,58.7 124.1,59.6 121.6,60 \t121.4,62 116.7,58.7 116.9,60.4 112.8,58.9 113.6,60.1 106.5,61 \tz"},{"type":"path","fill":"#88BC57","stroke":"none","path":"M105.8,60.4 107.3,50.7 108.4,51.8 110.7,47.1 111.5,48.2 114.9,45.4 115.2,47.2 117.2,46.1 \t116.1,48.4 117.6,49.7 112.2,51.6 113.6,52.4 110,54.9 111.4,54.9 108.1,61.2 \tz"},{"type":"path","fill":"#9DC229","stroke":"none","path":"M109.2,59.4 103.9,51.1 103.4,52.6 99.3,49.2 99,50.6 94.8,49.5 95.2,51.2 93,51 94.9,52.6 \t94.1,54.5 99.8,54 98.9,55.3 103.1,56.1 101.8,56.7 107.5,61 \tz"},{"type":"path","fill":"#9A7F5B","stroke":"none","path":"M49.1,19.6L49.1,19.6L49.1,19.6L49.1,19.6L49.1,19.6c0-0.3,0.6-0.5,1.3-0.5c0.6,0,1.3,0.3,1.3,0.5l0,0\tl0.6,25.1c0,0.4-0.8,0.6-1.8,0.6s-1.8-0.3-1.8-0.6L49.1,19.6z"},{"type":"path","fill":"#5CAD31","stroke":"none","path":"M50.1,17.6 42.1,18.5 43,19.4 39,21.2 40,21.9 38,24.9 39.4,25.4 39.4,27.5 40.9,25.9 42.1,26.3 \t42.7,22.5 43.4,23.7 45.4,20.8 45.4,22 50.7,19.4 \tz"},{"type":"path","fill":"#6CB340","stroke":"none","path":"M51,17.8 43.8,14.1 44,15.3 39.8,14.6 40.2,15.7 36.9,17.1 37.8,18.3 36.6,20 38.6,19.5 39.4,20.5 \t42.1,17.8 41.9,19.1 45.3,17.9 44.6,18.9 50.4,19.6 \tz"},{"type":"path","fill":"#5CAD31","stroke":"none","path":"M49.7,17.4 57.5,19.4 56.6,20.2 60.2,22.5 59.2,23.1 61.2,26 59.7,26.2 60.4,27.9 58.7,26.8 \t57.5,27.9 56.4,23.3 55.6,24.4 53.9,21.3 53.7,22.5 48.9,19.2 \tz"},{"type":"path","fill":"#8FBD2E","stroke":"none","path":"M48.8,17.4 56,13.7 55.8,15 60,14.3 59.6,15.4 63.1,16.3 62.1,17.4 63.7,18.2 61.7,18.5 61.5,20.1 \t57.7,17.4 57.8,18.8 54.5,17.6 55.1,18.5 49.4,19.3 \tz"},{"type":"path","fill":"#88BC57","stroke":"none","path":"M48.8,18.8 50,10.8 50.9,11.7 52.8,7.9 53.4,8.8 56.2,6.5 56.5,8 58.1,7.1 57.2,9 58.4,10 54,11.6 \t55.2,12.3 52.2,14.3 53.4,14.3 50.6,19.4 \tz"},{"type":"path","fill":"#9DC229","stroke":"none","path":"M51.6,18 47.3,11.2 46.8,12.4 43.5,9.7 43.3,10.8 39.8,9.9 40.1,11.3 38.3,11.2 39.9,12.5 39.2,14 \t43.9,13.5 43.1,14.6 46.6,15.3 45.6,15.8 50.2,19.3 \tz"},{"type":"path","fill":"#9A7F5B","stroke":"none","path":"M154.5,13.1L154.5,13.1L154.5,13.1L154.5,13.1L154.5,13.1c0-0.3,0.6-0.5,1.3-0.5c0.6,0,1.3,0.3,1.3,0.5l0,0\tl0.6,31.3c0,0.4-0.8,0.6-1.8,0.6s-1.8-0.3-1.8-0.6L154.5,13.1z"},{"type":"path","fill":"#5CAD31","stroke":"none","path":"M155.5,11 147.5,12 148.4,12.9 144.5,14.7 145.4,15.4 143.4,18.4 144.9,18.9 144.9,21 146.3,19.4 \t147.5,19.8 148.1,16 148.8,17.2 150.9,14.3 150.9,15.5 156.1,12.9 \tz"},{"type":"path","fill":"#6CB340","stroke":"none","path":"M156.4,11.3 149.3,7.6 149.5,8.8 145.2,8.1 145.6,9.2 142.3,10.5 143.2,11.8 142,13.5 144.1,13 \t144.9,14 147.5,11.2 147.4,12.6 150.7,11.4 150,12.4 155.8,13.1 \tz"},{"type":"path","fill":"#5CAD31","stroke":"none","path":"M155.2,10.9 163,12.9 162,13.7 165.6,16 164.6,16.6 166.6,19.5 165.1,19.7 165.8,21.4 164.1,20.3 \t162.9,21.4 161.8,16.8 161,17.9 159.3,14.8 159.2,15.9 154.3,12.7 \tz"},{"type":"path","fill":"#8FBD2E","stroke":"none","path":"M154.2,10.9 161.4,7.2 161.2,8.5 165.4,7.8 165,8.9 168.5,9.8 167.5,10.9 169.1,11.7 167.1,12 \t167,13.6 163.1,10.9 163.2,12.3 159.9,11 160.6,12 154.8,12.8 \tz"},{"type":"path","fill":"#88BC57","stroke":"none","path":"M154.2,12.3 155.4,4.3 156.3,5.2 158.2,1.4 158.9,2.3 161.6,0 161.9,1.5 163.5,0.6 162.6,2.5 \t163.8,3.5 159.4,5.1 160.6,5.8 157.7,7.8 158.8,7.8 156.1,12.9 \tz"},{"type":"path","fill":"#9DC229","stroke":"none","path":"M157,11.5 152.7,4.7 152.2,5.9 148.9,3.2 148.7,4.3 145.2,3.3 145.6,4.8 143.7,4.6 145.3,5.9 \t144.6,7.4 149.3,7 148.5,8.1 152,8.7 151,9.3 155.6,12.8 \tz"},{"type":"path","fill":"#AD8F66","stroke":"none","path":"M25.1,70.9L25.1,70.9L25.1,70.9L25.1,70.9L25.1,70.9c0-0.3,0.8-0.6,1.6-0.6c0.8,0,1.6,0.3,1.6,0.6l0,0\tL29,94.2c0,0.5-0.9,0.8-2.2,0.8c-1.3,0-2.2-0.3-2.2-0.8L25.1,70.9z"},{"type":"path","fill":"#5CAD31","stroke":"none","path":"M26.3,68.3 16.5,69.5 17.6,70.6 12.8,72.8 13.9,73.6 11.5,77.3 13.3,77.9 13.3,80.5 15,78.6 \t16.5,79 17.3,74.4 18.1,75.8 20.6,72.3 20.6,73.8 27,70.6 \tz"},{"type":"path","fill":"#6CB340","stroke":"none","path":"M27.4,68.6 18.6,64.1 18.9,65.6 13.7,64.7 14.2,66 10.1,67.7 11.2,69.2 9.8,71.3 12.3,70.8 13.3,72 \t16.5,68.6 16.3,70.2 20.4,68.7 19.6,69.9 26.7,70.9 \tz"},{"type":"path","fill":"#5CAD31","stroke":"none","path":"M25.9,68.2 35.4,70.6 34.2,71.6 38.7,74.4 37.4,75.1 39.9,78.7 38,78.9 38.9,81 36.8,79.6 35.3,81 \t34,75.4 33,76.7 31,72.9 30.8,74.3 24.9,70.3 \tz"},{"type":"path","fill":"#8FBD2E","stroke":"none","path":"M24.7,68.2 33.5,63.7 33.2,65.2 38.5,64.4 38,65.7 42.2,66.8 41,68.1 43,69.1 40.5,69.5 40.3,71.5 \t35.6,68.2 35.8,69.8 31.7,68.3 32.5,69.5 25.4,70.4 \tz"},{"type":"path","fill":"#88BC57","stroke":"none","path":"M24.8,69.9 26.2,60.1 27.3,61.2 29.6,56.5 30.4,57.6 33.8,54.9 34.1,56.7 36.1,55.6 35,57.8 \t36.5,59.1 31.1,61 32.5,61.9 28.9,64.3 30.4,64.4 27,70.6 \tz"},{"type":"path","fill":"#9DC229","stroke":"none","path":"M28.1,68.9 22.8,60.6 22.3,62 18.2,58.7 18,60.1 13.7,58.9 14.1,60.7 11.9,60.5 13.9,62.1 13,63.9 \t18.7,63.4 17.8,64.8 22,65.5 20.8,66.2 26.4,70.5 \tz"},{"type":"rect","fill":"#9E9D9C","stroke":"none","x":135,"y":28.9,"width":0.9,"height":17.1},{"type":"path","fill":"#196CAB","stroke":"none","path":"M135.2,25 130.2,38.2 139.9,38.2 \tz"},{"type":"path","fill":"#0366A9","stroke":"none","path":"M146.9,34.6 139.9,38.2 135.2,25 \tz"},{"type":"path","fill":"#0762A7","stroke":"none","path":"M144.7,29.7 146.9,34.6 135.2,25 \tz"},{"type":"path","fill":"#0577B5","stroke":"none","path":"M123.2,34.6 130.2,38.2 135.2,25 \tz"},{"type":"path","fill":"#0888C4","stroke":"none","path":"M125.3,29.7 123.2,34.6 135.2,25 \tz"}]}