{"width":"224.7","height":"144.9","dx":"0","dy":"0","geometry":[{"type":"path","fill":"none","stroke":"none","path":"M112.4,133.5c-61.6,0-111.8-17.9-111.8-39.9s50.2-39.9,111.8-39.9s111.8,17.9,111.8,39.9\n\tS174.1,133.5,112.4,133.5z"},{"type":"path","fill":"#989797","stroke":"none","path":"M224.1,95.3c-2.5,21.2-51.7,38.1-111.7,38.1c-61.6,0-111.8-17.9-111.8-39.9c0-0.4,0-0.8,0.1-1.2H0.3L0,104.7\n\tc0,22.2,51.1,40.2,112.9,40.2s111.8-18,111.8-40.2v-9.4H224.1z"},{"type":"ellipse","fill":"none","stroke":"#B3B3B3","stroke-width":0.9996,"stroke-miterlimit":10,"cx":112.5,"cy":93.2,"rx":112.1,"ry":39.9},{"type":"path","fill":"#CBCBCB","stroke":"none","path":"M205.7,19.9 210.4,18.2 117.7,0 117.7,0 112.9,1.6 z"},{"type":"path","fill":"#DADAD6","stroke":"none","path":"M205.7,19.9 120.3,2.9 120.3,67.4 205.7,84.3 z"},{"type":"path","fill":"#A5A6A6","stroke":"none","path":"M205.7,84.3 205.7,19.9 210.4,18.2 210.4,82.7 z"},{"type":"path","fill":"#CBCBCB","stroke":"none","path":"M21.3,39.6 120.2,3 112.9,1.6 112.9,1.7 14.1,38.3 z"},{"type":"path","fill":"#A5A6A6","stroke":"none","path":"M21.3,39.6 14.1,38.3 14.1,102.7 21.3,104 z"},{"type":"path","fill":"#EDECE8","stroke":"none","path":"M21.3,104 21.3,39.6 120.2,3 120.3,67.4 z"},{"type":"path","fill":"#A5A6A6","stroke":"none","path":"M56.5,82.7 137,53.2 137,51.8 56.5,81.3 z"},{"type":"path","fill":"#A5A6A6","stroke":"none","path":"M189.5,72.7 205.5,66.8 205.5,65.4 189.5,71.3 z"},{"type":"path","fill":"#A5A6A6","stroke":"none","path":"M120.8,59.2 189.5,72.7 189.5,71.3 120.8,57.8 z"},{"type":"path","fill":"#CBCBCB","stroke":"none","path":"M56.5,81.3 137,51.8 120.4,48.9 39.9,78.4 z"},{"type":"path","fill":"#D8D9DA","stroke":"none","path":"M38.8,43 21.8,39.8 21.8,104.2 38.8,107.5 z"},{"type":"path","fill":"#FFFFFF","stroke":"none","path":"M38.8,43 56.5,36.5 39.5,33.3 21.8,39.8 z"},{"type":"path","fill":"#5A5C5B","stroke":"none","path":"M98.6,64.1 108.7,60.4 98.3,58.5 88.2,62.1 z"},{"type":"path","fill":"#C6C6C6","stroke":"none","path":"M38.8,107.5 56.5,101 56.5,36.5 38.8,43 z"},{"type":"path","fill":"#C6C6C6","stroke":"none","path":"M56.6,101 74.3,94.5 74.3,76 56.6,82.5 z"},{"type":"path","fill":"#868787","stroke":"none","path":"M38.8,67 56.5,60.5 56.5,60 38.8,66.5 z"},{"type":"path","fill":"#868787","stroke":"none","path":"M41.5,63.5 45.8,61.9 45.8,61.4 41.5,63 z"},{"type":"path","fill":"#868787","stroke":"none","path":"M41.5,69.5 45.8,68 45.8,67.4 41.5,69 z"},{"type":"path","fill":"#868787","stroke":"none","path":"M63.6,82 68,80.5 68,79.9 63.6,81.5 z"},{"type":"path","fill":"#C6C6C6","stroke":"none","path":"M74.6,94.5 92.3,88 92.3,69.5 74.6,76 z"},{"type":"path","fill":"#868787","stroke":"none","path":"M81.6,75.5 86,74 86,73.4 81.6,75 z"},{"type":"path","fill":"#5A5C5B","stroke":"none","path":"M92.6,88 110.3,81.5 110.3,63 92.6,69.5 z"},{"type":"path","fill":"#EDECE8","stroke":"none","path":"M99.6,69 104,67.5 104,66.9 99.6,68.5 z"},{"type":"path","fill":"#C6C6C6","stroke":"none","path":"M110.3,81.5 121.1,77.5 121.1,59.1 110.3,63 z"},{"type":"path","fill":"#C6C6C6","stroke":"none","path":"M121.1,77.5 131.9,79.8 131.9,61.3 121.1,59 z"},{"type":"path","fill":"#C6C6C6","stroke":"none","path":"M132,79.8 142.6,82 142.6,63.6 132,61.4 z"},{"type":"path","fill":"#C6C6C6","stroke":"none","path":"M142.7,81.9 153.4,84.1 153.4,65.6 142.7,63.5 z"},{"type":"path","fill":"#C6C6C6","stroke":"none","path":"M153.5,84 164.1,86.1 164.1,67.7 153.5,65.5 z"},{"type":"path","fill":"#C6C6C6","stroke":"none","path":"M164.2,86 174.9,88.2 174.9,69.8 164.2,67.6 z"},{"type":"path","fill":"#C6C6C6","stroke":"none","path":"M175,88.2 189.5,91.1 189.5,72.7 175,69.8 z"},{"type":"path","fill":"#868787","stroke":"none","path":"M114.6,63.4 119,61.9 119,61.3 114.6,62.9 z"},{"type":"path","fill":"#868787","stroke":"none","path":"M124.6,62 129,63 129,62.4 124.6,61.5 z"},{"type":"path","fill":"#868787","stroke":"none","path":"M135.2,64.3 139.6,65.2 139.6,64.7 135.2,63.8 z"},{"type":"path","fill":"#868787","stroke":"none","path":"M145.9,66.5 150.3,67.5 150.3,66.9 145.9,66 z"},{"type":"path","fill":"#868787","stroke":"none","path":"M156.6,68.8 161,69.7 161,69.2 156.6,68.3 z"},{"type":"path","fill":"#868787","stroke":"none","path":"M167.2,71 171.6,72 171.6,71.4 167.2,70.5 z"},{"type":"path","fill":"#868787","stroke":"none","path":"M180.1,73.5 184.5,74.5 184.5,73.9 180.1,73 z"},{"type":"path","fill":"#868787","stroke":"none","path":"M130.6,58.3 135,56.8 135,56.2 130.6,57.8 z"},{"type":"ellipse","fill":"#52C3F1","stroke":"none","cx":98.4,"cy":60.8,"rx":4,"ry":1.5},{"type":"path","fill":"#CBBB9D","stroke":"none","path":"M130,96.7 87.1,89.1 87.1,118.7 89.2,119 89.2,92.7 126.9,99.4 126.8,125.7 130,126.3 z"},{"type":"path","fill":"#CBBB9D","stroke":"none","path":"M169.1,85.5 165.8,85 165.9,111.4 169.1,112 z"},{"type":"path","fill":"#A89D85","stroke":"none","path":"M130,126.3 130,96.7 171.4,81.6 171.5,111.1 169.2,112 169.2,86 133.1,100 133,125.2 z"},{"type":"path","fill":"#A89D85","stroke":"none","path":"M89.1,119 89.1,92.7 92.6,93.4 92.6,117.7 z"},{"type":"path","fill":"#ECE0C2","stroke":"none","path":"M130,96.7 171.4,81.6 128.5,74 87.1,89.1 z"},{"type":"path","fill":"#C34A3C","stroke":"none","path":"M104.3,87.7c0,0.6,1.4,1.1,3.1,1.1c1.7,0,3.1-0.5,3.1-1.1v-6.8h-6.3L104.3,87.7z"},{"type":"ellipse","fill":"#FFFFFF","stroke":"none","cx":107.4,"cy":80.8,"rx":3.1,"ry":1.1},{"type":"path","fill":"#C34A3C","stroke":"none","path":"M117.5,82.7c0,0.6,1.4,1.1,3.1,1.1c1.7,0,3.1-0.5,3.1-1.1v-6.8h-6.3L117.5,82.7z"},{"type":"ellipse","fill":"#FFFFFF","stroke":"none","cx":120.6,"cy":75.8,"rx":3.1,"ry":1.1},{"type":"path","fill":"#C34A3C","stroke":"none","path":"M114.3,90.4c0,0.6,1.4,1.1,3.1,1.1c1.7,0,3.1-0.5,3.1-1.1v-6.8h-6.3L114.3,90.4z"},{"type":"ellipse","fill":"#FFFFFF","stroke":"none","cx":117.5,"cy":83.5,"rx":3.1,"ry":1.1},{"type":"path","fill":"#C34A3C","stroke":"none","path":"M125.7,79.4c0,0.6,1.4,1.1,3.1,1.1c1.7,0,3.1-0.5,3.1-1.1v-6.8h-6.3L125.7,79.4z"},{"type":"ellipse","fill":"#FFFFFF","stroke":"none","cx":128.8,"cy":72.5,"rx":3.1,"ry":1.1},{"type":"path","fill":"#C34A3C","stroke":"none","path":"M136.4,79.7c0,0.6,1.4,1.1,3.1,1.1c1.7,0,3.1-0.5,3.1-1.1v-6.8h-6.3L136.4,79.7z"},{"type":"ellipse","fill":"#FFFFFF","stroke":"none","cx":139.5,"cy":72.8,"rx":3.1,"ry":1.1},{"type":"path","fill":"#C34A3C","stroke":"none","path":"M141.4,86.7c0,0.6,1.4,1.1,3.1,1.1c1.7,0,3.1-0.5,3.1-1.1v-6.8h-6.3L141.4,86.7z"},{"type":"ellipse","fill":"#FFFFFF","stroke":"none","cx":144.5,"cy":79.8,"rx":3.1,"ry":1.1},{"type":"path","fill":"#C34A3C","stroke":"none","path":"M153.2,83.7c0,0.6,1.4,1.1,3.1,1.1c1.7,0,3.1-0.5,3.1-1.1v-6.8h-6.3L153.2,83.7z"},{"type":"ellipse","fill":"#FFFFFF","stroke":"none","cx":156.3,"cy":76.8,"rx":3.1,"ry":1.1},{"type":"path","fill":"#C34A3C","stroke":"none","path":"M128.4,85.7c0,0.6,1.4,1.1,3.1,1.1c1.7,0,3.1-0.5,3.1-1.1v-6.8h-6.3L128.4,85.7z"},{"type":"ellipse","fill":"#FFFFFF","stroke":"none","cx":131.5,"cy":78.8,"rx":3.1,"ry":1.1},{"type":"path","fill":"#C07D4B","stroke":"none","path":"M98.4,61.2c7.7,0,9.9-7.2,9.9-7.2H87.5C87.5,54,90.3,61.2,98.4,61.2z"},{"type":"ellipse","fill":"#DEA87A","stroke":"none","cx":97.9,"cy":53.7,"rx":10.5,"ry":3.4},{"type":"path","fill":"#C34A3C","stroke":"none","path":"M88.6,55.3c1.7,1.1,5.2,1.9,9.3,1.9s7.5-0.8,9.3-1.9c-1.7-1.1-5.2-1.9-9.3-1.9S90.4,54.2,88.6,55.3z"},{"type":"path","fill":"#5A5C5B","stroke":"none","path":"M119.2,56.8 129.3,53.2 118.9,51.2 108.8,54.9 z"},{"type":"ellipse","fill":"#52C3F1","stroke":"none","cx":119,"cy":53.6,"rx":4,"ry":1.5},{"type":"path","fill":"#C07D4B","stroke":"none","path":"M119,54c7.7,0,9.9-7.2,9.9-7.2h-20.8C108.1,46.7,110.9,54,119,54z"},{"type":"ellipse","fill":"#DEA87A","stroke":"none","cx":118.5,"cy":46.4,"rx":10.5,"ry":3.4},{"type":"path","fill":"#C34A3C","stroke":"none","path":"M109.2,48c1.7,1.1,5.2,1.9,9.3,1.9s7.5-0.8,9.3-1.9c-1.7-1.1-5.2-1.9-9.3-1.9S111,46.9,109.2,48z"},{"type":"path","fill":"#5A5C5B","stroke":"none","path":"M76.7,72.1 86.8,68.5 76.4,66.6 66.3,70.2 z"},{"type":"ellipse","fill":"#52C3F1","stroke":"none","cx":76.5,"cy":68.9,"rx":4,"ry":1.5},{"type":"path","fill":"#C07D4B","stroke":"none","path":"M76.5,69.3c7.7,0,9.9-7.2,9.9-7.2H65.6C65.6,62.1,68.4,69.3,76.5,69.3z"},{"type":"ellipse","fill":"#DEA87A","stroke":"none","cx":76,"cy":61.8,"rx":10.5,"ry":3.4},{"type":"path","fill":"#C34A3C","stroke":"none","path":"M66.7,63.4c1.7,1.1,5.2,1.9,9.3,1.9s7.5-0.8,9.3-1.9c-1.7-1.1-5.2-1.9-9.3-1.9S68.5,62.2,66.7,63.4z"},{"type":"path","fill":"#C34A3C","stroke":"none","path":"M126.4,92.2c0,0.6,1.4,1.1,3.1,1.1c1.7,0,3.1-0.5,3.1-1.1v-6.8h-6.3L126.4,92.2z"},{"type":"ellipse","fill":"#FFFFFF","stroke":"none","cx":129.5,"cy":85.3,"rx":3.1,"ry":1.1},{"type":"path","fill":"#CBCBCB","stroke":"none","path":"M189.5,71.3 205.7,65.3 136.9,51.8 136.9,51.8 120.6,57.7 z"},{"type":"path","fill":"#D8D9DA","stroke":"none","path":"M189.5,72.7 189.5,73 189.5,91.1 205.7,84.3 205.5,66.8 z"},{"type":"path","fill":"#A39B84","stroke":"none","path":"M189.3,65.9 200.4,61.8 180.3,58.2 169.1,62.3 z"},{"type":"path","fill":"#C34A3C","stroke":"none","path":"M192.9,62.7c-0.5-0.2-0.8-0.3-1.1-0.2c-0.1-0.9-1-1.5-2.2-0.6c-0.3-0.1-0.6-0.1-0.8-0.1\n\tc-0.2-0.9-1-1.5-2.2-0.5c-0.3-0.2-0.6-0.2-0.8-0.2c-0.2-0.8-1-1.4-2.2-0.4c-0.4-0.2-0.7-0.2-0.9-0.2c-0.3-0.7-1.1-1.1-2.1-0.2\n\tc-1-0.5-1.5-0.1-1.6,0.5c-0.3,0-0.7,0.2-1.1,0.5c-1-0.5-1.5-0.1-1.6,0.5c-0.3,0-0.7,0.2-1.1,0.5c-2.7-1.3-1.8,3.2,0.5,2.5\n\tc0.5,0,0.9-0.1,1.2-0.4c0.4,0.6,1,1,1.8,0.8c0.5,0,0.9-0.1,1.1-0.3c0.3,0.7,1,1.2,1.9,0.9c0.5,0,0.8-0.1,1.1-0.3c0.3,0.7,1,1.3,2,1\n\tc0.6,0,1-0.2,1.3-0.5c0.3,0.8,1,1.5,2,1.2c0.9,0,1.5-0.4,1.6-1c0.3,0.1,0.7,0.2,1.1,0c0.9,0,1.5-0.4,1.6-1c0.3,0.1,0.7,0.2,1.1,0\n\tC196.3,65.2,195.5,60.7,192.9,62.7z"},{"type":"path","fill":"#8DB763","stroke":"none","path":"M181.5,59.3c0,0,0.1,2-0.8,1.2C179.5,60.1,181.5,59.3,181.5,59.3z M178,61.3c0.8,0.9,0.8-1.2,0.8-1.2\n\tS176.8,60.9,178,61.3z M175.2,62.3c0.8,0.9,0.8-1.2,0.8-1.2S174.1,61.9,175.2,62.3z M172.5,63.3c0.8,0.9,0.8-1.2,0.8-1.2\n\tS171.3,62.9,172.5,63.3z M183.8,60.8c0.8,0.9,0.8-1.2,0.8-1.2S182.6,60.5,183.8,60.8z M181,61.7c0.8,0.9,0.8-1.2,0.8-1.2\n\tS179.9,61.3,181,61.7z M178.3,62.7c0.8,0.9,0.8-1.2,0.8-1.2S177.1,62.3,178.3,62.7z M175.5,63.6c0.8,0.9,0.8-1.2,0.8-1.2\n\tS174.4,63.3,175.5,63.6z M186.8,61.4c0.8,0.9,0.8-1.2,0.8-1.2S185.7,61,186.8,61.4z M184.1,62.3c0.8,0.9,0.8-1.2,0.8-1.2\n\tS182.9,62,184.1,62.3z M181.3,63.3c0.8,0.9,0.8-1.2,0.8-1.2S180.2,62.9,181.3,63.3z M178.6,64.2c0.8,0.9,0.8-1.2,0.8-1.2\n\tS177.4,63.9,178.6,64.2z M189.9,62.1c0.8,0.9,0.8-1.2,0.8-1.2S188.7,61.7,189.9,62.1z M187.1,63.1c0.8,0.9,0.8-1.2,0.8-1.2\n\tS186,62.7,187.1,63.1z M184.4,64c0.8,0.9,0.8-1.2,0.8-1.2S183.2,63.7,184.4,64z M181.7,64.9c0.8,0.9,0.8-1.2,0.8-1.2\n\tS180.5,64.5,181.7,64.9z M193.2,62.9c0.8,0.9,0.8-1.2,0.8-1.2S192.1,62.5,193.2,62.9z M190.5,63.8c0.8,0.9,0.8-1.2,0.8-1.2\n\tS189.3,63.4,190.5,63.8z M187.8,64.7c0.8,0.9,0.8-1.2,0.8-1.2S186.6,64.3,187.8,64.7z M185,65.7c0.8,0.9,0.8-1.2,0.8-1.2\n\tS183.9,65.3,185,65.7z"},{"type":"path","fill":"#C4B99C","stroke":"none","path":"M189.3,65.9 169.1,62.3 169.1,66.2 189.3,69.8 z"},{"type":"path","fill":"#A39B84","stroke":"none","path":"M189.3,69.8 200.4,65.7 200.4,61.8 189.3,65.9 z"},{"type":"path","fill":"#A39B84","stroke":"none","path":"M159.2,59.7 170.4,55.7 150.2,52.1 139,56.1 z"},{"type":"path","fill":"#C34A3C","stroke":"none","path":"M162.8,56.5c-0.5-0.2-0.8-0.3-1.1-0.2c-0.1-0.9-1-1.5-2.2-0.6c-0.3-0.1-0.6-0.1-0.8-0.1\n\tc-0.2-0.9-1-1.5-2.2-0.5c-0.3-0.2-0.6-0.2-0.8-0.2c-0.2-0.8-1-1.4-2.2-0.4c-0.4-0.2-0.7-0.2-0.9-0.2c-0.3-0.7-1.1-1.1-2.1-0.2\n\tc-1-0.5-1.5-0.1-1.6,0.5c-0.3,0-0.7,0.2-1.1,0.5c-1-0.5-1.5-0.1-1.6,0.5c-0.3,0-0.7,0.2-1.1,0.5c-2.7-1.3-1.8,3.2,0.5,2.5\n\tc0.5,0,0.9-0.1,1.2-0.4c0.4,0.6,1,1,1.8,0.8c0.5,0,0.9-0.1,1.1-0.3c0.3,0.7,1,1.2,1.9,0.9c0.5,0,0.8-0.1,1.1-0.3c0.3,0.7,1,1.3,2,1\n\tc0.6,0,1-0.2,1.3-0.5c0.3,0.8,1,1.5,2,1.2c0.9,0,1.5-0.4,1.6-1c0.3,0.1,0.7,0.2,1.1,0c0.9,0,1.5-0.4,1.6-1c0.3,0.1,0.7,0.2,1.1,0\n\tC166.2,59,165.4,54.5,162.8,56.5z"},{"type":"path","fill":"#8DB763","stroke":"none","path":"M151.4,53.1c0,0,0.1,2-0.8,1.2C149.5,53.9,151.4,53.1,151.4,53.1z M147.9,55.2c0.8,0.9,0.8-1.2,0.8-1.2\n\tS146.7,54.8,147.9,55.2z M145.1,56.1c0.8,0.9,0.8-1.2,0.8-1.2S144,55.7,145.1,56.1z M142.4,57.1c0.8,0.9,0.8-1.2,0.8-1.2\n\tS141.2,56.7,142.4,57.1z M153.7,54.6c0.8,0.9,0.8-1.2,0.8-1.2S152.5,54.3,153.7,54.6z M150.9,55.6c0.8,0.9,0.8-1.2,0.8-1.2\n\tS149.8,55.2,150.9,55.6z M148.2,56.5c0.8,0.9,0.8-1.2,0.8-1.2S147,56.1,148.2,56.5z M145.4,57.4c0.8,0.9,0.8-1.2,0.8-1.2\n\tS144.3,57.1,145.4,57.4z M156.7,55.3c0.8,0.9,0.8-1.2,0.8-1.2S155.6,54.9,156.7,55.3z M154,56.1c0.8,0.9,0.8-1.2,0.8-1.2\n\tS152.8,55.8,154,56.1z M151.2,57.1c0.8,0.9,0.8-1.2,0.8-1.2S150.1,56.7,151.2,57.1z M148.5,58.1c0.8,0.9,0.8-1.2,0.8-1.2\n\tS147.3,57.7,148.5,58.1z M159.8,55.9c0.8,0.9,0.8-1.2,0.8-1.2S158.6,55.6,159.8,55.9z M157,56.9c0.8,0.9,0.8-1.2,0.8-1.2\n\tS155.9,56.5,157,56.9z M154.3,57.9c0.8,0.9,0.8-1.2,0.8-1.2S153.1,57.5,154.3,57.9z M151.6,58.7c0.8,0.9,0.8-1.2,0.8-1.2\n\tS150.4,58.4,151.6,58.7z M163.1,56.7c0.8,0.9,0.8-1.2,0.8-1.2S162,56.3,163.1,56.7z M160.4,57.6c0.8,0.9,0.8-1.2,0.8-1.2\n\tS159.2,57.2,160.4,57.6z M157.7,58.6c0.8,0.9,0.8-1.2,0.8-1.2S156.5,58.2,157.7,58.6z M154.9,59.5c0.8,0.9,0.8-1.2,0.8-1.2\n\tS153.8,59.1,154.9,59.5z"},{"type":"path","fill":"#C4B99C","stroke":"none","path":"M159.2,59.7 139,56.1 139,60 159.2,63.6 z"},{"type":"path","fill":"#A39B84","stroke":"none","path":"M159.2,63.6 170.4,59.5 170.4,55.7 159.2,59.7 z"}]}