{"width":"224.7","height":"176.2","dx":"0","dy":"0","geometry":[{"type":"path","fill":"#EBDEC0","stroke":"none","path":"M112.4,164.8c-61.6,0-111.8-17.9-111.8-39.9S50.8,85,112.4,85s111.8,17.9,111.8,39.9S174.1,164.8,112.4,164.8z"},{"type":"path","fill":"#999898","stroke":"none","path":"M224.1,126.6c-2.5,21.2-51.7,38.1-111.7,38.1c-61.6,0-111.8-17.9-111.8-39.9c0-0.4,0-0.8,0.1-1.2H0.3L0,136c0,22.2,51.1,40.2,112.9,40.2s111.8-18,111.8-40.2v-9.4H224.1z"},{"type":"ellipse","fill":"none","stroke":"#B4B4B4","stroke-width":0.9996,"stroke-miterlimit":10,"cx":112.5,"cy":124.5,"rx":112.1,"ry":39.9},{"type":"path","fill":"#AC8A53","stroke":"none","path":"M20.7,129.4 20.7,115.2 41.4,107.4 41.4,121.8 z"},{"type":"path","fill":"#756448","stroke":"none","path":"M20.7,115.2 3.9,111.3 24.2,103.8 41.4,107.4 z"},{"type":"path","fill":"#BF995B","stroke":"none","path":"M3.9,125.6 3.9,111.3 20.7,115.2 20.7,129.4 z"},{"type":"path","fill":"#396475","stroke":"none","path":"M13.5,112.4c0,0,3.6-3.2,3.9-3.3c0.3-0.1,6.3-1.5,6.3-1.5l4.9,1.5l4,1.7l-11.9,4.4l-11.2-2.5c0,0,1.6-1.3,2.2-1.5C12.3,110.9,13.5,112.4,13.5,112.4z"},{"type":"path","fill":"#728364","stroke":"none","path":"M16.2,111.6c0.5-0.1,2.5-1.7,3.1-1.7c0.6-0.1,3.4,0.3,3.4,0.3l3.1,1.1l1.8,0.3l0.5,0.8l-7.4,2.8l-1.6-0.3L16.2,111.6z"},{"type":"path","fill":"#728364","stroke":"none","path":"M11,112.9c0.9-0.8,3.2-1.7,4-1.8c0.7-0.1,2.9,0.8,2.9,0.8l1.8,1l1,2.2L11,112.9z"},{"type":"path","fill":"#AC8A53","stroke":"none","path":"M64.2,112.3 64.2,98.1 84.9,90.3 84.9,104.7 z"},{"type":"path","fill":"#756448","stroke":"none","path":"M64.2,98.1 47.4,94.3 67.7,86.7 84.9,90.3 z"},{"type":"path","fill":"#BF995B","stroke":"none","path":"M47.4,108.6 47.4,94.3 64.2,98.1 64.2,112.3 z"},{"type":"path","fill":"#396475","stroke":"none","path":"M57,95.3c0,0,3.6-3.2,3.9-3.3c0.3-0.1,6.3-1.5,6.3-1.5l4.9,1.5l4,1.7l-11.9,4.4L53,95.6c0,0,1.6-1.3,2.2-1.5C55.8,93.9,57,95.3,57,95.3z"},{"type":"path","fill":"#728364","stroke":"none","path":"M59.7,94.6c0.5-0.1,2.5-1.7,3.1-1.7c0.6-0.1,3.4,0.3,3.4,0.3l3.1,1.1l1.8,0.3l0.5,0.8l-7.4,2.8l-1.6-0.3L59.7,94.6z"},{"type":"path","fill":"#396475","stroke":"none","path":"M54.4,95.9c0.9-0.8,3.2-1.7,4-1.8c0.7-0.1,2.9,0.8,2.9,0.8l1.8,1l1,2.2L54.4,95.9z"},{"type":"path","fill":"#BE995B","stroke":"none","path":"M210.7,44.3 209,44 209,118.3 210.7,118.6 z"},{"type":"path","fill":"#8C7756","stroke":"none","path":"M210.7,118.6 210.7,44.3 211.9,43.9 212,118.1 z"},{"type":"path","fill":"#BE995B","stroke":"none","path":"M26.5,62.2 24.8,61.9 24.8,136.2 26.5,136.5 z"},{"type":"path","fill":"#8C7756","stroke":"none","path":"M26.5,136.5 26.5,62.2 27.7,61.8 27.8,136 z"},{"type":"path","fill":"#BE995B","stroke":"none","path":"M114.7,30.3 113,31.4 113,103.5 114.7,103.8 z"},{"type":"path","fill":"#8C7756","stroke":"none","path":"M114.7,103.8 114.7,30.3 115.9,29.1 116,103.3 z"},{"type":"path","fill":"#CCBC9E","stroke":"none","path":"M188.3,115 158.7,109.7 158.7,123.4 160.1,123.7 160.1,112.3 186.1,116.9 186.1,128.3 188.3,128.6 \t\tz"},{"type":"path","fill":"#CCBC9E","stroke":"none","path":"M204.5,111.3 202.3,111 202.3,122.4 204.5,122.8 \tz"},{"type":"path","fill":"#A89D85","stroke":"none","path":"M188.3,128.6 188.3,115 206.2,108.5 206.2,122.3 204.6,122.8 204.6,111.7 190.4,117.3 190.4,128 \t\tz"},{"type":"path","fill":"#A89D85","stroke":"none","path":"M160.1,123.7 160.1,112.3 162.5,112.7 162.5,122.8 \tz"},{"type":"path","fill":"#ECE0C2","stroke":"none","path":"M188.3,115 206.2,108.5 176.5,103.3 158.7,109.7 \tz"},{"type":"path","fill":"#A89D85","stroke":"none","path":"M34.7,135.3 34.7,120.2 37.4,121.4 37.4,134.4 \tz"},{"type":"path","fill":"#CCBC9E","stroke":"none","path":"M77.6,117.4 75.2,117.1 75.2,130.1 77.6,130.5 \t\tz"},{"type":"path","fill":"#CCBC9E","stroke":"none","path":"M54.4,123.9 33.2,119.9 33.2,135.1 34.7,135.3 34.7,122.3 52.9,125.8 53,138.7 54.4,139 \t\tz"},{"type":"path","fill":"#FEF7F2","stroke":"none","path":"M54.4,123.9 80,114.6 58.8,110.9 33.2,119.9 \t\tz"},{"type":"path","fill":"#A89D85","stroke":"none","path":"M54.4,139 54.4,123.9 80,114.6 80,129.7 77.5,130.5 77.5,117.6 57.1,125.1 57.1,138 \t\tz"},{"type":"path","fill":"#AC8A53","stroke":"none","path":"M58.2,116.9 58.2,112.6 64.5,110.2 64.5,114.6 z"},{"type":"path","fill":"#CCBC9E","stroke":"none","path":"M58.2,112.6 49.5,110.8 55.6,108.5 64.5,110.2 z"},{"type":"path","fill":"#BF995B","stroke":"none","path":"M49.5,115.2 49.5,110.8 58.2,112.6 58.2,116.9 z"},{"type":"path","fill":"#AC8A53","stroke":"none","path":"M70.4,117.8 70.4,113.4 76.7,111 76.7,115.4 z"},{"type":"path","fill":"#CCBC9E","stroke":"none","path":"M70.4,113.4 61.7,111.6 67.9,109.3 76.7,111 z"},{"type":"path","fill":"#BF995B","stroke":"none","path":"M61.7,116 61.7,111.6 70.4,113.4 70.4,117.8 z"},{"type":"path","fill":"#AC8A53","stroke":"none","path":"M45.8,120.5 45.8,116.2 52.2,113.8 52.2,118.2 z"},{"type":"path","fill":"#CCBC9E","stroke":"none","path":"M45.8,116.2 37.1,114.4 43.3,112.1 52.2,113.8 z"},{"type":"path","fill":"#BF995B","stroke":"none","path":"M37.1,118.8 37.1,114.4 45.8,116.2 45.8,120.5 z"},{"type":"path","fill":"#FEF7F2","stroke":"none","path":"M188.3,115 206.2,108.5 176.5,103.3 158.7,109.7 z"},{"type":"path","fill":"#AC8A53","stroke":"none","path":"M51.7,121.7 51.7,117.3 58.1,114.9 58.1,119.3 z"},{"type":"path","fill":"#CCBC9E","stroke":"none","path":"M51.7,117.3 48.4,116.6 54.7,114.3 58.1,114.9 z"},{"type":"path","fill":"#BF995B","stroke":"none","path":"M48.4,121 48.4,116.6 51.7,117.3 51.7,121.7 z"},{"type":"path","fill":"#756448","stroke":"none","path":"M187.8,113.3 205.6,106.9 176,101.6 158.2,108 z"},{"type":"path","fill":"#95AA6D","stroke":"none","path":"M190.1,111.8 208,105.4 178.3,100.1 160.5,106.6 z"},{"type":"path","fill":"#AC8A53","stroke":"none","path":"M189.3,110.9 207.1,104.4 177.5,99.2 159.7,105.6 z"},{"type":"path","fill":"#AC8A53","stroke":"none","path":"M189.3,109.1 207.1,102.8 177.5,97.5 159.7,103.9 z"},{"type":"path","fill":"#756448","stroke":"none","path":"M190.1,108.9 208,102.5 178.3,97.3 160.5,103.7 z"},{"type":"path","fill":"#C6C7C4","stroke":"none","path":"M188.7,107.9 206.5,101.5 176.9,96.3 159.1,102.7 z"},{"type":"path","fill":"#5A595B","stroke":"none","path":"M187.9,106.9 205.7,100.6 176.1,95.3 158.3,101.7 z"},{"type":"path","fill":"#AC8A53","stroke":"none","path":"M188.7,105 206.5,98.6 176.9,93.3 159.1,99.8 z"},{"type":"path","fill":"#ECE0C2","stroke":"none","path":"M92.4,79.5 102.5,75.7 101.4,75.5 101.4,75.5 91.3,79.2 \tz"},{"type":"path","fill":"#CCBC9E","stroke":"none","path":"M92.4,79.5 91.3,79.2 91.3,113.8 92.4,114 \tz"},{"type":"path","fill":"#A89D85","stroke":"none","path":"M92.4,114 92.4,79.5 102.5,75.7 102.5,110.3 \tz"},{"type":"path","fill":"#ECE0C2","stroke":"none","path":"M107.3,113.7 117.3,110.1 102.7,106.8 102.7,106.8 92.6,110.5 \tz"},{"type":"path","fill":"#CCBC9E","stroke":"none","path":"M107.3,113.7 92.6,110.5 92.6,111.4 107.3,114.6 \tz"},{"type":"path","fill":"#A89D85","stroke":"none","path":"M107.3,114.6 107.3,113.7 117.3,110.1 117.4,111 \tz"},{"type":"path","fill":"#AC8A53","stroke":"none","path":"M96.3,110.7 96.3,107.2 101.2,105.4 101.2,108.8 z"},{"type":"path","fill":"#756448","stroke":"none","path":"M96.3,107.2 93.7,106.7 98.6,104.8 101.2,105.4 z"},{"type":"path","fill":"#BF995B","stroke":"none","path":"M93.7,110.1 93.7,106.7 96.3,107.2 96.3,110.7 z"},{"type":"path","fill":"#AC8A53","stroke":"none","path":"M100.5,111.6 100.5,108.2 105.5,106.3 105.5,109.7 z"},{"type":"path","fill":"#756448","stroke":"none","path":"M100.5,108.2 97.9,107.6 102.8,105.8 105.5,106.3 z"},{"type":"path","fill":"#BF995B","stroke":"none","path":"M97.9,111 97.9,107.6 100.5,108.2 100.5,111.6 z"},{"type":"path","fill":"#ECE0C2","stroke":"none","path":"M107.3,108 117.3,104.4 102.7,101.2 102.7,101.2 92.6,104.8 \tz"},{"type":"path","fill":"#CCBC9E","stroke":"none","path":"M107.3,108 92.6,104.8 92.6,105.8 107.3,109 \tz"},{"type":"path","fill":"#A89D85","stroke":"none","path":"M107.3,109 107.3,108 117.3,104.4 117.4,105.3 \tz"},{"type":"path","fill":"#ECE0C2","stroke":"none","path":"M107.3,102.4 117.3,98.7 102.7,95.5 102.7,95.5 92.6,99.2 \tz"},{"type":"path","fill":"#CCBC9E","stroke":"none","path":"M107.3,102.4 92.6,99.2 92.6,100.1 107.3,103.4 \tz"},{"type":"path","fill":"#A89D85","stroke":"none","path":"M107.3,103.4 107.3,102.4 117.3,98.7 117.4,99.6 \tz"},{"type":"path","fill":"#AC8A53","stroke":"none","path":"M100.5,100.5 100.5,97.1 105.5,95.2 105.5,98.7 z"},{"type":"path","fill":"#756448","stroke":"none","path":"M100.5,97.1 97.9,96.5 102.8,94.7 105.5,95.2 z"},{"type":"path","fill":"#BF995B","stroke":"none","path":"M97.9,99.9 97.9,96.5 100.5,97.1 100.5,100.5 z"},{"type":"path","fill":"#AC8A53","stroke":"none","path":"M104.7,101.4 104.7,97.9 109.7,96.1 109.7,99.6 z"},{"type":"path","fill":"#756448","stroke":"none","path":"M104.7,97.9 102.2,97.4 107,95.6 109.7,96.1 z"},{"type":"path","fill":"#BF995B","stroke":"none","path":"M102.2,100.8 102.2,97.4 104.7,97.9 104.7,101.4 z"},{"type":"path","fill":"#ECE0C2","stroke":"none","path":"M107.3,96.7 117.3,93 102.7,89.8 102.7,89.8 92.6,93.5 \tz"},{"type":"path","fill":"#CCBC9E","stroke":"none","path":"M107.3,96.7 92.6,93.5 92.6,94.5 107.3,97.7 \tz"},{"type":"path","fill":"#A89D85","stroke":"none","path":"M107.3,97.7 107.3,96.7 117.3,93 117.4,94 \tz"},{"type":"path","fill":"#AC8A53","stroke":"none","path":"M96.3,93.6 96.3,90.2 101.2,88.3 101.2,91.8 z"},{"type":"path","fill":"#756448","stroke":"none","path":"M96.3,90.2 93.7,89.7 98.6,87.9 101.2,88.3 z"},{"type":"path","fill":"#BF995B","stroke":"none","path":"M93.7,93.1 93.7,89.7 96.3,90.2 96.3,93.6 z"},{"type":"path","fill":"#AC8A53","stroke":"none","path":"M100.5,94.6 100.5,91.1 105.5,89.3 105.5,92.7 z"},{"type":"path","fill":"#756448","stroke":"none","path":"M100.5,91.1 97.9,90.6 102.8,88.7 105.5,89.3 z"},{"type":"path","fill":"#BF995B","stroke":"none","path":"M97.9,94 97.9,90.6 100.5,91.1 100.5,94.6 z"},{"type":"path","fill":"#AC8A53","stroke":"none","path":"M104.7,95.4 104.7,92.1 109.7,90.2 109.7,93.6 z"},{"type":"path","fill":"#756448","stroke":"none","path":"M104.7,92.1 102.2,91.5 107,89.7 109.7,90.2 z"},{"type":"path","fill":"#BF995B","stroke":"none","path":"M102.2,94.9 102.2,91.5 104.7,92.1 104.7,95.4 z"},{"type":"path","fill":"#ECE0C2","stroke":"none","path":"M107.3,91.1 117.3,87.4 102.7,84.1 102.7,84.1 92.6,87.9 \tz"},{"type":"path","fill":"#CCBC9E","stroke":"none","path":"M107.3,91.1 92.6,87.9 92.6,88.8 107.3,92 \tz"},{"type":"path","fill":"#A89D85","stroke":"none","path":"M107.3,92 107.3,91.1 117.3,87.4 117.4,88.3 \tz"},{"type":"path","fill":"#AC8A53","stroke":"none","path":"M106.3,107.4 106.3,103.1 101.2,102 93.9,104.7 z"},{"type":"path","fill":"#95AA6D","stroke":"none","path":"M99.8,87.4c0,0.4-0.9,0.8-2.1,0.8c-1.1,0-2.1-0.3-2.1-0.8v-4.5c0-0.4,0.9-0.8,2.1-0.8c1.1,0,2.1,0.3,2.1,0.8V87.4z"},{"type":"ellipse","fill":"#4B593A","stroke":"none","cx":97.6,"cy":82.9,"rx":2,"ry":0.7},{"type":"path","fill":"#95AA6D","stroke":"none","path":"M106.8,87.4c0,0.4-0.9,0.8-2.1,0.8c-1.1,0-2.1-0.3-2.1-0.8v-4.5c0-0.4,0.9-0.8,2.1-0.8c1.1,0,2.1,0.3,2.1,0.8C106.8,82.9,106.8,87.4,106.8,87.4z"},{"type":"ellipse","fill":"#4B593A","stroke":"none","cx":104.7,"cy":82.9,"rx":2,"ry":0.7},{"type":"path","fill":"#ECE0C2","stroke":"none","path":"M107.5,82.4 117.5,78.7 116.4,78.5 116.5,78.5 106.3,82.1 \tz"},{"type":"path","fill":"#CCBC9E","stroke":"none","path":"M107.5,82.4 106.3,82.1 106.3,116.7 107.5,116.9 \tz"},{"type":"path","fill":"#A89D85","stroke":"none","path":"M107.5,116.9 107.5,82.4 117.5,78.7 117.5,113.3 \tz"},{"type":"path","fill":"#ECE0C2","stroke":"none","path":"M113.1,37.5 24.8,69 24.8,63 113.1,31.5 z"},{"type":"path","fill":"#CAC1A9","stroke":"none","path":"M25.6,62.9 112,32.1 163.9,0.5 77.2,29 z"},{"type":"path","fill":"#BE995B","stroke":"none","path":"M123.8,75.6 122.1,75.3 122.1,149.6 123.8,149.9 z"},{"type":"path","fill":"#8C7756","stroke":"none","path":"M123.8,149.9 123.8,75.6 125,75.2 125.1,149.4 z"},{"type":"path","fill":"#ECE0C2","stroke":"none","path":"M173.1,15.2 165.5,0 77.2,29 88.1,47.5 88.1,47.6 173.2,15.3 \tz"},{"type":"path","fill":"#D8CDB3","stroke":"none","path":"M212,43.7 173.2,15.3 88.1,47.6 123.6,75.2 \tz"},{"type":"path","fill":"#AC8A53","stroke":"none","path":"M110.4,68.3 107.2,64.8 41.6,53.5 40.4,56.1 z"},{"type":"rect","fill":"#AC8A53","stroke":"none","x":60.7,"y":42.7,"width":2,"height":15.7},{"type":"rect","fill":"#AC8A53","stroke":"none","x":70.8,"y":37.2,"width":2,"height":22.8},{"type":"rect","fill":"#AC8A53","stroke":"none","x":81.2,"y":40,"width":2,"height":21.8},{"type":"rect","fill":"#AC8A53","stroke":"none","x":90.9,"y":52.1,"width":2,"height":11.8},{"type":"rect","fill":"#AC8A53","stroke":"none","x":51.1,"y":46.9,"width":2,"height":9.9},{"type":"path","fill":"#F5EEDC","stroke":"none","path":"M88.4,47.5 77.5,28.9 77.5,35 88.4,53.5 88.4,47.5 123.9,75.1 123.9,81.2 88.4,53.5 z"},{"type":"path","fill":"#F5EEDC","stroke":"none","path":"M24.8,61.9 77.4,28.9 77.4,35.2 24.8,68.2 z"},{"type":"path","fill":"#ECE0C2","stroke":"none","path":"M212.2,49.7 123.8,81.2 123.8,75.2 212.2,43.7 z"},{"type":"path","fill":"#CCBC9E","stroke":"none","path":"M155.8,137.6 129.2,132.8 129.2,135.6 155.8,140.4 \tz"},{"type":"path","fill":"#A89D85","stroke":"none","path":"M155.8,140.4 155.8,137.6 171.9,131.7 172,134 170.5,134.6 157.7,139.6 \tz"},{"type":"path","fill":"#ECE0C2","stroke":"none","path":"M155.8,137.5 171.9,131.7 145.2,127 129.2,132.8 \tz"},{"type":"path","fill":"#BF995B","stroke":"none","path":"M155.8,137.5 171.9,131.7 145.2,127 129.2,132.8 z"},{"type":"path","fill":"#CCBC9E","stroke":"none","path":"M155.8,132.7 129.2,127.9 129.2,133 130.4,133.3 130.4,130.3 153.8,134.4 153.8,137.5 155.8,137.8 \t\tz"},{"type":"path","fill":"#CCBC9E","stroke":"none","path":"M170.4,129.3 168.5,129.1 168.5,132.1 170.4,132.5 \tz"},{"type":"path","fill":"#A89D85","stroke":"none","path":"M155.8,137.8 155.8,132.7 171.9,126.9 172,132 170.5,132.5 170.5,129.7 157.7,134.7 157.7,137.2 \t\tz"},{"type":"path","fill":"#A89D85","stroke":"none","path":"M130.4,133.3 130.4,130.3 132.6,130.6 132.6,132.5 \tz"},{"type":"path","fill":"#ECE0C2","stroke":"none","path":"M155.8,132.7 171.9,126.9 145.2,122.1 129.2,127.9 \tz"},{"type":"path","fill":"#BF995B","stroke":"none","path":"M155.8,132.7 171.9,126.9 145.2,122.1 129.2,127.9 z"},{"type":"path","fill":"#CCBC9E","stroke":"none","path":"M155.8,127.8 129.2,123 129.2,128.1 130.4,128.4 130.4,125.3 153.8,129.5 153.8,132.5 155.8,132.8 \t\tz"},{"type":"path","fill":"#CCBC9E","stroke":"none","path":"M170.4,124.4 168.5,124.2 168.5,127.2 170.4,127.6 \tz"},{"type":"path","fill":"#A89D85","stroke":"none","path":"M155.8,132.8 155.8,127.8 171.9,121.9 172,127.1 170.5,127.6 170.5,124.8 157.7,129.8 157.7,132.3 \t\tz"},{"type":"path","fill":"#A89D85","stroke":"none","path":"M130.4,128.4 130.4,125.3 132.6,125.7 132.6,127.6 \tz"},{"type":"path","fill":"#ECE0C2","stroke":"none","path":"M155.8,127.7 171.9,121.9 145.2,117.2 129.2,123 \tz"},{"type":"path","fill":"#BF995B","stroke":"none","path":"M155.8,127.7 171.9,121.9 145.2,117.2 129.2,123 z"},{"type":"path","fill":"#AC8A53","stroke":"none","path":"M207.5,138.5 163.7,143.6 163.3,145 207.4,139.8 z"},{"type":"path","fill":"#6C5733","stroke":"none","path":"M164.2,146.2 163.3,145 207.4,139.8 208.5,140.5 z"},{"type":"path","fill":"#AC8A53","stroke":"none","path":"M207.1,139.9 162.2,139.8 161.7,141.2 207.1,141.2 z"},{"type":"path","fill":"#997C4A","stroke":"none","path":"M162.7,142.3 161.7,141.2 207.1,141.2 208.2,141.9 z"},{"type":"path","fill":"#947848","stroke":"none","path":"M204.3,137.4 161.7,133.2 161.3,134.6 204.2,138.7 z"},{"type":"path","fill":"#6C5733","stroke":"none","path":"M162.2,135.7 161.3,134.6 204.2,138.7 205.4,139.3 z"},{"type":"path","fill":"#AC8A53","stroke":"none","path":"M182.1,126.3 162.5,136.3 162.1,137.7 182,127.5 z"},{"type":"path","fill":"#997C4A","stroke":"none","path":"M163,138.8 162.1,137.7 182,127.5 183.1,128.2 z"},{"type":"path","fill":"#947848","stroke":"none","path":"M205,132 162.8,132.5 162,133.7 204.7,133.2 z"},{"type":"path","fill":"#6C5733","stroke":"none","path":"M162.7,135 162,133.7 204.7,133.2 205.5,134.1 z"},{"type":"path","fill":"#AC8A53","stroke":"none","path":"M204.8,124.5 163.3,137.2 162.6,138.4 204.5,125.8 z"},{"type":"path","fill":"#947848","stroke":"none","path":"M163.2,139.8 162.6,138.4 204.5,125.8 205.4,126.7 z"},{"type":"path","fill":"#CCBC9E","stroke":"none","path":"M108.5,120.1c2.9,0,2.9-3.3,2.9-3.3c-1-0.4-1.9-0.6-2.7-0.6c-0.8,0-2,0.2-3,0.6\t\tC105.6,119.7,108.5,120.1,108.5,120.1z"},{"type":"path","fill":"#CCBC9E","stroke":"none","path":"M108.5,115.2c2.9,0,4.5-2.4,4.5-5.3c0-3-1.6-5.3-4.5-5.3s-4.7,2.4-4.7,5.3\t\t\tC103.7,112.8,105.4,115.2,108.5,115.2z"},{"type":"path","fill":"#9D9C9E","stroke":"none","path":"M114.2,138.6c2-2.9,3.3-5.6,3.9-9c0.6-4.5-0.4-8.4-2.9-10.6c-0.8-0.8-1.9-1.4-2.7-1.9\t\t\t\tc-0.6-0.2-1.3-0.4-2-0.6c-0.4,0-0.2,2.3-2.4,2.3c-2.2,0-1.6-2.3-2.3-2c-1.4,0.4-2.7,1-3,1.6c-1.3,1.3-2,2.9-2.4,4.1\t\t\t\tc-0.8,2.3-1,4.5-1.4,6.8c-0.3,0.8-0.3,1.6-0.4,2.4c-0.2,1,0.6,2,1.6,2.3c0.2,0,0.2,0,0.4,0c0.8,0,1.6-0.6,1.9-1.6\t\t\t\tc0.2-0.8,0.2-1.9,0.4-2.7c0.2-1.9,0.4-3.7,1-5.3c0,1.9-0.4,7.4-0.4,7.4h10.3L114.2,138.6z M114.2,129c-0.2,0.8-0.2,1.6-0.6,2.3\t\t\t\tc-0.2-1.6-0.2-4.1-0.4-5.9c0-0.6,0-1,0-1.6v-1.4C114.6,124.7,114.4,127.3,114.2,129z"},{"type":"path","fill":"#ECEDED","stroke":"none","path":"M110.7,112.3h-4.1c0,0,0.6,1.4,2,1.4C109.9,113.8,110.7,112.3,110.7,112.3z"},{"type":"path","fill":"#604D40","stroke":"none","path":"M112.8,109.9c1.4-0.2-0.2-6.2-4.5-6c-4.7,0-4.5,6-4.5,6h0.4c0,0,0.6-3,4.3-3\t\tC112.3,106.8,112.8,109.9,112.8,109.9L112.8,109.9z"},{"type":"path","fill":"#604D40","stroke":"none","path":"M109.9,108.9c0.3,0,0.4,0.3,0.4,0.8c0,0.4-0.2,0.8-0.4,0.8c-0.3,0-0.4-0.3-0.4-0.8S109.6,108.9,109.9,108.9\tz"},{"type":"ellipse","fill":"#604D40","stroke":"none","cx":107.4,"cy":109.6,"rx":0.4,"ry":0.8},{"type":"path","fill":"#3F3E41","stroke":"none","path":"M103.3,131.6l-1.4,21.5c0,1.4,1,2.4,2.3,2.7h0.2c1.3,0,2.4-1,2.4-2.3l1.3-17c0.2,0,0.4,0,0.4,0\t\tc0.2,0,1.4,13.9,1.4,13.9l0.2,3c0,1.3,1.3,2.3,2.4,2.3h0.2c1,0,2-0.8,2.3-1.9c0-0.2,0-0.6,0-0.8l-0.3-5.2l-0.6-9.2l-0.4-7\t\tC113.6,131.6,103.3,131.6,103.3,131.6z"},{"type":"path","fill":"#A48A77","stroke":"none","path":"M84.6,113.8c2.9,0,2.9-3.3,2.9-3.3c-1-0.4-1.9-0.6-2.7-0.6c-0.8,0-2,0.2-3,0.6\t\tC81.7,113.4,84.6,113.8,84.6,113.8z"},{"type":"path","fill":"#A48A77","stroke":"none","path":"M84.6,108.8c2.9,0,4.5-2.4,4.5-5.3c0-3-1.6-5.3-4.5-5.3s-4.7,2.4-4.7,5.3\t\t\tC79.8,106.3,81.4,108.8,84.6,108.8z"},{"type":"path","fill":"#F9B256","stroke":"none","path":"M90.3,132.3c2-2.9,3.3-5.6,3.9-9c0.6-4.5-0.4-8.4-2.9-10.6c-0.8-0.8-1.9-1.4-2.7-1.9\t\t\t\tc-0.6-0.2-1.3-0.4-2-0.6c-0.4,0-0.2,2.3-2.4,2.3c-2.2,0-1.6-2.3-2.3-2c-1.4,0.4-2.7,1-3,1.6c-1.3,1.3-2,2.9-2.4,4.1\t\t\t\tc-0.8,2.3-1,4.5-1.4,6.8c-0.2,0.8,0.2,3,0.2,3.9c-0.2,1,0.6,2,1.6,2c0.2,0,0.2,0,0.4,0c0.8,0,1.6-0.8,1.9-1.6\t\t\t\tc0-0.8-0.2-2.9-0.2-3.7c0.2-1.9,0.4-3.7,1-5.3c0,1.9-0.4,7.4-0.4,7.4h10.3L90.3,132.3z M90.3,122.6c-0.2,0.8-0.2,1.6-0.6,2.3\t\t\t\tc-0.3-1.6-0.3-4.1-0.4-5.9c0-0.6,0-1,0-1.6v-1.5C90.7,118.2,90.5,120.9,90.3,122.6z"},{"type":"path","fill":"#ECEDED","stroke":"none","path":"M86.6,105.9h-4.1c0,0,0.6,1.4,2,1.4C85.9,107.4,86.6,105.9,86.6,105.9z"},{"type":"path","fill":"#604D40","stroke":"none","path":"M89,103.5c0-3-1.6-5.3-4.5-5.3s-4.7,2.4-4.7,5.3h0.4c0,0,0.6-3,4.3-3c3.9,0,4.3,3,4.3,3H89z"},{"type":"ellipse","fill":"#604D40","stroke":"none","cx":86,"cy":103.1,"rx":0.4,"ry":0.8},{"type":"ellipse","fill":"#604D40","stroke":"none","cx":83.6,"cy":103.1,"rx":0.4,"ry":0.8},{"type":"path","fill":"#3F3E41","stroke":"none","path":"M79.4,125.3L78,146.8c0,1.4,1,2.4,2.3,2.7h0.2c1.3,0,2.4-1,2.4-2.3l1.3-17c0.2,0,0.2,0,0.4,0\t\tc0,0,0,0,0.2,0c0.2,0,0.4,0,0.6,0l1,13.9l0.2,3c0,1.3,1.3,2.3,2.4,2.3h0.3c1,0,2-0.8,2.3-1.9c0-0.2,0-0.6,0-0.8l-0.4-5.3l-0.6-9.2\t\tl-0.4-7L79.4,125.3L79.4,125.3z"},{"type":"path","fill":"#B3B5B6","stroke":"none","path":"M69.3,114.3c-1.3-0.4-2.3-0.6-3.1-0.6c-0.9,0-1.6,0.1-2.8,0.6c0,0,0.1,3.4,3,3.4\t\t\tC66.2,117.7,69.3,117.4,69.3,114.3z"},{"type":"path","fill":"#B3B5B6","stroke":"none","path":"M66.2,112.7c-3,0-4.6-2.5-4.6-5.4c0-3.1,1.6-5.4,4.6-5.4s4.8,2.5,4.8,5.4\t\t\t\tC70.9,110.2,69.3,112.7,66.2,112.7z"},{"type":"path","fill":"#0BB0BD","stroke":"none","path":"M55.6,133.1c0,1,0.1,2.1,1.6,2.3c1.4,0.2,1.9-0.6,2.2-1.7c0.9-6.5,1.9-12.2,1.9-12.2c0,0.4,0,1,0,1.6\t\t\t\t\tl-0.4,6.3h10.9c0,0-0.4-5.7-0.6-7.6c0.6,1.6,1.6,10.9,1.9,11.7c0.1,1,1,1.6,1.9,1.6c1.8,0,2.1-1.3,2.1-2.3\t\t\t\t\tc-0.1-0.9-1.5-10.7-2.3-13c-0.4-1.5-1.3-3.1-2.5-4.2c-0.6-0.6-1.6-1.5-3.1-1.6c-0.6-0.1,0,2.1-2.3,2.1c-2.3,0-2.1-2.3-2.5-2.3\t\t\t\t\tc-0.9,0.1-1.5,0.4-2.1,0.6c-0.9,0.4-1.9,0.9-2.8,1.9c-0.7,0.7-1.7,3.7-2.7,8.3C55.9,128.5,55.6,131.9,55.6,133.1z"},{"type":"path","fill":"#604D40","stroke":"none","path":"M61.7,107.2c0-3.1,1.6-5.4,4.6-5.4s4.8,2.5,4.8,5.4h-0.4c0,0-0.6-3.1-4.4-3.1c-4,0-4.4,3.1-4.4,3.1H61.7z\t\t\t"},{"type":"ellipse","fill":"#604D40","stroke":"none","cx":64.8,"cy":107.4,"rx":0.4,"ry":0.9},{"type":"ellipse","fill":"#604D40","stroke":"none","cx":67.4,"cy":107.4,"rx":0.4,"ry":0.9},{"type":"path","fill":"#5A595B","stroke":"none","path":"M60.8,129.6l-0.4,7.1l-0.6,9.5l-0.4,5.4c0,0.1,0,0.6,0,0.9c0.1,1,1.3,1.9,2.3,1.9h0.1\t\t\tc1.3,0,2.5-1,2.5-2.3l0.1-3.1l1-14.3c0.1,0,0.4,0,0.6,0c0,0,0,0,0.1,0c0,0,0.1,0,0.4,0l1.3,17.5c0,1.3,1.3,2.3,2.5,2.3h0.1\t\t\tc1.5,0,2.5-1.3,2.3-2.8l-1.5-22.1H60.8L60.8,129.6z"},{"type":"path","fill":"#FFFFFF","stroke":"none","path":"M64.3,109.8h3.8c0,0-0.7,0.9-2,0.9C65,110.7,64.3,109.8,64.3,109.8z"}]}