{"width":"224.7","height":"155.7","dx":"0","dy":"0","geometry":[{"type":"path","fill":"#EDE1C3","stroke":"none","path":"M224.6,103.8c0-22.2-50.1-40.2-111.8-40.2S1,81.7,1,103.8c0,1.7,0.3,3.5,0.9,5.1l127,34.6\tC183,140.8,224.6,124.1,224.6,103.8z"},{"type":"path","fill":"#92BD61","stroke":"none","path":"M112.8,144c5.5,0,10.8-0.1,16.1-0.4L1.9,109C9,128.7,55.9,144,112.8,144z"},{"type":"path","fill":"#989797","stroke":"none","path":"M0,103.3v12.9c0,13.7,29.6,39.5,115.6,39.5c63.7,0,109.1-20.9,109.1-39.1v-10.4c-1.3,18-47.1,38.1-109,38.1C27.8,144.3-0.8,117.3,0,103.3z"},{"type":"ellipse","fill":"none","stroke":"#B3B3B3","stroke-width":0.9996,"stroke-miterlimit":10,"cx":112.5,"cy":104.1,"rx":112.1,"ry":39.9},{"type":"ellipse","fill":"#D9D9DA","stroke":"#FAF9F9","stroke-width":0.091495,"stroke-miterlimit":10,"cx":79.4,"cy":119.2,"rx":14.5,"ry":5.2},{"type":"ellipse","fill":"#D9D9DA","stroke":"#FAF9F9","stroke-width":0.091495,"stroke-miterlimit":10,"cx":191.2,"cy":82.8,"rx":10.2,"ry":3.6},{"type":"path","fill":"#92BD61","stroke":"none","path":"M9.1,89.3l92,23.9l75.1-40.9c-6.2-2.9-17.9-4.5-17.9-4.5s-26.5-4.8-58.3-3s-44.2,5.5-44.2,5.5\ts-15.9,3.5-25.5,7C17.8,81.8,9.1,89.3,9.1,89.3z"},{"type":"path","fill":"#5AAC26","stroke":"none","path":"M23.8,54.6c0-3.8,4.4-6.9,9.8-6.9c5.4,0,9.8,3.1,9.8,6.9s-4.4,6.9-9.8,6.9C28.2,61.5,23.8,58.4,23.8,54.6z"},{"type":"ellipse","fill":"#87BB56","stroke":"none","cx":15.8,"cy":43.7,"rx":9,"ry":7},{"type":"path","fill":"#5AAC26","stroke":"none","path":"M6.1,57.5c-0.4-4.2,2.1-8.2,9.1-8.2c7,0,12.6,3.5,12.6,7.7c0,4.3-0.8,7.7-7.8,7.7C13.1,64.7,6.8,64.1,6.1,57.5z"},{"type":"ellipse","fill":"#DFDB00","stroke":"none","cx":22.3,"cy":39.5,"rx":10.5,"ry":8.1},{"type":"ellipse","fill":"#AEBD59","stroke":"none","cx":30.3,"cy":44.5,"rx":10.6,"ry":7.9},{"type":"ellipse","fill":"#D9D9DA","stroke":"#FAF9F9","stroke-width":0.091495,"stroke-miterlimit":10,"cx":25.4,"cy":104.5,"rx":14.5,"ry":5.2},{"type":"path","fill":"#A38978","stroke":"none","path":"M22.8,52.9C22.8,52.9,22.8,52.9,22.8,52.9C22.8,52.9,22.8,52.9,22.8,52.9L22.8,52.9C22.8,52.9,22.8,52.9,22.8,52.9c0-0.5,1-0.8,2.2-0.8c1.2,0,2.2,0.4,2.2,0.8c0,0,0,0,0,0l1.2,51.1c0,0.6-1.4,1.1-3.2,1.1c-1.7,0-3.2-0.5-3.2-1.1L22.8,52.9z"},{"type":"path","fill":"#A38978","stroke":"none","path":"M34.8,52.5C34.8,52.5,34.8,52.5,34.8,52.5C34.8,52.5,34.8,52.5,34.8,52.5L34.8,52.5C34.8,52.5,34.8,52.5,34.8,52.5c0.2-0.2,0.7,0.1,1.1,0.5c0.4,0.5,0.7,0.9,0.5,1.1c0,0,0,0,0,0L27.1,64c-0.2,0.2-0.9-0.1-1.6-0.8c-0.6-0.7-1-1.4-0.7-1.6L34.8,52.5z"},{"type":"path","fill":"#C7D009","stroke":"none","path":"M11.6,50.6c0-4.1,3.8-7.4,8.5-7.4c4.7,0,8.5,3.3,8.5,7.4c0,4.1-3.8,7.3-8.5,7.3C15.4,57.9,11.6,54.6,11.6,50.6z"},{"type":"path","fill":"#C7D009","stroke":"none","path":"M27.8,53.1c0-2,1.9-3.7,4.3-3.7s4.3,1.7,4.3,3.7c0,2-1.9,3.7-4.3,3.7S27.8,55.1,27.8,53.1z"},{"type":"path","fill":"#C7D009","stroke":"none","path":"M32.1,56.3c0-2,1.9-3.7,4.3-3.7s4.3,1.7,4.3,3.7c0,2-1.9,3.7-4.3,3.7S32.1,58.3,32.1,56.3z"},{"type":"path","fill":"#C7D009","stroke":"none","path":"M134.5,80.5c0-2,1.9-3.7,4.3-3.7s4.3,1.7,4.3,3.7c0,2-1.9,3.7-4.3,3.7S134.5,82.5,134.5,80.5z"},{"type":"path","fill":"#C7D009","stroke":"none","path":"M11.5,57.5c0-2,1.9-3.7,4.3-3.7s4.3,1.7,4.3,3.7c0,2-1.9,3.7-4.3,3.7S11.5,59.5,11.5,57.5z"},{"type":"path","fill":"#6E924C","stroke":"none","path":"M70.6,112.7c0-0.2,1.9-1.1,1.8-2.3c-0.1-1.3-0.3-1.6-0.3-1.6c0-0.2,0.6-1.2,0.6-2.1c0-0.9-1-1-1-1\ts0.7-0.7,0.6-1.5c-0.2-1.2-0.8-0.8-0.8-0.8s0.5-0.8,0.7-1.3c0.5-1.6-0.8-2-1.6-1.7c-0.9,0.3-8,2.4-9,3.5s-1.3-0.7-1.7,1.5\tc-0.2,1.1,0.1,6.8,0.1,8.4c0,1.5-0.7,2.9-0.4,3.2C59.8,117.2,70.6,112.7,70.6,112.7z"},{"type":"path","fill":"#87AF5B","stroke":"none","path":"M30.3,98.5c-0.9,0.7-1.1,1.4-0.9,2.4c0.1,1,1.4,1.1,1.4,1.1s-1.1,0.4-1.4,1.2c-0.3,0.9,0.4,1.2,0.4,1.2\ts-0.8,0.6-0.5,1.4c0.3,0.8,0.9,1.2,0.9,1.2s-0.9,0.3-1,1.1c-0.1,0.9,1.1,1.5,1.1,1.5s-1.6,1-1.1,1.9c0.4,0.9,1.5,1.3,1.5,1.3\ts3.8,0.8,8,1.9c3.4,0.9,4.5-0.5,4.7-0.2c0.2,0.3,3.4,1.7,4.3,1.9c3.8,0.5,4.1-0.5,4.1-0.5s1.5,1.5,3.8,1.6c2.3,0.2,4,0.1,4.4-1.1\tc0.7-2.2,1.1-1.9,1.1-1.9s0.5-1.8,0.1-3.8c-0.5-2.1-1.4-2.2-1.4-2.2s1.8,0.1,1.8-1.8c0-1.1-1.1-2.2-1.6-2.6S30.3,98.5,30.3,98.5z"},{"type":"path","fill":"#AEBD59","stroke":"none","path":"M29,97.4c-0.3-0.7,1.6-1.9,2.5-1.6c0.9-0.9,1.7-2.1,2.8-2.1c0.6,0,1.9,1.1,1.9,1.1s0.2-1.1,1.4-1.5\tc0.8-0.3,2.2,1.2,2.2,1.2s0.4-1.2,2-1.2c1,0,1.9,1.2,2,1.4c0,0.2,0.6-1,2.3-1c1.1,0,2,1.3,2,1.3s0.9-1.4,2.3-1.3\tc1.4,0.1,2.5,1.4,2.5,1.4s1.5-1.1,3.2-0.4c1.3,0.6,1.8,2,1.8,2s1-1.5,2.9-1.3s2.2,2.3,2.2,2.3s0.8-0.5,2.2,0\tc1.4,0.5,1.9,1.3,1.9,1.3s0.9-0.7,2.4-0.6c3,0.2,1.9,3.4,0.2,3.9c-1.8,0.6-1.5-0.7-1.8-0.3c-0.3,0.4,0,1.8-1.4,2.7\tc-0.9,0.5-1.9,0.3-1.9,0.3s-0.6,1.5-1.4,1.8c-1.5,0.6-2-0.4-2-0.4s-0.3,0.9-1.3,0.8c-1.2-0.1-1.3-1.1-1.3-1.1s-1.3,0.7-2.6,0\tc-1.2-0.6-1.5-1.6-1.5-1.6s-0.3,0.8-1.8,0.6c-0.9-0.2-1.4-1.6-1.4-1.6s-0.5,0.4-2.2-0.1c-0.9-0.3-0.9-1-0.9-1s-0.3,1.8-2.2,1.3\tc-1-0.3-1.6-0.7-1.6-0.7s-0.4-0.2-1.3-0.3c-0.9,0-1.2-0.6-1.2-0.6s-1,1.4-2.7,0.7c-1.4-0.6-1.7-1.4-1.4-1.7c0,0-0.9,1-3.1,0.6\tc-1.2-0.2-1.3-2.6-1.3-2.6s-0.9,1.7-2.2,1.2c-1.4-0.5-1-0.5-1-0.5S29.8,99.3,29,97.4z"},{"type":"ellipse","fill":"#87BB56","stroke":"none","cx":95.5,"cy":33.8,"rx":7,"ry":5.5},{"type":"ellipse","fill":"#5AAC26","stroke":"none","cx":99.1,"cy":43,"rx":7.6,"ry":5.4},{"type":"ellipse","fill":"#87BB56","stroke":"none","cx":81.5,"cy":39.2,"rx":5.7,"ry":4.5},{"type":"ellipse","fill":"#5AAC26","stroke":"none","cx":115,"cy":94.7,"rx":5.7,"ry":4.5},{"type":"ellipse","fill":"#5AAC26","stroke":"none","cx":136,"cy":75.9,"rx":5.7,"ry":4.5},{"type":"ellipse","fill":"#5AAC26","stroke":"none","cx":98.2,"cy":91.5,"rx":5.7,"ry":4.5},{"type":"ellipse","fill":"#5AAC26","stroke":"none","cx":102.5,"cy":87.8,"rx":5.7,"ry":4.5},{"type":"ellipse","fill":"#5AAC26","stroke":"none","cx":84.7,"cy":44.7,"rx":8.1,"ry":4.9},{"type":"ellipse","fill":"#DFDB00","stroke":"none","cx":89.2,"cy":33.5,"rx":6.7,"ry":5.2},{"type":"ellipse","fill":"#AEBD59","stroke":"none","cx":94.3,"cy":36.7,"rx":6.8,"ry":5.1},{"type":"ellipse","fill":"#AEBD59","stroke":"none","cx":96.9,"cy":45.9,"rx":3.8,"ry":2.8},{"type":"path","fill":"#A38978","stroke":"none","path":"M89.5,43.1C89.5,43.1,89.5,43.1,89.5,43.1C89.5,43.1,89.5,43.1,89.5,43.1L89.5,43.1C89.5,43.1,89.5,43.1,89.5,43.1c0-0.3,0.6-0.5,1.4-0.5c0.8,0,1.4,0.2,1.4,0.5c0,0,0,0,0,0L93,73c0,0.4-0.9,0.7-2,0.7c-1.1,0-2-0.3-2-0.7L89.5,43.1z"},{"type":"path","fill":"#A38978","stroke":"none","path":"M97.2,41.9C97.2,41.9,97.2,41.9,97.2,41.9C97.2,41.9,97.2,41.8,97.2,41.9L97.2,41.9C97.2,41.8,97.2,41.8,97.2,41.9c0.1-0.1,0.4,0.1,0.7,0.3c0.3,0.3,0.4,0.6,0.3,0.7c0,0,0,0,0,0l-6,6.3c-0.2,0.1-0.6-0.1-1-0.5c-0.4-0.4-0.6-0.9-0.5-1L97.2,41.9z"},{"type":"path","fill":"#C7D009","stroke":"none","path":"M85.8,40.2c0-3.1,2.9-5.6,6.5-5.6s6.5,2.5,6.5,5.6c0,3.1-2.9,5.6-6.5,5.6S85.8,43.3,85.8,40.2z"},{"type":"path","fill":"#5AAC26","stroke":"none","path":"M56.8,41.2c0-3.8,4.4-6.9,9.8-6.9c5.4,0,9.8,3.1,9.8,6.9s-4.4,6.9-9.8,6.9C61.2,48.1,56.8,45,56.8,41.2z"},{"type":"ellipse","fill":"#87BB56","stroke":"none","cx":43.3,"cy":34.9,"rx":9,"ry":7},{"type":"path","fill":"#5AAC26","stroke":"none","path":"M39.7,44.9c0-4.3,1.5-9,8.5-9c7,0,12.6,3.5,12.6,7.7c0,4.3-1.6,6.6-8.6,6.6C45.3,50.2,39.7,49.1,39.7,44.9z"},{"type":"ellipse","fill":"#DFDB00","stroke":"none","cx":55.3,"cy":26.1,"rx":10.5,"ry":8.1},{"type":"ellipse","fill":"#AEBD59","stroke":"none","cx":65,"cy":29.7,"rx":12.3,"ry":9.2},{"type":"path","fill":"#A38978","stroke":"none","path":"M55.7,41.1C55.7,41.1,55.7,41.1,55.7,41.1C55.7,41.1,55.7,41.1,55.7,41.1L55.7,41.1C55.7,41.1,55.7,41.1,55.7,41.1c0-0.5,1-0.8,2.2-0.8c1.2,0,2.2,0.4,2.2,0.8c0,0,0,0,0,0l1.2,38.1c0,0.6-1.4,1.1-3.2,1.1c-1.7,0-3.2-0.5-3.2-1.1L55.7,41.1z"},{"type":"path","fill":"#A38978","stroke":"none","path":"M67.7,39.1C67.7,39.1,67.7,39.1,67.7,39.1C67.7,39.1,67.7,39.1,67.7,39.1L67.7,39.1C67.7,39.1,67.7,39.1,67.7,39.1c0.2-0.2,0.7,0.1,1.1,0.5c0.4,0.5,0.7,0.9,0.5,1.1c0,0,0,0,0,0L60,50.6c-0.2,0.2-0.9-0.1-1.6-0.8c-0.6-0.7-1-1.4-0.7-1.6L67.7,39.1z"},{"type":"path","fill":"#A38978","stroke":"none","path":"M107.9,94.7C107.9,94.7,107.9,94.7,107.9,94.7C108,94.7,108,94.7,107.9,94.7L107.9,94.7C108,94.7,108,94.7,107.9,94.7c0.2-0.1,0.6,0.4,0.8,0.9c0.2,0.6,0.2,1.1,0,1.2c0,0,0,0,0,0L96.2,102c-0.3,0.1-0.8-0.5-1.1-1.4c-0.3-0.9-0.3-1.6,0-1.8L107.9,94.7z"},{"type":"path","fill":"#A38978","stroke":"none","path":"M136.9,77.7C136.9,77.7,136.9,77.7,136.9,77.7C136.9,77.7,136.9,77.7,136.9,77.7L136.9,77.7C136.9,77.7,136.9,77.7,136.9,77.7c0.2,0,0.5,0.5,0.6,1.1c0.1,0.6,0,1.2-0.2,1.2c0,0,0,0,0,0l-13.3,2.6c-0.3,0-0.7-0.7-0.8-1.6c-0.1-0.9,0-1.7,0.4-1.7L136.9,77.7z"},{"type":"path","fill":"#A38978","stroke":"none","path":"M110.8,87.5C110.8,87.5,110.8,87.5,110.8,87.5C110.8,87.5,110.8,87.5,110.8,87.5L110.8,87.5C110.8,87.5,110.8,87.5,110.8,87.5c0.2-0.1,0.6,0.4,0.8,0.9c0.2,0.6,0.2,1.1,0,1.2c0,0,0,0,0,0l-23.3,11.6c-0.3,0.1-0.8-0.5-1.1-1.4c-0.3-0.9-0.3-1.6,0-1.8L110.8,87.5z"},{"type":"path","fill":"#A38978","stroke":"none","path":"M137.9,83.6c-0.1-0.6-0.8-1.2-0.8-1.2l-4.7,1.5l1.6-3.7c0.2-0.2,0.3-0.4-0.4-1c-0.7-0.6-0.7,0.1-0.9,0.3c0,0-2.3,3.9-3.1,5.3l-16.8,5.3c-0.3,0.1-0.5,0.8-0.3,1.7c0.1,0.9,0.2,0.8,0.5,0.8l25-7.4c0,0,0,0,0,0C138,85.2,138,84.2,137.9,83.6z"},{"type":"path","fill":"#C7D009","stroke":"none","path":"M43.3,34.9c0-4.1,5.6-8.8,10.3-8.8c4.7,0,11.4,6.3,11.4,10.3c0,4.1-7.2,8.1-11.9,8.1C48.4,44.5,43.3,39,43.3,34.9z"},{"type":"path","fill":"#989797","stroke":"none","path":"M-0.2,90.1L-0.2,90.1L-0.2,90.1C-0.2,90.1-0.2,90.1-0.2,90.1z"},{"type":"path","fill":"#989797","stroke":"none","path":"M88,51.4L88,51.4L88,51.4C88,51.4,88,51.4,88,51.4z"},{"type":"path","fill":"#989797","stroke":"none","path":"M117.6,64.5L117.6,64.5L117.6,64.5C117.6,64.5,117.6,64.5,117.6,64.5z"},{"type":"path","fill":"#989797","stroke":"none","path":"M14.4,87.4L14.4,87.4L14.4,87.4C14.4,87.4,14.4,87.4,14.4,87.4z"},{"type":"path","fill":"#5AAC26","stroke":"none","path":"M77.8,73.6c0-3.8,4.4-6.9,9.8-6.9c5.4,0,9.8,3.1,9.8,6.9s-4.4,6.9-9.8,6.9C82.2,80.5,77.8,77.4,77.8,73.6z"},{"type":"path","fill":"#87BB56","stroke":"none","path":"M59.6,82.5c0-3,2.3-13,8.8-12.4c3.9,0.4,6.5,5.4,6.5,8.4c0,3-3.1,5.5-7,5.5S59.6,87.3,59.6,82.5z"},{"type":"ellipse","fill":"#5AAC26","stroke":"none","cx":71.8,"cy":85.4,"rx":9.9,"ry":6.1},{"type":"ellipse","fill":"#DFDB00","stroke":"none","cx":77.3,"cy":71.7,"rx":8.2,"ry":6.4},{"type":"ellipse","fill":"#AEBD59","stroke":"none","cx":85.6,"cy":80.1,"rx":8.3,"ry":6.2},{"type":"path","fill":"#A38978","stroke":"none","path":"M77.7,83.5C77.7,83.5,77.7,83.5,77.7,83.5C77.7,83.5,77.7,83.5,77.7,83.5L77.7,83.5C77.7,83.4,77.7,83.4,77.7,83.5c0-0.4,0.8-0.6,1.7-0.6c0.9,0,1.7,0.3,1.7,0.6c0,0,0,0,0,0l0.9,35.3c0,0.5-1.1,0.9-2.5,0.9c-1.4,0-2.5-0.4-2.5-0.9L77.7,83.5z"},{"type":"path","fill":"#A38978","stroke":"none","path":"M86.2,79.1C86.2,79.1,86.2,79.1,86.2,79.1C86.2,79.1,86.2,79.1,86.2,79.1L86.2,79.1C86.2,79.1,86.2,79.1,86.2,79.1c0.1-0.1,0.5,0.1,0.8,0.4c0.3,0.3,0.5,0.7,0.4,0.8c0,0,0,0,0,0l-6.7,7.1c-0.2,0.2-0.7-0.1-1.1-0.6c-0.5-0.5-0.7-1-0.5-1.2L86.2,79.1z"},{"type":"path","fill":"#C7D009","stroke":"none","path":"M68,78.6c0-3.2,4-6.4,7.7-6.4c3.7,0,6.7,5,6.7,8.2c0,3.2-3,5.8-6.7,5.8C71.9,86.1,68,81.8,68,78.6z"},{"type":"path","fill":"#989797","stroke":"none","path":"M49.7,95.9L49.7,95.9L49.7,95.9C49.7,95.9,49.7,95.9,49.7,95.9z"},{"type":"ellipse","fill":"#E7511E","stroke":"none","cx":33.7,"cy":103.5,"rx":0.7,"ry":0.7},{"type":"ellipse","fill":"#E7511E","stroke":"none","cx":41.3,"cy":107.8,"rx":0.7,"ry":0.7},{"type":"ellipse","fill":"#E7511E","stroke":"none","cx":48.3,"cy":108.5,"rx":0.7,"ry":0.7},{"type":"ellipse","fill":"#E7511E","stroke":"none","cx":53.7,"cy":101,"rx":0.7,"ry":0.7},{"type":"ellipse","fill":"#D44B1D","stroke":"none","cx":70,"cy":107.1,"rx":0.7,"ry":0.7},{"type":"ellipse","fill":"#D44B1D","stroke":"none","cx":65.4,"cy":110.5,"rx":0.7,"ry":0.7},{"type":"ellipse","fill":"#E7511E","stroke":"none","cx":42.8,"cy":99.4,"rx":0.7,"ry":0.7},{"type":"ellipse","fill":"#E7511E","stroke":"none","cx":39.9,"cy":95.5,"rx":0.7,"ry":0.7},{"type":"ellipse","fill":"#E7511E","stroke":"none","cx":35.7,"cy":109.7,"rx":0.7,"ry":0.7},{"type":"ellipse","fill":"#E7511E","stroke":"none","cx":53,"cy":114,"rx":0.7,"ry":0.7},{"type":"path","fill":"#6F7072","stroke":"none","path":"M113.4,133.9"},{"type":"path","fill":"#5AAC26","stroke":"none","path":"M114,28.1c0-4.6,5.3-8.4,11.9-8.4c6.6,0,11.9,3.8,11.9,8.4s-5.3,8.4-11.9,8.4C119.3,36.5,114,32.7,114,28.1z"},{"type":"ellipse","fill":"#5AAC26","stroke":"none","cx":105.1,"cy":31,"rx":13.7,"ry":9.4},{"type":"ellipse","fill":"#DFDB00","stroke":"none","cx":112.1,"cy":9.8,"rx":12.8,"ry":9.8},{"type":"ellipse","fill":"#AEBD59","stroke":"none","cx":121.7,"cy":15.8,"rx":12.8,"ry":9.6},{"type":"ellipse","fill":"#AEBD59","stroke":"none","cx":124.9,"cy":34.6,"rx":5.3,"ry":4},{"type":"path","fill":"#A38978","stroke":"none","path":"M112.7,28C112.7,28,112.7,28,112.7,28C112.7,28,112.7,28,112.7,28L112.7,28C112.7,28,112.7,28,112.7,28c0-0.6,1.2-1,2.7-1c1.5,0,2.7,0.4,2.7,0.9c0,0,0,0,0,0l1.4,56.5c0,0.8-1.7,1.4-3.9,1.4c-2.1,0-3.8-0.6-3.9-1.4L112.7,28z"},{"type":"path","fill":"#A38978","stroke":"none","path":"M127.2,25.6C127.2,25.6,127.2,25.6,127.2,25.6C127.2,25.6,127.2,25.6,127.2,25.6L127.2,25.6C127.2,25.6,127.2,25.6,127.2,25.6c0.2-0.2,0.8,0.1,1.3,0.6c0.5,0.5,0.8,1.1,0.6,1.3c0,0,0,0,0,0l-11.3,12c-0.3,0.3-1.1-0.2-1.9-0.9c-0.8-0.8-1.2-1.7-0.9-1.9L127.2,25.6z"},{"type":"path","fill":"#C7D009","stroke":"none","path":"M99.1,23.2c0-4.9,4.6-8.9,10.4-8.9c5.7,0,10.4,4,10.4,8.9c0,4.9-4.6,8.9-10.4,8.9C103.7,32.1,99.1,28.2,99.1,23.2z"},{"type":"ellipse","fill":"#AEBD59","stroke":"none","cx":128.6,"cy":27.7,"rx":5.3,"ry":4},{"type":"path","fill":"#CAA922","stroke":"none","path":"M138.4,28.8 138.4,39.1 117.7,45.3 117.7,35.5 z"},{"type":"path","fill":"#EBD958","stroke":"none","path":"M131.2,47.5 117.7,45.2 117.7,35.5 131.2,37.7 z"},{"type":"path","fill":"#DAB722","stroke":"none","path":"M151.9,39.8 138.4,37.2 138.4,28.8 151.9,31.1 z"},{"type":"path","fill":"#6F7072","stroke":"none","path":"M128.1,125.9"},{"type":"path","fill":"#58585A","stroke":"none","path":"M189.7,97.1 180.4,95.4 158.9,101.6 158.8,106 163,106.7 z"},{"type":"path","fill":"#58585A","stroke":"none","path":"M163,112.6 158.2,111.8 158.3,105.9 163,106.7 z"},{"type":"path","fill":"#EBEBED","stroke":"none","path":"M123.6,91.2 119.4,106.1 119.4,115.7 143.1,119.9 143.1,110.4 147.3,95.4 z"},{"type":"ellipse","fill":"#E8CB57","stroke":"none","transform":"t6.4832,231.6897r-87.979,0,0","cx":123.2,"cy":112.5,"rx":2.1,"ry":1.1},{"type":"ellipse","fill":"#E8CB57","stroke":"none","transform":"t18.927,250.3266r-87.9925,0,0","cx":139.1,"cy":115.4,"rx":2.1,"ry":1.1},{"type":"path","fill":"#88888A","stroke":"none","path":"M163,112.6 189.7,102.8 189.7,97.1 163,106.7 z"},{"type":"path","fill":"#58585A","stroke":"none","path":"M178.2,110.9c-0.9,0-1.6-2-1.6-4.5c0-2.5,0.8-4.4,1.7-4.4l2.4,0.4v9L178.2,110.9z"},{"type":"ellipse","fill":"#88888A","stroke":"none","cx":180.7,"cy":106.9,"rx":1.6,"ry":4.6},{"type":"path","fill":"#A9C2E1","stroke":"none","path":"M122.8,105.2 125.8,94.2 143.8,97.4 140.7,108.4 z"},{"type":"path","fill":"#6F7072","stroke":"none","opacity":0.2,"path":"M127.2,94.4 143.7,97.4 140.8,107.9 z"},{"type":"path","fill":"#58585A","stroke":"none","path":"M125.2,111.8 125.2,114.6 137.3,116.7 137.3,113.9 z"},{"type":"path","fill":"#EBD958","stroke":"none","path":"M173.2,85.1 187.1,87.7 164,95.4 150.5,93.1 z"},{"type":"path","fill":"#E8CB57","stroke":"none","path":"M164,105.1 187.1,96.5 187,94.8 187.1,87.7 164,95.4 z"},{"type":"path","fill":"#DAB722","stroke":"none","path":"M164,105.1 159.7,104.3 159.7,94.6 164,95.3 z"},{"type":"path","fill":"#E8CB57","stroke":"none","path":"M131.2,47.5 151.9,39.9 151.9,38.2 151.9,31.1 131.2,37.7 z"},{"type":"path","fill":"#9C9E9F","stroke":"none","path":"M159.7,90.8 147.3,95.4 143.1,110.4 143.1,119.9 159.7,113.7 z"},{"type":"path","fill":"#58585A","stroke":"none","path":"M154.3,119.4c-0.9,0-1.6-2-1.6-4.5c0-2.5,0.8-4.4,1.7-4.4l2.4,0.4v9L154.3,119.4z"},{"type":"ellipse","fill":"#88888A","stroke":"none","cx":156.7,"cy":115.4,"rx":1.6,"ry":4.6},{"type":"path","fill":"#A9C2E1","stroke":"none","path":"M145.3,108.9 151.5,106.7 151.5,97.5 148,98.8 z"},{"type":"path","fill":"#A9C2E1","stroke":"none","path":"M152.5,97.2 152.5,106.4 156.8,104.8 156.7,95.6 z"},{"type":"path","fill":"#F6F5F6","stroke":"none","path":"M136,86.6 123.5,91.2 147.3,95.4 159.7,90.8 z"},{"type":"path","fill":"#6F7072","stroke":"none","opacity":0.2,"path":"M147.3,95.4 159.7,90.8 136,86.6 z"},{"type":"path","fill":"#F29400","stroke":"none","path":"M148.2,61.7 150.3,63.8 157.1,90.4 154.4,89.9 z"},{"type":"path","fill":"#EBD958","stroke":"none","path":"M167.7,91.5 138.8,38.4 138.8,44.2 161.4,90.2 z"},{"type":"path","fill":"#E8CB57","stroke":"none","path":"M174.2,89 167.7,91.5 138.8,38.4 143.4,38.4 z"},{"type":"ellipse","fill":"#87BB56","stroke":"none","cx":196.6,"cy":35.4,"rx":8.4,"ry":6.6},{"type":"ellipse","fill":"#5AAC26","stroke":"none","cx":201,"cy":46.6,"rx":9.2,"ry":6.5},{"type":"ellipse","fill":"#87BB56","stroke":"none","cx":179.7,"cy":41.9,"rx":7,"ry":5.5},{"type":"ellipse","fill":"#5AAC26","stroke":"none","cx":183.5,"cy":48.7,"rx":9.8,"ry":6},{"type":"path","fill":"#DFDB00","stroke":"none","path":"M180.8,35.1c0-3.5,3.7-6.3,8.2-6.3c4.5,0,8.2,2.8,8.2,6.3c0,3.5-3.7,6.3-8.2,6.3C184.5,41.4,180.8,38.6,180.8,35.1z"},{"type":"path","fill":"#AEBD59","stroke":"none","path":"M186.9,38.9c0-3.4,3.7-6.1,8.2-6.1s8.2,2.8,8.2,6.1c0,3.4-3.7,6.1-8.2,6.1S186.9,42.3,186.9,38.9z"},{"type":"ellipse","fill":"#AEBD59","stroke":"none","cx":198.3,"cy":50.1,"rx":4.6,"ry":3.4},{"type":"path","fill":"#A38978","stroke":"none","path":"M189.3,46.7C189.3,46.7,189.3,46.7,189.3,46.7C189.3,46.7,189.3,46.7,189.3,46.7L189.3,46.7C189.3,46.7,189.3,46.7,189.3,46.7c0-0.4,0.8-0.6,1.7-0.6c0.9,0,1.7,0.3,1.7,0.6c0,0,0,0,0,0l0.9,36.2c0,0.5-1.1,0.9-2.5,0.9c-1.4,0-2.5-0.4-2.5-0.9L189.3,46.7z"},{"type":"path","fill":"#C7D009","stroke":"none","path":"M184.8,43.2c0-3.8,3.5-6.8,7.9-6.8c4.4,0,7.9,3.1,7.9,6.8c0,3.8-3.5,6.8-7.9,6.8C188.4,50,184.8,47,184.8,43.2z"},{"type":"path","fill":"#C7D009","stroke":"none","path":"M92.5,100.5c0-2,1.9-3.7,4.3-3.7s4.3,1.7,4.3,3.7c0,2-1.9,3.7-4.3,3.7S92.5,102.5,92.5,100.5z"},{"type":"path","fill":"#C7D009","stroke":"none","path":"M121.6,81.8c0-2,1.9-3.7,4.3-3.7s4.3,1.7,4.3,3.7c0,2-1.9,3.7-4.3,3.7S121.6,83.8,121.6,81.8z"}]}