{"width":"224.7","height":"91.5","dx":"0","dy":"0","geometry":[{"type":"path","fill":"#FBFAFA","stroke":"none","path":"M112.4,80.1C50.8,80.1,0.6,62.2,0.6,40.2c0-22,50.2-39.9,111.8-39.9s111.8,17.9,111.8,39.9C224.2,62.2,174.1,80.1,112.4,80.1z"},{"type":"path","fill":"#BCA375","stroke":"none","path":"M222.8,32.8L64.9,5.2c0,0-25.2,5.3-39.4,11.3C3.3,25.9,1,37.9,1,37.9l184,32.7c0,0,19.7-5.9,29.6-14.1C230.1,43.6,222.8,32.8,222.8,32.8z"},{"type":"path","fill":"#7D6F52","stroke":"none","path":"M170.9,40.5c1.2,0.2,1.4-1.2,2.8-0.8c1.3,0.4,2.6,0.8,4.7,1.9c2,1.1,4.9-0.7,5.4,1.3c0.5,2,1.1,0.1,0.1,1.6c-1,1.4-0.8,1.9-2,2.3c-1.2,0.4-1.1,1.4-3.4,0.7c-2.3-0.7-6.4,3.8-6.7,3.1S170.9,40.5,170.9,40.5z"},{"type":"path","fill":"#E8DFC2","stroke":"none","path":"M134,12.3 139.3,10.4 134.4,9.5 134.4,9.6 129.2,11.5 z"},{"type":"path","fill":"#C6BA9D","stroke":"none","path":"M134,12.3 129.2,11.5 129.2,13.3 134,14.2 z"},{"type":"path","fill":"#A59C86","stroke":"none","path":"M134,14.2 134,12.3 139.3,10.4 139.3,12.3 z"},{"type":"path","fill":"#E8DFC2","stroke":"none","path":"M141.1,13.7 146.4,11.8 141.5,10.9 141.5,11 136.3,12.9 z"},{"type":"path","fill":"#C6BA9D","stroke":"none","path":"M141.1,13.7 136.3,12.9 136.3,14.7 141.1,15.6 z"},{"type":"path","fill":"#A59C86","stroke":"none","path":"M141.1,15.6 141.1,13.7 146.4,11.8 146.4,13.7 z"},{"type":"path","fill":"#E8DFC2","stroke":"none","path":"M148.2,15.1 153.5,13.2 148.6,12.3 148.6,12.4 143.4,14.3 z"},{"type":"path","fill":"#C6BA9D","stroke":"none","path":"M148.2,15.1 143.4,14.3 143.4,16.1 148.2,17 z"},{"type":"path","fill":"#A59C86","stroke":"none","path":"M148.2,17 148.2,15.1 153.5,13.2 153.5,15.1 z"},{"type":"path","fill":"#E8DFC2","stroke":"none","path":"M138.5,10.9 143.8,8.9 138.9,8.1 138.9,8.1 133.7,10 z"},{"type":"path","fill":"#C6BA9D","stroke":"none","path":"M138.5,10.9 133.7,10 133.7,11.8 138.5,12.7 z"},{"type":"path","fill":"#A59C86","stroke":"none","path":"M138.5,12.7 138.5,10.9 143.8,8.9 143.8,10.8 z"},{"type":"path","fill":"#E8DFC2","stroke":"none","path":"M145.6,12.3 150.9,10.3 146,9.5 146,9.5 140.8,11.4 z"},{"type":"path","fill":"#C6BA9D","stroke":"none","path":"M145.6,12.3 140.8,11.4 140.8,13.2 145.6,14.1 z"},{"type":"path","fill":"#A59C86","stroke":"none","path":"M145.6,14.1 145.6,12.3 150.9,10.3 150.9,12.2 z"},{"type":"path","fill":"#E8DFC2","stroke":"none","path":"M29,53.2 35.3,50.9 29.5,49.9 29.5,49.9 23.4,52.2 z"},{"type":"path","fill":"#C6BA9D","stroke":"none","path":"M29,53.2 23.4,52.2 23.4,54.4 29,55.4 z"},{"type":"path","fill":"#A59C86","stroke":"none","path":"M29,55.4 29,53.2 35.3,50.9 35.3,53.1 z"},{"type":"path","fill":"#E8DFC2","stroke":"none","path":"M37.4,54.9 43.6,52.6 37.9,51.6 37.9,51.6 31.7,53.8 z"},{"type":"path","fill":"#C6BA9D","stroke":"none","path":"M37.4,54.9 31.7,53.8 31.7,56 37.3,57 z"},{"type":"path","fill":"#A59C86","stroke":"none","path":"M37.3,57 37.4,54.9 43.6,52.6 43.6,54.8 z"},{"type":"path","fill":"#C6BA9D","stroke":"none","path":"M34.3,51.5 28.7,50.4 28.7,52.6 34.3,53.6 z"},{"type":"path","fill":"#A59C86","stroke":"none","path":"M34.3,53.6 34.3,51.5 40.6,49.2 40.6,51.4 z"},{"type":"path","fill":"#E8DFC2","stroke":"none","path":"M45.4,56.2 51.7,53.9 45.9,52.9 45.9,52.9 39.8,55.2 z"},{"type":"path","fill":"#C6BA9D","stroke":"none","path":"M45.4,56.2 39.8,55.2 39.8,57.3 45.4,58.3 z"},{"type":"path","fill":"#A59C86","stroke":"none","path":"M45.4,58.3 45.4,56.2 51.7,53.9 51.7,56.1 z"},{"type":"path","fill":"#E8DFC2","stroke":"none","path":"M53.8,57.8 60,55.5 54.3,54.5 54.3,54.6 48.1,56.8 z"},{"type":"path","fill":"#C6BA9D","stroke":"none","path":"M53.8,57.8 48.1,56.8 48.1,59 53.8,60 z"},{"type":"path","fill":"#A59C86","stroke":"none","path":"M53.8,60 53.8,57.8 60,55.5 60,57.7 z"},{"type":"path","fill":"#E8DFC2","stroke":"none","path":"M50.7,54.4 57,52.2 51.2,51.1 51.3,51.2 45.1,53.4 z"},{"type":"path","fill":"#C6BA9D","stroke":"none","path":"M50.7,54.4 45.1,53.4 45.1,55.6 50.7,56.6 z"},{"type":"path","fill":"#A59C86","stroke":"none","path":"M50.7,56.6 50.7,54.4 57,52.2 57,54.3 z"},{"type":"path","fill":"#C6BA9D","stroke":"none","path":"M42.3,52.7 36.6,51.7 36.6,53.9 42.3,54.9 z"},{"type":"path","fill":"#A59C86","stroke":"none","path":"M42.3,54.9 42.3,52.7 48.5,50.5 48.5,52.6 z"},{"type":"path","fill":"#E8DFC2","stroke":"none","path":"M21,56 27.2,53.7 21.5,52.7 21.5,52.7 15.3,55 z"},{"type":"path","fill":"#C6BA9D","stroke":"none","path":"M21,56 15.3,55 15.3,57.2 21,58.2 z"},{"type":"path","fill":"#A59C86","stroke":"none","path":"M21,58.2 21,56 27.2,53.7 27.2,55.9 z"},{"type":"path","fill":"#E8DFC2","stroke":"none","path":"M29.3,57.7 35.6,55.4 29.8,54.4 29.8,54.4 23.7,56.6 z"},{"type":"path","fill":"#C6BA9D","stroke":"none","path":"M29.3,57.7 23.7,56.6 23.7,58.8 29.3,59.8 z"},{"type":"path","fill":"#A59C86","stroke":"none","path":"M29.3,59.8 29.3,57.7 35.6,55.4 35.6,57.6 z"},{"type":"path","fill":"#C6BA9D","stroke":"none","path":"M26.3,54.3 20.7,53.2 20.7,55.4 26.3,56.4 z"},{"type":"path","fill":"#A59C86","stroke":"none","path":"M26.3,56.4 26.3,54.3 32.5,52 32.6,54.2 z"},{"type":"path","fill":"#E8DFC2","stroke":"none","path":"M37.4,59 43.6,56.7 37.9,55.7 37.9,55.7 31.7,57.9 z"},{"type":"path","fill":"#C6BA9D","stroke":"none","path":"M37.4,59 31.7,57.9 31.7,60.1 37.4,61.1 z"},{"type":"path","fill":"#A59C86","stroke":"none","path":"M37.4,61.1 37.4,59 43.6,56.7 43.6,58.9 z"},{"type":"path","fill":"#E8DFC2","stroke":"none","path":"M45.7,60.6 52,58.3 46.2,57.3 46.2,57.4 40.1,59.6 z"},{"type":"path","fill":"#C6BA9D","stroke":"none","path":"M45.7,60.6 40.1,59.6 40.1,61.8 45.7,62.8 z"},{"type":"path","fill":"#A59C86","stroke":"none","path":"M45.7,62.8 45.7,60.6 52,58.3 52,60.5 z"},{"type":"path","fill":"#E8DFC2","stroke":"none","path":"M42.7,57.2 48.9,55 43.2,53.9 43.2,54 37.1,56.2 z"},{"type":"path","fill":"#C6BA9D","stroke":"none","path":"M42.7,57.2 37.1,56.2 37.1,58.4 42.7,59.4 z"},{"type":"path","fill":"#A59C86","stroke":"none","path":"M42.7,59.4 42.7,57.2 48.9,55 49,57.1 z"},{"type":"path","fill":"#E8DFC2","stroke":"none","path":"M34.3,51.5 40.6,49.2 34.8,48.2 34.9,48.2 28.7,50.4 z"},{"type":"path","fill":"#E8DFC2","stroke":"none","path":"M42.8,49.4 42.8,49.5 36.6,51.7 42.3,52.7 48.5,50.5 z"},{"type":"path","fill":"#E8DFC2","stroke":"none","path":"M26.8,51 26.8,51 20.7,53.2 26.3,54.3 32.5,52 z"},{"type":"path","fill":"#E8DFC2","stroke":"none","path":"M34.7,52.3 28.6,54.5 34.2,55.5 40.5,53.3 34.7,52.2 z"},{"type":"path","fill":"#C6BA9D","stroke":"none","path":"M34.2,55.5 28.6,54.5 28.6,56.7 34.2,57.7 z"},{"type":"path","fill":"#A59C86","stroke":"none","path":"M34.2,57.7 34.2,55.5 40.5,53.3 40.5,55.4 z"},{"type":"path","fill":"#E6D963","stroke":"none","path":"M114.2,53.5 149,40.6 149,38.8 145.8,32 114.2,43.5 z"},{"type":"path","fill":"#5A595B","stroke":"none","path":"M175.9,45.4 166.4,43.7 133.2,54.1 133.2,58.6 137.5,59.4 z"},{"type":"path","fill":"#5A595B","stroke":"none","path":"M137.5,65.3 132.6,64.5 132.6,58.5 137.5,59.4 z"},{"type":"path","fill":"#707072","stroke":"none","path":"M100.8,72.3"},{"type":"path","fill":"#EBEBEC","stroke":"none","path":"M97.3,43.5 93,58.8 93,68.5 117.1,72.8 117.1,63.1 121.4,47.8 z"},{"type":"path","fill":"#878788","stroke":"none","path":"M137.5,65.3 175.9,51.2 175.9,45.4 137.5,59.4 z"},{"type":"path","fill":"#5A595B","stroke":"none","path":"M164.2,59.5c-0.9,0-1.7-2.1-1.7-4.6c0-2.6,0.8-4.4,1.7-4.4l2.4,0.4V60L164.2,59.5z"},{"type":"ellipse","fill":"#878788","stroke":"none","cx":166.7,"cy":55.4,"rx":1.7,"ry":4.6},{"type":"path","fill":"#AFBFDE","stroke":"none","path":"M96.5,57.8 99.5,46.6 117.9,49.9 114.8,61.1 z"},{"type":"path","fill":"#9BA9BD","stroke":"none","path":"M99.5,46.6 117.8,49.9 114.8,61.1 z"},{"type":"path","fill":"#B1B1B2","stroke":"none","path":"M99,64.8 99,67.1 111.2,69.3 111.2,66.9 z"},{"type":"path","fill":"#9F9461","stroke":"none","path":"M149,40.5 155.1,41.6 138.4,47.8 134.1,47 134,46.2 z"},{"type":"path","fill":"#7C7774","stroke":"none","path":"M110.7,13.3l-12.2,7.3c0,0-1.3,2.2-1.3,2.8c0,0.6-1,5.3-1,6.2s0.6,2.5,0.1,4.1c-0.5,1.6-0.6,3.6-1.2,5.6c-0.6,2-1.2,3.4-2.5,3.7c-1.3,0.4-2,0-4.1,0.6s-3.8,0.4-4.3,0.7c-0.5,0.4-2,0.4-2.6,1.6c-0.6,1.2-0.8,1.7-0.7,2.6c0.1,1-3.4,2.3-5.9,2.3c-2.5,0-23.7-4-23.7-4L1,37.9v-1.6L86,9.7l24.6,2L110.7,13.3L110.7,13.3z"},{"type":"path","fill":"#C6BA9D","stroke":"none","path":"M51.3,45.3L1,36.3c0,0,2.3-12,24.6-21.4c14.2-6,39.4-11.3,39.4-11.3l45.8,8.2l-12.2,7.3c0,0-1.3,2.2-1.3,2.8c0,0.6-1,5.3-1,6.2c0,1,0.6,2.5,0.1,4.1c-0.5,1.6-0.6,3.6-1.2,5.6c-0.6,2-1.2,3.4-2.5,3.7c-1.3,0.4-2,0-4.1,0.6c-2,0.6-3.8,0.4-4.3,0.7c-0.5,0.4-2,0.4-2.6,1.6c-0.6,1.2-0.8,1.7-0.7,2.6c0.1,1-3.4,2.3-5.9,2.3C72.5,49.3,51.3,45.3,51.3,45.3z"},{"type":"path","fill":"#F5F5F6","stroke":"none","path":"M27.9,15.8 34.2,16.9 33.1,17.3 26.8,16.2 z"},{"type":"path","fill":"#F5F5F6","stroke":"none","path":"M35.9,17.2 42.2,18.3 41.1,18.7 34.8,17.6 z"},{"type":"path","fill":"#F5F5F6","stroke":"none","path":"M43.8,18.5 50.2,19.6 49.1,20.1 42.8,18.9 z"},{"type":"path","fill":"#F5F5F6","stroke":"none","path":"M51.8,19.9 58.1,21 57,21.4 50.7,20.3 z"},{"type":"path","fill":"#F5F5F6","stroke":"none","path":"M59.8,21.2 66.1,22.3 65,22.8 58.7,21.7 z"},{"type":"path","fill":"#F5F5F6","stroke":"none","path":"M67.8,22.6 74.1,23.7 73,24.1 66.7,23 z"},{"type":"path","fill":"#A38E68","stroke":"none","path":"M138.8,49.3c1.2,0,1.6-1.6,3.8-3.2c2.3-1.7,3.1-1.6,5-2.2c1.9-0.6,1.6-0.7,2.9-2c1.3-1.3,0.6-1.2,1.3-2.3c0.7-1.1,1.6-0.7,1.6-1.3c0-0.6-3.2-1.6-2.5-2.2c0.1-0.1,0.5-0.2,0.9-0.2c-1.1-0.3-0.9,0.3-3.5,0.3c-3.4,0-2.6,0-4.3,0.2c-1.7,0.2-3.1,1.1-4.1,2c-1,1-1.9,1.2-4.1,1.9c-2.2,0.7-3.4,0.1-5.4,0.6c-2,0.5-2.2,1.7-2.6,2.5C127.9,43.6,131.1,49.3,138.8,49.3z"},{"type":"path","fill":"#B1B1B2","stroke":"none","path":"M134.1,43.2 121.4,47.8 117.1,63.1 117.1,72.8 134.1,66.5 z"},{"type":"path","fill":"#5A595B","stroke":"none","path":"M128.6,72.3c-0.9,0-1.7-2.1-1.7-4.6s0.8-4.4,1.7-4.4l2.4,0.4v9.2L128.6,72.3z"},{"type":"ellipse","fill":"#878788","stroke":"none","cx":131.1,"cy":68.2,"rx":1.7,"ry":4.6},{"type":"path","fill":"#AFBFDE","stroke":"none","path":"M119.4,61.6 131.6,57 131.7,47.7 122.2,51.3 z"},{"type":"path","fill":"#F5F5F6","stroke":"none","path":"M109.9,38.9 97.2,43.5 121.4,47.8 134.1,43.2 z"},{"type":"path","fill":"#C3C1C1","stroke":"none","path":"M109.9,38.9 134.1,43.2 121.4,47.8 z"},{"type":"path","fill":"#979797","stroke":"none","path":"M0,39.1V52c0,13.7,29.6,39.5,115.6,39.5c63.7,0,109.1-20.9,109.1-39.1V42c-1.3,18-47.1,38.1-109,38.1C27.8,80.1-0.8,53.1,0,39.1z"},{"type":"ellipse","fill":"none","stroke":"#B3B1B1","stroke-width":0.9996,"stroke-miterlimit":10,"cx":112.5,"cy":39.9,"rx":112.1,"ry":39.9},{"type":"path","fill":"#CDCD90","stroke":"none","path":"M96.1,64.1c1.3,0,1.3,3,0,3C94.9,67.1,94.9,64.1,96.1,64.1z"},{"type":"path","fill":"#CDCD90","stroke":"none","path":"M114,67c1.3,0,1.3,3,0,3C112.7,70.1,112.7,67,114,67z"},{"type":"path","fill":"#7D6F52","stroke":"none","path":"M150.9,36.1c-0.7,0.5,2.5,1.6,2.5,2.2c0,0.6-0.8,0.2-1.6,1.3c-0.7,1.1,0,1-1.3,2.3c-1.3,1.3-1,1.4-2.9,2c-1.9,0.6-2.8,0.5-5,2.2c-2.3,1.7-3.1,2.3-3.8,3.2c-0.7,1-3.5,2.3-0.8,2.4c2.6,0.1,13.2-1.3,17.8-3.2c4.6-1.9,8.4-4.1,8.4-6s-0.5-3.6-1.7-4s-2.8-0.2-3.8-0.7c-1.1-0.5-2-0.8-3.4-1.4C153.9,35.8,151.4,35.8,150.9,36.1z"},{"type":"path","fill":"#E6D963","stroke":"none","path":"M138.4,57.7 173.2,44.9 173.2,43.1 169.9,36.3 138.4,47.8 z"},{"type":"path","fill":"#D0B538","stroke":"none","path":"M138.4,57.7 134,56.9 134.1,47 138.4,47.8 z"}]}