{"width":"229.7","height":"153.9","dx":"0","dy":"0","geometry":[{"type":"path","fill":"#FAF9F9","stroke":"none","path":"M227.1,102.2c0,22.2-50.1,40.2-111.8,40.2S3.5,124.4,3.5,102.2S53.6,62,115.3,62S227.1,80,227.1,102.2z"},{"type":"path","fill":"#989797","stroke":"none","path":"M2.5,101.6v12.9c0,13.7,29.6,39.5,115.6,39.5c63.7,0,109.1-20.9,109.1-39.1v-10.4c-1.3,18-47.1,38.1-109,38.1C30.3,142.7,1.7,115.6,2.5,101.6z"},{"type":"ellipse","fill":"none","stroke":"#B3B3B3","stroke-width":0.9996,"stroke-miterlimit":10,"cx":115,"cy":102.5,"rx":112.1,"ry":39.9},{"type":"path","fill":"#C6C7C8","stroke":"none","path":"M112.8,89.4 112.8,31.5 88.6,20.7 64.3,44.4 64.3,107.3 z"},{"type":"path","fill":"#A48A77","stroke":"none","path":"M47.9,12.6 88.6,20.7 64.3,44.4 23.6,34.7 z"},{"type":"path","fill":"#DDDEDF","stroke":"none","path":"M23.6,97 64.3,107.3 64.3,44.4 23.6,34.7 z"},{"type":"path","fill":"#9C9E9F","stroke":"none","path":"M84.1,100.2V89.4c0,0,2.1-5.2,6.4-6.2c4.1-0.9,6.4,1.6,6.4,1.6v10.7L84.1,100.2z"},{"type":"ellipse","fill":"#705D50","stroke":"none","cx":70.1,"cy":20.3,"rx":1.3,"ry":0.5},{"type":"path","fill":"#FFFFFF","stroke":"none","path":"M62.6,3.9C64,3.4,65,2.8,65.8,2.4v6.7c-0.9,0.4-1.9,1-3.2,1.6c-0.3,0.1-0.6,0.2-0.9,0.3V4.2\tC62,4.1,62.3,4,62.6,3.9z"},{"type":"path","fill":"#00A9C7","stroke":"none","path":"M70.1,1.7v6.7c-1.9-0.4-2.9,0-4.3,0.7V2.4C67.2,1.7,68.3,1.3,70.1,1.7z"},{"type":"path","fill":"#E42B2E","stroke":"none","path":"M61.7,4.2v6.7c-2.4,0.6-4.6,0-4.6,0V4.2C57.2,4.2,59.3,4.9,61.7,4.2z"},{"type":"path","fill":"none","stroke":"#3E3D40","stroke-miterlimit":10,"path":"M70.1,8.4c-1.9-0.4-2.9,0-4.3,0.7c-0.9,0.4-1.9,1-3.2,1.6\tc-0.3,0.1-0.6,0.2-0.9,0.3c-2.4,0.6-4.6,0-4.6,0V4.2c0,0,2.2,0.6,4.6,0C62,4.1,62.3,4,62.6,3.9C64,3.4,65,2.8,65.8,2.4\tc1.3-0.7,2.4-1.1,4.3-0.7v18.6"},{"type":"path","fill":"#A9C2E1","stroke":"none","path":"M37.2,60.3 37.2,46.1 29.4,44.2 29.4,58.4 z"},{"type":"path","fill":"#A9C2E1","stroke":"none","path":"M47.9,62.8 47.9,48.6 40.1,46.7 40.1,60.9 z"},{"type":"path","fill":"#A9C2E1","stroke":"none","path":"M58.3,65.4 58.3,51.2 50.5,49.3 50.5,63.5 z"},{"type":"path","fill":"#A9C2E1","stroke":"none","path":"M37.2,78.6 37.2,64.4 29.4,62.6 29.4,76.8 z"},{"type":"path","fill":"#A9C2E1","stroke":"none","path":"M47.9,81.2 47.9,67 40.1,65.1 40.1,79.3 z"},{"type":"path","fill":"#A9C2E1","stroke":"none","path":"M58.3,83.7 58.3,69.5 50.5,67.7 50.5,81.9 z"},{"type":"path","fill":"#88888A","stroke":"none","path":"M82.6,59.3 82.6,45.1 90.4,42.2 90.4,56.4 z"},{"type":"path","fill":"#88888A","stroke":"none","path":"M69.7,64.2 69.7,50 77.5,47.1 77.5,61.3 z"},{"type":"path","fill":"#88888A","stroke":"none","path":"M82.6,78.5 82.6,64.3 90.4,61.4 90.4,75.6 z"},{"type":"path","fill":"#88888A","stroke":"none","path":"M95.8,54.5 95.8,40.3 103.6,37.5 103.6,51.7 z"},{"type":"path","fill":"#88888A","stroke":"none","path":"M95.8,73.8 95.8,59.6 103.6,56.7 103.6,70.9 z"},{"type":"path","fill":"#88888A","stroke":"none","path":"M69.7,83.4 69.7,69.2 77.5,66.3 77.5,80.5 z"},{"type":"path","fill":"#DDDEDF","stroke":"none","path":"M106.1,110.7 106.1,52.7 140.1,34.9 174.7,65 174.7,127.8 z"},{"type":"path","fill":"#A48A77","stroke":"none","path":"M175,24.2 140.1,34.9 174.7,65 209.6,52.7 z"},{"type":"path","fill":"#C6C7C8","stroke":"none","path":"M209.6,114.9 174.7,127.8 174.7,65 209.6,52.7 z"},{"type":"path","fill":"#A9C2E1","stroke":"none","path":"M118.8,74.2 118.8,60 110.9,58.1 110.9,72.3 z"},{"type":"path","fill":"#A9C2E1","stroke":"none","path":"M131.5,77.4 131.5,63.2 123.7,61.3 123.7,75.5 z"},{"type":"path","fill":"#A9C2E1","stroke":"none","path":"M144.3,80.6 144.3,66.4 136.5,64.6 136.5,78.8 z"},{"type":"path","fill":"#A9C2E1","stroke":"none","path":"M157,83.8 157,69.6 149.2,67.8 149.2,82 z"},{"type":"path","fill":"#A9C2E1","stroke":"none","path":"M169.9,86.9 169.9,72.7 162.1,70.8 162.1,85 z"},{"type":"path","fill":"#A9C2E1","stroke":"none","path":"M118.8,93.4 118.8,79.2 110.9,77.4 110.9,91.6 z"},{"type":"path","fill":"#A9C2E1","stroke":"none","path":"M131.5,96.6 131.5,82.4 123.7,80.6 123.7,94.8 z"},{"type":"path","fill":"#A9C2E1","stroke":"none","path":"M144.3,99.9 144.3,85.7 136.5,83.8 136.5,98 z"},{"type":"path","fill":"#B1B3B4","stroke":"none","path":"M146.5,120.8V110c0,0-2.1-3.7-6.4-4.7c-4.1-0.9-6.4,1.6-6.4,1.6v10.7L146.5,120.8z"},{"type":"path","fill":"#A9C2E1","stroke":"none","path":"M157,103.1 157,88.9 149.2,87 149.2,101.2 z"},{"type":"path","fill":"#A9C2E1","stroke":"none","path":"M169.9,106.1 169.9,91.9 162.1,90.1 162.1,104.3 z"},{"type":"path","fill":"#88888A","stroke":"none","path":"M195.3,81.9 195.3,67.7 203.2,64.8 203.2,79 z"},{"type":"path","fill":"#88888A","stroke":"none","path":"M182.4,86.8 182.4,72.6 190.2,69.7 190.2,83.9 z"},{"type":"path","fill":"#88888A","stroke":"none","path":"M195.3,101.1 195.3,86.9 203.2,84.1 203.2,98.3 z"},{"type":"path","fill":"#88888A","stroke":"none","path":"M182.4,106 182.4,91.8 190.2,89 190.2,103.2 z"},{"type":"ellipse","fill":"#705D50","stroke":"none","cx":167.7,"cy":31,"rx":1.6,"ry":0.6},{"type":"path","fill":"#FFFFFF","stroke":"none","path":"M176.9,11c-1.7-0.7-2.9-1.4-4-1.9v8.2c1.1,0.5,2.3,1.2,4,1.9c0.4,0.1,0.7,0.3,1.1,0.4v-8.2\tC177.7,11.2,177.3,11.1,176.9,11z"},{"type":"path","fill":"#00A9C7","stroke":"none","path":"M167.7,8.2v8.2c2.3-0.5,3.6,0,5.3,0.9V9.1C171.3,8.2,170,7.7,167.7,8.2z"},{"type":"path","fill":"#E42B2E","stroke":"none","path":"M178,11.3v8.2c2.9,0.8,5.6,0,5.6,0v-8.2C183.6,11.3,181,12.1,178,11.3z"},{"type":"path","fill":"none","stroke":"#3E3D40","stroke-miterlimit":10,"path":"M167.7,16.4c2.3-0.5,3.6,0,5.3,0.9c1.1,0.5,2.3,1.2,4,1.9\tc0.4,0.1,0.7,0.3,1.1,0.4c2.9,0.8,5.6,0,5.6,0v-8.2c0,0-2.7,0.8-5.6,0c-0.4-0.1-0.7-0.2-1.1-0.4c-1.7-0.7-2.9-1.4-4-1.9\tc-1.7-0.8-3-1.3-5.3-0.9V31"},{"type":"ellipse","fill":"#5AAC26","stroke":"none","cx":32,"cy":88.7,"rx":5.3,"ry":3.7},{"type":"ellipse","fill":"#87BB56","stroke":"none","cx":19.4,"cy":85.3,"rx":4.8,"ry":3.8},{"type":"ellipse","fill":"#5AAC26","stroke":"none","cx":22,"cy":90,"rx":6.8,"ry":4.2},{"type":"ellipse","fill":"#DFDB00","stroke":"none","cx":25.8,"cy":80.6,"rx":5.7,"ry":4.4},{"type":"ellipse","fill":"#AEBD59","stroke":"none","cx":30.1,"cy":83.2,"rx":5.7,"ry":4.3},{"type":"ellipse","fill":"#D9D9DA","stroke":"#FAF9F9","stroke-width":0.091495,"stroke-miterlimit":10,"cx":27.5,"cy":109.5,"rx":7.8,"ry":2.8},{"type":"path","fill":"#A38978","stroke":"none","path":"M26.1,88.7C26.1,88.7,26.1,88.7,26.1,88.7C26.1,88.7,26.1,88.6,26.1,88.7L26.1,88.7C26.1,88.6,26.1,88.6,26.1,88.7c0-0.2,0.5-0.4,1.2-0.4c0.7,0,1.2,0.2,1.2,0.4c0,0,0,0,0,0l0.6,20.5c0,0.3-0.8,0.6-1.7,0.6c-0.9,0-1.7-0.3-1.7-0.6L26.1,88.7z"},{"type":"path","fill":"#A38978","stroke":"none","path":"M32.5,87.6C32.5,87.6,32.5,87.6,32.5,87.6C32.5,87.6,32.6,87.6,32.5,87.6L32.5,87.6C32.6,87.6,32.6,87.6,32.5,87.6c0.1-0.1,0.4,0,0.6,0.3c0.2,0.2,0.4,0.5,0.3,0.6c0,0,0,0,0,0l-5,5.3c-0.1,0.1-0.5-0.1-0.8-0.4c-0.3-0.4-0.5-0.7-0.4-0.9L32.5,87.6z"},{"type":"path","fill":"#C7D009","stroke":"none","path":"M20,86.5c0-2.2,2.1-4,4.6-4c2.5,0,4.6,1.8,4.6,4c0,2.2-2.1,4-4.6,4C22.1,90.5,20,88.7,20,86.5z"},{"type":"ellipse","fill":"#5AAC26","stroke":"none","cx":60.4,"cy":96.4,"rx":5.3,"ry":3.7},{"type":"ellipse","fill":"#87BB56","stroke":"none","cx":47.9,"cy":93,"rx":4.8,"ry":3.8},{"type":"ellipse","fill":"#5AAC26","stroke":"none","cx":50.5,"cy":97.7,"rx":6.8,"ry":4.2},{"type":"ellipse","fill":"#DFDB00","stroke":"none","cx":54.3,"cy":88.3,"rx":5.7,"ry":4.4},{"type":"ellipse","fill":"#AEBD59","stroke":"none","cx":58.6,"cy":90.9,"rx":5.7,"ry":4.3},{"type":"ellipse","fill":"#D9D9DA","stroke":"#FAF9F9","stroke-width":0.091495,"stroke-miterlimit":10,"cx":56,"cy":117.2,"rx":7.8,"ry":2.8},{"type":"path","fill":"#A38978","stroke":"none","path":"M54.6,96.3C54.6,96.3,54.6,96.3,54.6,96.3C54.6,96.3,54.6,96.3,54.6,96.3L54.6,96.3C54.6,96.3,54.6,96.3,54.6,96.3c0-0.2,0.5-0.4,1.2-0.4c0.7,0,1.2,0.2,1.2,0.4c0,0,0,0,0,0l0.6,20.5c0,0.3-0.8,0.6-1.7,0.6c-0.9,0-1.7-0.3-1.7-0.6L54.6,96.3z"},{"type":"path","fill":"#A38978","stroke":"none","path":"M61,95.3C61,95.3,61,95.2,61,95.3C61,95.2,61,95.2,61,95.3L61,95.3C61,95.2,61,95.2,61,95.3c0.1-0.1,0.4,0,0.6,0.3c0.2,0.2,0.4,0.5,0.3,0.6c0,0,0,0,0,0l-5,5.3c-0.1,0.1-0.5-0.1-0.8-0.4c-0.3-0.4-0.5-0.7-0.4-0.9L61,95.3z"},{"type":"path","fill":"#C7D009","stroke":"none","path":"M48.5,94.2c0-2.2,2.1-4,4.6-4c2.5,0,4.6,1.8,4.6,4c0,2.2-2.1,4-4.6,4C50.6,98.2,48.5,96.4,48.5,94.2z"},{"type":"ellipse","fill":"#5AAC26","stroke":"none","cx":125.8,"cy":102.7,"rx":5.3,"ry":3.7},{"type":"ellipse","fill":"#87BB56","stroke":"none","cx":113.3,"cy":99.4,"rx":4.8,"ry":3.8},{"type":"ellipse","fill":"#5AAC26","stroke":"none","cx":115.9,"cy":104.1,"rx":6.8,"ry":4.2},{"type":"ellipse","fill":"#DFDB00","stroke":"none","cx":119.7,"cy":94.6,"rx":5.7,"ry":4.4},{"type":"ellipse","fill":"#AEBD59","stroke":"none","cx":124,"cy":97.3,"rx":5.7,"ry":4.3},{"type":"ellipse","fill":"#D9D9DA","stroke":"#FAF9F9","stroke-width":0.091495,"stroke-miterlimit":10,"cx":121.4,"cy":123.6,"rx":7.8,"ry":2.8},{"type":"path","fill":"#A38978","stroke":"none","path":"M120,102.7C120,102.7,120,102.7,120,102.7C120,102.7,120,102.7,120,102.7L120,102.7C120,102.7,120,102.7,120,102.7c0-0.2,0.5-0.4,1.2-0.4c0.7,0,1.2,0.2,1.2,0.4c0,0,0,0,0,0l0.6,20.5c0,0.3-0.8,0.6-1.7,0.6c-0.9,0-1.7-0.3-1.7-0.6L120,102.7z"},{"type":"path","fill":"#A38978","stroke":"none","path":"M126.4,101.6C126.4,101.6,126.4,101.6,126.4,101.6C126.4,101.6,126.4,101.6,126.4,101.6L126.4,101.6C126.4,101.6,126.4,101.6,126.4,101.6c0.1-0.1,0.4,0,0.6,0.3c0.2,0.2,0.4,0.5,0.3,0.6c0,0,0,0,0,0l-5,5.3c-0.1,0.1-0.5-0.1-0.8-0.4c-0.3-0.4-0.5-0.7-0.4-0.9L126.4,101.6z"},{"type":"path","fill":"#C7D009","stroke":"none","path":"M113.9,100.6c0-2.2,2.1-4,4.6-4c2.5,0,4.6,1.8,4.6,4c0,2.2-2.1,4-4.6,4C116,104.6,113.9,102.8,113.9,100.6z"},{"type":"ellipse","fill":"#5AAC26","stroke":"none","cx":163.1,"cy":112.2,"rx":5.3,"ry":3.7},{"type":"ellipse","fill":"#87BB56","stroke":"none","cx":150.5,"cy":108.9,"rx":4.8,"ry":3.8},{"type":"ellipse","fill":"#5AAC26","stroke":"none","cx":153.1,"cy":113.6,"rx":6.8,"ry":4.2},{"type":"ellipse","fill":"#DFDB00","stroke":"none","cx":156.9,"cy":104.1,"rx":5.7,"ry":4.4},{"type":"ellipse","fill":"#AEBD59","stroke":"none","cx":161.2,"cy":106.8,"rx":5.7,"ry":4.3},{"type":"ellipse","fill":"#D9D9DA","stroke":"#FAF9F9","stroke-width":0.091495,"stroke-miterlimit":10,"cx":158.6,"cy":133,"rx":7.8,"ry":2.8},{"type":"path","fill":"#A38978","stroke":"none","path":"M157.2,112.2C157.2,112.2,157.2,112.2,157.2,112.2C157.2,112.2,157.2,112.2,157.2,112.2L157.2,112.2C157.2,112.2,157.2,112.2,157.2,112.2c0-0.2,0.5-0.4,1.2-0.4c0.7,0,1.2,0.2,1.2,0.4c0,0,0,0,0,0l0.6,20.5c0,0.3-0.8,0.6-1.7,0.6c-0.9,0-1.7-0.3-1.7-0.6L157.2,112.2z"},{"type":"path","fill":"#A38978","stroke":"none","path":"M163.6,111.1C163.6,111.1,163.6,111.1,163.6,111.1C163.6,111.1,163.7,111.1,163.6,111.1L163.6,111.1C163.7,111.1,163.7,111.1,163.6,111.1c0.1-0.1,0.4,0,0.6,0.3c0.2,0.2,0.4,0.5,0.3,0.6c0,0,0,0,0,0l-5,5.3c-0.1,0.1-0.5-0.1-0.8-0.4c-0.3-0.4-0.5-0.7-0.4-0.9L163.6,111.1z"},{"type":"path","fill":"#C7D009","stroke":"none","path":"M151.1,110.1c0-2.2,2.1-4,4.6-4c2.5,0,4.6,1.8,4.6,4c0,2.2-2.1,4-4.6,4C153.2,114,151.1,112.3,151.1,110.1z"}]}