{"width":"224.7","height":"206.4","dx":"0","dy":"0","geometry":[{"type":"path","fill":"#999898","stroke":"none","path":"M0,154v12.9c0,13.7,29.6,39.5,115.6,39.5c63.7,0,109.1-20.9,109.1-39.1v-10.4c-1.3,18-47.1,38.1-109,38.1C27.8,195.1-0.8,168,0,154z"},{"type":"path","fill":"#FBFAFA","stroke":"none","path":"M224.6,154.6c0,22.2-50.1,40.2-111.8,40.2S1,176.8,1,154.6s50-40.2,111.8-40.2S224.6,132.4,224.6,154.6z"},{"type":"ellipse","fill":"none","stroke":"#B4B4B4","stroke-width":0.9996,"stroke-miterlimit":10,"cx":112.5,"cy":154.9,"rx":112.1,"ry":39.9},{"type":"path","fill":"#989797","stroke":"none","path":"M1,155.8l175,31.6c0,0-62.8,15.8-126.5,0C-0.6,175,1,155.8,1,155.8z"},{"type":"path","fill":"#DDDEDF","stroke":"none","path":"M41.1,149.3 41.1,39.1 120.4,54.1 120.4,164.4 z"},{"type":"path","fill":"#8A9EBA","stroke":"none","path":"M41.1,39.2 49.4,12.3 128.7,27.5 120.4,54.3 z"},{"type":"path","fill":"#96ADC9","stroke":"none","path":"M49.8,12.5 85.8,0 165.1,15.2 129.1,27.6 z"},{"type":"path","fill":"#A9C2E1","stroke":"none","path":"M66.2,78.2 66.2,52.6 51.3,49.7 51.3,75.4 z"},{"type":"path","fill":"#A9C2E1","stroke":"none","path":"M89.3,82.8 89.3,57.1 74.3,54.3 74.3,80 z"},{"type":"path","fill":"#A9C2E1","stroke":"none","path":"M112.5,87.2 112.5,61.5 97.5,58.7 97.5,84.3 z"},{"type":"path","fill":"#A9C2E1","stroke":"none","path":"M66.2,113.1 66.2,87.4 51.3,84.6 51.3,110.3 z"},{"type":"path","fill":"#9C9E9E","stroke":"none","path":"M110.8,162.7v-19.6c0,0-0.4-6.8-5.5-8.2c-6.3-1.6-6.7,5.5-6.7,5.5v19.8L110.8,162.7z"},{"type":"path","fill":"#A9C2E1","stroke":"none","path":"M89.3,117.6 89.3,91.9 74.3,89.1 74.3,114.8 z"},{"type":"path","fill":"#A9C2E1","stroke":"none","path":"M112.5,122.2 112.5,96.5 97.5,93.7 97.5,119.4 z"},{"type":"path","fill":"#A9C2E1","stroke":"none","path":"M66.2,149 66.2,123.3 51.3,120.5 51.3,146.2 z"},{"type":"path","fill":"#A9C2E1","stroke":"none","path":"M89.8,153.4 89.8,127.7 74.8,124.9 74.8,150.6 z"},{"type":"path","fill":"#796956","stroke":"none","path":"M44,102.8 51.1,100.4 51.1,110.6 44,113 z"},{"type":"path","fill":"#87888A","stroke":"none","path":"M114.5,22.4 110.5,24.3 107.8,32.2 107.8,15.2 114.5,12.4 z"},{"type":"path","fill":"#B1B3B4","stroke":"none","path":"M104.4,14.3 104.4,31.4 107.8,32.2 107.8,15.2 \tz"},{"type":"path","fill":"#C7C7C8","stroke":"none","path":"M110.9,11.5 104.4,14.3 107.8,15.2 114.3,12.4 \tz"},{"type":"path","fill":"#9C9E9E","stroke":"none","path":"M44,113 51.1,110.6 113.3,121.3 105.5,124.5 z"},{"type":"path","fill":"#796956","stroke":"none","path":"M113.1,121.7 106.1,124.4 106.1,113.9 113.1,111.5 z"},{"type":"path","fill":"#796956","stroke":"none","path":"M71.2,114 64.1,116.7 64.1,106.3 71.2,103.8 z"},{"type":"path","fill":"#C7C7C8","stroke":"none","path":"M165.1,15.2 128.7,27.5 120.4,54.1 120.4,164.4 183.6,141.1 183.6,31.9 z"},{"type":"path","fill":"#A38979","stroke":"none","path":"M98,123 100.1,123.3 100.1,112.9 98,112.5 \tz"},{"type":"path","fill":"#A38979","stroke":"none","path":"M92.6,122 94.8,122.4 94.8,111.9 92.6,111.5 \tz"},{"type":"path","fill":"#A38979","stroke":"none","path":"M95.3,122.5 97.5,122.9 97.5,112.5 95.3,112 \tz"},{"type":"path","fill":"#A38979","stroke":"none","path":"M90.2,121.5 92.1,121.9 92.1,111.4 90.2,111.1 \tz"},{"type":"path","fill":"#A38979","stroke":"none","path":"M100.6,123.4 102.8,123.8 102.8,113.4 100.6,113 \tz"},{"type":"path","fill":"#A38979","stroke":"none","path":"M103.3,113.5 103.3,123.9 105.4,124.3 105.4,113.9 \tz"},{"type":"path","fill":"#A38979","stroke":"none","path":"M50.9,114.3 53.2,114.7 53.2,104.3 50.9,103.9 \tz"},{"type":"path","fill":"#A38979","stroke":"none","path":"M45.7,113.4 47.9,113.7 47.9,103.4 45.7,102.9 \tz"},{"type":"path","fill":"#A38979","stroke":"none","path":"M48.4,113.9 50.5,114.2 50.5,103.8 48.4,103.5 \tz"},{"type":"path","fill":"#A38979","stroke":"none","path":"M44.1,113.1 45.2,113.3 45.2,102.9 44.1,102.7 \tz"},{"type":"path","fill":"#A38979","stroke":"none","path":"M53.6,114.8 55.9,115.3 55.9,104.8 53.6,104.4 \tz"},{"type":"path","fill":"#A38979","stroke":"none","path":"M56.3,115.3 58.5,115.7 58.5,105.2 56.3,104.9 \tz"},{"type":"path","fill":"#A38979","stroke":"none","path":"M82.4,120.1 84.5,120.4 84.5,110 82.4,109.6 \tz"},{"type":"path","fill":"#A38979","stroke":"none","path":"M77,119.1 79.2,119.5 79.2,109 77,108.6 \tz"},{"type":"path","fill":"#A38979","stroke":"none","path":"M79.7,119.6 81.9,120 81.9,109.6 79.7,109.1 \tz"},{"type":"path","fill":"#A38979","stroke":"none","path":"M74.6,118.6 76.5,119 76.5,108.5 74.6,108.2 \tz"},{"type":"path","fill":"#A38979","stroke":"none","path":"M85,120.5 87.2,120.9 87.2,110.5 85,110.1 \tz"},{"type":"path","fill":"#A38979","stroke":"none","path":"M87.7,121 89.8,121.4 89.8,111 87.7,110.6 \tz"},{"type":"path","fill":"#A38979","stroke":"none","path":"M66.5,117.2 68.8,117.5 68.8,107.1 66.5,106.8 \tz"},{"type":"path","fill":"#A38979","stroke":"none","path":"M61.3,116.2 63.4,116.6 63.4,106.2 61.3,105.7 \tz"},{"type":"path","fill":"#A38979","stroke":"none","path":"M63.8,116.7 66.1,117.1 66.1,106.7 63.8,106.3 \tz"},{"type":"path","fill":"#A38979","stroke":"none","path":"M58.8,115.8 60.8,116.1 60.8,105.6 58.8,105.3 \tz"},{"type":"path","fill":"#A38979","stroke":"none","path":"M69.2,117.6 71.5,118 71.5,107.6 69.2,107.2 \tz"},{"type":"path","fill":"#A38979","stroke":"none","path":"M71.9,118.1 74.1,118.6 74.1,108.1 71.9,107.7 \tz"},{"type":"path","fill":"#796956","stroke":"none","path":"M44,68.6 51.1,66.2 51.1,76.4 44,78.8 z"},{"type":"path","fill":"#9C9E9E","stroke":"none","path":"M44,78.8 51.1,76.4 113.3,87.1 105.5,90.3 z"},{"type":"path","fill":"#796956","stroke":"none","path":"M113.1,87.5 106.1,90.2 106.1,79.7 113.1,77.3 z"},{"type":"path","fill":"#796956","stroke":"none","path":"M71.2,79.8 64.1,82.5 64.1,72.1 71.2,69.6 z"},{"type":"path","fill":"#796956","stroke":"none","path":"M92.8,83.6 85.8,86.3 85.8,75.9 92.8,73.4 z"},{"type":"path","fill":"#A38979","stroke":"none","path":"M98,88.8 100.1,89.1 100.1,78.7 98,78.3 \tz"},{"type":"path","fill":"#A38979","stroke":"none","path":"M92.6,87.7 94.8,88.2 94.8,77.7 92.6,77.3 \tz"},{"type":"path","fill":"#A38979","stroke":"none","path":"M95.3,88.3 97.5,88.7 97.5,78.3 95.3,77.8 \tz"},{"type":"path","fill":"#A38979","stroke":"none","path":"M90.2,87.3 92.1,87.7 92.1,77.2 90.2,76.9 \tz"},{"type":"path","fill":"#A38979","stroke":"none","path":"M100.6,89.2 102.8,89.6 102.8,79.2 100.6,78.7 \tz"},{"type":"path","fill":"#A38979","stroke":"none","path":"M103.3,79.3 103.3,89.7 105.4,90.1 105.4,79.7 \tz"},{"type":"path","fill":"#A38979","stroke":"none","path":"M50.9,80.1 53.2,80.5 53.2,70.1 50.9,69.7 \tz"},{"type":"path","fill":"#A38979","stroke":"none","path":"M45.7,79.2 47.9,79.5 47.9,69.2 45.7,68.7 \tz"},{"type":"path","fill":"#A38979","stroke":"none","path":"M48.4,79.7 50.5,80 50.5,69.6 48.4,69.3 \tz"},{"type":"path","fill":"#A38979","stroke":"none","path":"M44.1,78.9 45.2,79.1 45.2,68.7 44.1,68.5 \tz"},{"type":"path","fill":"#A38979","stroke":"none","path":"M53.6,80.6 55.9,81 55.9,70.6 53.6,70.2 \tz"},{"type":"path","fill":"#A38979","stroke":"none","path":"M56.3,81.1 58.5,81.5 58.5,71 56.3,70.7 \tz"},{"type":"path","fill":"#A38979","stroke":"none","path":"M82.4,85.9 84.5,86.2 84.5,75.8 82.4,75.4 \tz"},{"type":"path","fill":"#A38979","stroke":"none","path":"M77,84.8 79.2,85.3 79.2,74.8 77,74.4 \tz"},{"type":"path","fill":"#A38979","stroke":"none","path":"M79.7,85.4 81.9,85.8 81.9,75.4 79.7,74.9 \tz"},{"type":"path","fill":"#A38979","stroke":"none","path":"M74.6,84.4 76.5,84.8 76.5,74.3 74.6,74 \tz"},{"type":"path","fill":"#A38979","stroke":"none","path":"M85,86.3 87.2,86.7 87.2,76.3 85,75.8 \tz"},{"type":"path","fill":"#A38979","stroke":"none","path":"M87.7,86.8 89.8,87.2 89.8,76.8 87.7,76.4 \tz"},{"type":"path","fill":"#A38979","stroke":"none","path":"M66.5,83 68.8,83.3 68.8,72.9 66.5,72.6 \tz"},{"type":"path","fill":"#A38979","stroke":"none","path":"M61.3,82 63.4,82.4 63.4,72 61.3,71.5 \tz"},{"type":"path","fill":"#A38979","stroke":"none","path":"M63.8,82.5 66.1,82.9 66.1,72.5 63.8,72 \tz"},{"type":"path","fill":"#A38979","stroke":"none","path":"M58.8,81.5 60.8,81.9 60.8,71.4 58.8,71.1 \tz"},{"type":"path","fill":"#A38979","stroke":"none","path":"M69.2,83.4 71.5,83.8 71.5,73.4 69.2,73 \tz"},{"type":"path","fill":"#A38979","stroke":"none","path":"M71.9,83.9 74.1,84.3 74.1,73.9 71.9,73.5 \tz"}]}