{
	"ui_elements":{},
	"scale":"w/2000",
	"items": [{
                        "id":"t0",
                        "name":"t0",
                        "fax":"",
                        "fay":"",
                        "iw":"1",
                        "ih":"1",
                        "x":"-10",
                        "y":"0.45*h",
                        "scale":"1"
                    },
                    {
                        "id":"t1",
                        "name":"t1",
                        "fax":"",
                        "fay":"",
                        "iw":"1",
                        "ih":"1",
                        "x":"w+10",
                        "y":"0.3*h",
                        "scale":"1"
                    },
					{
                        "id":"t2",
						"name":"t2",
                        "label":"Restaurants",
						"geom":"data/graphics/geom_restaurant.json",
                        "fax":"0",
                        "fay":"0.1",
                        "iw":"1",
                        "ih":"1",
						"x":"0.75*w",
						"y":"0.35*h",
						"scale":"0.13",
                        "force_w_scale":true
					},
                    {
                        "id":"t3",
                        "name":"t3",
                        "label":"Restauration collective",
                        "geom":"data/graphics/geom_restaurant collectif.json",
                        "fax":"0",
                        "fay":"0.225",
                        "iw":"1",
                        "ih":"1",
                        "x":"0.2*w",
                        "y":"0.15*h",
                        "scale":"0.15",
                        "force_w_scale":true
                    },
                    {
                        "id":"t4",
                        "name":"t4",
                        "label":"Unité d'agriculture urbaine",
                        "geom":"data/graphics/geom_agriculture urbaine.json",
                        "fax":"0",
                        "fay":"0.3",
                        "iw":"1",
                        "ih":"1",
                        "x":"0.47*w",
                        "y":"0.275*h",
                        "scale":"0.15",
                        "force_w_scale":true,
                        "solution":true
                    },
                    {
                        "id":"t5",
                        "name":"t5",
                        "label":"Consommateurs parisiens",
                        "geom":"data/graphics/geom_groupepersonne.json",
                        "fax":"0",
                        "fay":"0.1",
                        "iw":"1",
                        "ih":"0.55",
                        "x":"0.75*w",
                        "y":"0.535*h",
                        "scale":"0.14",
                        "force_w_scale":true
                    }],

	"flows": 		[{
                            "id":"3000",
                            "index":"0",
                            "name":"Produits frais",
                            "type":"input",
                            "from":"t0",
                            "to":"t5",
                            "volume_o4":"60",
                            "volume_o9":"60",
                            "trend":"-1",
                            "unit":"t / an",
                            "color":"#8C2929",
                            "color2":"#b7b1ba",
                            "level":"0",
                            "parent":"",
                            "children":"",
                            "siblings":"",
                            "virtual":true
                        },
                        {
                            "id":"1350",
                            "index":"0",
                            "name":"Déchets organiques",
                            "type":"input",
                            "from":"t3",
                            "to":"t4",
                            "volume_o4":"40",
                            "volume_o9":"40",
                            "trend":"-1",
                            "unit":"t / an",
                            "color":"#6B6139",
                            "color2":"#b7b1ba",
                            "level":"0",
                            "parent":"",
                            "children":"",
                            "siblings":"",
                            "virtual":true
                        },
                        {
                            "id":"1300",
                            "index":"0",
                            "name":"Déchets organiques",
                            "type":"input",
                            "from":"t3",
                            "to":"t1",
                            "volume_o4":"60",
                            "volume_o9":"60",
                            "trend":"-1",
                            "unit":"t / an",
                            "color":"#6B6139",
                            "color2":"#b7b1ba",
                            "level":"0",
                            "parent":"",
                            "children":"",
                            "siblings":"",
                            "virtual":true
                        },
                        {
                            "id":"1400",
                            "index":"0",
                            "name":"Produits frais",
                            "type":"input",
                            "from":"t4",
                            "to":"t2",
                            "volume_o4":"20",
                            "volume_o9":"20",
                            "trend":"-1",
                            "unit":"t / an",
                            "color":"#8C2929",
                            "color2":"#b7b1ba",
                            "level":"0",
                            "parent":"",
                            "children":"",
                            "siblings":"",
                            "virtual":true
                        },
                        {
                            "id":"1450",
                            "index":"0",
                            "name":"Produits frais",
                            "type":"input",
                            "from":"t4",
                            "to":"t5",
                            "volume_o4":"20",
                            "volume_o9":"20",
                            "trend":"-1",
                            "unit":"t / an",
                            "color":"#8C2929",
                            "color2":"#b7b1ba",
                            "level":"0",
                            "parent":"",
                            "children":"",
                            "siblings":"",
                            "virtual":true
                        }],

    "stories": {
        "matter":[{
            "title":"",
            "subtitle":"",
            "display_dot":false,       
            "steps" :
                [{
                    "subtitle":"Expérimentation d’aquaponie urbaine",
                    "text": {"time":"200", "content":"Dans le cadre de l’appel à projets « amélioration du métabolisme urbain » lancé par la Mairie de Paris en partenariat avec Paris Région Lab, le projet « La Ferme du quartier », projet d’aquaponie urbaine, pourra être expérimenté pendant 2 ans sur une toiture ou une dépendance d’un bâtiment administratif. <strong>Il permettra de proposer aux habitants des produits frais locaux en circuit court</strong>. Ce mode d’agriculture permet de ne pas augmenter les flux entrants sur le territoire : les homards d’eau douce pourront être nourris à partir des biodéchets d’une cantine ; les plantes cultivées seront alimentées en engrais naturel par la production piscicole écologique.<br><br><em>Porteur de projet : Gabriel Bedoy, Mathieu Mastin – La Ferme du Quartier</em>"},
                    "flows": [{"vl":["3000", "1300", "1350", "1400", "1450"], "hl":[], "year":"o9", "anim":false, "fp":true, "scaling":true, "time":0}],
                    "territories":[{"target":"t2", "action":"appear", "parms":{"time":100}, "time":0},
                                    {"target":"t3", "action":"appear", "parms":{"time":100}, "time":0},
                                    {"target":"t4", "action":"appear", "parms":{"time":100}, "time":0},
                                     {"target":"t5", "action":"appear", "parms":{"time":100}, "time":0}],
                    "ui":{"show":[], "hide":[]},
                    "functions":""
                },
                {
                    "subtitle":"Expérimentation d’aquaponie urbaine",
                    "text": {"time":"200", "content":"Paris importe chaque année 4 340 000 t de produits agricoles et alimentaires. La consommation sur place d’une partie de ces produits agro-alimentaires génère des déchets organiques qui sont ensuite incinérés. En moyenne, ce sont, en France, selon l’ADEME, 33% du poids d’un repas qui finissent dans la poubelle."},
                    "flows": [{"vl":["3000", "1300"], "hl":["1400", "1450", "1350"], "year":"o4", "anim":false, "fp":true, "scaling":true, "time":0}],
                    "territories":[{"target":"t4", "action":"disappear", "parms":{"time":100}, "time":0}],
                    "ui":{"show":[], "hide":[]},
                    "functions":""
                },
                {
                    "subtitle":"Expérimentation d’aquaponie urbaine",
                    "text": {"time":"200", "content":"Dans le cadre de l’appel à projets « amélioration du métabolisme urbain » lancé par la Mairie de Paris en partenariat avec Paris Région Lab, le projet « La Ferme du quartier », projet d’aquaponie urbaine, pourra être expérimenté pendant 2 ans sur une toiture ou une dépendance d’un bâtiment administratif. <strong>Il permettra de proposer aux habitants des produits frais locaux en circuit court</strong>. Ce mode d’agriculture permet de ne pas augmenter les flux entrants sur le territoire : les homards d’eau douce pourront être nourris à partir des biodéchets d’une cantine ; les plantes cultivées seront alimentées en engrais naturel par la production piscicole écologique.<br><br><em>Porteur de projet : Gabriel Bedoy, Mathieu Mastin – La Ferme du Quartier</em>"},
                    "flows": [{"vl":["3000", "1300", "1350", "1400", "1450", "1400", "1450", "1350"], "hl":[], "year":"o4", "anim":false, "fp":true, "scaling":true, "time":0}],
                    "territories":[{"target":"t4", "action":"appear", "parms":{"time":100}, "time":0}],
                    "ui":{"show":[], "hide":[]},
                    "functions":""
                }],       
            "b_steps" :
                [{
                    "subtitle":"Expérimentation d’aquaponie urbaine",
                    "text": {"time":"200", "content":"Dans le cadre de l’appel à projets « amélioration du métabolisme urbain » lancé par la Mairie de Paris en partenariat avec Paris Région Lab, le projet « La Ferme du quartier », projet d’aquaponie urbaine, pourra être expérimenté pendant 2 ans sur une toiture ou une dépendance d’un bâtiment administratif. <strong>Il permettra de proposer aux habitants des produits frais locaux en circuit court</strong>. Ce mode d’agriculture permet de ne pas augmenter les flux entrants sur le territoire : les homards d’eau douce pourront être nourris à partir des biodéchets d’une cantine ; les plantes cultivées seront alimentées en engrais naturel par la production piscicole écologique.<br><br><em>Porteur de projet : Gabriel Bedoy, Mathieu Mastin – La Ferme du Quartier</em>"},
                    "flows": [{"vl":["3000", "1300", "1350", "1400", "1450", "1400", "1450", "1350"], "hl":[], "year":"o9", "anim":false, "fp":true, "scaling":true, "time":0}],
                    "territories":[{"target":"t4", "action":"appear", "parms":{"time":100}, "time":0}],
                    "ui":{"show":[], "hide":[]},
                    "functions":""
                },
                {
                    "subtitle":"Expérimentation d’aquaponie urbaine",
                    "text": {"time":"200", "content":"Paris importe chaque année 4 340 000 t de produits agricoles et alimentaires. La consommation sur place d’une partie de ces produits agro-alimentaires génère des déchets organiques qui sont ensuite incinérés. En moyenne, ce sont, en France, selon l’ADEME, 33% du poids d’un repas qui finissent dans la poubelle."},
                    "flows": [{"vl":["3000", "1300"], "hl":["1400", "1450", "1350"], "year":"o4", "anim":false, "fp":true, "scaling":true, "time":0}],
                    "territories":[{"target":"t4", "action":"disappear", "parms":{"time":100}, "time":0}],
                    "ui":{"show":[], "hide":[]},
                    "functions":""
                }]
        }],
        "energy":[],
        "water":[]
    }
         }
  