{
	"ui_elements":{},
	"scale":"w/2000",
	"items": [{
                        "id":"t0",
                        "name":"t0",
                        "fax":"",
                        "fay":"",
                        "iw":"1",
                        "ih":"1",
                        "x":"-10",
                        "y":"0.4*h",
                        "scale":"1"
                    },
                    {
                        "id":"t1",
                        "name":"t1",
                        "fax":"",
                        "fay":"",
                        "iw":"1",
                        "ih":"1",
                        "x":"w+10",
                        "y":"0.4*h",
                        "scale":"1"
                    },
                    {
                        "id":"t6",
                        "name":"t6",
                        "label":"Orange",
                        "geom":"data/graphics/geom_voiturepourentreprise.json",
                        "fax":"0",
                        "fay":"0.3",
                        "iw":"1",
                        "ih":"1",
                        "x":"0.3*w",
                        "y":"0.2*h",
                        "scale":"0.16",
                        "force_w_scale":true,
                        "z":1
                    },
					{
                        "id":"t2",
						"name":"t2",
                        "label":"Orange",
						"geom":"data/graphics/geom_entreprise_voiture2.json",
                        "fax":"0",
                        "fay":"0.3",
                        "iw":"1",
                        "ih":"1",
						"x":"0.3*w",
						"y":"0.2*h",
						"scale":"0.16",
                        "force_w_scale":true,
                        "z":0
					},
                    {
                        "id":"t5",
                        "name":"t5",
                        "geom":"data/graphics/geom_voiturepouradministration.json",
                        "fax":"0",
                        "fay":"0.3",
                        "iw":"1",
                        "ih":"1",
                        "x":"0.3*w",
                        "y":"0.5*h",
                        "scale":"0.15",
                        "force_w_scale":true,
                        "z":1
                    },
                    {
                        "id":"t3",
                        "name":"t3",
                        "label":"Ville de Paris",
                        "geom":"data/graphics/geom_administration_voiture2.json",
                        "fax":"0",
                        "fay":"0.3",
                        "iw":"1",
                        "ih":"1",
                        "x":"0.3*w",
                        "y":"0.5*h",
                        "scale":"0.15",
                        "force_w_scale":true,
                        "z":0
                    },
                    {
                        "id":"t4",
                        "name":"t4",
                        "label":"Parking mutualisé",
                        "geom":"data/graphics/geom_voitures.json",
                        "fax":"0",
                        "fay":"0.15",
                        "iw":"1",
                        "ih":"0.6",
                        "x":"0.7*w",
                        "y":"0.365*h",
                        "scale":"0.16",
                        "force_w_scale":true,
                        "solution":true,
                        "z":0
                    }],

	"flows": 		[
                        {
                            "id":"110",
                            "name":"Achats de voitures",
                            "type":"input",
                            "from":"t0",
                            "to":"t3",
                            "volume_o4":"200",
                            "volume_o9":"150",
                            "color":"#8965AA",
                            "virtual":true
                        },
                        {
                            "id":"100",
                            "name":"Achats de voitures",
                            "type":"input",
                            "from":"t0",
                            "to":"t2",
                            "volume_o4":"200",
                            "volume_o9":"150",
                            "color":"#8965AA",
                            "virtual":true
                        },
                        {
                            "id":"2000",
                            "name":"Partage de voitures",
                            "type":"input",
                            "from":"t2",
                            "to":"t4",
                            "volume_o4":"150",
                            "volume_o9":"150",
                            "color":"#FF8000",
                            "virtual":true
                        },
                        {
                            "id":"2100",
                            "name":"Partage de voitures",
                            "type":"input",
                            "from":"t3",
                            "to":"t4",
                            "volume_o4":"150",
                            "volume_o9":"150",
                            "color":"#0062a2",
                            "virtual":true
                        }],

    "stories": {
        "matter":[{
            "title":"",
            "subtitle":"",
            "display_dot":false,       
            "steps" :
                [{
                    "subtitle":"Expérimentation d’auto-partage interentreprises",
                    "text": {"time":"200", "content":"Dans le cadre de l’appel à projets « amélioration du métabolisme urbain » lancé par la Mairie de Paris en partenariat avec Paris Région Lab, le projet « Auto-partage interentreprises», porté par la société Orange pourra être expérimenté pendant 2 ans sur 6 véhicules de services des flottes de l'entreprise Orange et de la Ville de Paris. Il propose une expérimentation de mutualisation des systèmes d’auto-partage des deux entités. <strong>Cela permettra à terme d’optimiser le fonctionnement des systèmes existants, de diminuer les flottes et de proposer des systèmes inter-entreprises</strong>.<br><br><em>Porteur de projet : <a href = \"http://www.orange.com/\" target = \"_blank\">Orange</a></em>"},
                    "flows": [{"vl":["100","110", "2000", "2100"], "hl":[], "year":"o9", "anim":false, "fp":true, "scaling":true, "time":0}],
                    "territories":[{"target":"t2", "action":"appear", "parms":{"time":100}, "time":0},
                                    {"target":"t3", "action":"appear", "parms":{"time":100}, "time":0},
                                    {"target":"t4", "action":"appear", "parms":{"time":100}, "time":0}],
                    "ui":{"show":[], "hide":[]},
                    "functions":""
                },
                {
                    "subtitle":"Auto-partage",
                    "text": {"time":"200", "content":"les systèmes d’auto-partage permettent d’optimiser l’usage des véhicules de service en les mutualisant. Des systèmes « sans clé » et de réservation en ligne permettent d’en rationaliser le fonctionnement. La Mairie de Paris a procédé à la réduction de son parc automobile. Elle dispose aujourd’hui de 49 véhicules en auto-partage."},
                    "flows": [{"vl":["100", "110"], "hl":["2000", "2100"], "year":"o4", "anim":false, "fp":true, "scaling":false, "time":0}],
                    "territories":[{"target":"t4", "action":"disappear", "parms":{"time":300}, "time":0},
                                    {"target":"t5", "action":"appear", "parms":{"time":300}, "time":0},
                                    {"target":"t6", "action":"appear", "parms":{"time":300}, "time":0}],
                    "ui":{"show":[], "hide":[]},
                    "functions":""
                },
                {
                    "subtitle":"Expérimentation d’auto-partage interentreprises",
                    "text": {"time":"200", "content":"Dans le cadre de l’appel à projets « amélioration du métabolisme urbain » lancé par la Mairie de Paris en partenariat avec Paris Région Lab, le projet « Auto-partage interentreprises», porté par la société Orange pourra être expérimenté pendant 2 ans sur 6 véhicules de services des flottes de l'entreprise Orange et de la Ville de Paris. Il propose une expérimentation de mutualisation des systèmes d’auto-partage des deux entités. <strong>Cela permettra à terme d’optimiser le fonctionnement des systèmes existants, de diminuer les flottes et de proposer des systèmes inter-entreprises</strong>.<br><br><em>Porteur de projet : <a href = \"http://www.orange.com/\" target = \"_blank\">Orange</a></em>"},
                    "flows": [{"vl":["100","110", "2000", "2100"], "hl":[], "year":"o9", "anim":false, "fp":true, "scaling":true, "time":0}],
                    "territories":[{"target":"t4", "action":"appear", "parms":{"time":300}, "time":0},
                                    {"target":"t5", "action":"disappear", "parms":{"time":300}, "time":0},
                                    {"target":"t6", "action":"disappear", "parms":{"time":300}, "time":0}],
                    "ui":{"show":[], "hide":[]},
                    "functions":""
                }],       
            "b_steps" :
                [{
                    "subtitle":"Expérimentation d’auto-partage interentreprises",
                    "text": {"time":"200", "content":"Dans le cadre de l’appel à projets « amélioration du métabolisme urbain » lancé par la Mairie de Paris en partenariat avec Paris Région Lab, le projet « Auto-partage interentreprises», porté par la société Orange pourra être expérimenté pendant 2 ans sur 6 véhicules de services des flottes de l'entreprise Orange et de la Ville de Paris. Il propose une expérimentation de mutualisation des systèmes d’auto-partage des deux entités. <strong>Cela permettra à terme d’optimiser le fonctionnement des systèmes existants, de diminuer les flottes et de proposer des systèmes inter-entreprises</strong>.<br><br><em>Porteur de projet : <a href = \"http://www.orange.com/\" target = \"_blank\">Orange</a></em>"},
                    "flows": [{"vl":["100","110", "2000", "2100"], "hl":[], "year":"o9", "anim":false, "fp":true, "scaling":true, "time":0}],
                    "territories":[{"target":"t2", "action":"appear", "parms":{"time":100}, "time":0},
                                    {"target":"t3", "action":"appear", "parms":{"time":100}, "time":0},
                                    {"target":"t4", "action":"appear", "parms":{"time":100}, "time":0}],
                    "ui":{"show":[], "hide":[]},
                    "functions":""
                },
                {
                    "subtitle":"Auto-partage",
                    "text": {"time":"200", "content":"les systèmes d’auto-partage permettent d’optimiser l’usage des véhicules de service en les mutualisant. Des systèmes « sans clé » et de réservation en ligne permettent d’en rationaliser le fonctionnement. La Mairie de Paris a procédé à la réduction de son parc automobile. Elle dispose aujourd’hui de 49 véhicules en auto-partage."},
                    "flows": [{"vl":["100", "110"], "hl":["2000", "2100"], "year":"o4", "anim":false, "fp":true, "scaling":false, "time":0}],
                    "territories":[{"target":"t4", "action":"disappear", "parms":{"time":300}, "time":0},
                                    {"target":"t5", "action":"appear", "parms":{"time":300}, "time":0},
                                    {"target":"t6", "action":"appear", "parms":{"time":300}, "time":0}],
                    "ui":{"show":[], "hide":[]},
                    "functions":""
                }]
        }],
        "energy":[],
        "water":[]
    }
         }
  