{
	"ui_elements":{},
	"scale":"w/2000",
	"items": [{
                        "id":"t0",
                        "name":"t0",
                        "fax":"",
                        "fay":"",
                        "iw":"1",
                        "ih":"1",
                        "x":"-10",
                        "y":"0.35*h",
                        "scale":"1"
                    },
                    {
                        "id":"t1",
                        "name":"t1",
                        "fax":"",
                        "fay":"",
                        "iw":"1",
                        "ih":"1",
                        "x":"w+10",
                        "y":"0.35*h",
                        "scale":"1"
                    },
                    {
                        "id":"t2",
                        "name":"t2",
                        "label":"Supermarchés",
                        "geom":"data/graphics/geom_supermarche.json",
                        "fax":"0",
                        "fay":"0.2",
                        "iw":"1",
                        "ih":"1",
                        "x":"0.25*w",
                        "y":"0.55*h",
                        "scale":"0.15",
                        "force_w_scale":true,
                        "z":2
                    },
                    {
                        "id":"t3",
                        "name":"t3",
                        "label":"Restaurants",
                        "geom":"data/graphics/geom_restaurant.json",
                        "fax":"0",
                        "fay":"0.25",
                        "iw":"1",
                        "ih":"1",
                        "x":"0.25*w",
                        "y":"0.175*h",
                        "scale":"0.15",
                        "force_w_scale":true,
                        "z":1
                    },
                    {
                        "id":"t4",
                        "name":"t4",
                        "label":"Collecte à vélo",
                        "geom":"data/graphics/geom_collecte velo.json",
                        "fax":"0",
                        "fay":"0.15",
                        "iw":"1",
                        "ih":"0.5",
                        "x":"0.45*w",
                        "y":"0.35*h",
                        "scale":"0.15",
                        "force_w_scale":true,
                        "solution":true
                    },
                    {
                        "id":"t5",
                        "name":"t5",
                        "label":"Associations",
                        "geom":"data/graphics/geom_associations.json",
                        "fax":"0",
                        "fay":"0.15",
                        "iw":"0.85",
                        "ih":"0.6",
                        "x":"0.65*w",
                        "y":"0.37*h",
                        "scale":"0.15",
                        "force_w_scale":true
                    }],
	"flows": 		[{
                            "id":"50",
                            "index":"0",
                            "name":"Denrées alimentaires<br>jetées",
                            "type":"input",
                            "from":"t3",
                            "to":"t1",
                            "volume_o4":"66",
                            "volume_o9":"50",
                            "trend":"-1",
                            "unit":"t / an",
                            "color":"#939393",
                            "color2":"#b7b1ba",
                            "level":"0",
                            "parent":"",
                            "children":"",
                            "siblings":"",
                            "virtual":true
                        },
                        {
                            "id":"20000",
                            "index":"0",
                            "name":"Denrées alimentaires<br>jetées",
                            "type":"input",
                            "from":"t2",
                            "to":"t1",
                            "volume_o4":"66",
                            "volume_o9":"50",
                            "trend":"-1",
                            "unit":"t / an",
                            "color":"#939393",
                            "color2":"#b7b1ba",
                            "level":"0",
                            "parent":"",
                            "children":"",
                            "siblings":"",
                            "virtual":true
                        },
                        {
                            "id":"5000",
                            "index":"0",
                            "name":"Denrées redistribuées",
                            "type":"input",
                            "from":"t4",
                            "to":"t5",
                            "volume_o4":"66",
                            "volume_o9":"100",
                            "trend":"-1",
                            "unit":"t / an",
                            "color":"#8C2929",
                            "color2":"#b7b1ba",
                            "level":"0",
                            "parent":"",
                            "children":"",
                            "siblings":"",
                            "virtual":true
                        },
                        {
                            "id":"1050",
                            "index":"0",
                            "name":"Denrées alimentaires<br>jetées",
                            "type":"input",
                            "from":"t3",
                            "to":"t1",
                            "volume_o4":"33",
                            "volume_o9":"50",
                            "trend":"-1",
                            "unit":"t / an",
                            "color":"#939393",
                            "color2":"#b7b1ba",
                            "level":"0",
                            "parent":"",
                            "children":"",
                            "siblings":"",
                            "virtual":true
                        },
                        {
                            "id":"2050",
                            "index":"0",
                            "name":"Denrées alimentaires<br>jetées",
                            "type":"input",
                            "from":"t2",
                            "to":"t1",
                            "volume_o4":"33",
                            "volume_o9":"50",
                            "trend":"-1",
                            "unit":"t / an",
                            "color":"#939393",
                            "color2":"#b7b1ba",
                            "level":"0",
                            "parent":"",
                            "children":"",
                            "siblings":"",
                            "virtual":true
                        },
                        {
                            "id":"1000",
                            "index":"0",
                            "name":"Denrées invendues",
                            "type":"input",
                            "from":"t3",
                            "to":"t4",
                            "volume_o4":"33",
                            "volume_o9":"50",
                            "trend":"-1",
                            "unit":"t / an",
                            "color":"#8C2929",
                            "color2":"#b7b1ba",
                            "level":"0",
                            "parent":"",
                            "children":"",
                            "siblings":"",
                            "virtual":true
                        },
                        {
                            "id":"2000",
                            "index":"0",
                            "name":"Denrées invendues",
                            "type":"input",
                            "from":"t2",
                            "to":"t4",
                            "volume_o4":"33",
                            "volume_o9":"50",
                            "trend":"-1",
                            "unit":"t / an",
                            "color":"#8C2929",
                            "color2":"#b7b1ba",
                            "level":"0",
                            "parent":"",
                            "children":"",
                            "siblings":"",
                            "virtual":true
                        },
                        {
                            "id":"100",
                            "index":"0",
                            "name":"Produits<br>alimentaires",
                            "type":"input",
                            "from":"t0",
                            "to":"t3",
                            "volume_o4":"20",
                            "volume_o9":"300",
                            "trend":"-1",
                            "unit":"t / an",
                            "color":"#8C2929",
                            "color2":"#b7b1ba",
                            "level":"0",
                            "parent":"",
                            "children":"",
                            "siblings":"",
                            "virtual":true
                        },
                        {
                            "id":"200",
                            "index":"0",
                            "name":"Produits<br>alimentaires",
                            "type":"input",
                            "from":"t0",
                            "to":"t2",
                            "volume_o4":"20",
                            "volume_o9":"300",
                            "trend":"-1",
                            "unit":"t / an",
                            "color":"#8C2929",
                            "color2":"#b7b1ba",
                            "level":"0",
                            "parent":"",
                            "children":"",
                            "siblings":"",
                            "virtual":true
                        }],

    "stories": {
        "matter":[{
            "title":"",
            "subtitle":"",
            "display_dot":false,       
            "steps" :
                [{
                    "subtitle":"Le relais du don alimentaire",
                    "text": {"time":"200", "content":"Biocycle collecte les dons alimentaires chez les professionnels (supérettes, supermarchés, restauration collective...) et les acheminent à l'échelle de l'arrondissement avec ses cyclo-livreurs pour les redistribuer auprès des associations caritatives. A défaut d'être gaspillées, ce sont plus d’une demi-tonne de denrées qui ont été récupérée depuis 2015, principalement des fruits, des légumes, des produits laitiers et du pain.<br><br><em>Porteur de projet : <a href = \"http://biocycle.fr/\" target = \"_blank\">Biocycle</a></em>"},
                    "flows": [{"vl":["100","200","1000", "2000", "5000", "10000", "50", "20000"], "hl":[], "year":"o9", "anim":false, "fp":true, "scaling":true, "time":0}],
                    "territories":[{"target":"t2", "action":"appear", "parms":{"time":100}, "time":0},
                                    {"target":"t3", "action":"appear", "parms":{"time":100}, "time":0},
                                    {"target":"t4", "action":"appear", "parms":{"time":100}, "time":0},
                                     {"target":"t5", "action":"appear", "parms":{"time":100}, "time":0}],
                    "ui":{"show":[], "hide":[]},
                    "functions":""
                },
                {
                    "subtitle":"Le relais du don alimentaire",
                    "text": {"time":"200", "content":"Le gaspillage alimentaire représente de réels enjeux environnementaux, sociaux, économiques et éthiques. Chaque année, les parisiens jettent en effet 3 fois plus d’aliments consommables que le reste des français, dont 59 000 tonnes encore emballés. Avec les 13 mesures concrètes de son plan de lutte contre le gaspillage alimentaire, la ville de Paris ambitionne de réduire de moitié le gaspillage alimentaire d’ici 2025."},
                    "flows": [{"vl":["100","200","1050", "2050"], "hl":["1000", "2000", "5000", "10000", "50", "20000"], "year":"o9", "anim":false, "fp":true, "scaling":false, "time":0}],
                    "territories":[{"target":"t4", "action":"disappear", "parms":{"time":300}, "time":0},
                                    {"target":"t5", "action":"disappear", "parms":{"time":300}, "time":0}],
                    "ui":{"show":[], "hide":[]},
                    "functions":""
                },
                {
                    "subtitle":"Le relais du don alimentaire",
                    "text": {"time":"200", "content":"Biocycle collecte les dons alimentaires chez les professionnels (supérettes, supermarchés, restauration collective...) et les acheminent à l'échelle de l'arrondissement avec ses cyclo-livreurs pour les redistribuer auprès des associations caritatives. A défaut d'être gaspillées, ce sont plus d’une demi-tonne de denrées qui ont été récupérée depuis 2015, principalement des fruits, des légumes, des produits laitiers et du pain.<br><br><em>Porteur de projet : <a href = \"http://biocycle.fr/\" target = \"_blank\">Biocycle</a></em>"},
                    "flows": [{"vl":["100","200","1000", "2000", "5000", "10000", "50", "20000"], "hl":["1050", "2050"], "year":"o9", "anim":false, "fp":true, "scaling":true, "time":0}],
                    "territories":[{"target":"t4", "action":"appear", "parms":{"time":300}, "time":0},
                                    {"target":"t5", "action":"appear", "parms":{"time":300}, "time":0}],
                    "ui":{"show":[], "hide":[]},
                    "functions":""
                }],       
            "b_steps" :
                [{
                    "subtitle":"Le relais du don alimentaire",
                    "text": {"time":"200", "content":"Biocycle collecte les dons alimentaires chez les professionnels (supérettes, supermarchés, restauration collective...) et les acheminent à l'échelle de l'arrondissement avec ses cyclo-livreurs pour les redistribuer auprès des associations caritatives. A défaut d'être gaspillées, ce sont plus d’une demi-tonne de denrées qui ont été récupérée depuis 2015, principalement des fruits, des légumes, des produits laitiers et du pain.<br><br><em>Porteur de projet : <a href = \"http://biocycle.fr/\" target = \"_blank\">Biocycle</a></em>"},
                    "flows": [{"vl":["100","200","1000", "2000", "5000", "10000", "50", "20000"], "hl":["1050", "2050"], "year":"o9", "anim":false, "fp":true, "scaling":true, "time":0}],
                    "territories":[{"target":"t4", "action":"appear", "parms":{"time":300}, "time":0},
                                    {"target":"t5", "action":"appear", "parms":{"time":300}, "time":0}],
                    "ui":{"show":[], "hide":[]},
                    "functions":""
                },
                {
                    "subtitle":"Le relais du don alimentaire",
                    "text": {"time":"200", "content":"Le gaspillage alimentaire représente de réels enjeux environnementaux, sociaux, économiques et éthiques. Chaque année, les parisiens jettent en effet 3 fois plus d’aliments consommables que le reste des français, dont 59 000 tonnes encore emballés. Avec les 13 mesures concrètes de son plan de lutte contre le gaspillage alimentaire, la ville de Paris ambitionne de réduire de moitié le gaspillage alimentaire d’ici 2025"},
                    "flows": [{"vl":["100","200","1050", "2050"], "hl":["1000", "2000", "5000", "10000", "50", "20000"], "year":"o9", "anim":false, "fp":true, "scaling":false, "time":0}],
                    "territories":[{"target":"t4", "action":"disappear", "parms":{"time":300}, "time":0},
                                    {"target":"t5", "action":"disappear", "parms":{"time":300}, "time":0}],
                    "ui":{"show":[], "hide":[]},
                    "functions":""
                }]
        }],
        "energy":[],
        "water":[]
    }
         }
  