{
	"ui_elements":{},
	"scale":"w/2000",
	"items": [{
                        "id":"t0",
                        "name":"t0",
                        "fax":"",
                        "fay":"",
                        "iw":"1",
                        "ih":"1",
                        "x":"-10",
                        "y":"0.45*h",
                        "scale":"1"
                    },
                    {
                        "id":"t1",
                        "name":"t1",
                        "fax":"",
                        "fay":"",
                        "iw":"1",
                        "ih":"1",
                        "x":"w+10",
                        "y":"0.35*h",
                        "scale":"1"
                    },
					{
                        "id":"t2",
						"name":"t2",
                        "label":"Aménagement paysager de canal",
						"geom":"data/graphics/geom_espaces_verts_chantier.json",
                        "fax":"0",
                        "fay":"0.15",
                        "iw":"1",
                        "ih":"1",
						"x":"0.75*w",
						"y":"0.55*h",
						"scale":"0.15",
                        "force_w_scale":true
					},
                    {
                        "id":"t3",
                        "name":"t3",
                        "label":"Parcelle agricole",
                        "geom":"data/graphics/geom_agriculture.json",
                        "fax":"0",
                        "fay":"0.25",
                        "iw":"1",
                        "ih":"0.6",
                        "x":"0.625*w",
                        "y":"0.375*h",
                        "scale":"0.14",
                        "force_w_scale":true
                    },
                    {
                        "id":"t4",
                        "name":"t4",
                        "label":"Entretien des canaux",
                        "geom":"data/graphics/geom_fleuve.json",
                        "fax":"0",
                        "fay":"0.15",
                        "iw":"1",
                        "ih":"1",
                        "x":"0.25*w",
                        "y":"0.2*h",
                        "scale":"0.15",
                        "force_w_scale":true
                    },
                    {
                        "id":"t5",
                        "name":"t5",
                        "label":"Plateforme de<br>stockage des boues",
                        "geom":"data/graphics/geom_centrerecyclage.json",
                        "fax":"0",
                        "fay":"0.15",
                        "iw":"1",
                        "ih":"0.6",
                        "x":"0.45*w",
                        "y":"0.5*h",
                        "scale":"0.14",
                        "force_w_scale":true,
                        "solution":true
                    }],

	"flows": 		[{
                            "id":"2000",
                            "index":"0",
                            "name":"Sédiments extraits",
                            "type":"input",
                            "from":"t5",
                            "to":"t2",
                            "volume_o4":"50",
                            "volume_o9":"50",
                            "trend":"-1",
                            "unit":"t / an",
                            "color":"#709E42",
                            "virtual":true
                        },
                        {
                            "id":"2100",
                            "index":"0",
                            "name":"Boues de curage",
                            "type":"input",
                            "from":"t4",
                            "to":"t5",
                            "volume_o4":"50",
                            "volume_o9":"50",
                            "trend":"-1",
                            "unit":"t / an",
                            "color":"#6B5D70",
                            "virtual":true
                        },
                        {
                            "id":"2150",
                            "index":"0",
                            "name":"Boues de curage",
                            "type":"input",
                            "from":"t4",
                            "to":"t1",
                            "volume_o4":"200",
                            "volume_o9":"200",
                            "trend":"-1",
                            "unit":"t / an",
                            "color":"#6B5D70",
                            "virtual":true
                        },
                        {
                            "id":"700",
                            "index":"0",
                            "name":"Boues de curage",
                            "type":"input",
                            "from":"t4",
                            "to":"t3",
                            "volume_o4":"50",
                            "volume_o9":"50",
                            "trend":"-1",
                            "unit":"t / an",
                            "color":"#6B5D70",
                            "virtual":true
                        },
                        {
                            "id":"200",
                            "index":"0",
                            "name":"Boues de curage",
                            "type":"input",
                            "from":"t4",
                            "to":"t1",
                            "volume_o4":"100",
                            "volume_o9":"100",
                            "trend":"-1",
                            "unit":"t / an",
                            "color":"#6B5D70",
                            "virtual":true
                        }],

    "stories": {
        "matter":[{
            "title":"",
            "subtitle":"",
            "display_dot":false,       
            "steps" :
                [{
                    "subtitle":"Valorisation des boues de curage des canaux",
                    "text": {"time":"200", "content":"Les sédiments extraits partent pour partie reconstituer le sol sur des parcelles agricoles, pour partie en stockage temporaire avant d’être repris et valorisés en aménagements paysagers et, en cas de pollution vers un centre de traitement adapté.<br><br>Ainsi, aujourd’hui, <strong>les sédiments non pollués sont valorisés à 100 % sur des sites à proximité des opérations de travaux</strong>. Des tests sont aussi en cours pour améliorer la valorisation des sédiments pollués et pouvoir les réutiliser en compost ou terre.<br><br><em>Porteur de projet : <a href = \"http://www.paris.fr/\" target = \"_blank\">Direction de la Voirie et des Déplacements - Mairie de Paris</a></em>"},
                    "flows": [{"vl":["700","2000", "2100","200"], "hl":[], "year":"o9", "anim":false, "fp":true, "scaling":true, "time":0}],
                    "territories":[{"target":"t2", "action":"appear", "parms":{"time":100}, "time":0},
                                    {"target":"t3", "action":"appear", "parms":{"time":100}, "time":0},
                                    {"target":"t4", "action":"appear", "parms":{"time":100}, "time":0},
                                     {"target":"t5", "action":"appear", "parms":{"time":100}, "time":0}],
                    "ui":{"show":[], "hide":[]},
                    "functions":""
                },
                {
                    "subtitle":"Valorisation des boues de curage des canaux",
                    "text": {"time":"200", "content":"Chaque année, l’entretien des canaux nécessite un dragage qui consiste à retirer les sédiments accumulés dans les biefs et les sas d’écluses provenant des rivières et de l’érosion des berges. De 10 000 à 20 000 m3 de vases sont ainsi dragués annuellement, en dehors des opérations exceptionnelles (mises en chômage).<br><br>La technique de curage retenue pour les sections à petit et à grand gabarit est le dragage mécanique, en eau, en dehors des chômages réalisés à sec."},
                    "flows": [{"vl":["2150"], "hl":["700","2000","2100","200"], "year":"o4", "anim":false, "fp":true, "scaling":true, "time":0}],
                    "territories":[{"target":"t3", "action":"disappear", "parms":{"time":300}, "time":0},
                                    {"target":"t2", "action":"disappear", "parms":{"time":300}, "time":0},
                                    {"target":"t5", "action":"disappear", "parms":{"time":300}, "time":0}],
                    "ui":{"show":[], "hide":[]},
                    "functions":""
                },
                {
                    "subtitle":"Valorisation des boues de curage des canaux",
                    "text": {"time":"200", "content":"Les sédiments extraits partent pour partie reconstituer le sol sur des parcelles agricoles, pour partie en stockage temporaire avant d’être repris et valorisés en aménagements paysagers et, en cas de pollution vers un centre de traitement adapté.<br><br>Ainsi, aujourd’hui, <strong>les sédiments non pollués sont valorisés à 100 % sur des sites à proximité des opérations de travaux</strong>. Des tests sont aussi en cours pour améliorer la valorisation des sédiments pollués et pouvoir les réutiliser en compost ou terre.<br><br><em>Porteur de projet : <a href = \"http://www.paris.fr/\" target = \"_blank\">Direction de la Voirie et des Déplacements - Mairie de Paris</a></em>"},
                    "flows": [{"vl":["700","2000", "2100", "200"], "hl":["2150"], "year":"o9", "anim":false, "fp":true, "scaling":true, "time":0}],
                    "territories":[{"target":"t2", "action":"appear", "parms":{"time":100}, "time":0},
                                    {"target":"t3", "action":"appear", "parms":{"time":100}, "time":0},
                                     {"target":"t5", "action":"appear", "parms":{"time":100}, "time":0}],
                    "ui":{"show":[], "hide":[]},
                    "functions":""
                }],       
            "b_steps" :
                [{
                    "subtitle":"Valorisation des boues de curage des canaux",
                    "text": {"time":"200", "content":"Les sédiments extraits partent pour partie reconstituer le sol sur des parcelles agricoles, pour partie en stockage temporaire avant d’être repris et valorisés en aménagements paysagers et, en cas de pollution vers un centre de traitement adapté.<br><br>Ainsi, aujourd’hui, <strong>les sédiments non pollués sont valorisés à 100 % sur des sites à proximité des opérations de travaux</strong>. Des tests sont aussi en cours pour améliorer la valorisation des sédiments pollués et pouvoir les réutiliser en compost ou terre.<br><br><em>Porteur de projet : <a href = \"http://www.paris.fr/\" target = \"_blank\">Direction de la Voirie et des Déplacements - Mairie de Paris</a></em>"},
                    "flows": [{"vl":["700","2000", "2100","200"], "hl":["2150"], "year":"o9", "anim":false, "fp":true, "scaling":true, "time":0}],
                    "territories":[{"target":"t2", "action":"appear", "parms":{"time":100}, "time":0},
                                    {"target":"t3", "action":"appear", "parms":{"time":100}, "time":0},
                                    {"target":"t4", "action":"appear", "parms":{"time":100}, "time":0},
                                     {"target":"t5", "action":"appear", "parms":{"time":100}, "time":0}],
                    "ui":{"show":[], "hide":[]},
                    "functions":""
                },
                {
                    "subtitle":"Valorisation des boues de curage des canaux",
                    "text": {"time":"200", "content":"Chaque année, l’entretien des canaux nécessite un dragage qui consiste à retirer les sédiments accumulés dans les biefs et les sas d’écluses provenant des rivières et de l’érosion des berges. De 10 000 à 20 000 m3 de vases sont ainsi dragués annuellement, en dehors des opérations exceptionnelles (mises en chômage).<br><br>La technique de curage retenue pour les sections à petit et à grand gabarit est le dragage mécanique, en eau, en dehors des chômages réalisés à sec."},
                    "flows": [{"vl":["2150"], "hl":["700","2000","2100","200"], "year":"o4", "anim":false, "fp":true, "scaling":true, "time":0}],
                    "territories":[{"target":"t3", "action":"disappear", "parms":{"time":300}, "time":0},
                                    {"target":"t2", "action":"disappear", "parms":{"time":300}, "time":0},
                                    {"target":"t5", "action":"disappear", "parms":{"time":300}, "time":0}],
                    "ui":{"show":[], "hide":[]},
                    "functions":""
                }]
        }],
        "energy":[],
        "water":[]
    }
         }
  