{
	"ui_elements":{},
	"scale":"w/2000",
	"items": [{
                        "id":"t0",
                        "name":"t0",
                        "f_anchor_x":"",
                        "f_anchor_y":"",
                        "iw":"1",
                        "ih":"1",
                        "x":"-10",
                        "y":"0.4*h",
                        "scale":"1"
                    },
                    {
                        "id":"t1",
                        "name":"t1",
                        "f_anchor_x":"",
                        "f_anchor_y":"",
                        "iw":"1",
                        "ih":"1",
                        "x":"w+10",
                        "y":"0.4*h",
                        "scale":"1"
                    },
					{
                        "id":"t2",
                        "name":"t2",
                        "label":"Habitants",
                        "geom":"data/graphics/geom_groupepersonne.json",
                        "fax":"0",
                        "fay":"0.15",
                        "iw":"1",
                        "ih":"0.6",
                        "x":"0.35*w",
                        "y":"0.275*h",
                        "scale":"0.15",
                        "force_w_scale":true
					},
                    {
                        "id":"t3",
                        "name":"t3",
                        "label":"Boutique sans argent",
                        "geom":"data/graphics/geom_boutique-sansargent.json",
                        "fax":"0",
                        "fay":"0.15",
                        "iw":"1",
                        "ih":"0.6",
                        "x":"0.65*w",
                        "y":"0.45*h",
                        "scale":"0.15",
                        "force_w_scale":true
                    }],

	"flows": 		[{
                            "id":"1000",
                            "index":"0",
                            "name":"Objets jetés",
                            "type":"input",
                            "from":"t2",
                            "to":"t1",
                            "volume_o4":"1000",
                            "volume_o9":"1000",
                            "unit":"t / an",
                            "color":"#A8A8A8",
                            "virtual":true
                        },
                        {
                            "id":"1100",
                            "index":"0",
                            "name":"Objets jetés",
                            "type":"input",
                            "from":"t2",
                            "to":"t1",
                            "volume_o4":"2000",
                            "volume_o9":"2000",
                            "unit":"t / an",
                            "color":"#A8A8A8",
                            "virtual":true
                        },
                        {
                            "id":"500",
                            "index":"0",
                            "name":"Achats d'objets",
                            "type":"input",
                            "from":"t0",
                            "to":"t2",
                            "volume_o4":"1000",
                            "volume_o9":"1000",
                            "unit":"t / an",
                            "color":"#8965AA",
                            "virtual":true
                        },
                        {
                            "id":"400",
                            "index":"0",
                            "name":"Achats d'objets",
                            "type":"input",
                            "from":"t0",
                            "to":"t2",
                            "volume_o4":"2000",
                            "volume_o9":"2000",
                            "unit":"t / an",
                            "color":"#8965AA",
                            "virtual":true
                        },
                        {
                            "id":"2000",
                            "index":"0",
                            "name":"Objet donnés",
                            "type":"input",
                            "from":"t2",
                            "to":"t3",
                            "volume_o4":"1000",
                            "volume_o9":"1000",
                            "unit":"t / an",
                            "color":"#9ADB28",
                            "virtual":true
                        },
                        {
                            "id":"3000",
                            "index":"0",
                            "name":"Objets récupérés",
                            "type":"input",
                            "from":"t3",
                            "to":"t2",
                            "volume_o4":"1000",
                            "volume_o9":"1000",
                            "unit":"t / an",
                            "color":"#7FB57F",
                            "virtual":true
                        }],

    "stories": {
        "matter":[{
            "title":"",
            "subtitle":"",
            "display_dot":false,       
            "steps" :
                [{
                    "subtitle":"La Boutique sans argent",
                    "text": {"time":"200", "content":"Le magasin gratuit est géré par la Boutique sans argent, association qui promeut l’économie du don, à la fois sociale et solidaire, circulaire et collaborative. Ce lieu ouvert à tous favorise le don entre particuliers et participe à une meilleure utilisation des ressources en permettant le réemploi d’objets sous-utilisés. Dans un contexte de précarisation croissante, il sensibilise le public à des modes de consommation plus responsables, fondés sur l’anti gaspi, la solidarité, la coopération et l’intelligence collective.<br><br><em>Porteur de projet : <a href = \"http://laboutiquesansargent.org/\" target = \"_blank\">La Boutique sans argent</a></em>"},
                    "flows": [{"vl":["1000","500", "2000","3000"], "hl":[], "year":"o9", "anim":false, "fp":true, "scaling":true, "time":0}],
                    "territories":[{"target":"t2", "action":"appear", "parms":{"time":100}, "time":0},
                                    {"target":"t3", "action":"appear", "parms":{"time":100}, "time":0}]
                },
                {
                    "subtitle":"La Boutique sans argent",
                    "text": {"time":"200", "content":"Né aux États-Unis à la fin des années 60, le concept de free shop a progressivement essaimé en Europe, notamment en Allemagne et aux Pays-Bas qui comptent respectivement une cinquantaine et une trentaine de magasins gratuits. La vocation de ces magasins où tout est en accès libre, sans monnaie d’échange, ni de troc, est d’éviter le gaspillage et les déchets en redonnant une seconde vie à des objets encore en bon état. La France compte une poignée de projets dont le Magasin pour rien, un pionnier situé à Mulhouse et la Boutique sans argent qui opère un changement d’échelle en important la démarche à Paris."},
                    "flows": [{"vl":["1100", "400"], "hl":["1000","500", "2000","3000"], "year":"o9", "anim":false, "fp":true, "scaling":true, "time":0}],
                    "territories":[{"target":"t2", "action":"appear", "parms":{"time":100}, "time":0},
                                    {"target":"t3", "action":"disappear", "parms":{"time":100}, "time":0}]
                },
                {
                    "subtitle":"La Boutique sans argent",
                    "text": {"time":"200", "content":"Le magasin gratuit est géré par la Boutique sans argent, association qui promeut l’économie du don, à la fois sociale et solidaire, circulaire et collaborative. Ce lieu ouvert à tous favorise le don entre particuliers et participe à une meilleure utilisation des ressources en permettant le réemploi d’objets sous-utilisés. Dans un contexte de précarisation croissante, il sensibilise le public à des modes de consommation plus responsables, fondés sur l’anti gaspi, la solidarité, la coopération et l’intelligence collective.<br><br><em>Porteur de projet : <a href = \"http://laboutiquesansargent.org/\" target = \"_blank\">La Boutique sans argent</a></em>"},
                    "flows": [{"vl":["1000","500", "2000","3000"], "hl":["1100", "400"], "year":"o9", "anim":false, "fp":true, "scaling":true, "time":0}],
                    "territories":[{"target":"t3", "action":"appear", "parms":{"time":100}, "time":0}]
                }],       
            "b_steps" :
                [{
                    "subtitle":"La Boutique sans argent",
                    "text": {"time":"200", "content":"Le magasin gratuit est géré par la Boutique sans argent, association qui promeut l’économie du don, à la fois sociale et solidaire, circulaire et collaborative. Ce lieu ouvert à tous favorise le don entre particuliers et participe à une meilleure utilisation des ressources en permettant le réemploi d’objets sous-utilisés. Dans un contexte de précarisation croissante, il sensibilise le public à des modes de consommation plus responsables, fondés sur l’anti gaspi, la solidarité, la coopération et l’intelligence collective.<br><br><em>Porteur de projet : <a href = \"http://laboutiquesansargent.org/\" target = \"_blank\">La Boutique sans argent</a></em>"},
                    "flows": [{"vl":["1000","500", "2000","3000"], "hl":["1100", "400"], "year":"o9", "anim":false, "fp":true, "scaling":true, "time":0}],
                    "territories":[{"target":"t3", "action":"appear", "parms":{"time":100}, "time":0}]
                },
                {
                    "subtitle":"La Boutique sans argent",
                    "text": {"time":"200", "content":"Né aux États-Unis à la fin des années 60, le concept de free shop a progressivement essaimé en Europe, notamment en Allemagne et aux Pays-Bas qui comptent respectivement une cinquantaine et une trentaine de magasins gratuits. La vocation de ces magasins où tout est en accès libre, sans monnaie d’échange, ni de troc, est d’éviter le gaspillage et les déchets en redonnant une seconde vie à des objets encore en bon état. La France compte une poignée de projets dont le Magasin pour rien, un pionnier situé à Mulhouse et la Boutique sans argent qui opère un changement d’échelle en important la démarche à Paris."},
                    "flows": [{"vl":["1100", "400"], "hl":["1000","500", "2000","3000"], "year":"o9", "anim":false, "fp":true, "scaling":true, "time":0}],
                    "territories":[{"target":"t2", "action":"appear", "parms":{"time":100}, "time":0},
                                    {"target":"t3", "action":"disappear", "parms":{"time":100}, "time":0}]
                }]
        }],
        "energy":[],
        "water":[]
    }
         }
  