{
	"ui_elements":{},
	"scale":"w/2000",
	"items": [{
                        "id":"t0",
                        "name":"t0",
                        "f_anchor_x":"",
                        "f_anchor_y":"",
                        "iw":"1",
                        "ih":"1",
                        "x":"-10",
                        "y":"0.35*h",
                        "scale":"1"
                    },
                    {
                        "id":"t1",
                        "name":"t1",
                        "f_anchor_x":"",
                        "f_anchor_y":"",
                        "iw":"1",
                        "ih":"1",
                        "x":"w+10",
                        "y":"0.5*h",
                        "scale":"1"
                    },
					{
                        "id":"t2",
                        "name":"t2",
                        "label":"Restaurant collectif",
                        "geom":"data/graphics/geom_restaurant collectif.json",
                        "fax":"0",
                        "fay":"0.22",
                        "iw":"1",
                        "ih":"0.5",
                        "x":"0.25*w",
                        "y":"0.35*h",
                        "scale":"0.18",
                        "force_w_scale":true
					},
                    {
                        "id":"t3",
                        "name":"t3",
                        "label":"Composteur électromécanique",
                        "geom":"data/graphics/geom_compost_electromecanique.json",
                        "fax":"0",
                        "fay":"0.15",
                        "iw":"1",
                        "ih":"0.4",
                        "x":"0.5*w",
                        "y":"0.4*h",
                        "scale":"0.18",
                        "force_w_scale":true,
                        "solution":true
                    },
                    {
                        "id":"t4",
                        "name":"t4",
                        "label":"Espaces verts",
                        "geom":"data/graphics/geom_espacesverts.json",
                        "fax":"0",
                        "fay":"0.15",
                        "iw":"1",
                        "ih":"0.4",
                        "x":"0.75*w",
                        "y":"0.425*h",
                        "scale":"0.18",
                        "force_w_scale":true
                    }],

	"flows": 		[
                        {
                            "id":"100",
                            "index":"0",
                            "name":"Produits<br>alimentaires",
                            "type":"input",
                            "from":"t0",
                            "to":"t2",
                            "volume_o4":"2000",
                            "volume_o9":"2000",
                            "unit":"t / an",
                            "color":"#8C2929",
                            "virtual":true
                        },
                        {
                            "id":"1000",
                            "index":"0",
                            "name":"Biodéchets",
                            "type":"input",
                            "from":"t2",
                            "to":"t1",
                            "volume_o4":"2000",
                            "volume_o9":"1000",
                            "unit":"t / an",
                            "color":"#A8A8A8",
                            "virtual":true
                        },
                        {
                            "id":"2000",
                            "index":"0",
                            "name":"Biodéchets",
                            "type":"input",
                            "from":"t2",
                            "to":"t3",
                            "volume_o4":"1000",
                            "volume_o9":"1000",
                            "unit":"t / an",
                            "color":"#A8A8A8",
                            "virtual":true
                        },
                        {
                            "id":"2100",
                            "index":"0",
                            "name":"Compost semi-fini",
                            "type":"input",
                            "from":"t3",
                            "to":"t4",
                            "volume_o4":"1000",
                            "volume_o9":"1000",
                            "unit":"t / an",
                            "color":"#7FB57F",
                            "virtual":true
                        }],

    "stories": {
        "matter":[{
            "title":"",
            "subtitle":"",
            "display_dot":false,       
            "steps" :
                [{
                    "subtitle":"Compostage des déchets de la restauration collective",
                    "text": {"time":"200", "content":"Pour répondre aux obligations réglementaires, le Département du Val de Marne a fait l’acquisition d’un composteur électromécanique qui permet de traiter in-situ la production de déchets (30 tonnes /an) d’un restaurant collectif départemental de 1000 couverts (élèves, étudiants et personnel administratif). Ce matériel transforme en 12 semaines les biodéchets en compost semi-fini, sans nuisance ni manipulation excessive. Cette action donne lieu à une coopération avec des laboratoires de recherche sur la question de la reconstitution de sols urbains et la diminution des importations de terres végétales.<br><br><em>Porteur de projet : <a href = \"http://www.valdemarne.fr/\" target = \"_blank\">Département du Val-de-Marne</a></em>"},
                    "flows": [{"vl":["2000","3000","100","2100"], "hl":[], "year":"o9", "anim":false, "fp":true, "scaling":true, "time":0}],
                    "territories":[{"target":"t2", "action":"appear", "parms":{"time":100}, "time":0},
                                    {"target":"t3", "action":"appear", "parms":{"time":100}, "time":0},
                                    {"target":"t4", "action":"appear", "parms":{"time":100}, "time":0}]
                },
                {
                    "subtitle":"Compostage des déchets de la restauration collective",
                    "text": {"time":"200", "content":"Près de 5 millions de repas sont servis par an dans les structures de restauration collective départementale (collèges, restaurants administratifs, établissements sociaux). Les services du Département commandent ainsi chaque année 155 tonnes de fruits, 279 tonnes de légumes, 170 tonnes de produits laitiers, etc. Malgré les efforts menés pour réduire le gaspillage alimentaire, environ 30% de l’alimentation servie est finalement évacuée sous forme de biodéchets (restes de cuisine, repas non consommés, restes de plateaux). Collectés avec le reste des déchets, ces biodéchets partent actuellement en incinération."},
                    "flows": [{"vl":["1000","100"], "hl":["2000","3000","2100"], "year":"o9", "anim":false, "fp":true, "scaling":false, "time":0}],
                    "territories":[{"target":"t3", "action":"disappear", "parms":{"time":300}, "time":0},
                                    {"target":"t4", "action":"disappear", "parms":{"time":300}, "time":0}]
                },
                {
                    "subtitle":"Compostage des déchets de la restauration collective",
                    "text": {"time":"200", "content":"Pour répondre aux obligations réglementaires, le Département du Val de Marne a fait l’acquisition d’un composteur électromécanique qui permet de traiter in-situ la production de déchets (30 tonnes /an) d’un restaurant collectif départemental de 1000 couverts (élèves, étudiants et personnel administratif). Ce matériel transforme en 12 semaines les biodéchets en compost semi-fini, sans nuisance ni manipulation excessive. Cette action donne lieu à une coopération avec des laboratoires de recherche sur la question de la reconstitution de sols urbains et la diminution des importations de terres végétales.<br><br><em>Porteur de projet : <a href = \"http://www.valdemarne.fr/\" target = \"_blank\">Département du Val-de-Marne</a></em>"},
                    "flows": [{"vl":["2000","3000","1000","2100","100"], "hl":["1000"], "year":"o9", "anim":false, "fp":true, "scaling":true, "time":0}],
                    "territories":[{"target":"t3", "action":"appear", "parms":{"time":300}, "time":0},
                                    {"target":"t4", "action":"appear", "parms":{"time":300}, "time":0}]
                }],       
            "b_steps" :
                [{
                    "subtitle":"Compostage des déchets de la restauration collective",
                    "text": {"time":"200", "content":"Pour répondre aux obligations réglementaires, le Département du Val de Marne a fait l’acquisition d’un composteur électromécanique qui permet de traiter in-situ la production de déchets (30 tonnes /an) d’un restaurant collectif départemental de 1000 couverts (élèves, étudiants et personnel administratif). Ce matériel transforme en 12 semaines les biodéchets en compost semi-fini, sans nuisance ni manipulation excessive. Cette action donne lieu à une coopération avec des laboratoires de recherche sur la question de la reconstitution de sols urbains et la diminution des importations de terres végétales.<br><br><em>Porteur de projet : <a href = \"http://www.valdemarne.fr/\" target = \"_blank\">Département du Val-de-Marne</a></em>"},
                    "flows": [{"vl":["2000","3000","100","2100"], "hl":["1000"], "year":"o9", "anim":false, "fp":true, "scaling":true, "time":0}],
                    "territories":[{"target":"t2", "action":"appear", "parms":{"time":300}, "time":0},
                                    {"target":"t3", "action":"appear", "parms":{"time":300}, "time":0},
                                    {"target":"t4", "action":"appear", "parms":{"time":300}, "time":0}]
                },
                {
                    "subtitle":"Compostage des déchets de la restauration collective",
                    "text": {"time":"200", "content":"Près de 5 millions de repas sont servis par an dans les structures de restauration collective départementale (collèges, restaurants administratifs, établissements sociaux). Les services du Département commandent ainsi chaque année 155 tonnes de fruits, 279 tonnes de légumes, 170 tonnes de produits laitiers, etc. Malgré les efforts menés pour réduire le gaspillage alimentaire, environ 30% de l’alimentation servie est finalement évacuée sous forme de biodéchets (restes de cuisine, repas non consommés, restes de plateaux). Collectés avec le reste des déchets, ces biodéchets partent actuellement en incinération."},
                    "flows": [{"vl":["1000","100"], "hl":["2000","3000","2100"], "year":"o9", "anim":false, "fp":true, "scaling":false, "time":0}],
                    "territories":[{"target":"t3", "action":"disappear", "parms":{"time":300}, "time":0},
                                    {"target":"t4", "action":"disappear", "parms":{"time":300}, "time":0}]
                }]
        }],
        "energy":[],
        "water":[]
    }
         }
  