{
	"ui_elements":{},
	"scale":"w/2000",
	"items": [{
                        "id":"t0",
                        "name":"t0",
                        "fax":"",
                        "fay":"",
                        "iw":"1",
                        "ih":"1",
                        "x":"-10",
                        "y":"0.45*h",
                        "scale":"1"
                    },
                    {
                        "id":"t1",
                        "name":"t1",
                        "fax":"",
                        "fay":"",
                        "iw":"1",
                        "ih":"1",
                        "x":"w+10",
                        "y":"0.45*h",
                        "scale":"1"
                    },
					{
                        "id":"t2",
						"name":"t2",
						"geom":"data/graphics/geom_immeuble_localtechniqueseul.json",
                        "fax":"0",
                        "fay":"0.25",
                        "iw":"1",
                        "ih":"0.5",
						"x":"0.5*w",
						"y":"0.3*h",
						"scale":"0.22",
                        "force_w_scale":true,
                        "solution":true,
                        "z":1
					},
                    {
                        "id":"t3",
                        "name":"t3",
                        "label":"Foyer du 134,<br> rue du Chevaleret",
                        "geom":"data/graphics/geom_immeuble.json",
                        "fax":"0",
                        "fay":"0.25",
                        "iw":"1",
                        "ih":"0.65",
                        "x":"0.5*w",
                        "y":"0.3*h",
                        "scale":"0.22",
                        "force_w_scale":true,
                        "z":0
                    }],

	"flows": 		[{
                            "id":"1000",
                            "index":"0",
                            "name":"Besoins de chaleur pour<br>l'eau chaude sanitaire",
                            "type":"input",
                            "from":"t0",
                            "to":"t3",
                            "volume_o4":"100",
                            "volume_o9":"30",
                            "trend":"-1",
                            "unit":"t / an",
                            "color":"#E50000",
                            "level":"0",
                            "parent":"",
                            "children":"",
                            "siblings":"",
                            "virtual":true
                        },
                        {
                            "id":"500",
                            "index":"0",
                            "name":"Chaleur perdue<br>(eaux usées et chaleur<br>fatale cogénération)",
                            "type":"input",
                            "from":"t3",
                            "to":"t1",
                            "volume_o4":"100",
                            "volume_o9":"30",
                            "trend":"-1",
                            "unit":"t / an",
                            "color":"#E50000",
                            "level":"0",
                            "parent":"",
                            "children":"",
                            "siblings":"",
                            "virtual":true
                        },
                        {
                            "id":"2000",
                            "index":"0",
                            "name":"Chaleur récupérée",
                            "type":"recyclage",
                            "from":"t3",
                            "to":"t3",
                            "volume_o4":"70",
                            "volume_o9":"70",
                            "trend":"-1",
                            "unit":"t / an",
                            "color":"#FF8F2E",
                            "level":"0",
                            "parent":"",
                            "children":"",
                            "siblings":"",
                            "virtual":true
                        }],

    "stories": {
        "matter":[{
            "title":"",
            "subtitle":"",
            "display_dot":false,       
            "steps" :
                [{
                    "subtitle":"Récupération de chaleur au foyer Chevaleret",
                    "text": {"time":"200", "content":"La réhabilitation du foyer du 134 rue du Chevaleret (13ème arrondissement de Paris) bénéficie d’une installation innovante de récupération de chaleur sur les eaux usées couplée à une mini-cogénération gaz. Le système valorise doublement les énergies habituellement perdues : une première fois avec la récupération de calories via une pompe à chaleur sur les eaux usées pour préchauffer l’eau chaude sanitaire et une seconde fois grâce à la chaleur dégagée par la mini cogénération.<b> Ce système permet une économie de plus de 50 % du coût énergétique par rapport à une solution gaz traditionnelle.</b><br><br><em>Porteur de projet : <a href = \"http://www.icfhabitat.fr/sabliere/\" target = \"_blank\">ICF Habitat La Sablière</a></em>"},
                    "flows": [{"vl":["500","1000", "2000"], "hl":[], "year":"o9", "anim":false, "fp":true, "scaling":true, "time":0}],
                    "territories":[{"target":"t2", "action":"appear", "parms":{"time":100}, "time":0},
                                    {"target":"t3", "action":"appear", "parms":{"time":100}, "time":0}],
                    "ui":{"show":[], "hide":[]},
                    "functions":""
                },
                {
                    "subtitle":"Récupération de chaleur au foyer Chevaleret",
                    "text": {"time":"200", "content":"Une grande partie de l’énergie utilisée pour chauffer nos bâtiments ou l’eau chaude sanitaire est perdue. Cette énergie, nommée énergie fatale, se dissipe en particulier dans les canalisations d’évacuation (eaux grises rejoignant les égouts). Elle peut être récupérée ou valorisée pour partiellement couvrir d’autres besoins."},
                    "flows": [{"vl":["1000", "500"], "hl":["2000"], "year":"o4", "anim":false, "fp":true, "scaling":false, "time":0}],
                    "territories":[{"target":"t2", "action":"disappear", "parms":{"time":300}, "time":0}],
                    "ui":{"show":[], "hide":[]},
                    "functions":""
                },
                {
                    "subtitle":"Récupération de chaleur au foyer Chevaleret",
                    "text": {"time":"200", "content":"La réhabilitation du foyer du 134 rue du Chevaleret (13ème arrondissement de Paris) bénéficie d’une installation innovante de récupération de chaleur sur les eaux usées couplée à une mini-cogénération gaz. Le système valorise doublement les énergies habituellement perdues : une première fois avec la récupération de calories via une pompe à chaleur sur les eaux usées pour préchauffer l’eau chaude sanitaire et une seconde fois grâce à la chaleur dégagée par la mini cogénération.<b> Ce système permet une économie de plus de 50 % du coût énergétique par rapport à une solution gaz traditionnelle.</b><br><br><em>Porteur de projet : <a href = \"http://www.icfhabitat.fr/sabliere/\" target = \"_blank\">ICF Habitat La Sablière</a></em>"},
                    "flows": [{"vl":["500","1000", "2000"], "hl":[], "year":"o9", "anim":false, "fp":true, "scaling":true, "time":0}],
                    "territories":[{"target":"t2", "action":"appear", "parms":{"time":100}, "time":0}],
                    "ui":{"show":[], "hide":[]},
                    "functions":""
                }],       
            "b_steps" :
                [{
                    "subtitle":"Récupération de chaleur au foyer Chevaleret",
                    "text": {"time":"200", "content":"La réhabilitation du foyer du 134 rue du Chevaleret (13ème arrondissement de Paris) bénéficie d’une installation innovante de récupération de chaleur sur les eaux usées couplée à une mini-cogénération gaz. Le système valorise doublement les énergies habituellement perdues : une première fois avec la récupération de calories via une pompe à chaleur sur les eaux usées pour préchauffer l’eau chaude sanitaire et une seconde fois grâce à la chaleur dégagée par la mini cogénération.<b> Ce système permet une économie de plus de 50 % du coût énergétique par rapport à une solution gaz traditionnelle.</b><br><br><em>Porteur de projet : <a href = \"http://www.icfhabitat.fr/sabliere/\" target = \"_blank\">ICF Habitat La Sablière</a></em>"},
                    "flows": [{"vl":["500","1000", "2000"], "hl":[], "year":"o9", "anim":false, "fp":true, "scaling":true, "time":0}],
                    "territories":[{"target":"t2", "action":"appear", "parms":{"time":100}, "time":0},
                                    {"target":"t3", "action":"appear", "parms":{"time":100}, "time":0}],
                    "ui":{"show":[], "hide":[]},
                    "functions":""
                },
                {
                    "subtitle":"Récupération de chaleur au foyer Chevaleret",
                    "text": {"time":"200", "content":"Une grande partie de l’énergie utilisée pour chauffer nos bâtiments ou l’eau chaude sanitaire est perdue. Cette énergie, nommée énergie fatale, se dissipe en particulier dans les canalisations d’évacuation (eaux grises rejoignant les égouts). Elle peut être récupérée ou valorisée pour partiellement couvrir d’autres besoins."},
                    "flows": [{"vl":["1000", "500"], "hl":["2000"], "year":"o4", "anim":false, "fp":true, "scaling":false, "time":0}],
                    "territories":[{"target":"t2", "action":"disappear", "parms":{"time":300}, "time":0}],
                    "ui":{"show":[], "hide":[]},
                    "functions":""
                }]
        }],
        "energy":[],
        "water":[]
    }
         }
  