{
	"ui_elements":{},
	"scale":"w/2000",
	"items": [{
                        "id":"t0",
                        "name":"t0",
                        "fax":"",
                        "fay":"",
                        "iw":"1",
                        "ih":"1",
                        "x":"-10",
                        "y":"0.35*h",
                        "scale":"1"
                    },
                    {
                        "id":"t1",
                        "name":"t1",
                        "fax":"",
                        "fay":"",
                        "iw":"1",
                        "ih":"1",
                        "x":"w+10",
                        "y":"0.3*h",
                        "scale":"1"
                    },
					{
                        "id":"t2",
						"name":"t2",
                        "label":"Restaurants",
						"geom":"data/graphics/geom_restaurant.json",
                        "fax":"0",
                        "fay":"0.1",
                        "iw":"1",
                        "ih":"0.3",
						"x":"0.65*w",
						"y":"0.2*h",
						"scale":"0.15",
                        "force_w_scale":true
					},
                    {
                        "id":"t3",
                        "name":"t3",
                        "label":"Galeries Lafayette",
                        "geom":"data/graphics/geom_immeuble_galerielafayette.json",
                        "fax":"0",
                        "fay":"0.35",
                        "iw":"1.2",
                        "ih":"1",
                        "x":"0.4*w",
                        "y":"0.27*h",
                        "scale":"0.14",
                        "force_w_scale":true,
                        "z":1
                    },
                    {
                        "id":"t4",
                        "name":"t4",
                        "label":"Galeries Lafayette",
                        "geom":"data/graphics/geom_immeuble_galerielafayette-toitjardin.json",
                        "fax":"0",
                        "fay":"0.35",
                        "iw":"1.2",
                        "ih":"1",
                        "x":"0.4*w",
                        "y":"0.27*h",
                        "scale":"0.14",
                        "force_w_scale":true,
                        "solution":true,
                        "z":2
                    },
                    {
                        "id":"t5",
                        "name":"t5",
                        "label":"Vente en<br>circuit court",
                        "geom":"data/graphics/geom_boutique-circuitcourt.json",
                        "fax":"0",
                        "fay":"0.1",
                        "iw":"1",
                        "ih":"0.55",
                        "x":"0.7*w",
                        "y":"0.5*h",
                        "scale":"0.15",
                        "force_w_scale":true
                    }],

	"flows": 		[{
                            "id":"2500",
                            "index":"0",
                            "name":"Produits alimentaires",
                            "type":"input",
                            "from":"t0",
                            "to":"t3",
                            "volume_o4":"1000",
                            "volume_o9":"800",
                            "trend":"-1",
                            "unit":"t / an",
                            "color":"#8C2929",
                            "color2":"#b7b1ba",
                            "level":"0",
                            "parent":"",
                            "children":"",
                            "siblings":"",
                            "virtual":true
                        },
                        {
                            "id":"1900",
                            "index":"0",
                            "name":"Produits alimentaires",
                            "type":"input",
                            "from":"t0",
                            "to":"t2",
                            "volume_o4":"1000",
                            "volume_o9":"800",
                            "trend":"-1",
                            "unit":"t / an",
                            "color":"#8C2929",
                            "color2":"#b7b1ba",
                            "level":"0",
                            "parent":"",
                            "children":"",
                            "siblings":"",
                            "virtual":true
                        },
                        {
                            "id":"2000",
                            "index":"0",
                            "name":"Production maraîchère locale",
                            "type":"input",
                            "from":"t3",
                            "to":"t2",
                            "volume_o4":"200",
                            "volume_o9":"200",
                            "trend":"-1",
                            "unit":"t / an",
                            "color":"#88963D",
                            "color2":"#b7b1ba",
                            "level":"0",
                            "parent":"",
                            "children":"",
                            "siblings":"",
                            "virtual":true
                        },
                        {
                            "id":"3100",
                            "index":"0",
                            "name":"Produits alimentaires",
                            "type":"input",
                            "from":"t0",
                            "to":"t5",
                            "volume_o4":"1000",
                            "volume_o9":"800",
                            "trend":"-1",
                            "unit":"t / an",
                            "color":"#8C2929",
                            "color2":"#b7b1ba",
                            "level":"0",
                            "parent":"",
                            "children":"",
                            "siblings":"",
                            "virtual":true
                        },
                        {
                            "id":"3000",
                            "index":"0",
                            "name":"Production maraîchère locale",
                            "type":"input",
                            "from":"t3",
                            "to":"t5",
                            "volume_o4":"200",
                            "volume_o9":"200",
                            "trend":"-1",
                            "unit":"t / an",
                            "color":"#88963D",
                            "color2":"#b7b1ba",
                            "level":"0",
                            "parent":"",
                            "children":"",
                            "siblings":"",
                            "virtual":true
                        },
                        {
                            "id":"4000",
                            "index":"0",
                            "name":"Production maraîchère locale",
                            "type":"input",
                            "from":"t3",
                            "to":"t3",
                            "volume_o4":"200",
                            "volume_o9":"200",
                            "trend":"-1",
                            "unit":"t / an",
                            "color":"#88963D",
                            "color2":"#b7b1ba",
                            "level":"0",
                            "parent":"",
                            "children":"",
                            "siblings":"",
                            "virtual":true
                        }],

    "stories": {
        "matter":[{
            "title":"",
            "subtitle":"",
            "display_dot":false,       
            "steps" :
                [{
                    "subtitle":"Les champs perchés",
                    "text": {"time":"200", "content":"<b>Paris sous les fraises</b> s’inscrit dans une démarche de développement de la biodiversité, de réduction des déchets et de valorisation des ressources avec ses 1200 m² de cultures maraîchères sans pesticides sur le toit des Galeries Lafayette. 21 000 plantes y sont cultivées en permaculture verticale pour une production de 1,8 T de produits frais. 300 m3 d’eau de pluies sont valorisés et 13 tonnes de carbone sont captés chaque année. Cueillis à maturité les productions sont distribuées sous la marque « Les champs perchés » à des restaurateurs, les Galeries Lafayette Gourmet et en partenariats saisonniers avec des startups telles que les confitures parisiennes.<br><br><em>Porteur de projet : <a href = \"http://www.souslesfraises.com/\" target = \"_blank\">Sous Les Fraises</a> et <a href = \"http://jardinerlaville.fr/\" target = \"_blank\">l’AFCH (Association Française de Culture Hors-Sol)</a></em>"},
                    "flows": [{"vl":["2500", "2000", "3000", "4000", "1900", "3100"], "hl":[], "year":"o9", "anim":false, "fp":true, "scaling":true, "time":0}],
                    "territories":[{"target":"t2", "action":"appear", "parms":{"time":100}, "time":0},
                                    {"target":"t3", "action":"appear", "parms":{"time":100}, "time":0},
                                    {"target":"t4", "action":"appear", "parms":{"time":100}, "time":0},
                                     {"target":"t5", "action":"appear", "parms":{"time":100}, "time":0}],
                    "ui":{"show":[], "hide":[]},
                    "functions":""
                },
                {
                    "subtitle":"Les champs perchés",
                    "text": {"time":"200", "content":"Les techniques de production hors-sol sont des réponses aux problématiques liées à la végétalisation des toitures et terrasses des villes car plus légères. Associées à des pratiques responsables pour la production, le gestion de l’eau ou des déchets, elles participent à la résilience et la durabilité des milieux urbains en captant le carbone atmosphérique, rafraîchissant l’air ambiant, valorisant les eaux de pluies et stimulant la biodiversité. Cette agriculture urbaine introduit de plus la logique des circuits courts qui rapproche les producteurs des consommateurs."},
                    "flows": [{"vl":["1900", "3100", "2500"], "hl":["2000", "3000", "4000"], "year":"o4", "anim":false, "fp":true, "scaling":true, "time":0}],
                    "territories":[{"target":"t4", "action":"disappear", "parms":{"time":300}, "time":0}],
                    "ui":{"show":[], "hide":[]},
                    "functions":""
                },
                {
                    "subtitle":"Les champs perchés",
                    "text": {"time":"200", "content":"<b>Paris sous les fraises</b> s’inscrit dans une démarche de développement de la biodiversité, de réduction des déchets et de valorisation des ressources avec ses 1200 m² de cultures maraîchères sans pesticides sur le toit des Galeries Lafayette. 21 000 plantes y sont cultivées en permaculture verticale pour une production de 1,8 T de produits frais. 300 m3 d’eau de pluies sont valorisés et 13 tonnes de carbone sont captés chaque année. Cueillis à maturité les productions sont distribuées sous la marque « Les champs perchés » à des restaurateurs, les Galeries Lafayette Gourmet et en partenariats saisonniers avec des startups telles que les confitures parisiennes.<br><br><em>Porteur de projet : <a href = \"http://www.souslesfraises.com/\" target = \"_blank\">Sous Les Fraises</a> et <a href = \"http://jardinerlaville.fr/\" target = \"_blank\">l’AFCH (Association Française de Culture Hors-Sol)</a></em>"},
                    "flows": [{"vl":["2500", "2000", "3000", "4000", "1900", "3100"], "hl":[], "year":"o9", "anim":false, "fp":true, "scaling":true, "time":0}],
                    "territories":[{"target":"t4", "action":"appear", "parms":{"time":300}, "time":0}],
                    "ui":{"show":[], "hide":[]},
                    "functions":""
                }],       
            "b_steps" :
                [{
                    "subtitle":"Les champs perchés",
                    "text": {"time":"200", "content":"<b>Paris sous les fraises</b> s’inscrit dans une démarche de développement de la biodiversité, de réduction des déchets et de valorisation des ressources avec ses 1200 m² de cultures maraîchères sans pesticides sur le toit des Galeries Lafayette. 21 000 plantes y sont cultivées en permaculture verticale pour une production de 1,8 T de produits frais. 300 m3 d’eau de pluies sont valorisés et 13 tonnes de carbone sont captés chaque année. Cueillis à maturité les productions sont distribuées sous la marque « Les champs perchés » à des restaurateurs, les Galeries Lafayette Gourmet et en partenariats saisonniers avec des startups telles que les confitures parisiennes.<br><br><em>Porteur de projet : <a href = \"http://www.souslesfraises.com/\" target = \"_blank\">Sous Les Fraises</a> et <a href = \"http://jardinerlaville.fr/\" target = \"_blank\">l’AFCH (Association Française de Culture Hors-Sol)</a></em>"},
                    "flows": [{"vl":["2500", "2000", "3000", "4000", "1900", "3100"], "hl":[], "year":"o9", "anim":false, "fp":true, "scaling":true, "time":0}],
                    "territories":[{"target":"t4", "action":"appear", "parms":{"time":300}, "time":0}],
                    "ui":{"show":[], "hide":[]},
                    "functions":""
                },
                {
                    "subtitle":"Les champs perchés",
                    "text": {"time":"200", "content":"Les techniques de production hors-sol sont des réponses aux problématiques liées à la végétalisation des toitures et terrasses des villes car plus légères. Associées à des pratiques responsables pour la production, le gestion de l’eau ou des déchets, elles participent à la résilience et la durabilité des milieux urbains en captant le carbone atmosphérique, rafraîchissant l’air ambiant, valorisant les eaux de pluies et stimulant la biodiversité. Cette agriculture urbaine introduit de plus la logique des circuits courts qui rapproche les producteurs des consommateurs."},
                    "flows": [{"vl":["1900", "3100", "2500"], "hl":["2000", "3000", "4000"], "year":"o4", "anim":false, "fp":true, "scaling":true, "time":0}],
                    "territories":[{"target":"t4", "action":"disappear", "parms":{"time":300}, "time":0}],
                    "ui":{"show":[], "hide":[]},
                    "functions":""
                }]
        }],
        "energy":[],
        "water":[]
    }
         }
  