{
	"items": [{
                        "id":"t0",
                        "name":"t0",
                        "f_anchor_x":"",
                        "f_anchor_y":"",
                        "iw":"1",
                        "ih":"1",
                        "x":"-10",
                        "y":"0.5*h",
                        "scale":"1"
                    },
                    {
                        "id":"t1",
                        "name":"t1",
                        "f_anchor_x":"",
                        "f_anchor_y":"",
                        "iw":"1",
                        "ih":"1",
                        "x":"w+10",
                        "y":"0.5*h",
                        "scale":"1"
                    },
                    {
                        "id":"t3",
                        "name":"t3",
                        "label":"Immeuble d'habitation",
                        "geom":"data/graphics/geom_immeuble_jardinseul.json",
                        "fax":"0",
                        "fay":"0.35",
                        "iw":"1",
                        "ih":"0.3",
                        "x":"0.5*w",
                        "y":"0.35*h",
                        "scale":"0.19",
                        "force_w_scale":true,
                        "z":1
                    },
					{
                        "id":"t2",
                        "name":"t2",
                        "label":"Immeuble d'habitation",
                        "geom":"data/graphics/geom_immeuble_projet_compost.json",
                        "fax":"0",
                        "fay":"0.3",
                        "iw":"1",
                        "ih":"0.6",
                        "x":"0.5*w",
                        "y":"0.35*h",
                        "scale":"0.19",
                        "force_w_scale":true,
                        "z":0
                    }
                    ],

	"flows": 		[{
                            "id":"1000",
                            "name":"Déchets ménagers",
                            "type":"input",
                            "from":"t2",
                            "to":"t1",
                            "volume_o4":"10000",
                            "volume_o9":"10000",
                            "color":"#a69ea9",
                            "virtual":true
                        },
                        {
                            "id":"2000",
                            "name":"Déchets ménagers",
                            "type":"input",
                            "from":"t2",
                            "to":"t1",
                            "volume_o4":"12000",
                            "volume_o9":"12000",
                            "color":"#a69ea9",
                            "virtual":true
                        },
                        {
                            "id":"3000",
                            "name":"Biodéchets compostés",
                            "type":"recyclage",
                            "from":"t2",
                            "to":"t2",
                            "volume_o4":"2000",
                            "volume_o9":"2000",
                            "color":"#8F631A",
                            "virtual":true
                        }],

    "stories": {
        "matter":[{
            "title":"",
            "subtitle":"",
            "display_dot":false,       
            "steps" :
                [{
                    "subtitle":"Compostage collectif à Paris",
                    "text": {"time":"200", "content":"La Mairie de Paris encourage le compostage collectif sous toutes ses formes. On comptabilise 422 sites de compostage domestique en pied d’immeuble (dont 222 dans l’habitat collectif et 200 dans des sites publics), qui permettent chacun en moyenne de détourner une tonne de déchets ménagers par an et 6 composteurs de quartier, Le compostage de proximité à Paris a un potentiel de développement encore important.</b><br><br><em>Porteur de projet : <a href = \"http://paris.fr/\" target = \"_blank\">Direction de la Propreté et de l’Eau – Mairie de Paris</a></em>"},
                    "flows": [{"vl":["1000","3000"], "hl":[], "year":"09", "anim":false, "fp":true, "scaling":true, "time":0}],
                    "territories":[{"target":"t2", "action":"appear", "parms":{"time":100}, "time":0},
                                    {"target":"t3", "action":"appear", "parms":{"time":100}, "time":0}]
                },
                {
                    "subtitle":"Compostage collectif à Paris",
                    "text": {"time":"200", "content":"A Paris, en 2013, 17,5% du volume des ordures ménagères résiduelles (celles jetées dans le bac vert et incinérées) est composé de déchets putrescibles, soit environ 140 000 tonnes. Sur ce total, les déchets alimentaires représentent 100 000 tonnes, soit 44 kg par habitant par an."},
                    "flows": [{"vl":["2000"], "hl":["1000","3000"], "year":"09", "anim":false, "fp":false, "scaling":false, "time":0}],
                    "territories":[{"target":"t3", "action":"disappear", "parms":{"time":300}, "time":0}]
                },
                {
                    "subtitle":"Compostage collectif à Paris",
                    "text": {"time":"200", "content":"La Mairie de Paris encourage le compostage collectif sous toutes ses formes. On comptabilise 422 sites de compostage domestique en pied d’immeuble (dont 222 dans l’habitat collectif et 200 dans des sites publics), qui permettent chacun en moyenne de détourner une tonne de déchets ménagers par an et 6 composteurs de quartier, Le compostage de proximité à Paris a un potentiel de développement encore important.</b><br><br><em>Porteur de projet : <a href = \"http://paris.fr/\" target = \"_blank\">Direction de la Propreté et de l’Eau – Mairie de Paris</a></em>"},
                    "flows": [{"vl":["1000","3000"], "hl":["2000"], "year":"09", "anim":false, "fp":true, "scaling":true, "time":0}],
                    "territories":[{"target":"t2", "action":"appear", "parms":{"time":300}, "time":0},
                                    {"target":"t3", "action":"appear", "parms":{"time":300}, "time":0}]
                }],       
            "b_steps" :
                [{
                    "subtitle":"Compostage collectif à Paris",
                    "text": {"time":"200", "content":"La Mairie de Paris encourage le compostage collectif sous toutes ses formes. On comptabilise 422 sites de compostage domestique en pied d’immeuble (dont 222 dans l’habitat collectif et 200 dans des sites publics), qui permettent chacun en moyenne de détourner une tonne de déchets ménagers par an et 6 composteurs de quartier, Le compostage de proximité à Paris a un potentiel de développement encore important.</b><br><br><em>Porteur de projet : <a href = \"http://paris.fr/\" target = \"_blank\">Direction de la Propreté et de l’Eau – Mairie de Paris</a></em>"},
                    "flows": [{"vl":["1000","3000"], "hl":[], "year":"09", "anim":false, "fp":true, "scaling":true, "time":0}],
                    "territories":[{"target":"t2", "action":"appear", "parms":{"time":100}, "time":0},
                                    {"target":"t3", "action":"appear", "parms":{"time":100}, "time":0}]
                },
                {
                    "subtitle":"Compostage collectif à Paris",
                    "text": {"time":"200", "content":"A Paris, en 2013, 17,5% du volume des ordures ménagères résiduelles (celles jetées dans le bac vert et incinérées) est composé de déchets putrescibles, soit environ 140 000 tonnes. Sur ce total, les déchets alimentaires représentent 100 000 tonnes, soit 44 kg par habitant par an."},
                    "flows": [{"vl":["2000"], "hl":["1000","3000"], "year":"09", "anim":false, "fp":false, "scaling":false, "time":0}],
                    "territories":[{"target":"t3", "action":"disappear", "parms":{"time":300}, "time":0}]
                }]
        }],
        "energy":[],
        "water":[]
    }
         }
  

