{
	"ui_elements":{},
	"scale":"w/2000",
	"items": [{
                        "id":"t0",
                        "name":"t0",
                        "fax":"",
                        "fay":"",
                        "iw":"1",
                        "ih":"1",
                        "x":"-10",
                        "y":"0.45*h",
                        "scale":"1"
                    },
                    {
                        "id":"t1",
                        "name":"t1",
                        "fax":"",
                        "fay":"",
                        "iw":"1",
                        "ih":"1",
                        "x":"w+10",
                        "y":"0.45*h",
                        "scale":"1"
                    },
					{
                        "id":"t2",
						"name":"t2",
						"geom":"data/graphics/geom_fontaine_filtre.json",
                        "fax":"0",
                        "fay":"0.25",
                        "iw":"1",
                        "ih":"0.8",
						"x":"0.5*w",
						"y":"0.3*h",
						"scale":"0.2",
                        "force_w_scale":true,
                        "solution":true
					},
                    {
                        "id":"t3",
                        "name":"t3",
                        "label":"Fontaine parisienne",
                        "geom":"data/graphics/geom_fontaine.json",
                        "fax":"0",
                        "fay":"0.25",
                        "iw":"1",
                        "ih":"0.5",
                        "x":"0.5*w",
                        "y":"0.3*h",
                        "scale":"0.2",
                        "force_w_scale":true
                    }],

	"flows": 		[{
                            "id":"1000",
                            "index":"0",
                            "name":"Flux d'eau entrants",
                            "type":"input",
                            "from":"t0",
                            "to":"t3",
                            "volume_o4":"100",
                            "volume_o9":"20",
                            "trend":"-1",
                            "unit":"t / an",
                            "color":"#27CCE2",
                            "color2":"#b7b1ba",
                            "level":"0",
                            "parent":"",
                            "children":"",
                            "siblings":"",
                            "virtual":true
                        },
                        {
                            "id":"500",
                            "index":"0",
                            "name":"Eaux de purges",
                            "type":"input",
                            "from":"t3",
                            "to":"t1",
                            "volume_o4":"100",
                            "volume_o9":"20",
                            "trend":"-1",
                            "unit":"t / an",
                            "color":"#0D3549",
                            "color2":"#b7b1ba",
                            "level":"0",
                            "parent":"",
                            "children":"",
                            "siblings":"",
                            "virtual":true
                        },
                        {
                            "id":"2000",
                            "index":"0",
                            "name":"Eaux de purges filtrées",
                            "type":"recyclage",
                            "from":"t3",
                            "to":"t3",
                            "volume_o4":"80",
                            "volume_o9":"80",
                            "trend":"-1",
                            "unit":"t / an",
                            "color":"#4AA1AF",
                            "color2":"#b7b1ba",
                            "level":"0",
                            "parent":"",
                            "children":"",
                            "siblings":"",
                            "virtual":true
                        }],

    "stories": {
        "matter":[{
            "title":"",
            "subtitle":"",
            "display_dot":false,       
            "steps" :
                [{
                    "subtitle":"Expérimentation de la filtration en continu des eaux des fontaines",
                    "text": {"time":"200", "content":"Dans le cadre de l’appel à projets « amélioration du métabolisme urbain » lancé par la Mairie de Paris en partenariat avec Paris Région Lab, un projet de « système de filtration des fontaines » développé par VEOLIA et suivi par l’Ecole des Ingénieurs de la Ville de Paris pourra être expérimenté sur deux fontaines monumentales parisiennes.<br><br><strong>Cette filtration en continu permettra de limiter les volumes d’eau de purge</strong> donc d’eau consommée et d’eau rejetée dans le réseau d’assainissement. Elle permettra également de limiter les produits chimiques utilisés pour le traitement des eaux de la fontaine. L’expérimentation menée devrait permettre de mesurer dans quelle proportion.<br><br><em>Porteur de projet : <a href = \"http://www.veolia.fr/\" target = \"_blank\">Veolia</a></em>"},
                    "flows": [{"vl":["500","1000", "2000"], "hl":[], "year":"o9", "anim":false, "fp":true, "scaling":true, "time":0}],
                    "territories":[{"target":"t2", "action":"appear", "parms":{"time":100}, "time":0},
                                    {"target":"t3", "action":"appear", "parms":{"time":100}, "time":0}],
                    "ui":{"show":[], "hide":[]},
                    "functions":""
                },
                {
                    "subtitle":"Expérimentation de la filtration en continu des eaux des fontaines",
                    "text": {"time":"200", "content":"Pour l’essentiel, les fontaines d’ornement fonctionnent en circuit fermé c’est-à-dire que la même eau (souvent issue du réseau d’eau non potable, à Paris) est utilisée en boucle dans la fontaine. Malgré tout, il est nécessaire périodiquement de réaliser des purge</strong>s destinées à assurer la bonne qualité et la transparence des eaux du bassin de la fontaine. Sont également ajoutés périodiquement des algicides ou du chlore destinés à maintenir la qualité des eaux."},
                    "flows": [{"vl":["1000", "500"], "hl":["2000"], "year":"o4", "anim":false, "fp":true, "scaling":false, "time":0}],
                    "territories":[{"target":"t2", "action":"disappear", "parms":{"time":300}, "time":0}],
                    "ui":{"show":[], "hide":[]},
                    "functions":""
                },
                {
                    "subtitle":"Expérimentation de la filtration en continu des eaux des fontaines",
                    "text": {"time":"200", "content":"Dans le cadre de l’appel à projets « amélioration du métabolisme urbain » lancé par la Mairie de Paris en partenariat avec Paris Région Lab, un projet de « système de filtration des fontaines » développé par VEOLIA et suivi par l’Ecole des Ingénieurs de la Ville de Paris pourra être expérimenté sur deux fontaines monumentales parisiennes.<br><br><strong>Cette filtration en continu permettra de limiter les volumes d’eau de purge</strong> donc d’eau consommée et d’eau rejetée dans le réseau d’assainissement. Elle permettra également de limiter les produits chimiques utilisés pour le traitement des eaux de la fontaine. L’expérimentation menée devrait permettre de mesurer dans quelle proportion.<br><br><em>Porteur de projet : <a href = \"http://www.veolia.fr/\" target = \"_blank\">Veolia</a></em>"},
                    "flows": [{"vl":["500","1000", "2000"], "hl":[], "year":"o9", "anim":false, "fp":true, "scaling":true, "time":0}],
                    "territories":[{"target":"t2", "action":"appear", "parms":{"time":300}, "time":0}],
                    "ui":{"show":[], "hide":[]},
                    "functions":""
                }],       
            "b_steps" :
                [{
                    "subtitle":"Expérimentation de la filtration en continu des eaux des fontaines",
                    "text": {"time":"200", "content":"Dans le cadre de l’appel à projets « amélioration du métabolisme urbain » lancé par la Mairie de Paris en partenariat avec Paris Région Lab, un projet de « système de filtration des fontaines » développé par VEOLIA et suivi par l’Ecole des Ingénieurs de la Ville de Paris pourra être expérimenté sur deux fontaines monumentales parisiennes.<br><br><strong>Cette filtration en continu permettra de limiter les volumes d’eau de purge</strong> donc d’eau consommée et d’eau rejetée dans le réseau d’assainissement. Elle permettra également de limiter les produits chimiques utilisés pour le traitement des eaux de la fontaine. L’expérimentation menée devrait permettre de mesurer dans quelle proportion.<br><br><em>Porteur de projet : <a href = \"http://www.veolia.fr/\" target = \"_blank\">Veolia</a></em>"},
                    "flows": [{"vl":["500","1000", "2000"], "hl":[], "year":"o9", "anim":false, "fp":true, "scaling":true, "time":0}],
                    "territories":[{"target":"t2", "action":"appear", "parms":{"time":100}, "time":0}],
                    "ui":{"show":[], "hide":[]},
                    "functions":""
                },
                {
                    "subtitle":"Expérimentation de la filtration en continu des eaux des fontaines",
                    "text": {"time":"200", "content":"Pour l’essentiel, les fontaines d’ornement fonctionnent en circuit fermé c’est-à-dire que la même eau (souvent issue du réseau d’eau non potable, à Paris) est utilisée en boucle dans la fontaine. Malgré tout, il est nécessaire périodiquement de réaliser des purge</strong>s destinées à assurer la bonne qualité et la transparence des eaux du bassin de la fontaine. Sont également ajoutés périodiquement des algicides ou du chlore destinés à maintenir la qualité des eaux."},
                    "flows": [{"vl":["1000", "500"], "hl":["2000"], "year":"o4", "anim":false, "fp":true, "scaling":false, "time":0}],
                    "territories":[{"target":"t2", "action":"disappear", "parms":{"time":300}, "time":0}],
                    "ui":{"show":[], "hide":[]},
                    "functions":""
                }]
        }],
        "energy":[],
        "water":[]
    }
         }
  