{
	"ui_elements":{},
	"scale":"w/2000",
	"items": [{
                        "id":"t0",
                        "name":"t0",
                        "f_anchor_x":"",
                        "f_anchor_y":"",
                        "iw":"1",
                        "ih":"1",
                        "x":"-10",
                        "y":"0.5*h",
                        "scale":"1"
                    },
                    {
                        "id":"t1",
                        "name":"t1",
                        "f_anchor_x":"",
                        "f_anchor_y":"",
                        "iw":"1",
                        "ih":"1",
                        "x":"w+10",
                        "y":"0.4*h",
                        "scale":"1"
                    },
					{
                        "id":"t2",
                        "name":"t2",
                        "label":"Restaurants",
                        "geom":"data/graphics/geom_restaurant.json",
                        "fax":"0",
                        "fay":"0.22",
                        "iw":"1",
                        "ih":"0.4",
                        "x":"0.25*w",
                        "y":"0.2*h",
                        "scale":"0.15",
                        "force_w_scale":true
					},
                    {
                        "id":"t3",
                        "name":"t3",
                        "label":"Centre de traitement des HAU",
                        "geom":"data/graphics/geom_centrerecyclage.json",
                        "fax":"0",
                        "fay":"0.15",
                        "iw":"1",
                        "ih":"0.4",
                        "x":"0.5*w",
                        "y":"0.325*h",
                        "scale":"0.15",
                        "force_w_scale":true
                    },
                    {
                        "id":"t4",
                        "name":"t4",
                        "label":"Fabricant de bio-diesel",
                        "geom":"data/graphics/geom_fabricant_bio_diesel.json",
                        "fax":"0",
                        "fay":"0.15",
                        "iw":"1",
                        "ih":"0.4",
                        "x":"0.75*w",
                        "y":"0.45*h",
                        "scale":"0.15",
                        "force_w_scale":true
                    }],

	"flows": 		[{
                            "id":"1000",
                            "index":"0",
                            "name":"Huiles alimentaires usagées",
                            "type":"input",
                            "from":"t2",
                            "to":"t1",
                            "volume_o4":"1000",
                            "volume_o9":"1000",
                            "unit":"t / an",
                            "color":"#A8A8A8",
                            "virtual":true
                        },
                        {
                            "id":"1100",
                            "index":"0",
                            "name":"Huiles alimentaires usagées",
                            "type":"input",
                            "from":"t2",
                            "to":"t1",
                            "volume_o4":"2000",
                            "volume_o9":"2000",
                            "unit":"t / an",
                            "color":"#A8A8A8",
                            "virtual":true
                        },
                        {
                            "id":"2000",
                            "index":"0",
                            "name":"Huiles alimentaires usagées",
                            "type":"input",
                            "from":"t2",
                            "to":"t3",
                            "volume_o4":"1000",
                            "volume_o9":"1000",
                            "unit":"t / an",
                            "color":"#A8A8A8",
                            "virtual":true
                        },
                        {
                            "id":"3000",
                            "index":"0",
                            "name":"Huiles alimentaires transformées",
                            "type":"input",
                            "from":"t3",
                            "to":"t4",
                            "volume_o4":"1000",
                            "volume_o9":"1000",
                            "unit":"t / an",
                            "color":"#93C893",
                            "virtual":true
                        }],

    "stories": {
        "matter":[{
            "title":"",
            "subtitle":"",
            "display_dot":false,       
            "steps" :
                [{
                    "subtitle":"Collecte et valorisation des huiles alimentaires",
                    "text": {"time":"200", "content":"Ecologic’Oil collecte gratuitement et recycle les huiles alimentaires usagées (huiles de fritures) de près de 3 500 professionnels à Paris (restaurants, cantines, entreprises ou industriels). Ce sont plus de 1&nbsp500 tonnes d’huiles usagées qui sont annuellement collectées, filtrées, nettoyées et transformées en matière première destinée à une filière énergétique de bio-diesel.<br>Ecologic’Oil projette également de collecter les huiles alimentaires usagées des particuliers par l’intermédiaire de déchetteries mobiles ou fixes, en installant des containers spécialement conçus. A Paris 8 millions de litres d’huiles usagées sont en effet déversées par les habitants chaque année dans les égouts via le réseau d’assainissement.<br><br><em>Porteur de projet : <a href = \"http://ecologicoil.com/\" target = \"_blank\">Ecologic'Oil</a></em>"},
                    "flows": [{"vl":["2000","3000"], "hl":[], "year":"o9", "anim":false, "fp":true, "scaling":true, "time":0}],
                    "territories":[{"target":"t2", "action":"appear", "parms":{"time":100}, "time":0},
                                    {"target":"t3", "action":"appear", "parms":{"time":100}, "time":0},
                                    {"target":"t4", "action":"appear", "parms":{"time":100}, "time":0}]
                },
                {
                    "subtitle":"Collecte et valorisation des huiles alimentaires",
                    "text": {"time":"200", "content":"Les établissements de restauration sont responsables de la gestion et de l’élimination des huiles alimentaires usagées (HAU) qu'ils produisent et qui doivent faire l'objet d'une collecte par une entreprise agréée. Ces déchets doivent en outre être valorisés. La valorisation « matière » revient à fabriquer savons, détergents ou lubrifiants et la valorisation « énergétique » à les transformer en biodiesel ou combustible."},
                    "flows": [{"vl":["1100"], "hl":["2000","3000"], "year":"o4", "anim":false, "fp":true, "scaling":true, "time":0}],
                    "territories":[{"target":"t3", "action":"disappear", "parms":{"time":300}, "time":0},
                                    {"target":"t4", "action":"disappear", "parms":{"time":300}, "time":0}]
                },
                {
                    "subtitle":"Collecte et valorisation des huiles alimentaires",
                    "text": {"time":"200", "content":"Ecologic’Oil collecte gratuitement et recycle les huiles alimentaires usagées (huiles de fritures) de près de 3 500 professionnels à Paris (restaurants, cantines, entreprises ou industriels). Ce sont plus de 1&nbsp500 tonnes d’huiles usagées qui sont annuellement collectées, filtrées, nettoyées et transformées en matière première destinée à une filière énergétique de bio-diesel.<br>Ecologic’Oil projette également de collecter les huiles alimentaires usagées des particuliers par l’intermédiaire de déchetteries mobiles ou fixes, en installant des containers spécialement conçus. A Paris 8 millions de litres d’huiles usagées sont en effet déversées par les habitants chaque année dans les égouts via le réseau d’assainissement.<br><br><em>Porteur de projet : <a href = \"http://ecologicoil.com/\" target = \"_blank\">Ecologic'Oil</a></em>"},
                    "flows": [{"vl":["2000","3000"], "hl":["1100"], "year":"o9", "anim":false, "fp":true, "scaling":true, "time":0}],
                    "territories":[{"target":"t3", "action":"appear", "parms":{"time":100}, "time":0},
                                    {"target":"t4", "action":"appear", "parms":{"time":100}, "time":0}]
                }],       
            "b_steps" :
                [{
                    "subtitle":"Collecte et valorisation des huiles alimentaires",
                    "text": {"time":"200", "content":"Ecologic’Oil collecte gratuitement et recycle les huiles alimentaires usagées (huiles de fritures) de près de 3 500 professionnels à Paris (restaurants, cantines, entreprises ou industriels). Ce sont plus de 1&nbsp500 tonnes d’huiles usagées qui sont annuellement collectées, filtrées, nettoyées et transformées en matière première destinée à une filière énergétique de bio-diesel.<br>Ecologic’Oil projette également de collecter les huiles alimentaires usagées des particuliers par l’intermédiaire de déchetteries mobiles ou fixes, en installant des containers spécialement conçus. A Paris 8 millions de litres d’huiles usagées sont en effet déversées par les habitants chaque année dans les égouts via le réseau d’assainissement.<br><br><em>Porteur de projet : <a href = \"http://ecologicoil.com/\" target = \"_blank\">Ecologic'Oil</a></em>"},
                    "flows": [{"vl":["2000","3000"], "hl":["1100"], "year":"o9", "anim":false, "fp":true, "scaling":true, "time":0}],
                    "territories":[{"target":"t3", "action":"appear", "parms":{"time":300}, "time":0},
                                    {"target":"t4", "action":"appear", "parms":{"time":300}, "time":0}]
                },
                {
                    "subtitle":"Collecte et valorisation des huiles alimentaires",
                    "text": {"time":"200", "content":"Les établissements de restauration sont responsables de la gestion et de l’élimination des huiles alimentaires usagées (HAU) qu'ils produisent et qui doivent faire l'objet d'une collecte par une entreprise agréée. Ces déchets doivent en outre être valorisés. La valorisation « matière » revient à fabriquer savons, détergents ou lubrifiants et la valorisation « énergétique » à les transformer en biodiesel ou combustible."},
                    "flows": [{"vl":["1100"], "hl":["2000","3000"], "year":"o4", "anim":false, "fp":true, "scaling":true, "time":0}],
                    "territories":[{"target":"t3", "action":"disappear", "parms":{"time":300}, "time":0},
                                    {"target":"t4", "action":"disappear", "parms":{"time":300}, "time":0}]
                }]
        }],
        "energy":[],
        "water":[]
    }
         }
  