{
	"items": [{
                        "id":"t0",
                        "name":"t0",
                        "f_anchor_x":"",
                        "f_anchor_y":"",
                        "iw":"1",
                        "ih":"1",
                        "x":"-10",
                        "y":"0.5*h",
                        "scale":"1"
                    },
                    {
                        "id":"t1",
                        "name":"t1",
                        "f_anchor_x":"",
                        "f_anchor_y":"",
                        "iw":"1",
                        "ih":"1",
                        "x":"w+10",
                        "y":"0.35*h",
                        "scale":"1"
                    },
					{
                        "id":"t2",
                        "name":"t2",
                        "label":"Consommateurs",
                        "geom":"data/graphics/geom_groupepersonne.json",
                        "fax":"0",
                        "fay":"0.22",
                        "iw":"1",
                        "ih":"0.5",
                        "x":"0.25*w",
                        "y":"0.2*h",
                        "scale":"0.15",
                        "force_w_scale":true
					},
                    {
                        "id":"t3",
                        "name":"t3",
                        "label":"Ateliers Extramuros",
                        "geom":"data/graphics/geom_atelier.json",
                        "fax":"0",
                        "fay":"0.15",
                        "iw":"1",
                        "ih":"0.5",
                        "x":"0.5*w",
                        "y":"0.325*h",
                        "scale":"0.15",
                        "force_w_scale":true
                    },
                    {
                        "id":"t4",
                        "name":"t4",
                        "label":"Acheteurs",
                        "geom":"data/graphics/geom_groupepersonne.json",
                        "fax":"0",
                        "fay":"0.15",
                        "iw":"1",
                        "ih":"0.4",
                        "x":"0.75*w",
                        "y":"0.4*h",
                        "scale":"0.15",
                        "force_w_scale":true
                    }],

	"flows": 		[{
                            "id":"1000",
                            "index":"0",
                            "name":"Déchets encombrants",
                            "type":"input",
                            "from":"t2",
                            "to":"t1",
                            "volume_o4":"1000",
                            "volume_o9":"1000",
                            "unit":"t / an",
                            "color":"#939393",
                            "virtual":true
                        },
                        {
                            "id":"1100",
                            "index":"0",
                            "name":"Déchets encombrants",
                            "type":"input",
                            "from":"t2",
                            "to":"t1",
                            "volume_o4":"2000",
                            "volume_o9":"2000",
                            "unit":"t / an",
                            "color":"#939393",
                            "virtual":true
                        },
                        {
                            "id":"2000",
                            "index":"0",
                            "name":"Déchets de bois",
                            "type":"input",
                            "from":"t2",
                            "to":"t3",
                            "volume_o4":"1000",
                            "volume_o9":"1000",
                            "unit":"t / an",
                            "color":"#939393",
                            "virtual":true
                        },
                        {
                            "id":"3000",
                            "index":"0",
                            "name":"Acheteurs",
                            "type":"input",
                            "from":"t3",
                            "to":"t4",
                            "volume_o4":"1000",
                            "volume_o9":"1000",
                            "unit":"t / an",
                            "color":"#93C893",
                            "virtual":true
                        }],

    "stories": {
        "matter":[{
            "title":"",
            "subtitle":"",
            "display_dot":false,       
            "steps" :
                [{
                    "subtitle":"Une valorisation créative des déchets de bois",
                    "text": {"time":"200", "content":"Extramuros est un exemple d’initiative relevant de l’économie circulaire, mais également sociale et solidaire. L’association valorise de manière créative des déchets de bois, en les  transformant en mobilier et objets utiles : les « Objets Infinis® ». Elle organise 10 à 15  chantiers éducatifs rémunérés par an, à destination des jeunes éloignés de l’emploi, et une dizaine d’ateliers collectifs de quartier.<br><br><em>Porteur de projet : <a href = \"http://www.extramuros-paris.com/\" target = \"_blank\">Extramuros</a></em>"},
                    "flows": [{"vl":["1000","2000","3000"], "hl":[], "year":"o9", "anim":false, "fp":true, "scaling":true, "time":0}],
                    "territories":[{"target":"t2", "action":"appear", "parms":{"time":100}, "time":0},
                                    {"target":"t3", "action":"appear", "parms":{"time":100}, "time":0},
                                    {"target":"t4", "action":"appear", "parms":{"time":100}, "time":0}]
                },
                {
                    "subtitle":"Une valorisation créative des déchets de bois",
                    "text": {"time":"200", "content":"En 2013, 87&nbsp405 tonnes de déchets occasionnels et encombrants ont été collectés à Paris sur la voie publique ou en centre de valorisation et d’apport des encombrants. Parmi lesquels, on compte notamment 2 % de déchets d’éléments d’ameublement. La collecte des objets encombrants représente 38,4 kg par habitant en 2013."},
                    "flows": [{"vl":["1100"], "hl":["1000","2000","3000"], "year":"o4", "anim":false, "fp":true, "scaling":true, "time":0}],
                    "territories":[{"target":"t3", "action":"disappear", "parms":{"time":300}, "time":0},
                                    {"target":"t4", "action":"disappear", "parms":{"time":300}, "time":0}]
                },
                {
                    "subtitle":"Une valorisation créative des déchets de bois",
                    "text": {"time":"200", "content":"Extramuros est un exemple d’initiative relevant de l’économie circulaire, mais également sociale et solidaire. L’association valorise de manière créative des déchets de bois, en les  transformant en mobilier et objets utiles : les « Objets Infinis® ». Elle organise 10 à 15  chantiers éducatifs rémunérés par an, à destination des jeunes éloignés de l’emploi, et une dizaine d’ateliers collectifs de quartier.<br><br><em>Porteur de projet : <a href = \"http://www.extramuros-paris.com/\" target = \"_blank\">Extramuros</a></em>"},
                    "flows": [{"vl":["1000","2000","3000"], "hl":["1100"], "year":"o9", "anim":false, "fp":true, "scaling":true, "time":0}],
                    "territories":[{"target":"t3", "action":"appear", "parms":{"time":300}, "time":0},
                                    {"target":"t4", "action":"appear", "parms":{"time":300}, "time":0}]
                }],       
            "b_steps" :
                [{
                    "subtitle":"Une valorisation créative des déchets de bois",
                    "text": {"time":"200", "content":"Extramuros est un exemple d’initiative relevant de l’économie circulaire, mais également sociale et solidaire. L’association valorise de manière créative des déchets de bois, en les  transformant en mobilier et objets utiles : les « Objets Infinis® ». Elle organise 10 à 15  chantiers éducatifs rémunérés par an, à destination des jeunes éloignés de l’emploi, et une dizaine d’ateliers collectifs de quartier.<br><br><em>Porteur de projet : <a href = \"http://www.extramuros-paris.com/\" target = \"_blank\">Extramuros</a></em>"},
                    "flows": [{"vl":["1000","2000","3000"], "hl":["1100"], "year":"o9", "anim":false, "fp":true, "scaling":true, "time":0}],
                    "territories":[{"target":"t3", "action":"appear", "parms":{"time":100}, "time":0},
                                    {"target":"t4", "action":"appear", "parms":{"time":100}, "time":0}]
                },
                {
                    "subtitle":"Une valorisation créative des déchets de bois",
                    "text": {"time":"200", "content":"En 2013, 87&nbsp405 tonnes de déchets occasionnels et encombrants ont été collectés à Paris sur la voie publique ou en centre de valorisation et d’apport des encombrants. Parmi lesquels, on compte notamment 2 % de déchets d’éléments d’ameublement. La collecte des objets encombrants représente 38,4 kg par habitant en 2013."},
                    "flows": [{"vl":["1100"], "hl":["1000","2000","3000"], "year":"o4", "anim":false, "fp":true, "scaling":true, "time":0}],
                    "territories":[{"target":"t3", "action":"disappear", "parms":{"time":300}, "time":0},
                                    {"target":"t4", "action":"disappear", "parms":{"time":300}, "time":0}]
                }]
        }],
        "energy":[],
        "water":[]
    }
         }
  