{
	"ui_elements":{},
	"scale":"w/2000",
	"items": [{
                        "id":"t0",
                        "name":"t0",
                        "fax":"",
                        "fay":"",
                        "iw":"1",
                        "ih":"1",
                        "x":"-10",
                        "y":"0.35*h",
                        "scale":"1"
                    },
                    {
                        "id":"t1",
                        "name":"t1",
                        "fax":"",
                        "fay":"",
                        "iw":"1",
                        "ih":"1",
                        "x":"w+10",
                        "y":"0.2*h",
                        "scale":"1"
                    },
                    {
                        "id":"t3",
                        "name":"t3",
                        "label":"Lieu de vente",
                        "geom":"data/graphics/geom_agriculture-lieudevente.json",
                        "fax":"0",
                        "fay":"0.2",
                        "iw":"1",
                        "ih":"0.6",
                        "x":"0.35*w",
                        "y":"0.3*h",
                        "scale":"0.156",
                        "force_w_scale":true,
                        "z":1
                    },
					{
                        "id":"t2",
						"name":"t2",
                        "label":"Agriculture locale",
						"geom":"data/graphics/geom_agriculture.json",
                        "fax":"0",
                        "fay":"0.2",
                        "iw":"1",
                        "ih":"0.6",
						"x":"0.125*w",
						"y":"0.3*h",
						"scale":"0.16",
                        "force_w_scale":true,
                        "z":3
					},
                    {
                        "id":"t4",
                        "name":"t4",
                        "label":"Consommateurs avertis",
                        "geom":"data/graphics/geom_groupepersonne2.json",
                        "fax":"0",
                        "fay":"0.15",
                        "iw":"1",
                        "ih":"0.7",
                        "x":"0.65*w",
                        "y":"0.52*h",
                        "scale":"0.16",
                        "force_w_scale":true,
                        "z":4
                    },
                    {
                        "id":"t5",
                        "name":"t5",
                        "label":"Cuisine citoyenne",
                        "geom":"data/graphics/geom_cuisine.json",
                        "fax":"0",
                        "fay":"0.15",
                        "iw":"1",
                        "ih":"0.5",
                        "x":"0.58*w",
                        "y":"0.31*h",
                        "scale":"0.15",
                        "force_w_scale":true,
                        "z":0
                    },
                    {
                        "id":"t6",
                        "name":"t6",
                        "label":"Consommateurs<br>avec peu de moyens",
                        "geom":"data/graphics/geom_groupepersonne2.json",
                        "fax":"0",
                        "fay":"0.15",
                        "iw":"1",
                        "ih":"0.7",
                        "x":"0.81*w",
                        "y":"0.32*h",
                        "scale":"0.16",
                        "force_w_scale":true,
                        "z":2
                    }],

	"flows": 		[{
                            "id":"1400",
                            "index":"0",
                            "name":"Produits<br>alimentaires",
                            "type":"input",
                            "from":"t2",
                            "to":"t3",
                            "volume_o4":"70",
                            "volume_o9":"70",
                            "trend":"-1",
                            "unit":"t / an",
                            "color":"#8C2929",
                            "level":"0",
                            "parent":"",
                            "children":"",
                            "siblings":"",
                            "virtual":true
                        },
                        {
                            "id":"200",
                            "index":"0",
                            "name":"Produits<br>alimentaires",
                            "type":"input",
                            "from":"t3",
                            "to":"t4",
                            "volume_o4":"50",
                            "volume_o9":"50",
                            "trend":"-1",
                            "unit":"t / an",
                            "color":"#8C2929",
                            "level":"0",
                            "parent":"",
                            "children":"",
                            "siblings":"",
                            "virtual":true
                        },
                        {
                            "id":"100",
                            "index":"0",
                            "name":"Produits<br>alimentaires",
                            "type":"input",
                            "from":"t3",
                            "to":"t5",
                            "volume_o4":"10",
                            "volume_o9":"10",
                            "trend":"-1",
                            "unit":"t / an",
                            "color":"#8C2929",
                            "level":"0",
                            "parent":"",
                            "children":"",
                            "siblings":"",
                            "virtual":true
                        },
                        {
                            "id":"2000",
                            "index":"0",
                            "name":"Plats préparés",
                            "type":"input",
                            "from":"t5",
                            "to":"t6",
                            "volume_o4":"10",
                            "volume_o9":"10",
                            "trend":"-1",
                            "unit":"t / an",
                            "color":"#8C2929",
                            "level":"0",
                            "parent":"",
                            "children":"",
                            "siblings":"",
                            "virtual":true
                        },
                        {
                            "id":"50",
                            "index":"0",
                            "name":"Denrées alimentaires jetées",
                            "type":"input",
                            "from":"t3",
                            "to":"t1",
                            "volume_o4":"20",
                            "volume_o9":"10",
                            "trend":"-1",
                            "unit":"t / an",
                            "color":"#939393",
                            "level":"0",
                            "parent":"",
                            "children":"",
                            "siblings":"",
                            "virtual":true
                        }],

    "stories": {
        "matter":[{
            "title":"",
            "subtitle":"",
            "display_dot":false,       
            "steps" :
                [{
                    "subtitle":"Alimentation durable pour tous",
                    "text": {"time":"200", "content":"Fauve utilise la cuisine et le goût pour montrer au grand public, et notamment les populations fragiles, qu’un nouveau modèle alimentaire est possible : l’alimentation citoyenne et durable. Par le biais d’ateliers de cuisine, de dégustations et bientôt d’un café citoyen, et en utilisant des produits frais, locaux ou récupérés, Fauve agit sur le terrain pour transmettre l'envie de s'engager et pour prouver que l’alimentation durable est abordable pour tout le monde. En termes d'invendus ce sont 250 kg qui sont sauvés des poubelles sur une année.<br><br><em>Porteur de projet : <a href = \"http://promotionparisdurable.fr/lapromotion/cuisine-citoyenne-avec-fauve/\" target = \"_blank\">Fauve</a></em>"},
                    "flows": [{"vl":["1400","100", "200", "2000", "50"], "hl":[], "year":"o9", "anim":false, "fp":true, "scaling":true, "time":0}],
                    "territories":[{"target":"t2", "action":"appear", "parms":{"time":100}, "time":0},
                                    {"target":"t3", "action":"appear", "parms":{"time":100}, "time":0},
                                    {"target":"t4", "action":"appear", "parms":{"time":100}, "time":0},
                                    {"target":"t5", "action":"appear", "parms":{"time":100}, "time":0},
                                    {"target":"t6", "action":"appear", "parms":{"time":100}, "time":0}],
                    "ui":{"show":[], "hide":[]},
                    "functions":""
                },
                {
                    "subtitle":"Alimentation durable pour tous",
                    "text": {"time":"200", "content":"Se nourrir de manière responsable et durable consiste à choisir des produits locaux, de saison et à manger moins de protéines animales. Si cette démarche est possible en France, notamment à Paris, elle concerne principalement des consommateurs éduqués, informés et disposant des ressources nécessaires. Pour d’autres, le prix reste le principal critère d’achats alimentaires, laissant de coté les questions relatives à l’environnement ou la santé."},
                    "flows": [{"vl":["1400", "200", "50"], "hl":["2000", "100"], "year":"o4", "anim":false, "fp":true, "scaling":false, "time":0}],
                    "territories":[{"target":"t5", "action":"disappear", "parms":{"time":300}, "time":0},
                                    {"target":"t6", "action":"disappear", "parms":{"time":300}, "time":0}],
                    "ui":{"show":[], "hide":[]},
                    "functions":""
                },
                {
                    "subtitle":"Alimentation durable pour tous",
                    "text": {"time":"200", "content":"Fauve utilise la cuisine et le goût pour montrer au grand public, et notamment les populations fragiles, qu’un nouveau modèle alimentaire est possible : l’alimentation citoyenne et durable. Par le biais d’ateliers de cuisine, de dégustations et bientôt d’un café citoyen, et en utilisant des produits frais, locaux ou récupérés, Fauve agit sur le terrain pour transmettre l'envie de s'engager et pour prouver que l’alimentation durable est abordable pour tout le monde. En termes d'invendus ce sont 250 kg qui sont sauvés des poubelles sur une année.<br><br><em>Porteur de projet : <a href = \"http://promotionparisdurable.fr/lapromotion/cuisine-citoyenne-avec-fauve/\" target = \"_blank\">Fauve</a></em>"},
                    "flows": [{"vl":["1400","100", "200", "2000", "50"], "hl":["1000"], "year":"o9", "anim":false, "fp":true, "scaling":true, "time":0}],
                    "territories":[{"target":"t5", "action":"appear", "parms":{"time":100}, "time":0},
                                    {"target":"t6", "action":"appear", "parms":{"time":100}, "time":0}],
                    "ui":{"show":[], "hide":[]},
                    "functions":""
                }],       
            "b_steps" :
                [{
                    "subtitle":"Alimentation durable pour tous",
                    "text": {"time":"200", "content":"Fauve utilise la cuisine et le goût pour montrer au grand public, et notamment les populations fragiles, qu’un nouveau modèle alimentaire est possible : l’alimentation citoyenne et durable. Par le biais d’ateliers de cuisine, de dégustations et bientôt d’un café citoyen, et en utilisant des produits frais, locaux ou récupérés, Fauve agit sur le terrain pour transmettre l'envie de s'engager et pour prouver que l’alimentation durable est abordable pour tout le monde. En termes d'invendus ce sont 250 kg qui sont sauvés des poubelles sur une année.<br><br><em>Porteur de projet : <a href = \"http://promotionparisdurable.fr/lapromotion/cuisine-citoyenne-avec-fauve/\" target = \"_blank\">Fauve</a></em>"},
                    "flows": [{"vl":["1400","100", "200", "2000", "50"], "hl":["1000"], "year":"o9", "anim":false, "fp":true, "scaling":true, "time":0}],
                    "territories":[{"target":"t5", "action":"appear", "parms":{"time":100}, "time":0},
                                    {"target":"t6", "action":"appear", "parms":{"time":100}, "time":0}],
                    "ui":{"show":[], "hide":[]},
                    "functions":""
                },
                {
                    "subtitle":"Alimentation durable pour tous",
                    "text": {"time":"200", "content":"Se nourrir de manière responsable et durable consiste à choisir des produits locaux, de saison et à manger moins de protéines animales. Si cette démarche est possible en France, notamment à Paris, elle concerne principalement des consommateurs éduqués, informés et disposant des ressources nécessaires. Pour d’autres, le prix reste le principal critère d’achats alimentaires, laissant de coté les questions relatives à l’environnement ou la santé."},
                    "flows": [{"vl":["1400", "200", "50"], "hl":["2000", "100"], "year":"o4", "anim":false, "fp":true, "scaling":false, "time":0}],
                    "territories":[{"target":"t5", "action":"disappear", "parms":{"time":300}, "time":0},
                                    {"target":"t6", "action":"disappear", "parms":{"time":300}, "time":0}],
                    "ui":{"show":[], "hide":[]},
                    "functions":""
                }]
        }],
        "energy":[],
        "water":[]
    }
         }
  