{
	"ui_elements":{},
	"scale":"w/2000",
	"items": [{
                        "id":"t0",
                        "name":"t0",
                        "f_anchor_x":"",
                        "f_anchor_y":"",
                        "iw":"1",
                        "ih":"1",
                        "x":"0",
                        "y":"0.55*h",
                        "scale":"1"
                    },
                    {
                        "id":"t1",
                        "name":"t1",
                        "f_anchor_x":"",
                        "f_anchor_y":"",
                        "iw":"1",
                        "ih":"1",
                        "x":"w",
                        "y":"0.55*h",
                        "scale":"1"
                    },
                    {
                        "id":"t4",
                        "name":"t4",
                        "geom":"data/graphics/geom_idf-paris.json",
                        "fax":"-0.081",
                        "fay":"-0.171",
                        "iw":"0.121",
                        "ih":"0.099",
                        "x":"0.5*w",
                        "y":"0.4*h",
                        "scale":"0.4",
                        "z":2
                    },
                    {
                        "id":"t3",
                        "name":"t3",
                        "geom":"data/graphics/geom_idf-pc.json",
                        "fax":"-0.066",
                        "fay":"-0.156",
                        "iw":"0.229",
                        "ih":"0.305",
                        "x":"0.5*w",
                        "y":"0.4*h",
                        "scale":"0.4",
                        "z":1
                    },
                    {
                        "id":"t2",
                        "name":"t2",
                        "geom":"data/graphics/geom_idf.json",
                        "f_anchor_x":"0",
                        "f_anchor_y":"0",
                        "iw":"1",
                        "ih":"0.75",
                        "x":"0.5*w",
                        "y":"0.4*h",
                        "scale":"0.4",
                        "ref":true,
                        "z":0
                    }],
	"flows": 		[
  {
    "id":"1000",
    "index":"0",
    "name":"Entrées",
    "nature":"matter",
    "type":"input",
    "from":"t0",
    "to":"t2",
    "volume_o4":"137 992",
    "volume_o9":"137 992",
    "trend":"NA",
    "unit":"kt/an",
    "color":"#000000",
    "level":"0",
    "parent":"",
    "children":"1100;900",
    "siblings":"",
    "root":"false",
    "leaf":"false"
  },
  {
    "id":"1100",
    "index":"1",
    "name":"Importations",
    "nature":"matter",
    "type":"input",
    "from":"t0",
    "to":"t2",
    "volume_o4":"114 445",
    "volume_o9":"114 445",
    "trend":"-2",
    "unit":"kt/an",
    "color":"#96582D",
    "level":"1",
    "parent":"",
    "children":"1110;1120",
    "siblings":"",
    "root":"true",
    "leaf":"false"
  },
  {
    "id":"1110",
    "index":"2",
    "name":"Combustibles fossiles",
    "nature":"matter",
    "type":"input",
    "from":"t0",
    "to":"t2",
    "volume_o4":"26 095",
    "volume_o9":"26 095",
    "trend":"-1",
    "unit":"kt/an",
    "color":"#E2A40A",
    "level":"2",
    "parent":"1100",
    "children":"1111;1112;1113",
    "siblings":"1120",
    "root":"false",
    "leaf":"false"
  },
  {
    "id":"1111",
    "index":"3",
    "name":"Produits pétroliers",
    "nature":"matter",
    "type":"input",
    "from":"t0",
    "to":"t2",
    "volume_o4":"18 482",
    "volume_o9":"18 482",
    "trend":"NA",
    "unit":"kt/an",
    "color":"#33250A",
    "level":"3",
    "parent":"1110",
    "children":"",
    "siblings":"1112;1113",
    "root":"false",
    "leaf":"true"
  },
  {
    "id":"1112",
    "index":"4",
    "name":"Gaz",
    "nature":"matter",
    "type":"input",
    "from":"t0",
    "to":"t2",
    "volume_o4":"5 826",
    "volume_o9":"5 826",
    "trend":"NA",
    "unit":"kt/an",
    "color":"#B2A9A3",
    "level":"3",
    "parent":"1110",
    "children":"",
    "siblings":"1111;1113",
    "root":"false",
    "leaf":"true"
  },
  {
    "id":"1113",
    "index":"5",
    "name":"Charbon",
    "nature":"matter",
    "type":"input",
    "from":"t0",
    "to":"t2",
    "volume_o4":"1 787",
    "volume_o9":"1 787",
    "trend":"NA",
    "unit":"kt/an",
    "color":"#59341B",
    "level":"3",
    "parent":"1110",
    "children":"",
    "siblings":"1111;1112",
    "root":"false",
    "leaf":"true"
  },
  {
    "id":"1120",
    "index":"6",
    "name":"Imports marchandises",
    "nature":"matter",
    "type":"input",
    "from":"t0",
    "to":"t2",
    "volume_o4":"88 350",
    "volume_o9":"88 350",
    "trend":"-2",
    "unit":"kt/an",
    "color":"#F75454",
    "level":"2",
    "parent":"1100",
    "children":"1121;1122;1123;1124;1125;1126",
    "siblings":"1110",
    "root":"false",
    "leaf":"false"
  },
  {
    "id":"1121",
    "index":"7",
    "name":"Produits agricoles<br>et alimentaires",
    "nature":"matter",
    "type":"input",
    "from":"t0",
    "to":"t2",
    "volume_o4":"18960",
    "volume_o9":"18960",
    "trend":"NA",
    "unit":"kt/an",
    "color":"#8C2929",
    "level":"3",
    "parent":"1120",
    "children":"",
    "siblings":"1122;1123;1124;1125;1126",
    "root":"false",
    "leaf":"true"
  },
  {
    "id":"1122",
    "index":"8",
    "name":"Minerais et produits<br>métallurgiques",
    "nature":"matter",
    "type":"input",
    "from":"t0",
    "to":"t2",
    "volume_o4":"4110",
    "volume_o9":"4110",
    "trend":"NA",
    "unit":"kt/an",
    "color":"#B4AABA",
    "level":"3",
    "parent":"1120",
    "children":"",
    "siblings":"1121;1123;1124;1125;1126",
    "root":"false",
    "leaf":"true"
  },
  {
    "id":"1123",
    "index":"9",
    "name":"Matériaux de<br>construction",
    "nature":"matter",
    "type":"input",
    "from":"t0",
    "to":"t2",
    "volume_o4":"18870",
    "volume_o9":"18870",
    "trend":"NA",
    "unit":"kt/an",
    "color":"#6B5D70",
    "level":"3",
    "parent":"1120",
    "children":"",
    "siblings":"1121;1122;1124;1125;1126",
    "root":"false",
    "leaf":"true"
  },
  {
    "id":"1124",
    "index":"10",
    "name":"Engrais et produits<br>chimiques",
    "nature":"matter",
    "type":"input",
    "from":"t0",
    "to":"t2",
    "volume_o4":"5100",
    "volume_o9":"5100",
    "trend":"NA",
    "unit":"kt/an",
    "color":"#791C7F",
    "level":"3",
    "parent":"1120",
    "children":"",
    "siblings":"1121;1122;1123;1125;1126",
    "root":"false",
    "leaf":"true"
  },
  {
    "id":"1125",
    "index":"11",
    "name":"Produits manufacturés",
    "nature":"matter",
    "type":"input",
    "from":"t0",
    "to":"t2",
    "volume_o4":"31090",
    "volume_o9":"31090",
    "trend":"NA",
    "unit":"kt/an",
    "color":"#8965AA",
    "level":"3",
    "parent":"1120",
    "children":"",
    "siblings":"1121;1122;1123;1124;1126",
    "root":"false",
    "leaf":"true"
  },
  {
    "id":"1126",
    "index":"11",
    "name":"Divers",
    "nature":"matter",
    "type":"input",
    "from":"t0",
    "to":"t2",
    "volume_o4":"10227",
    "volume_o9":"10227",
    "trend":"1",
    "unit":"kt/an",
    "color":"#ccc",
    "level":"3",
    "parent":"1120",
    "children":"",
    "siblings":"1121;1122;1123;1124;1125",
    "root":"false",
    "leaf":"true"
  },
  {
    "id":"900",
    "index":"13",
    "name":"Extractions locales",
    "nature":"matter",
    "type":"extraction",
    "from":"t2",
    "to":"t2",
    "volume_o4":"23 547",
    "volume_o9":"23 547",
    "trend":"-1",
    "unit":"kt/an",
    "color":"#DBE00B",
    "level":"1",
    "parent":"",
    "children":"910;920;930",
    "siblings":"",
    "root":"true",
    "leaf":"false"
  },
  {
    "id":"910",
    "index":"14",
    "name":"Biomasse",
    "nature":"matter",
    "type":"extraction",
    "from":"t2",
    "to":"t2",
    "volume_o4":"6 013",
    "volume_o9":"6 013",
    "trend":"1",
    "unit":"kt/an",
    "color":"#61CC1B",
    "level":"2",
    "parent":"900",
    "children":"911;912",
    "siblings":"920;930",
    "root":"false",
    "leaf":"false"
  },
  {
    "id":"911",
    "index":"15",
    "name":"Biomasse agricole<br>et gibier",
    "nature":"matter",
    "type":"extraction",
    "from":"t2",
    "to":"t2",
    "volume_o4":"5 848",
    "volume_o9":"5 848",
    "trend":"1",
    "unit":"kt/an",
    "color":"#88963D",
    "level":"3",
    "parent":"910",
    "children":"",
    "siblings":"912",
    "root":"false",
    "leaf":"true"
  },
  {
    "id":"912",
    "index":"16",
    "name":"Biomasse forestière",
    "nature":"matter",
    "type":"extraction",
    "from":"t2",
    "to":"t2",
    "volume_o4":"165",
    "volume_o9":"165",
    "trend":"-1",
    "unit":"kt/an",
    "color":"#3B7726",
    "level":"3",
    "parent":"911",
    "children":"",
    "siblings":"911",
    "root":"false",
    "leaf":"true"
  },
  {
    "id":"920",
    "index":"17",
    "name":"Minéraux",
    "nature":"matter",
    "type":"extraction",
    "from":"t2",
    "to":"t2",
    "volume_o4":"16 994",
    "volume_o9":"16 994",
    "trend":"-1",
    "unit":"kt/an",
    "color":"#77C6C2",
    "level":"2",
    "parent":"900",
    "children":"",
    "siblings":"910;930",
    "root":"false",
    "leaf":"true"
  },
  {
    "id":"930",
    "index":"18",
    "name":"Produits pétroliers",
    "nature":"matter",
    "type":"extraction",
    "from":"t2",
    "to":"t2",
    "volume_o4":"540",
    "volume_o9":"540",
    "trend":"NA",
    "unit":"kt/an",
    "color":"#33250A",
    "level":"2",
    "parent":"900",
    "children":"",
    "siblings":"910;930",
    "root":"false",
    "leaf":"true"
  },
  {
    "id":"2000",
    "index":"19",
    "name":"Sorties",
    "nature":"matter",
    "type":"output",
    "from":"t2",
    "to":"t1",
    "volume_o4":"134 862",
    "volume_o9":"134 862",
    "trend":"NA",
    "unit":"kt/an",
    "color":"#000000",
    "level":"0",
    "parent":"",
    "children":"2100;1900;2300",
    "siblings":"",
    "root":"false",
    "leaf":"false"
  },
  {
    "id":"2100",
    "index":"20",
    "name":"Exportations",
    "nature":"matter",
    "type":"output",
    "from":"t2",
    "to":"t1",
    "volume_o4":"58 571",
    "volume_o9":"58 571",
    "trend":"-2",
    "unit":"kt/an",
    "color":"#828282",
    "level":"1",
    "parent":"",
    "children":"2110;2120;2130;2140;2150",
    "siblings":"",
    "root":"true",
    "leaf":"false"
  },
  {
    "id":"2110",
    "index":"21",
    "name":"Produits pétroliers",
    "nature":"matter",
    "type":"output",
    "from":"t2",
    "to":"t1",
    "volume_o4":"6 540",
    "volume_o9":"6 540",
    "trend":"NA",
    "unit":"kt/an",
    "color":"#33250A",
    "level":"2",
    "parent":"2100",
    "children":"",
    "siblings":"2120;2130;2140;2150",
    "root":"false",
    "leaf":"true"
  },
  {
    "id":"2120",
    "index":"22",
    "name":"Exports marchandises",
    "nature":"matter",
    "type":"output",
    "from":"t2",
    "to":"t1",
    "volume_o4":"58 502",
    "volume_o9":"58 502",
    "trend":"-2",
    "unit":"kt/an",
    "color":"#F75454",
    "level":"2",
    "parent":"2100",
    "children":"2121;2122;2123;2124;2125",
    "siblings":"2110;2130;2140;2150",
    "root":"false",
    "leaf":"false"
  },
  {
    "id":"2121",
    "index":"23",
    "name":"Produits agricoles<br>et alimentaires",
    "nature":"matter",
    "type":"output",
    "from":"t2",
    "to":"t1",
    "volume_o4":"14 270",
    "volume_o9":"14 270",
    "trend":"NA",
    "unit":"kt/an",
    "color":"#8C2929",
    "level":"3",
    "parent":"2120",
    "children":"",
    "siblings":"2122;2123;2124;2125",
    "root":"false",
    "leaf":"true"
  },
  {
    "id":"2122",
    "index":"24",
    "name":"Minerais et produits<br>métallurgiques",
    "nature":"matter",
    "type":"output",
    "from":"t2",
    "to":"t1",
    "volume_o4":"3940",
    "volume_o9":"3940",
    "trend":"NA",
    "unit":"kt/an",
    "color":"#B4AABA",
    "level":"3",
    "parent":"2120",
    "children":"",
    "siblings":"2121;2123;2124;2125",
    "root":"false",
    "leaf":"true"
  },
  {
    "id":"2123",
    "index":"25",
    "name":"Matériaux de<br>construction",
    "nature":"matter",
    "type":"output",
    "from":"t2",
    "to":"t1",
    "volume_o4":"6740",
    "volume_o9":"6740",
    "trend":"NA",
    "unit":"kt/an",
    "color":"#6B5D70",
    "level":"3",
    "parent":"2120",
    "children":"",
    "siblings":"2121;2122;2124;2125",
    "root":"false",
    "leaf":"true"
  },
  {
    "id":"2124",
    "index":"26",
    "name":"Engrais et produits<br>chimiques",
    "nature":"matter",
    "type":"output",
    "from":"t2",
    "to":"t1",
    "volume_o4":"3760",
    "volume_o9":"3760",
    "trend":"NA",
    "unit":"kt/an",
    "color":"#791C7F",
    "level":"3",
    "parent":"2120",
    "children":"",
    "siblings":"2121;2122;2123;2125",
    "root":"false",
    "leaf":"true"
  },
  {
    "id":"2125",
    "index":"27",
    "name":"Produits manufacturés",
    "nature":"matter",
    "type":"output",
    "from":"t2",
    "to":"t1",
    "volume_o4":"24940",
    "volume_o9":"24940",
    "trend":"NA",
    "unit":"kt/an",
    "color":"#8965AA",
    "level":"3",
    "parent":"2120",
    "children":"",
    "siblings":"2121;2122;2123;2124",
    "root":"false",
    "leaf":"true"
  },
  {
    "id":"2130",
    "index":"29",
    "name":"Déchets ultimes<br> en décharge",
    "nature":"matter",
    "type":"output",
    "from":"t2",
    "to":"t1",
    "volume_o4":"0",
    "volume_o9":"0",
    "trend":"0",
    "unit":"kt/an",
    "color":"#595959",
    "level":"2",
    "parent":"2100",
    "children":"2131;2132;2133;2134",
    "siblings":"2110;2120;2140;2150",
    "root":"false",
    "leaf":"false"
  },
  {
    "id":"2131",
    "index":"30",
    "name":"Déchets d'Activités<br>Economiques",
    "nature":"matter",
    "type":"output",
    "from":"t2",
    "to":"t1",
    "volume_o4":"0",
    "volume_o9":"0",
    "trend":"NA",
    "unit":"kt/an",
    "color":"#A8A8A8",
    "level":"3",
    "parent":"2130",
    "children":"",
    "siblings":"2132;2133;2134",
    "root":"false",
    "leaf":"true"
  },
  {
    "id":"2132",
    "index":"31",
    "name":"Déchets Ménagers et Assimilés",
    "nature":"matter",
    "type":"output",
    "from":"t2",
    "to":"t1",
    "volume_o4":"0",
    "volume_o9":"0",
    "trend":"NA",
    "unit":"kt/an",
    "color":"#939393",
    "level":"3",
    "parent":"2130",
    "children":"",
    "siblings":"2131;2133;2134",
    "root":"false",
    "leaf":"true"
  },
  {
    "id":"2133",
    "index":"32",
    "name":"Assainissements",
    "nature":"matter",
    "type":"output",
    "from":"t2",
    "to":"t1",
    "volume_o4":"0",
    "volume_o9":"0",
    "trend":"NA",
    "unit":"kt/an",
    "color":"#7F7F7F",
    "level":"3",
    "parent":"2130",
    "children":"",
    "siblings":"2131;2132;2134",
    "root":"false",
    "leaf":"true"
  },
  {
    "id":"2134",
    "index":"33",
    "name":"Déchets BTP",
    "nature":"matter",
    "type":"output",
    "from":"t2",
    "to":"t1",
    "volume_o4":"0",
    "volume_o9":"0",
    "trend":"NA",
    "unit":"kt/an",
    "color":"#707070",
    "level":"3",
    "parent":"2130",
    "children":"",
    "siblings":"2131;2132;2133",
    "root":"false",
    "leaf":"true"
  },
  {
    "id":"2140",
    "index":"34",
    "name":"Emissions atmosphériques<br>vers l'eau",
    "nature":"matter",
    "type":"output",
    "from":"t2",
    "to":"t1",
    "volume_o4":"0",
    "volume_o9":"0",
    "trend":"NA",
    "unit":"kt/an",
    "color":"#6A9E9A",
    "level":"2",
    "parent":"2100",
    "children":"",
    "siblings":"2110;2120;2130;2150",
    "root":"false",
    "leaf":"false"
  },
  {
    "id":"2150",
    "index":"35",
    "name":"Déchets organiques<br>épandus",
    "nature":"matter",
    "type":"output",
    "from":"t2",
    "to":"t1",
    "volume_o4":"69",
    "volume_o9":"69",
    "trend":"NA",
    "unit":"kt/an",
    "color":"#6B6139",
    "level":"2",
    "parent":"2100",
    "children":"",
    "siblings":"2110;2120;2130;2140",
    "root":"false",
    "leaf":"false"
  },
  {
    "id":"1900",
    "index":"36",
    "name":"Vers la nature",
    "nature":"matter",
    "type":"waste",
    "from":"t2",
    "to":"t2",
    "volume_o4":"76 291",
    "volume_o9":"76 291",
    "trend":"1",
    "unit":"kt/an",
    "color":"#6B91AA",
    "level":"1",
    "parent":"",
    "children":"1910;1920;1930;1940",
    "siblings":"",
    "root":"true",
    "leaf":"false"
  },
  {
    "id":"1910",
    "index":"37",
    "name":"Emissions atmosphériques",
    "nature":"matter",
    "type":"waste",
    "from":"t2",
    "to":"t2",
    "volume_o4":"53 839",
    "volume_o9":"53 839",
    "trend":"-1",
    "unit":"kt/an",
    "color":"#75A5CC",
    "level":"2",
    "parent":"1900",
    "children":"",
    "siblings":"1920;1930;1940",
    "root":"false",
    "leaf":"true"
  },
  {
    "id":"1920",
    "index":"38",
    "name":"Mise en decharge",
    "nature":"matter",
    "type":"waste",
    "from":"t2",
    "to":"t2",
    "volume_o4":"20 013",
    "volume_o9":"20 013",
    "trend":"1",
    "unit":"kt/an",
    "color":"#595959",
    "level":"2",
    "parent":"1900",
    "children":"1921;1922;1923;1924;1925",
    "siblings":"1910;1930;1940",
    "root":"false",
    "leaf":"false"
  },
  {
    "id":"1921",
    "index":"39",
    "name":"Déchets d'Activités Economiques<br> en décharge",
    "nature":"matter",
    "type":"waste",
    "from":"t2",
    "to":"t2",
    "volume_o4":"1 233",
    "volume_o9":"1 233",
    "trend":"2",
    "unit":"kt/an",
    "color":"#A8A8A8",
    "level":"3",
    "parent":"1920",
    "children":"",
    "siblings":"1922;1923;1924;1925",
    "root":"false",
    "leaf":"true"
  },
  {
    "id":"1922",
    "index":"40",
    "name":"Déchets Ménagers et<br>Assimilés en décharge",
    "nature":"matter",
    "type":"waste",
    "from":"t2",
    "to":"t2",
    "volume_o4":"1 301",
    "volume_o9":"1 301",
    "trend":"-2",
    "unit":"kt/an",
    "color":"#939393",
    "level":"3",
    "parent":"1920",
    "children":"",
    "siblings":"1921;1923;1924;1925",
    "root":"false",
    "leaf":"true"
  },
  {
    "id":"1923",
    "index":"41",
    "name":"Assainissements<br>en décharge",
    "nature":"matter",
    "type":"waste",
    "from":"t2",
    "to":"t2",
    "volume_o4":"63",
    "volume_o9":"63",
    "trend":"NA",
    "unit":"kt/an",
    "color":"#7F7F7F",
    "level":"3",
    "parent":"1920",
    "children":"",
    "siblings":"1921;1922;1924;1925",
    "root":"false",
    "leaf":"true"
  },
  {
    "id":"1924",
    "index":"42",
    "name":"BTP en décharge",
    "nature":"matter",
    "type":"waste",
    "from":"t2",
    "to":"t2",
    "volume_o4":"17 259",
    "volume_o9":"17 259",
    "trend":"1",
    "unit":"kt/an",
    "color":"#707070",
    "level":"3",
    "parent":"1920",
    "children":"",
    "siblings":"1921;1922;1923;1925",
    "root":"false",
    "leaf":"true"
  },
  {
    "id":"1925",
    "index":"43",
    "name":"Déchets agricoles",
    "nature":"matter",
    "type":"waste",
    "from":"t2",
    "to":"t2",
    "volume_o4":"156",
    "volume_o9":"156",
    "trend":"NA",
    "unit":"kt/an",
    "color":"#7C3131",
    "level":"3",
    "parent":"1920",
    "children":"",
    "siblings":"1921;1922;1923;1924",
    "root":"false",
    "leaf":"true"
  },
  {
    "id":"1930",
    "index":"44",
    "name":"Emissions vers l'eau",
    "nature":"matter",
    "type":"waste",
    "from":"t2",
    "to":"t2",
    "volume_o4":"42",
    "volume_o9":"42",
    "trend":"NA",
    "unit":"kt/an",
    "color":"#6A9E9A",
    "level":"2",
    "parent":"1920",
    "children":"",
    "siblings":"1910;1920;1940",
    "root":"false",
    "leaf":"false"
  },
  {
    "id":"1940",
    "index":"45",
    "name":"Emissions dissipatives ",
    "nature":"matter",
    "type":"waste",
    "from":"t2",
    "to":"t2",
    "volume_o4":"2 398",
    "volume_o9":"2 398",
    "trend":"NA",
    "unit":"kt/an",
    "color":"#708C89",
    "level":"2",
    "parent":"1900",
    "children":"1941;1942;1943",
    "siblings":"1910;1920;1930",
    "root":"false",
    "leaf":"false"
  },
  {
    "id":"1941",
    "index":"46",
    "name":"Erosion d'usage des pneus et routes,<br>sel de déneigement",
    "nature":"matter",
    "type":"waste",
    "from":"t2",
    "to":"t2",
    "volume_o4":"887",
    "volume_o9":"887",
    "trend":"NA",
    "unit":"kt/an",
    "color":"#A3E5E3",
    "level":"3",
    "parent":"1940",
    "children":"",
    "siblings":"1942;1943",
    "root":"false",
    "leaf":"true"
  },
  {
    "id":"1942",
    "index":"47",
    "name":"Engrais épandu",
    "nature":"matter",
    "type":"waste",
    "from":"t2",
    "to":"t2",
    "volume_o4":"108",
    "volume_o9":"108",
    "trend":"NA",
    "unit":"kt/an",
    "color":"#78527C",
    "level":"3",
    "parent":"1940",
    "children":"",
    "siblings":"1941;1943",
    "root":"false",
    "leaf":"true"
  },
  {
    "id":"1943",
    "index":"48",
    "name":"Déchets organiques<br>épandus",
    "nature":"matter",
    "type":"waste",
    "from":"t2",
    "to":"t2",
    "volume_o4":"1 403",
    "volume_o9":"1 403",
    "trend":"NA",
    "unit":"kt/an",
    "color":"#6B6139",
    "level":"3",
    "parent":"1940",
    "children":"",
    "siblings":"1941;1942",
    "root":"false",
    "leaf":"true"
  },
  {
    "id":"2300",
    "index":"49",
    "name":"Recyclage & Valorisation",
    "nature":"matter",
    "type":"recyclage",
    "from":"t2",
    "to":"t2",
    "volume_o4":"12 817",
    "volume_o9":"12 817",
    "trend":"1",
    "unit":"kt/an",
    "color":"#9ADB28",
    "level":"1",
    "parent":"",
    "children":"2310;2320;2330",
    "siblings":"",
    "root":"true",
    "leaf":"false"
  },
  {
    "id":"2310",
    "index":"50",
    "name":"Valorisation matière<br>(recyclage)",
    "nature":"matter",
    "type":"recyclage",
    "from":"t2",
    "to":"t2",
    "volume_o4":"7 320",
    "volume_o9":"7 320",
    "trend":"2",
    "unit":"kt/an",
    "color":"#709E42",
    "level":"2",
    "parent":"2300",
    "children":"2311;2312;2313;2314",
    "siblings":"2320;2330",
    "root":"false",
    "leaf":"false"
  },
  {
    "id":"2311",
    "index":"51",
    "name":"Déchets d'Activités<br>Economiques recyclés",
    "nature":"matter",
    "type":"recyclage",
    "from":"t2",
    "to":"t2",
    "volume_o4":"3 068",
    "volume_o9":"3 068",
    "trend":"-2",
    "unit":"kt/an",
    "color":"#93C893",
    "level":"3",
    "parent":"2310",
    "children":"",
    "siblings":"2312;2313;2314",
    "root":"false",
    "leaf":"true"
  },
  {
    "id":"2312",
    "index":"52",
    "name":"Déchets Ménagers et<br>Assimilés recyclés",
    "nature":"matter",
    "type":"recyclage",
    "from":"t2",
    "to":"t2",
    "volume_o4":"1 508",
    "volume_o9":"1 508",
    "trend":"2",
    "unit":"kt/an",
    "color":"#7FB57F",
    "level":"3",
    "parent":"2310",
    "children":"",
    "siblings":"2311;2313;2314",
    "root":"false",
    "leaf":"true"
  },
  {
    "id":"2313",
    "index":"53",
    "name":"Assainissement recyclés",
    "nature":"matter",
    "type":"recyclage",
    "from":"t2",
    "to":"t2",
    "volume_o4":"4",
    "volume_o9":"4",
    "trend":"NA",
    "unit":"kt/an",
    "color":"#709C70",
    "level":"3",
    "parent":"2310",
    "children":"",
    "siblings":"2311;2312;2314",
    "root":"false",
    "leaf":"true"
  },
  {
    "id":"2314",
    "index":"54",
    "name":"BTP recyclés",
    "nature":"matter",
    "type":"recyclage",
    "from":"t2",
    "to":"t2",
    "volume_o4":"2 741",
    "volume_o9":"2 741",
    "trend":"2",
    "unit":"kt/an",
    "color":"#708F4D",
    "level":"3",
    "parent":"2310",
    "children":"",
    "siblings":"2311;2312;2313",
    "root":"false",
    "leaf":"true"
  },
  {
    "id":"2320",
    "index":"55",
    "name":"Valorisation énergétique",
    "nature":"matter",
    "type":"recyclage",
    "from":"t2",
    "to":"t2",
    "volume_o4":"4 094",
    "volume_o9":"4 094",
    "trend":"NA",
    "unit":"kt/an",
    "color":"#FF8F2E",
    "level":"2",
    "parent":"2300",
    "children":"2321;2322;2323;2324",
    "siblings":"2310;2330",
    "root":"false",
    "leaf":"false"
  },
  {
    "id":"2321",
    "index":"56",
    "name":"Déchets d'Activités<br>Economiques incinérés ",
    "nature":"matter",
    "type":"recyclage",
    "from":"t2",
    "to":"t2",
    "volume_o4":"558",
    "volume_o9":"558",
    "trend":"NA",
    "unit":"kt/an",
    "color":"#EB7854",
    "level":"3",
    "parent":"2320",
    "children":"",
    "siblings":"2322;2323;2324",
    "root":"false",
    "leaf":"true"
  },
  {
    "id":"2322",
    "index":"57",
    "name":"Déchets Ménagers et<br>Assimilés incinérés",
    "nature":"matter",
    "type":"recyclage",
    "from":"t2",
    "to":"t2",
    "volume_o4":"3 536",
    "volume_o9":"3 536",
    "trend":"NA",
    "unit":"kt/an",
    "color":"#E3A654",
    "level":"3",
    "parent":"2320",
    "children":"",
    "siblings":"2321;2323;2324",
    "root":"false",
    "leaf":"true"
  },
  {
    "id":"2323",
    "index":"58",
    "name":"Assainissements incinérés",
    "nature":"matter",
    "type":"recyclage",
    "from":"t2",
    "to":"t2",
    "volume_o4":"0",
    "volume_o9":"0",
    "trend":"NA",
    "unit":"kt/an",
    "color":"#FFC25C",
    "level":"3",
    "parent":"2320",
    "children":"",
    "siblings":"2321;2322;2324",
    "root":"false",
    "leaf":"true"
  },
  {
    "id":"2324",
    "index":"59",
    "name":"BTP incinérés",
    "nature":"matter",
    "type":"recyclage",
    "from":"t2",
    "to":"t2",
    "volume_o4":"NA",
    "volume_o9":"NA",
    "trend":"NA",
    "unit":"kt/an",
    "color":"#D67840",
    "level":"3",
    "parent":"2320",
    "children":"",
    "siblings":"2321;2322;2323",
    "root":"false",
    "leaf":"true"
  },
  {
    "id":"2330",
    "index":"60",
    "name":"Valorisation organique",
    "nature":"matter",
    "type":"recyclage",
    "from":"t2",
    "to":"t2",
    "volume_o4":"1 403",
    "volume_o9":"1 403",
    "trend":"1",
    "unit":"kt/an",
    "color":"#8F631A",
    "level":"2",
    "parent":"2300",
    "children":"2331;2332;2333",
    "siblings":"2310;2320",
    "root":"false",
    "leaf":"false"
  },
  {
    "id":"2331",
    "index":"61",
    "name":"Déchets agricoles<br>épandus",
    "nature":"matter",
    "type":"recyclage",
    "from":"t2",
    "to":"t2",
    "volume_o4":"NA",
    "volume_o9":"NA",
    "trend":"NA",
    "unit":"kt/an",
    "color":"#8F8A1A",
    "level":"3",
    "parent":"2330",
    "children":"",
    "siblings":"2332;2333",
    "root":"false",
    "leaf":"true"
  },
  {
    "id":"2332",
    "index":"62",
    "name":"Déchets Ménagers et Assimilés<br>compostés épandus",
    "nature":"matter",
    "type":"recyclage",
    "from":"t2",
    "to":"t2",
    "volume_o4":"NA",
    "volume_o9":"NA",
    "trend":"2",
    "unit":"kt/an",
    "color":"#8F8557",
    "level":"3",
    "parent":"2330",
    "children":"",
    "siblings":"2331;2333",
    "root":"false",
    "leaf":"true"
  },
  {
    "id":"2333",
    "index":"63",
    "name":"Assainissement compostés<br>épandus",
    "nature":"matter",
    "type":"recyclage",
    "from":"t2",
    "to":"t2",
    "volume_o4":"NA",
    "volume_o9":"NA",
    "trend":"NA",
    "unit":"kt/an",
    "color":"#8F5436",
    "level":"3",
    "parent":"2330",
    "children":"",
    "siblings":"2331;2332",
    "root":"false",
    "leaf":"true"
  },
  {
    "id":"10000",
    "index":"64",
    "name":"Imports parisiens",
    "nature":"matter",
    "type":"input",
    "from":"t2",
    "to":"t4",
    "volume_o4":"NA",
    "volume_o9":"NA",
    "trend":"NA",
    "unit":"",
    "color":"#000000",
    "level":"",
    "parent":"",
    "children":"",
    "siblings":"",
    "root":"false",
    "leaf":"false"
  },
  {
    "id":"10001",
    "index":"65",
    "name":"Imports parisiens",
    "nature":"matter",
    "type":"input",
    "from":"t3",
    "to":"t4",
    "volume_o4":"NA",
    "volume_o9":"NA",
    "trend":"NA",
    "unit":"",
    "color":"#000000",
    "level":"",
    "parent":"",
    "children":"",
    "siblings":"",
    "root":"false",
    "leaf":"false"
  },
  {
    "id":"10002",
    "index":"66",
    "name":"Exports parisiens",
    "nature":"matter",
    "type":"output",
    "from":"t4",
    "to":"t2",
    "volume_o4":"NA",
    "volume_o9":"NA",
    "trend":"NA",
    "unit":"",
    "color":"#000000",
    "level":"",
    "parent":"",
    "children":"",
    "siblings":"",
    "root":"false",
    "leaf":"false"
  },
  {
    "id":"10003",
    "index":"67",
    "name":"Exports parisiens",
    "nature":"matter",
    "type":"output",
    "from":"t4",
    "to":"t3",
    "volume_o4":"NA",
    "volume_o9":"NA",
    "trend":"NA",
    "unit":"",
    "color":"#000000",
    "level":"",
    "parent":"",
    "children":"",
    "siblings":"",
    "root":"false",
    "leaf":"false"
  }
],
    
    "stories": {
        "matter":
        [
        {
            "title":"Une région dynamique",
            "subtitle":"",
            "display_dot":true,       
            "steps" :
                [{
                    "subtitle":"Une région dynamique",
                    "text": {"time":"200","content":"La région Ile-de-France est marquée par son dynamisme économique. Cela se traduit sur le territoire par l’importation et l’exportation de volumes conséquents de marchandises ou produits manufacturés. La région importe ainsi l’équivalent de 12 tonnes de matières par habitant et exporte 5.2 t/hab/an."},
                    "flows": [{"vl":["1100","900","2100", "1900", "2300"], "hl":["all"], "year":"o4", "anim":false, "fp":true, "scaling":true, "time":"900"}],
                    "territories":[{"target":"t2", "action":"appear", "parms":{"time":100}, "time":0},
                                    {"target":"t3", "action":"appear", "parms":{"time":100}, "time":0},
                                    {"target":"t4", "action":"appear", "parms":{"time":100}, "time":0},
                                    {"target":"t4", "action":"hideGround", "parms":{"time":100}, "time":0},
                                    {"target":"t3", "action":"hideGround", "parms":{"time":100}, "time":0},
                                    {"target":"t2", "action":"translate", "parms":{"x":"w*0.5","y":"h*0.4","time":1000}, "time":0},
                                    {"target":"t3", "action":"translate", "parms":{"x":"w*0.5","y":"h*0.4","time":1000}, "time":0},
                                    {"target":"t4", "action":"translate", "parms":{"x":"w*0.5","y":"h*0.4","time":1000}, "time":0}],
                    "ui":{"show":[], "hide":[]},
                    "functions":""
                }
                ]
        },
        {
            "title":"Une région en pleine construction",
            "subtitle":"",
            "display_dot":true,       
            "steps" :
                [{
                    "subtitle":"Une région en pleine construction",
                    "text": {"time":"200","content":"Du fait de l’importance des chantiers de construction de logements ou de renouvellement urbain, les flux de matériaux de construction importés et ceux liés aux déchets de chantiers représentent de gros volumes et donc des enjeux importants pour l’amélioration du métabolisme de la région."},
                    "flows": [{"vl":["1121","1122","1123","1124","1125","910","920","930","2121","2122","2123","2124","2125", "1921","1922","1923","1924","1925", "2311","2312","2313","2314"], "hl":["all"], "popups":["1123","920","2123","2314","1924"], "year":"o4", "anim":false, "fp":true, "scaling":true, "time":"0"}],
                    "territories":[{"target":"t2", "action":"appear", "parms":{"time":100}, "time":0},
                                    {"target":"t3", "action":"appear", "parms":{"time":100}, "time":0},
                                    {"target":"t4", "action":"appear", "parms":{"time":100}, "time":0},
                                    {"target":"t4", "action":"hideGround", "parms":{"time":100}, "time":0},
                                    {"target":"t3", "action":"hideGround", "parms":{"time":100}, "time":0},
                                    {"target":"t2", "action":"translate", "parms":{"x":"w*0.5","y":"h*0.4","time":1000}, "time":0},
                                    {"target":"t3", "action":"translate", "parms":{"x":"w*0.5","y":"h*0.4","time":1000}, "time":0},
                                    {"target":"t4", "action":"translate", "parms":{"x":"w*0.5","y":"h*0.4","time":1000}, "time":0}],
                    "ui":{"show":["matter"], "hide":["energy", "water"]},
                    "functions":""
                }
                ]
        }
        ],
        "energy":[]
        ,
        "water":[]

}


                }
