{
	"ui_elements":{},
	"scale":"w/2000",
	"items": [{
                        "id":"t0",
                        "name":"t0",
                        "fax":"",
                        "fay":"",
                        "iw":"1",
                        "ih":"1",
                        "x":"-10",
                        "y":"0.45*h",
                        "scale":"1"
                    },
                    {
                        "id":"t1",
                        "name":"t1",
                        "fax":"",
                        "fay":"",
                        "iw":"1",
                        "ih":"1",
                        "x":"w+10",
                        "y":"0.45*h",
                        "scale":"1"
                    },
					{
                        "id":"t2",
						"name":"t2",
						"geom":"data/graphics/geom_espacespublics_infiltrationseule.json",
                        "fax":"0",
                        "fay":"0.25",
                        "iw":"1",
                        "ih":"0.8",
						"x":"0.5*w",
						"y":"0.3*h",
						"scale":"0.2",
                        "force_w_scale":true,
                        "solution":true,
                        "z":1
					},
                    {
                        "id":"t3",
                        "name":"t3",
                        "label":"Noue d'infiltration,<br>ZAC Boucicaut",
                        "geom":"data/graphics/geom_espacespublics_coupe.json",
                        "fax":"0",
                        "fay":"0.15",
                        "iw":"1",
                        "ih":"0.4",
                        "x":"0.5*w",
                        "y":"0.3*h",
                        "scale":"0.2",
                        "force_w_scale":true,
                        "z":0
                    }],

	"flows": 		[{
                            "id":"1000",
                            "index":"0",
                            "name":"Eaux de pluie",
                            "type":"input",
                            "from":"t0",
                            "to":"t3",
                            "volume_o4":"100",
                            "volume_o9":"100",
                            "trend":"-1",
                            "unit":"t / an",
                            "color":"#07AAAA",
                            "level":"0",
                            "parent":"",
                            "children":"",
                            "siblings":"",
                            "virtual":true
                        },
                        {
                            "id":"500",
                            "index":"0",
                            "name":"Eaux usées",
                            "type":"input",
                            "from":"t3",
                            "to":"t1",
                            "volume_o4":"100",
                            "volume_o9":"50",
                            "trend":"-1",
                            "unit":"t / an",
                            "color":"#0D3549",
                            "level":"0",
                            "parent":"",
                            "children":"",
                            "siblings":"",
                            "virtual":true
                        }],

    "stories": {
        "matter":[{
            "title":"",
            "subtitle":"",
            "display_dot":false,       
            "steps" :
                [{
                    "subtitle":"Expérimentation d'infiltrations des eaux de pluie",
                    "text": {"time":"200", "content":"Dans le cadre d’opérations d’aménagements, plusieurs expérimentations ont été afin de collecter et infiltrer les eaux de pluie. C’est le cas du nouvel écoquartier de la ZAC Boucicaut dans le 15ème arrondissement où une noue, le long de l’allée Marianne Breslauer, contribue à l’infiltration des eaux de pluie. Cet aménagement ainsi que les 4 000 m² de toitures végétalisées permettent de capter une partie des eaux pluviales et de limiter le risque de saturation du réseau d’assainissement public.<br><br><em>Porteur de projet : <a href = \"http://paris.fr/\" target = \"_blank\">Direction de la propreté et de l'eau - Mairie de Paris</a></em>"},
                    "flows": [{"vl":["500","1000", "2000"], "hl":[], "year":"o9", "anim":false, "fp":true, "scaling":true, "time":0}],
                    "territories":[{"target":"t2", "action":"appear", "parms":{"time":100}, "time":0},
                                    {"target":"t3", "action":"appear", "parms":{"time":100}, "time":0}],
                    "ui":{"show":[], "hide":[]},
                    "functions":""
                },
                {
                    "subtitle":"Expérimentation d'infiltrations des eaux de pluie",
                    "text": {"time":"200", "content":"Paris a la particularité de posséder un réseau unitaire pour collecter les eaux de pluie et eaux usées. Le zonage pluvial de Paris fixe un niveau de rétention d’eau à la parcelle pour limiter l’eau de pluie évacuée par les égouts et préserver  la qualité de l’eau de la Seine. Il contraint les propriétaires publics ou privés à laisser l’eau s’infiltrer, à l’utiliser pour les espaces végétalisés, ou à la stocker temporairement."},
                    "flows": [{"vl":["1000", "500"], "hl":["2000"], "year":"o4", "anim":false, "fp":true, "scaling":false, "time":0}],
                    "territories":[{"target":"t2", "action":"disappear", "parms":{"time":300}, "time":0}],
                    "ui":{"show":[], "hide":[]},
                    "functions":""
                },
                {
                    "subtitle":"Expérimentation d'infiltrations des eaux de pluie",
                    "text": {"time":"200", "content":"Dans le cadre d’opérations d’aménagements, plusieurs expérimentations ont été afin de collecter et infiltrer les eaux de pluie. C’est le cas du nouvel écoquartier de la ZAC Boucicaut dans le 15ème arrondissement où une noue, le long de l’allée Marianne Breslauer, contribue à l’infiltration des eaux de pluie. Cet aménagement ainsi que les 4 000 m² de toitures végétalisées permettent de capter une partie des eaux pluviales et de limiter le risque de saturation du réseau d’assainissement public.<br><br><em>Porteur de projet : <a href = \"http://paris.fr/\" target = \"_blank\">Direction de la propreté et de l'eau - Mairie de Paris</a></em>"},
                    "flows": [{"vl":["500","1000", "2000"], "hl":[], "year":"o9", "anim":false, "fp":true, "scaling":true, "time":0}],
                    "territories":[{"target":"t2", "action":"appear", "parms":{"time":300}, "time":0}],
                    "ui":{"show":[], "hide":[]},
                    "functions":""
                }],       
            "b_steps" :
                [{
                    "subtitle":"Expérimentation d'infiltrations des eaux de pluie",
                    "text": {"time":"200", "content":"Dans le cadre d’opérations d’aménagements, plusieurs expérimentations ont été afin de collecter et infiltrer les eaux de pluie. C’est le cas du nouvel écoquartier de la ZAC Boucicaut dans le 15ème arrondissement où une noue, le long de l’allée Marianne Breslauer, contribue à l’infiltration des eaux de pluie. Cet aménagement ainsi que les 4 000 m² de toitures végétalisées permettent de capter une partie des eaux pluviales et de limiter le risque de saturation du réseau d’assainissement public.<br><br><em>Porteur de projet : <a href = \"http://paris.fr/\" target = \"_blank\">Direction de la propreté et de l'eau - Mairie de Paris</a></em>"},
                    "flows": [{"vl":["500","1000", "2000"], "hl":[], "year":"o9", "anim":false, "fp":true, "scaling":true, "time":0}],
                    "territories":[{"target":"t2", "action":"appear", "parms":{"time":100}, "time":0},
                                    {"target":"t3", "action":"appear", "parms":{"time":100}, "time":0}],
                    "ui":{"show":[], "hide":[]},
                    "functions":""
                },
                {
                    "subtitle":"Expérimentation d'infiltrations des eaux de pluie",
                    "text": {"time":"200", "content":"Paris a la particularité de posséder un réseau unitaire pour collecter les eaux de pluie et eaux usées. Le zonage pluvial de Paris fixe un niveau de rétention d’eau à la parcelle pour limiter l’eau de pluie évacuée par les égouts et préserver  la qualité de l’eau de la Seine. Il contraint les propriétaires publics ou privés à laisser l’eau s’infiltrer, à l’utiliser pour les espaces végétalisés, ou à la stocker temporairement."},
                    "flows": [{"vl":["1000", "500"], "hl":["2000"], "year":"o4", "anim":false, "fp":true, "scaling":false, "time":0}],
                    "territories":[{"target":"t2", "action":"disappear", "parms":{"time":300}, "time":0}],
                    "ui":{"show":[], "hide":[]},
                    "functions":""
                }]
        }],
        "energy":[],
        "water":[]
    }
         }
  