{
	"ui_elements":{},
	"scale":"w/2000",
	"items": [{
                        "id":"t0",
                        "name":"t0",
                        "f_anchor_x":"",
                        "f_anchor_y":"",
                        "iw":"1",
                        "ih":"1",
                        "x":"-10",
                        "y":"0.4*h",
                        "scale":"1"
                    },
                    {
                        "id":"t1",
                        "name":"t1",
                        "f_anchor_x":"",
                        "f_anchor_y":"",
                        "iw":"1",
                        "ih":"1",
                        "x":"w+10",
                        "y":"0.4*h",
                        "scale":"1"
                    },
					{
                        "id":"t2",
                        "name":"t2",
                        "label":"Bricoleurs",
                        "geom":"data/graphics/geom_groupepersonne.json",
                        "fax":"0",
                        "fay":"0.15",
                        "iw":"1",
                        "ih":"0.4",
                        "x":"0.35*w",
                        "y":"0.275*h",
                        "scale":"0.15",
                        "force_w_scale":true
					},
                    {
                        "id":"t3",
                        "name":"t3",
                        "label":"Centre de l'Etablisienne",
                        "geom":"data/graphics/geom_atelier.json",
                        "fax":"0",
                        "fay":"0.15",
                        "iw":"1",
                        "ih":"0.5",
                        "x":"0.65*w",
                        "y":"0.45*h",
                        "scale":"0.15",
                        "force_w_scale":true
                    }],

	"flows": 		[{
                            "id":"1000",
                            "index":"0",
                            "name":"Mobiliers, outils<br>et matériaux de<br>bricolage jetés",
                            "type":"input",
                            "from":"t2",
                            "to":"t1",
                            "volume_o4":"1000",
                            "volume_o9":"1000",
                            "unit":"t / an",
                            "color":"#A8A8A8",
                            "virtual":true
                        },
                        {
                            "id":"1100",
                            "index":"0",
                            "name":"Mobiliers, outils<br>et matériaux de<br>bricolage jetés",
                            "type":"input",
                            "from":"t2",
                            "to":"t1",
                            "volume_o4":"2000",
                            "volume_o9":"2000",
                            "unit":"t / an",
                            "color":"#A8A8A8",
                            "virtual":true
                        },
                        {
                            "id":"500",
                            "index":"0",
                            "name":"Achats de mobiliers,<br>d'outils et de matériaux<br>de bricolage",
                            "type":"input",
                            "from":"t0",
                            "to":"t2",
                            "volume_o4":"1000",
                            "volume_o9":"1000",
                            "unit":"t / an",
                            "color":"#8965AA",
                            "virtual":true
                        },
                        {
                            "id":"400",
                            "index":"0",
                            "name":"Achats de mobiliers,<br>d'outils et de matériaux<br>de bricolage",
                            "type":"input",
                            "from":"t0",
                            "to":"t2",
                            "volume_o4":"2000",
                            "volume_o9":"2000",
                            "unit":"t / an",
                            "color":"#8965AA",
                            "virtual":true
                        },
                        {
                            "id":"2000",
                            "index":"0",
                            "name":"Mutualisation des ressources",
                            "type":"input",
                            "from":"t2",
                            "to":"t3",
                            "volume_o4":"1000",
                            "volume_o9":"1000",
                            "unit":"t / an",
                            "color":"#9ADB28",
                            "virtual":true
                        },
                        {
                            "id":"3000",
                            "index":"0",
                            "name":"Objets réparés<br>ou recyclés",
                            "type":"input",
                            "from":"t3",
                            "to":"t2",
                            "volume_o4":"1000",
                            "volume_o9":"1000",
                            "unit":"t / an",
                            "color":"#7FB57F",
                            "virtual":true
                        }],

    "stories": {
        "matter":[{
            "title":"",
            "subtitle":"",
            "display_dot":false,       
            "steps" :
                [{
                    "subtitle":"Un atelier partagé pour bricoler",
                    "text": {"time":"200", "content":"L'Établisienne est à la fois un dépôt-vente, un atelier et une boutique en self-service où il est possible de louer un établis, de prendre des cours ou suivre des stages, d’utiliser des outils mutualisés et d’acheter de la visserie ou de la quincaillerie à la pièce et de la peinture à la dose. Ce lieu du « do it yourself » est idéal pour progresser dans le bricolage, offrir une seconde vie aux vieux meubles, objets et autres matériaux et limiter le gaspillage dans la mesure de ses besoins. Ce sont ainsi, par exemple, une centaine de sièges par an qui trouvent une seconde vie.<br><br><em>Porteur de projet : <a href = \"http://www.letablisienne.com/\" target = \"_blank\">L'Établisienne</a></em>"},
                    "flows": [{"vl":["1000","500", "2000","3000"], "hl":[], "year":"o9", "anim":false, "fp":true, "scaling":true, "time":0}],
                    "territories":[{"target":"t2", "action":"appear", "parms":{"time":100}, "time":0},
                                    {"target":"t3", "action":"appear", "parms":{"time":100}, "time":0}]
                },
                {
                    "subtitle":"Un atelier partagé pour bricoler",
                    "text": {"time":"200", "content":"La réparation et la réutilisation participent à l’allongement de la durée de vie des produits de grande consommation et permettent de détourner une partie du flux de déchets ou d’encombrants qui doivent être collectés par la municipalité. 87&nbsp405 tonnes de déchets occasionnels et encombrants ont été collectés en 2013 à Paris sur la voie publique ou en centre de valorisation et d’apport des encombrants, ce qui représente 38,4 kg par habitant."},
                    "flows": [{"vl":["1100", "400"], "hl":["1000","500", "2000","3000"], "year":"o9", "anim":false, "fp":true, "scaling":true, "time":0}],
                    "territories":[{"target":"t2", "action":"appear", "parms":{"time":100}, "time":0},
                                    {"target":"t3", "action":"disappear", "parms":{"time":100}, "time":0}]
                },
                {
                    "subtitle":"Un atelier partagé pour bricoler",
                    "text": {"time":"200", "content":"L'Établisienne est à la fois un dépôt-vente, un atelier et une boutique en self-service où il est possible de louer un établis, de prendre des cours ou suivre des stages, d’utiliser des outils mutualisés et d’acheter de la visserie ou de la quincaillerie à la pièce et de la peinture à la dose. Ce lieu du « do it yourself » est idéal pour progresser dans le bricolage, offrir une seconde vie aux vieux meubles, objets et autres matériaux et limiter le gaspillage dans la mesure de ses besoins. Ce sont ainsi, par exemple, une centaine de sièges par an qui trouvent une seconde vie.<br><br><em>Porteur de projet : <a href = \"http://www.letablisienne.com/\" target = \"_blank\">L'Établisienne</a></em>"},
                    "flows": [{"vl":["1000","500", "2000","3000"], "hl":["1100", "400"], "year":"o9", "anim":false, "fp":true, "scaling":true, "time":0}],
                    "territories":[{"target":"t3", "action":"appear", "parms":{"time":100}, "time":0}]
                }],       
            "b_steps" :
                [{
                    "subtitle":"Un atelier partagé pour bricoler",
                    "text": {"time":"200", "content":"L'Établisienne est à la fois un dépôt-vente, un atelier et une boutique en self-service où il est possible de louer un établis, de prendre des cours ou suivre des stages, d’utiliser des outils mutualisés et d’acheter de la visserie ou de la quincaillerie à la pièce et de la peinture à la dose. Ce lieu du « do it yourself » est idéal pour progresser dans le bricolage, offrir une seconde vie aux vieux meubles, objets et autres matériaux et limiter le gaspillage dans la mesure de ses besoins. Ce sont ainsi, par exemple, une centaine de sièges par an qui trouvent une seconde vie.<br><br><em>Porteur de projet : <a href = \"http://www.letablisienne.com/\" target = \"_blank\">L'Établisienne</a></em>"},
                    "flows": [{"vl":["1000","500", "2000","3000"], "hl":["1100","400"], "year":"o9", "anim":false, "fp":true, "scaling":true, "time":0}],
                    "territories":[{"target":"t3", "action":"appear", "parms":{"time":100}, "time":0}]
                },
                {
                    "subtitle":"Un atelier partagé pour bricoler",
                    "text": {"time":"200", "content":"La réparation et la réutilisation participent à l’allongement de la durée de vie des produits de grande consommation et permettent de détourner une partie du flux de déchets ou d’encombrants qui doivent être collectés par la municipalité. 87&nbsp405 tonnes de déchets occasionnels et encombrants ont été collectés en 2013 à Paris sur la voie publique ou en centre de valorisation et d’apport des encombrants, ce qui représente 38,4 kg par habitant."},
                    "flows": [{"vl":["1100", "400"], "hl":["1000","500", "2000","3000"], "year":"o9", "anim":false, "fp":true, "scaling":true, "time":0}],
                    "territories":[{"target":"t2", "action":"appear", "parms":{"time":100}, "time":0},
                                    {"target":"t3", "action":"disappear", "parms":{"time":100}, "time":0}]
                }]
        }],
        "energy":[],
        "water":[]
    }
         }
  