{
	"ui_elements":{},
	"scale":"w/2000",
	"items": [{
                        "id":"t0",
                        "name":"t0",
                        "fax":"",
                        "fay":"",
                        "iw":"1",
                        "ih":"1",
                        "x":"-10",
                        "y":"0.3*h",
                        "scale":"1"
                    },
                    {
                        "id":"t1",
                        "name":"t1",
                        "fax":"",
                        "fay":"",
                        "iw":"1",
                        "ih":"1",
                        "x":"w+10",
                        "y":"0.4*h",
                        "scale":"1"
                    },
					{
                        "id":"t2",
						"name":"t2",
                        "label":"Restaurants<br>collectifs",
						"geom":"data/graphics/geom_restaurant collectif.json",
                        "fax":"0",
                        "fay":"0.25",
                        "iw":"1",
                        "ih":"1",
						"x":"0.35*w",
						"y":"0.37*h",
						"scale":"0.15",
                        "force_w_scale":true,
                        "z":2
					},
                    {
                        "id":"t3",
                        "name":"t3",
                        "label":"Hôtels",
                        "geom":"data/graphics/geom_hotel.json",
                        "fax":"0",
                        "fay":"0.35",
                        "iw":"1",
                        "ih":"0.6",
                        "x":"0.15*w",
                        "y":"0.15*h",
                        "scale":"0.15",
                        "force_w_scale":true,
                        "z":0
                    },
                    {
                        "id":"t4",
                        "name":"t4",
                        "label":"Restaurants",
                        "geom":"data/graphics/geom_restaurant.json",
                        "fax":"0",
                        "fay":"0.25",
                        "iw":"1",
                        "ih":"1",
                        "x":"0.24*w",
                        "y":"0.275*h",
                        "scale":"0.15",
                        "force_w_scale":true,
                        "z":1
                    },
                    {
                        "id":"t5",
                        "name":"t5",
                        "label":"Silo de stockage",
                        "geom":"data/graphics/geom_compost_silo.json",
                        "fax":"0",
                        "fay":"0.15",
                        "iw":"0.85",
                        "ih":"0.6",
                        "x":"0.55*w",
                        "y":"0.32*h",
                        "scale":"0.14",
                        "force_w_scale":true,
                        "solution":true
                    },
                    {
                        "id":"t6",
                        "name":"t6",
                        "label":"Centre de méthanisation",
                        "geom":"data/graphics/geom_usinemethanisation.json",
                        "fax":"0",
                        "fay":"0.15",
                        "iw":"1",
                        "ih":"0.6",
                        "x":"0.78*w",
                        "y":"0.33*h",
                        "scale":"0.14",
                        "force_w_scale":true,
                        "z":0
                    },
                    {
                        "id":"t7",
                        "name":"t7",
                        "label":"Plateforme de<br>compostage",
                        "geom":"data/graphics/geom_retourneur-andain.json",
                        "fax":"0",
                        "fay":"0.15",
                        "iw":"1",
                        "ih":"0.6",
                        "x":"0.78*w",
                        "y":"0.45*h",
                        "scale":"0.14",
                        "force_w_scale":true,
                        "z":1
                    }],
	"flows": 		[{
                            "id":"2000",
                            "index":"0",
                            "name":"Biodéchets",
                            "type":"input",
                            "from":"t3",
                            "to":"t5",
                            "volume_o4":"33",
                            "volume_o9":"33",
                            "trend":"-1",
                            "unit":"t / an",
                            "color":"#939393",
                            "color2":"#b7b1ba",
                            "level":"0",
                            "parent":"",
                            "children":"",
                            "siblings":"",
                            "virtual":true
                        },
                        {
                            "id":"2050",
                            "index":"0",
                            "name":"Biodéchets",
                            "type":"input",
                            "from":"t3",
                            "to":"t1",
                            "volume_o4":"33",
                            "volume_o9":"33",
                            "trend":"-1",
                            "unit":"t / an",
                            "color":"#939393",
                            "color2":"#b7b1ba",
                            "level":"0",
                            "parent":"",
                            "children":"",
                            "siblings":"",
                            "virtual":true
                        },
                        {
                            "id":"2100",
                            "index":"0",
                            "name":"Biodéchets",
                            "type":"input",
                            "from":"t4",
                            "to":"t5",
                            "volume_o4":"33",
                            "volume_o9":"33",
                            "trend":"-1",
                            "unit":"t / an",
                            "color":"#939393",
                            "color2":"#b7b1ba",
                            "level":"0",
                            "parent":"",
                            "children":"",
                            "siblings":"",
                            "virtual":true
                        },
                        {
                            "id":"2150",
                            "index":"0",
                            "name":"Biodéchets",
                            "type":"input",
                            "from":"t4",
                            "to":"t1",
                            "volume_o4":"33",
                            "volume_o9":"33",
                            "trend":"-1",
                            "unit":"t / an",
                            "color":"#939393",
                            "color2":"#b7b1ba",
                            "level":"0",
                            "parent":"",
                            "children":"",
                            "siblings":"",
                            "virtual":true
                        },
                        {
                            "id":"3000",
                            "index":"0",
                            "name":"Biodéchets",
                            "type":"input",
                            "from":"t2",
                            "to":"t1",
                            "volume_o4":"33",
                            "volume_o9":"33",
                            "trend":"-1",
                            "unit":"t / an",
                            "color":"#939393",
                            "color2":"#b7b1ba",
                            "level":"0",
                            "parent":"",
                            "children":"",
                            "siblings":"",
                            "virtual":true
                        },
                        {
                            "id":"3050",
                            "index":"0",
                            "name":"Biodéchets",
                            "type":"input",
                            "from":"t2",
                            "to":"t5",
                            "volume_o4":"33",
                            "volume_o9":"33",
                            "trend":"-1",
                            "unit":"t / an",
                            "color":"#939393",
                            "color2":"#b7b1ba",
                            "level":"0",
                            "parent":"",
                            "children":"",
                            "siblings":"",
                            "virtual":true
                        },
                        {
                            "id":"700",
                            "index":"0",
                            "name":"Biodéchets",
                            "type":"input",
                            "from":"t5",
                            "to":"t6",
                            "volume_o4":"20",
                            "volume_o9":"40",
                            "trend":"-1",
                            "unit":"t / an",
                            "color":"#939393",
                            "color2":"#b7b1ba",
                            "level":"0",
                            "parent":"",
                            "children":"",
                            "siblings":"",
                            "virtual":true
                        },
                        {
                            "id":"800",
                            "index":"0",
                            "name":"Biodéchets",
                            "type":"input",
                            "from":"t5",
                            "to":"t7",
                            "volume_o4":"20",
                            "volume_o9":"40",
                            "trend":"-1",
                            "unit":"t / an",
                            "color":"#939393",
                            "color2":"#b7b1ba",
                            "level":"0",
                            "parent":"",
                            "children":"",
                            "siblings":"",
                            "virtual":true
                        },
                        {
                            "id":"100",
                            "index":"0",
                            "name":"Produits<br>alimentaires",
                            "type":"input",
                            "from":"t0",
                            "to":"t3",
                            "volume_o4":"20",
                            "volume_o9":"80",
                            "trend":"-1",
                            "unit":"t / an",
                            "color":"#8C2929",
                            "color2":"#b7b1ba",
                            "level":"0",
                            "parent":"",
                            "children":"",
                            "siblings":"",
                            "virtual":true
                        },
                        {
                            "id":"300",
                            "index":"0",
                            "name":"Produits<br>alimentaires",
                            "type":"input",
                            "from":"t0",
                            "to":"t2",
                            "volume_o4":"20",
                            "volume_o9":"80",
                            "trend":"-1",
                            "unit":"t / an",
                            "color":"#8C2929",
                            "color2":"#b7b1ba",
                            "level":"0",
                            "parent":"",
                            "children":"",
                            "siblings":"",
                            "virtual":true
                        },
                        {
                            "id":"200",
                            "index":"0",
                            "name":"Produits<br>alimentaires",
                            "type":"input",
                            "from":"t0",
                            "to":"t4",
                            "volume_o4":"20",
                            "volume_o9":"80",
                            "trend":"-1",
                            "unit":"t / an",
                            "color":"#8C2929",
                            "level":"0",
                            "parent":"",
                            "children":"",
                            "siblings":"",
                            "virtual":true
                        },
                        {
                            "id":"10000",
                            "index":"0",
                            "name":"Biogaz",
                            "type":"input",
                            "from":"t6",
                            "to":"t1",
                            "volume_o4":"20",
                            "volume_o9":"40",
                            "trend":"-1",
                            "unit":"t / an",
                            "color":"#FF8F2E",
                            "level":"0",
                            "parent":"",
                            "children":"",
                            "siblings":"",
                            "virtual":true
                        },
                        {
                            "id":"11000",
                            "index":"0",
                            "name":"Compost",
                            "type":"input",
                            "from":"t7",
                            "to":"t1",
                            "volume_o4":"20",
                            "volume_o9":"40",
                            "trend":"-1",
                            "unit":"t / an",
                            "color":"#8F631A",
                            "level":"0",
                            "parent":"",
                            "children":"",
                            "siblings":"",
                            "virtual":true
                        }],

    "stories": {
        "matter":[{
            "title":"",
            "subtitle":"",
            "display_dot":false,       
            "steps" :
                [{
                    "subtitle":"Collecte des biodéchets de la restauration",
                    "text": {"time":"200", "content":"Moulinot Compost & Biogaz propose la collecte et la valorisation des déchets organiques aux restaurateurs, hôteliers, cantines des écoles et marchés alimentaires. Des sacs transparents facilitent le tri en cuisine et limitent le gaspillage alimentaire. La collecte des bacs à fond sphérique est assurée par de petits camions adaptés à la circulation urbaine et fonctionnant au gaz naturel. Les biodéchets sont ensuite déversés dans des bennes de transfert qui sont acheminées par gros porteur (fonctionnant également au gaz) vers une plateforme de compostage ou une usine de méthanisation. <strong>4&nbsp000 tonnes de biodéchets ont été collectés de janvier 2014 à decembre 2016 pour produire 250&nbsp000 m3 de biogaz.</strong><br><br><em>Porteur de projet : <a href = \"http://www.moulinot.fr/moulinot/\" target = \"_blank\">Moulinot</a></em>"},
                    "flows": [{"vl":["100","200","300","2000","2100","3050","10000","700", "11000", "800"], "hl":[], "year":"o9", "anim":false, "fp":true, "scaling":true, "time":0}],
                    "territories":[{"target":"t2", "action":"appear", "parms":{"time":100}, "time":0},
                                    {"target":"t3", "action":"appear", "parms":{"time":100}, "time":0},
                                    {"target":"t4", "action":"appear", "parms":{"time":100}, "time":0},
                                     {"target":"t5", "action":"appear", "parms":{"time":100}, "time":0},
                                     {"target":"t6", "action":"appear", "parms":{"time":100}, "time":0},
                                     {"target":"t7", "action":"appear", "parms":{"time":100}, "time":0}],
                    "ui":{"show":[], "hide":[]},
                    "functions":""
                },
                {
                    "subtitle":"Collecte des biodéchets de la restauration",
                    "text": {"time":"200", "content":"La restauration collective et commerciale produirait 900&nbsp000 tonnes de déchets alimentaires par an*. Depuis la Directive biodéchets du 1er janvier 2012, les producteurs de biodéchets, en fonction du tonnage produit, ont l’obligation de les valoriser. En 2016, 95% des restaurateurs seront concernés par cette obligation (production supérieure à 10 tonnes par an).<br><br><span style = \"font-size:12px\">*ADEME</span>"},
                    "flows": [{"vl":["100","200","300","2050","2150","3000"], "hl":["2000","2100","3050","700","10000", "11000", "800"], "year":"o9", "anim":false, "fp":true, "scaling":false, "time":0}],
                    "territories":[{"target":"t5", "action":"disappear", "parms":{"time":300}, "time":0},
                                    {"target":"t6", "action":"disappear", "parms":{"time":300}, "time":0},
                                    {"target":"t7", "action":"disappear", "parms":{"time":300}, "time":0}],
                    "ui":{"show":[], "hide":[]},
                    "functions":""
                },
                {
                    "subtitle":"Collecte des biodéchets de la restauration",
                    "text": {"time":"200", "content":"Moulinot Compost & Biogaz propose la collecte et la valorisation des déchets organiques aux restaurateurs, hôteliers, cantines des écoles et marchés alimentaires. Des sacs transparents facilitent le tri en cuisine et limitent le gaspillage alimentaire. La collecte des bacs à fond sphérique est assurée par de petits camions adaptés à la circulation urbaine et fonctionnant au gaz naturel. Les biodéchets sont ensuite déversés dans des bennes de transfert qui sont acheminées par gros porteur (fonctionnant également au gaz) vers une plateforme de compostage ou une usine de méthanisation. <strong>4&nbsp000 tonnes de biodéchets ont été collectés de janvier 2014 à decembre 2016 pour produire 250&nbsp000 m3 de biogaz.</strong><br><br><em>Porteur de projet : <a href = \"http://www.moulinot.fr/moulinot/\" target = \"_blank\">Moulinot</a></em>"},
                    "flows": [{"vl":["100","200","300","2000","2100","3050","10000","700", "11000", "800"], "hl":["2050","2150","3000"], "year":"o9", "anim":false, "fp":true, "scaling":true, "time":0}],
                    "territories":[{"target":"t5", "action":"appear", "parms":{"time":300}, "time":0},
                                    {"target":"t6", "action":"appear", "parms":{"time":300}, "time":0},
                                    {"target":"t7", "action":"appear", "parms":{"time":300}, "time":0}],
                    "ui":{"show":[], "hide":[]},
                    "functions":""
                }],       
            "b_steps" :
                [{
                    "subtitle":"Collecte des biodéchets de la restauration",
                    "text": {"time":"200", "content":"Moulinot Compost & Biogaz propose la collecte et la valorisation des déchets organiques aux restaurateurs, hôteliers, cantines des écoles et marchés alimentaires. Des sacs transparents facilitent le tri en cuisine et limitent le gaspillage alimentaire. La collecte des bacs à fond sphérique est assurée par de petits camions adaptés à la circulation urbaine et fonctionnant au gaz naturel. Les biodéchets sont ensuite déversés dans des bennes de transfert qui sont acheminées par gros porteur (fonctionnant également au gaz) vers une plateforme de compostage ou une usine de méthanisation. <strong>4&nbsp000 tonnes de biodéchets ont été collectés de janvier 2014 à decembre 2016 pour produire 250&nbsp000 m3 de biogaz.</strong><br><br><em>Porteur de projet : <a href = \"http://www.moulinot.fr/moulinot/\" target = \"_blank\">Moulinot</a></em>"},
                    "flows": [{"vl":["100","200","300","2000","2100","3050","10000","700", "11000", "800"], "hl":["2050","2150","3000"], "year":"o9", "anim":false, "fp":true, "scaling":true, "time":0}],
                    "territories":[{"target":"t5", "action":"appear", "parms":{"time":300}, "time":0},
                                    {"target":"t6", "action":"appear", "parms":{"time":300}, "time":0},
                                    {"target":"t7", "action":"appear", "parms":{"time":300}, "time":0}],
                    "ui":{"show":[], "hide":[]},
                    "functions":""
                },
                {
                    "subtitle":"Collecte des biodéchets de la restauration",
                    "text": {"time":"200", "content":"La restauration collective et commerciale produirait 900&nbsp000 tonnes de déchets alimentaires par an*. Depuis la Directive biodéchets du 1er janvier 2012, les producteurs de biodéchets, en fonction du tonnage produit, ont l’obligation de les valoriser. En 2016, 95% des restaurateurs seront concernés par cette obligation (production supérieure à 10 tonnes par an).<br><br><span style = \"font-size:12px\">*ADEME</span>"},
                    "flows": [{"vl":["100","200","300","2050","2150","3000"], "hl":["2000","2100","3050","700","10000", "11000", "800"], "year":"o9", "anim":false, "fp":true, "scaling":false, "time":0}],
                    "territories":[{"target":"t5", "action":"disappear", "parms":{"time":300}, "time":0},
                                    {"target":"t6", "action":"disappear", "parms":{"time":300}, "time":0},
                                    {"target":"t7", "action":"disappear", "parms":{"time":300}, "time":0}],
                    "ui":{"show":[], "hide":[]},
                    "functions":""
                }]
        }],
        "energy":[],
        "water":[]
    }
         }
  