{
	"ui_elements":{},
	"scale":"w/2000",
	"items": [{
                        "id":"t0",
                        "name":"t0",
                        "fax":"",
                        "fay":"",
                        "iw":"1",
                        "ih":"1",
                        "x":"-10",
                        "y":"0.35*h",
                        "scale":"1"
                    },
                    {
                        "id":"t1",
                        "name":"t1",
                        "fax":"",
                        "fay":"",
                        "iw":"1",
                        "ih":"1",
                        "x":"w+10",
                        "y":"0.35*h",
                        "scale":"1"
                    },
					{
                        "id":"t2",
						"name":"t2",
                        "label":"Livraison par bateau",
						"geom":"data/graphics/geom_livraison_bateau_sans_camions.json",
                        "fax":"0",
                        "fay":"0.15",
                        "iw":"1",
                        "ih":"0.33",
						"x":"0.3*w",
						"y":"0.3*h",
						"scale":"0.18",
                        "force_w_scale":true,
                        "solution":true
					},
                    {
                        "id":"t3",
                        "name":"t3",
                        "label":"Paris Plages",
                        "geom":"data/graphics/geom_parisplage.json",
                        "fax":"0",
                        "fay":"0.15",
                        "iw":"1",
                        "ih":"0.33",
                        "x":"0.7*w",
                        "y":"0.3*h",
                        "scale":"0.18",
                        "force_w_scale":true
                    },
                    {
                        "id":"t4",
                        "name":"t4",
                        "label":"Livraison par camion",
                        "geom":"data/graphics/geom_livraison_camion.json",
                        "fax":"0",
                        "fay":"0.15",
                        "iw":"1",
                        "ih":"0.33",
                        "x":"0.3*w",
                        "y":"0.3*h",
                        "scale":"0.18",
                        "force_w_scale":true
                    }],

	"flows": 		[{
                            "id":"1400",
                            "index":"0",
                            "name":"Achats de matériaux",
                            "type":"input",
                            "from":"t0",
                            "to":"t2",
                            "volume_o4":"15",
                            "volume_o9":"20",
                            "unit":"t / an",
                            "color":"#F75454",
                            "virtual":true
                        },
                        {
                            "id":"1350",
                            "index":"0",
                            "name":"Déchets",
                            "type":"input",
                            "from":"t3",
                            "to":"t1",
                            "volume_o4":"15",
                            "volume_o9":"20",
                            "unit":"t / an",
                            "color":"#A8A8A8",
                            "virtual":true
                        },
                        {
                            "id":"1300",
                            "index":"0",
                            "name":"Sable et mobilier",
                            "type":"input",
                            "from":"t2",
                            "to":"t3",
                            "volume_o4":"15",
                            "volume_o9":"20",
                            "trend":"-1",
                            "unit":"t / an",
                            "color":"#F75454",
                            "color2":"#b7b1ba",
                            "level":"0",
                            "parent":"",
                            "children":"",
                            "siblings":"",
                            "virtual":true
                        },
                        {
                            "id":"1200",
                            "index":"0",
                            "name":"Sable et mobilié réemployé",
                            "type":"input",
                            "from":"t3",
                            "to":"t2",
                            "volume_o4":"15",
                            "volume_o9":"20",
                            "trend":"-1",
                            "unit":"t / an",
                            "color":"#708F4D",
                            "color2":"#b7b1ba",
                            "level":"0",
                            "parent":"",
                            "children":"",
                            "siblings":"",
                            "virtual":true
                        }],

    "stories": {
        "matter":[{
            "title":"",
            "subtitle":"",
            "display_dot":false,       
            "steps" :
                [{
                    "subtitle":"Réemplois à Paris Plages",
                    "text": {"time":"200", "content":"Depuis sa création, la Ville de Paris ne cesse d’améliorer l’impact environnemental de Paris Plages en systématisant notamment la réutilisation des éléments naturels utilisés pour les éditions suivantes : platelages, cabines, claustras, bancs, radeaux pique-nique... Les arbres et les palmiers proviennent des pépinières de la Ville où ils sont entretenus et stockés. Le transport des palmiers par barge est à l’étude pour l’édition 2015. <b>Les 5 000 tonnes de sable sont transportées de Normandie par convoi fluvial qui remplace 250 camions et émet trois fois moins de CO2.</b> Pour que ce sable puisse être réutilisé, il a été mis au point un système de désinfection à la vapeur d’eau qui permet de tuer les bactéries sans altérer sa qualité. Enfin le mobilier est stocké dans des containers qui sont également transportés par la Seine vers leur lieu d’hivernage.<br><br><em>Porteur de projet : <a href = \"http://paris.fr/\" target = \"_blank\">Direction de l’Information et de la Communication  – Mairie de Paris</a></em>"},
                    "flows": [{"vl":["1300", "1200"], "hl":[], "year":"o9", "anim":false, "fp":true, "scaling":true, "time":0}],
                    "territories":[{"target":"t2", "action":"appear", "parms":{"time":100}, "time":0},
                                    {"target":"t3", "action":"appear", "parms":{"time":100}, "time":0}],
                    "ui":{"show":[], "hide":[]},
                    "functions":""
                },
                {
                    "subtitle":"Réemplois à Paris Plages",
                    "text": {"time":"200", "content":"Paris Plages est un événement estival qui existe depuis 2002 et qui nécessite de nombreux matériaux pour sa mise en place. Ce sont 800 mètres de plages qui sont aménagés avec 900 pièces de mobilier, une cinquantaine d’arbres, plus de 40 palmiers et 5 000 tonnes de sable.<br><br>Le sable est une ressource naturelle, non renouvelable, la plus exploitée après l’air et l'eau. Réutiliser le sable de Paris Plages tout comme recycler les matériaux du BTP fabriqués à partir du sable est donc fondamental pour préserver cette ressource."},
                    "flows": [{"vl":["1350", "1400"], "hl":["1200"], "year":"o9", "anim":false, "fp":true, "scaling":true, "time":0}],
                    "territories":[{"target":"t2", "action":"disappear", "parms":{"time":300}, "time":0},
                                    {"target":"t4", "action":"appear", "parms":{"time":300}, "time":0}],
                    "ui":{"show":[], "hide":[]},
                    "functions":""
                },
                {
                    "subtitle":"Réemplois à Paris Plages",
                    "text": {"time":"200", "content":"Depuis sa création, la Ville de Paris ne cesse d’améliorer l’impact environnemental de Paris Plages en systématisant notamment la réutilisation des éléments naturels utilisés pour les éditions suivantes : platelages, cabines, claustras, bancs, radeaux pique-nique... Les arbres et les palmiers proviennent des pépinières de la Ville où ils sont entretenus et stockés. Le transport des palmiers par barge est à l’étude pour l’édition 2015. <b>Les 5 000 tonnes de sable sont transportées de Normandie par convoi fluvial qui remplace 250 camions et émet trois fois moins de CO2.</b> Pour que ce sable puisse être réutilisé, il a été mis au point un système de désinfection à la vapeur d’eau qui permet de tuer les bactéries sans altérer sa qualité. Enfin le mobilier est stocké dans des containers qui sont également transportés par la Seine vers leur lieu d’hivernage.<br><br><em>Porteur de projet : <a href = \"http://paris.fr/\" target = \"_blank\">: Direction de l’Information et de la Communication  – Mairie de Paris</a></em>"},
                    "flows": [{"vl":["1300", "1200"], "hl":["1350", "1400"], "year":"o9", "anim":false, "fp":true, "scaling":true, "time":0}],
                    "territories":[{"target":"t2", "action":"appear", "parms":{"time":300}, "time":0},
                                    {"target":"t4", "action":"disappear", "parms":{"time":300}, "time":0}],
                    "ui":{"show":[], "hide":[]},
                    "functions":""
                }],       
            "b_steps" :
                [{
                    "subtitle":"Réemplois à Paris Plages",
                    "text": {"time":"200", "content":"Depuis sa création, la Ville de Paris ne cesse d’améliorer l’impact environnemental de Paris Plages en systématisant notamment la réutilisation des éléments naturels utilisés pour les éditions suivantes : platelages, cabines, claustras, bancs, radeaux pique-nique... Les arbres et les palmiers proviennent des pépinières de la Ville où ils sont entretenus et stockés. Le transport des palmiers par barge est à l’étude pour l’édition 2015. <b>Les 5 000 tonnes de sable sont transportées de Normandie par convoi fluvial qui remplace 250 camions et émet trois fois moins de CO2.</b> Pour que ce sable puisse être réutilisé, il a été mis au point un système de désinfection à la vapeur d’eau qui permet de tuer les bactéries sans altérer sa qualité. Enfin le mobilier est stocké dans des containers qui sont également transportés par la Seine vers leur lieu d’hivernage.<br><br><em>Porteur de projet : <a href = \"http://paris.fr/\" target = \"_blank\">Direction de l’Information et de la Communication  – Mairie de Paris</a></em>"},
                    "flows": [{"vl":["1300", "1200"], "hl":["1350", "1400"], "year":"o9", "anim":false, "fp":true, "scaling":true, "time":0}],
                    "territories":[{"target":"t2", "action":"appear", "parms":{"time":300}, "time":0},
                                    {"target":"t4", "action":"disappear", "parms":{"time":300}, "time":0}],
                    "ui":{"show":[], "hide":[]},
                    "functions":""
                },
                {
                    "subtitle":"Réemplois à Paris Plages",
                    "text": {"time":"200", "content":"Paris Plages est un événement estival qui existe depuis 2002 et qui nécessite de nombreux matériaux pour sa mise en place. Ce sont 800 mètres de plages qui sont aménagés avec 900 pièces de mobilier, une cinquantaine d’arbres, plus de 40 palmiers et 5 000 tonnes de sable.<br><br>Le sable est une ressource naturelle, non renouvelable, la plus exploitée après l’air et l'eau. Réutiliser le sable de Paris Plages tout comme recycler les matériaux du BTP fabriqués à partir du sable est donc fondamental pour préserver cette ressource."},
                    "flows": [{"vl":["1350", "1400"], "hl":["1200"], "year":"o9", "anim":false, "fp":true, "scaling":true, "time":0}],
                    "territories":[{"target":"t2", "action":"disappear", "parms":{"time":300}, "time":0},
                                    {"target":"t4", "action":"appear", "parms":{"time":300}, "time":0}],
                    "ui":{"show":[], "hide":[]},
                    "functions":""
                }]
        }],
        "energy":[],
        "water":[]
    }
         }
  