{
	"items": [{
                        "id":"t0",
                        "name":"t0",
                        "x":"-10",
                        "y":"0.5*h"
                    },
                    {
                        "id":"t1",
                        "name":"t1",
                        "x":"w+10",
                        "y":"0.5*h"
                    },
					{
                        "id":"t2",
						"name":"t2",
						"geom":"data/graphics/geom_paris.json",
                        "f_anchor_x":"0",
                        "f_anchor_y":"0",
                        "iw":"1",
                        "ih":"0.8",
						"x":"0.5*w",
						"y":"0.425*h",
						"scale":"0.5"
					}],
	"flows": 		[
  {
    "id":"1000",
    "index":"0",
    "name":"Entrées",
    "nature":"matter",
    "type":"input",
    "from":"t0",
    "to":"t2",
    "volume_o4":"19 156",
    "volume_o9":"19 156",
    "trend":"1",
    "unit":"kt/an",
    "color":"#000000",
    "level":"0",
    "parent":"",
    "children":"1100;1200",
    "siblings":"",
    "root":"false",
    "leaf":"false"
  },
  {
    "id":"1100",
    "index":"1",
    "name":"Importations",
    "nature":"matter",
    "type":"input",
    "from":"t0",
    "to":"t2",
    "volume_o4":"19 156",
    "volume_o9":"29 156",
    "trend":"-2",
    "unit":"kt/an",
    "color":"#96582D",
    "level":"1",
    "parent":"",
    "children":"1110;1120",
    "siblings":"1200",
    "root":"true",
    "leaf":"false"
  },
  {
    "id":"1110",
    "index":"2",
    "name":"Combustibles fossiles",
    "nature":"matter",
    "type":"input",
    "from":"t0",
    "to":"t2",
    "volume_o4":"3 914",
    "volume_o9":"3 914",
    "trend":"1",
    "unit":"kt/an",
    "color":"#E2A40A",
    "level":"2",
    "parent":"1100",
    "children":"",
    "siblings":"1120",
    "root":"false",
    "leaf":"true"
  },
  {
    "id":"1111",
    "index":"3",
    "name":"Produits pétroliers",
    "nature":"matter",
    "type":"input",
    "from":"t0",
    "to":"t2",
    "volume_o4":"NA",
    "volume_o9":"NA",
    "trend":"1",
    "unit":"kt/an",
    "color":"#33250A",
    "level":"3",
    "parent":"1110",
    "children":"",
    "siblings":"1112;1113",
    "root":"false",
    "leaf":"false"
  },
  {
    "id":"1112",
    "index":"4",
    "name":"Gaz",
    "nature":"matter",
    "type":"input",
    "from":"t0",
    "to":"t2",
    "volume_o4":"NA",
    "volume_o9":"NA",
    "trend":"1",
    "unit":"kt/an",
    "color":"#B2A9A3",
    "level":"3",
    "parent":"1110",
    "children":"",
    "siblings":"1111;1113",
    "root":"false",
    "leaf":"false"
  },
  {
    "id":"1113",
    "index":"5",
    "name":"Charbon",
    "nature":"matter",
    "type":"input",
    "from":"t0",
    "to":"t2",
    "volume_o4":"NA",
    "volume_o9":"NA",
    "trend":"-1",
    "unit":"kt/an",
    "color":"#59341B",
    "level":"3",
    "parent":"1110",
    "children":"",
    "siblings":"1111;1112",
    "root":"false",
    "leaf":"false"
  },
  {
    "id":"1120",
    "index":"6",
    "name":"Imports marchandises",
    "nature":"matter",
    "type":"input",
    "from":"t0",
    "to":"t2",
    "volume_o4":"15 242",
    "volume_o9":"15 242",
    "trend":"-1",
    "unit":"kt/an",
    "color":"#F75454",
    "level":"2",
    "parent":"1100",
    "children":"1121;1122;1123;1124;1125;1126",
    "siblings":"1110",
    "root":"false",
    "leaf":"false"
  },
  {
    "id":"1121",
    "index":"7",
    "name":"Produits agricoles<br>et alimentaires",
    "nature":"matter",
    "type":"input",
    "from":"t0",
    "to":"t2",
    "volume_o4":"4 335",
    "volume_o9":"4 335",
    "trend":"1",
    "unit":"kt/an",
    "color":"#8C2929",
    "level":"3",
    "parent":"1120",
    "children":"",
    "siblings":"1122;1123;1124;1125;1126",
    "root":"false",
    "leaf":"true"
  },
  {
    "id":"1122",
    "index":"8",
    "name":"Minerais et produits<br>métallurgiques",
    "nature":"matter",
    "type":"input",
    "from":"t0",
    "to":"t2",
    "volume_o4":"189",
    "volume_o9":"189",
    "trend":"-1",
    "unit":"kt/an",
    "color":"#B4AABA",
    "level":"3",
    "parent":"1120",
    "children":"",
    "siblings":"1121;1123;1124;1125;1126",
    "root":"false",
    "leaf":"true"
  },
  {
    "id":"1123",
    "index":"9",
    "name":"Matériaux de<br>construction",
    "nature":"matter",
    "type":"input",
    "from":"t0",
    "to":"t2",
    "volume_o4":"4 171",
    "volume_o9":"4 171",
    "trend":"1",
    "unit":"kt/an",
    "color":"#6B5D70",
    "level":"3",
    "parent":"1120",
    "children":"",
    "siblings":"1121;1122;1124;1125;1126",
    "root":"false",
    "leaf":"true"
  },
  {
    "id":"1124",
    "index":"10",
    "name":"Engrais et produits<br>chimiques",
    "nature":"matter",
    "type":"input",
    "from":"t0",
    "to":"t2",
    "volume_o4":"572",
    "volume_o9":"572",
    "trend":"1",
    "unit":"kt/an",
    "color":"#791C7F",
    "level":"3",
    "parent":"1120",
    "children":"",
    "siblings":"1121;1122;1123;1125;1126",
    "root":"false",
    "leaf":"true"
  },
  {
    "id":"1125",
    "index":"11",
    "name":"Produits manufacturés",
    "nature":"matter",
    "type":"input",
    "from":"t0",
    "to":"t2",
    "volume_o4":"4 845",
    "volume_o9":"4 845",
    "trend":"1",
    "unit":"kt/an",
    "color":"#8965AA",
    "level":"3",
    "parent":"1120",
    "children":"",
    "siblings":"1121;1122;1123;1124;1126",
    "root":"false",
    "leaf":"true"
  },
  {
    "id":"1126",
    "index":"11",
    "name":"Divers",
    "nature":"matter",
    "type":"input",
    "from":"t0",
    "to":"t2",
    "volume_o4":"1130",
    "volume_o9":"1130",
    "trend":"1",
    "unit":"kt/an",
    "color":"#ccc",
    "level":"3",
    "parent":"1120",
    "children":"",
    "siblings":"1121;1122;1123;1124;1125",
    "root":"false",
    "leaf":"true"
  },
  {
    "id":"1200",
    "index":"13",
    "name":"Extractions locales",
    "nature":"matter",
    "type":"extraction",
    "from":"t2",
    "to":"t2",
    "volume_o4":"0",
    "volume_o9":"0",
    "trend":"1",
    "unit":"kt/an",
    "color":"#DBE00B",
    "level":"1",
    "parent":"",
    "children":"1210;1220;1230",
    "siblings":"1100",
    "root":"true",
    "leaf":"false"
  },
  {
    "id":"1210",
    "index":"14",
    "name":"Biomasse",
    "nature":"matter",
    "type":"extraction",
    "from":"t2",
    "to":"t2",
    "volume_o4":"0",
    "volume_o9":"0",
    "trend":"-1",
    "unit":"kt/an",
    "color":"#61CC1B",
    "level":"2",
    "parent":"1200",
    "children":"1211;1212",
    "siblings":"1220;1230",
    "root":"false",
    "leaf":"false"
  },
  {
    "id":"1211",
    "index":"15",
    "name":"Biomasse agricole<br>et gibier",
    "nature":"matter",
    "type":"extraction",
    "from":"t2",
    "to":"t2",
    "volume_o4":"NA",
    "volume_o9":"NA",
    "trend":"-1",
    "unit":"kt/an",
    "color":"#88963D",
    "level":"3",
    "parent":"1210",
    "children":"",
    "siblings":"1212",
    "root":"false",
    "leaf":"false"
  },
  {
    "id":"1212",
    "index":"16",
    "name":"Biomasse forestière",
    "nature":"matter",
    "type":"extraction",
    "from":"t2",
    "to":"t2",
    "volume_o4":"0",
    "volume_o9":"0",
    "trend":"1",
    "unit":"kt/an",
    "color":"#3B7726",
    "level":"3",
    "parent":"1211",
    "children":"",
    "siblings":"1211",
    "root":"false",
    "leaf":"false"
  },
  {
    "id":"1220",
    "index":"17",
    "name":"Minéraux",
    "nature":"matter",
    "type":"extraction",
    "from":"t2",
    "to":"t2",
    "volume_o4":"0",
    "volume_o9":"0",
    "trend":"1",
    "unit":"kt/an",
    "color":"#77C6C2",
    "level":"2",
    "parent":"1200",
    "children":"",
    "siblings":"1210;1230",
    "root":"false",
    "leaf":"false"
  },
  {
    "id":"1230",
    "index":"18",
    "name":"Produits pétroliers",
    "nature":"matter",
    "type":"extraction",
    "from":"t2",
    "to":"t2",
    "volume_o4":"0",
    "volume_o9":"0",
    "trend":"1",
    "unit":"kt/an",
    "color":"#33250A",
    "level":"2",
    "parent":"1200",
    "children":"",
    "siblings":"1210;1230",
    "root":"false",
    "leaf":"false"
  },
  {
    "id":"2000",
    "index":"19",
    "name":"Sorties",
    "nature":"matter",
    "type":"output",
    "from":"t2",
    "to":"t1",
    "volume_o4":"19 338",
    "volume_o9":"19 338",
    "trend":"-1",
    "unit":"kt/an",
    "color":"#000000",
    "level":"0",
    "parent":"",
    "children":"2100;1900;2300",
    "siblings":"",
    "root":"false",
    "leaf":"false"
  },
  {
    "id":"2100",
    "index":"20",
    "name":"Exportations",
    "nature":"matter",
    "type":"output",
    "from":"t2",
    "to":"t1",
    "volume_o4":"12 474",
    "volume_o9":"12 474",
    "trend":"-2",
    "unit":"kt/an",
    "color":"#828282",
    "level":"1",
    "parent":"",
    "children":"2110;2120;2130;2140;2150",
    "siblings":"",
    "root":"true",
    "leaf":"false"
  },
  {
    "id":"2110",
    "index":"21",
    "name":"Produits pétroliers",
    "nature":"matter",
    "type":"output",
    "from":"t2",
    "to":"t1",
    "volume_o4":"0",
    "volume_o9":"0",
    "trend":"1",
    "unit":"kt/an",
    "color":"#33250A",
    "level":"2",
    "parent":"2100",
    "children":"",
    "siblings":"2120;2130;2140;2150",
    "root":"false",
    "leaf":"true"
  },
  {
    "id":"2120",
    "index":"22",
    "name":"Exports marchandises",
    "nature":"matter",
    "type":"output",
    "from":"t2",
    "to":"t1",
    "volume_o4":"8 378",
    "volume_o9":"8 378",
    "trend":"1",
    "unit":"kt/an",
    "color":"#F75454",
    "level":"2",
    "parent":"2100",
    "children":"2121;2122;2123;2124;2125",
    "siblings":"2110;2130;2140;2150",
    "root":"false",
    "leaf":"false"
  },
  {
    "id":"2121",
    "index":"23",
    "name":"Produits agricoles<br>et alimentaires",
    "nature":"matter",
    "type":"output",
    "from":"t2",
    "to":"t1",
    "volume_o4":"467",
    "volume_o9":"467",
    "trend":"1",
    "unit":"kt/an",
    "color":"#8C2929",
    "level":"3",
    "parent":"2120",
    "children":"",
    "siblings":"2122;2123;2124;2125",
    "root":"false",
    "leaf":"true"
  },
  {
    "id":"2122",
    "index":"24",
    "name":"Minerais et produits<br>métallurgiques",
    "nature":"matter",
    "type":"output",
    "from":"t2",
    "to":"t1",
    "volume_o4":"128",
    "volume_o9":"128",
    "trend":"-1",
    "unit":"kt/an",
    "color":"#B4AABA",
    "level":"3",
    "parent":"2120",
    "children":"",
    "siblings":"2121;2123;2124;2125",
    "root":"false",
    "leaf":"true"
  },
  {
    "id":"2123",
    "index":"25",
    "name":"Matériaux de<br>construction",
    "nature":"matter",
    "type":"output",
    "from":"t2",
    "to":"t1",
    "volume_o4":"4 081",
    "volume_o9":"4 081",
    "trend":"1",
    "unit":"kt/an",
    "color":"#6B5D70",
    "level":"3",
    "parent":"2120",
    "children":"",
    "siblings":"2121;2122;2124;2125",
    "root":"false",
    "leaf":"true"
  },
  {
    "id":"2124",
    "index":"26",
    "name":"Engrais et produits<br>chimiques",
    "nature":"matter",
    "type":"output",
    "from":"t2",
    "to":"t1",
    "volume_o4":"430",
    "volume_o9":"430",
    "trend":"1",
    "unit":"kt/an",
    "color":"#791C7F",
    "level":"3",
    "parent":"2120",
    "children":"",
    "siblings":"2121;2122;2123;2125",
    "root":"false",
    "leaf":"true"
  },
  {
    "id":"2125",
    "index":"27",
    "name":"Produits manufacturés",
    "nature":"matter",
    "type":"output",
    "from":"t2",
    "to":"t1",
    "volume_o4":"3 077",
    "volume_o9":"3 077",
    "trend":"1",
    "unit":"kt/an",
    "color":"#8965AA",
    "level":"3",
    "parent":"2120",
    "children":"",
    "siblings":"2121;2122;2123;2124",
    "root":"false",
    "leaf":"true"
  },
  {
    "id":"2130",
    "index":"29",
    "name":"Déchets ultimes<br> en décharge",
    "nature":"matter",
    "type":"output",
    "from":"t2",
    "to":"t1",
    "volume_o4":"4 053",
    "volume_o9":"4 053",
    "trend":"-1",
    "unit":"kt/an",
    "color":"#595959",
    "level":"2",
    "parent":"2100",
    "children":"2131;2132;2133;2134",
    "siblings":"2110;2120;2140;2150",
    "root":"false",
    "leaf":"false"
  },
  {
    "id":"2131",
    "index":"30",
    "name":"Déchets d'Activités<br>Economiques",
    "nature":"matter",
    "type":"output",
    "from":"t2",
    "to":"t1",
    "volume_o4":"250",
    "volume_o9":"250",
    "trend":"1",
    "unit":"kt/an",
    "color":"#A8A8A8",
    "level":"3",
    "parent":"2130",
    "children":"",
    "siblings":"2132;2133;2134",
    "root":"false",
    "leaf":"true"
  },
  {
    "id":"2132",
    "index":"31",
    "name":"Déchets Ménagers et Assimilés",
    "nature":"matter",
    "type":"output",
    "from":"t2",
    "to":"t1",
    "volume_o4":"212",
    "volume_o9":"212",
    "trend":"1",
    "unit":"kt/an",
    "color":"#939393",
    "level":"3",
    "parent":"2130",
    "children":"",
    "siblings":"2131;2133;2134",
    "root":"false",
    "leaf":"true"
  },
  {
    "id":"2133",
    "index":"32",
    "name":"Assainissements",
    "nature":"matter",
    "type":"output",
    "from":"t2",
    "to":"t1",
    "volume_o4":"9",
    "volume_o9":"9",
    "trend":"1",
    "unit":"kt/an",
    "color":"#7F7F7F",
    "level":"3",
    "parent":"2130",
    "children":"",
    "siblings":"2131;2132;2134",
    "root":"false",
    "leaf":"true"
  },
  {
    "id":"2134",
    "index":"33",
    "name":"Déchets du BTP",
    "nature":"matter",
    "type":"output",
    "from":"t2",
    "to":"t1",
    "volume_o4":"3 581",
    "volume_o9":"3 581",
    "trend":"1",
    "unit":"kt/an",
    "color":"#707070",
    "level":"3",
    "parent":"2130",
    "children":"",
    "siblings":"2131;2132;2133",
    "root":"false",
    "leaf":"true"
  },
  {
    "id":"2140",
    "index":"34",
    "name":"Emissions atmosphériques<br>vers l'eau",
    "nature":"matter",
    "type":"output",
    "from":"t2",
    "to":"t1",
    "volume_o4":"7",
    "volume_o9":"7",
    "trend":"1",
    "unit":"kt/an",
    "color":"#6A9E9A",
    "level":"2",
    "parent":"2100",
    "children":"",
    "siblings":"2110;2120;2130;2150",
    "root":"false",
    "leaf":"false"
  },
  {
    "id":"2150",
    "index":"35",
    "name":"Déchets organiques<br>épandus",
    "nature":"matter",
    "type":"output",
    "from":"t2",
    "to":"t1",
    "volume_o4":"35",
    "volume_o9":"35",
    "trend":"-1",
    "unit":"kt/an",
    "color":"#6B6139",
    "level":"2",
    "parent":"2100",
    "children":"",
    "siblings":"2110;2120;2130;2140",
    "root":"false",
    "leaf":"false"
  },
  {
    "id":"1900",
    "index":"36",
    "name":"Vers la nature",
    "nature":"matter",
    "type":"waste",
    "from":"t2",
    "to":"t2",
    "volume_o4":"6 864",
    "volume_o9":"6 864",
    "trend":"-1",
    "unit":"kt/an",
    "color":"#6B91AA",
    "level":"1",
    "parent":"",
    "children":"1910;1920;1930;1940",
    "siblings":"",
    "root":"true",
    "leaf":"false"
  },
  {
    "id":"1910",
    "index":"37",
    "name":"Emissions atmosphériques",
    "nature":"matter",
    "type":"waste",
    "from":"t2",
    "to":"t2",
    "volume_o4":"6 714",
    "volume_o9":"6 714",
    "trend":"1",
    "unit":"kt/an",
    "color":"#75A5CC",
    "level":"2",
    "parent":"1900",
    "children":"",
    "siblings":"1920;1930;1940",
    "root":"false",
    "leaf":"true"
  },
  {
    "id":"1920",
    "index":"38",
    "name":"Mise en decharge",
    "nature":"matter",
    "type":"waste",
    "from":"t2",
    "to":"t2",
    "volume_o4":"0",
    "volume_o9":"0",
    "trend":"-1",
    "unit":"kt/an",
    "color":"#595959",
    "level":"2",
    "parent":"1900",
    "children":"1921;1922;1923;1924;1925",
    "siblings":"1910;1930;1940",
    "root":"false",
    "leaf":"false"
  },
  {
    "id":"1921",
    "index":"39",
    "name":"Déchets d'Activités Economiques<br> en décharge",
    "nature":"matter",
    "type":"waste",
    "from":"t2",
    "to":"t2",
    "volume_o4":"0",
    "volume_o9":"0",
    "trend":"1",
    "unit":"kt/an",
    "color":"#A8A8A8",
    "level":"3",
    "parent":"1920",
    "children":"",
    "siblings":"1922;1923;1924;1925",
    "root":"false",
    "leaf":"true"
  },
  {
    "id":"1922",
    "index":"40",
    "name":"Déchets Ménagers et<br>Assimilés en décharge",
    "nature":"matter",
    "type":"waste",
    "from":"t2",
    "to":"t2",
    "volume_o4":"0",
    "volume_o9":"0",
    "trend":"1",
    "unit":"kt/an",
    "color":"#939393",
    "level":"3",
    "parent":"1920",
    "children":"",
    "siblings":"1921;1923;1924;1925",
    "root":"false",
    "leaf":"true"
  },
  {
    "id":"1923",
    "index":"41",
    "name":"Assainissements<br>en décharge",
    "nature":"matter",
    "type":"waste",
    "from":"t2",
    "to":"t2",
    "volume_o4":"0",
    "volume_o9":"0",
    "trend":"-1",
    "unit":"kt/an",
    "color":"#7F7F7F",
    "level":"3",
    "parent":"1920",
    "children":"",
    "siblings":"1921;1922;1924;1925",
    "root":"false",
    "leaf":"true"
  },
  {
    "id":"1924",
    "index":"42",
    "name":"BTP en décharge",
    "nature":"matter",
    "type":"waste",
    "from":"t2",
    "to":"t2",
    "volume_o4":"0",
    "volume_o9":"0",
    "trend":"1",
    "unit":"kt/an",
    "color":"#707070",
    "level":"3",
    "parent":"1920",
    "children":"",
    "siblings":"1921;1922;1923;1925",
    "root":"false",
    "leaf":"true"
  },
  {
    "id":"1925",
    "index":"43",
    "name":"Déchets agricoles",
    "nature":"matter",
    "type":"waste",
    "from":"t2",
    "to":"t2",
    "volume_o4":"0",
    "volume_o9":"0",
    "trend":"-1",
    "unit":"kt/an",
    "color":"#7C3131",
    "level":"3",
    "parent":"1920",
    "children":"",
    "siblings":"1921;1922;1923;1924",
    "root":"false",
    "leaf":"true"
  },
  {
    "id":"1930",
    "index":"44",
    "name":"Emissions vers l'eau",
    "nature":"matter",
    "type":"waste",
    "from":"t2",
    "to":"t2",
    "volume_o4":"0",
    "volume_o9":"0",
    "trend":"1",
    "unit":"kt/an",
    "color":"#6A9E9A",
    "level":"2",
    "parent":"1920",
    "children":"",
    "siblings":"1910;1920;1940",
    "root":"false",
    "leaf":"false"
  },
  {
    "id":"1940",
    "index":"45",
    "name":"Emissions dissipatives",
    "nature":"matter",
    "type":"waste",
    "from":"t2",
    "to":"t2",
    "volume_o4":"150",
    "volume_o9":"150",
    "trend":"1",
    "unit":"kt/an",
    "color":"#708C89",
    "level":"2",
    "parent":"1900",
    "children":"1941;1942;1943",
    "siblings":"1910;1920;1930",
    "root":"false",
    "leaf":"false"
  },
  {
    "id":"1941",
    "index":"46",
    "name":"Erosion d'usage des pneus et routes,<br>sel de déneigement",
    "nature":"matter",
    "type":"waste",
    "from":"t2",
    "to":"t2",
    "volume_o4":"150",
    "volume_o9":"150",
    "trend":"1",
    "unit":"kt/an",
    "color":"#A3E5E3",
    "level":"3",
    "parent":"1940",
    "children":"",
    "siblings":"1942;1943",
    "root":"false",
    "leaf":"true"
  },
  {
    "id":"1942",
    "index":"47",
    "name":"Engrais épandu",
    "nature":"matter",
    "type":"waste",
    "from":"t2",
    "to":"t2",
    "volume_o4":"0",
    "volume_o9":"0",
    "trend":"1",
    "unit":"kt/an",
    "color":"#78527C",
    "level":"3",
    "parent":"1940",
    "children":"",
    "siblings":"1941;1943",
    "root":"false",
    "leaf":"true"
  },
  {
    "id":"1943",
    "index":"48",
    "name":"Déchets organiques<br>épandus",
    "nature":"matter",
    "type":"waste",
    "from":"t2",
    "to":"t2",
    "volume_o4":"0",
    "volume_o9":"0",
    "trend":"1",
    "unit":"kt/an",
    "color":"#6B6139",
    "level":"3",
    "parent":"1940",
    "children":"",
    "siblings":"1941;1942",
    "root":"false",
    "leaf":"true"
  },
  {
    "id":"2300",
    "index":"49",
    "name":"Recyclage & Valorisation",
    "nature":"matter",
    "type":"recyclage",
    "from":"t2",
    "to":"t2",
    "volume_o4":"2 554",
    "volume_o9":"2 554",
    "trend":"1",
    "unit":"kt/an",
    "color":"#9ADB28",
    "level":"1",
    "parent":"",
    "children":"2310;2320;2330",
    "siblings":"",
    "root":"true",
    "leaf":"false"
  },
  {
    "id":"2310",
    "index":"50",
    "name":"Valorisation matière<br>(recyclage)",
    "nature":"matter",
    "type":"recyclage",
    "from":"t2",
    "to":"t2",
    "volume_o4":"1 854",
    "volume_o9":"1 854",
    "trend":"-1",
    "unit":"kt/an",
    "color":"#709E42",
    "level":"2",
    "parent":"2300",
    "children":"2311;2312;2313;2314",
    "siblings":"2320;2330",
    "root":"false",
    "leaf":"false"
  },
  {
    "id":"2311",
    "index":"51",
    "name":"Déchets d'Activités<br>Economiques recyclés",
    "nature":"matter",
    "type":"recyclage",
    "from":"t2",
    "to":"t2",
    "volume_o4":"905",
    "volume_o9":"905",
    "trend":"-1",
    "unit":"kt/an",
    "color":"#93C893",
    "level":"3",
    "parent":"2310",
    "children":"",
    "siblings":"2312;2313;2314",
    "root":"false",
    "leaf":"true"
  },
  {
    "id":"2312",
    "index":"52",
    "name":"Déchets Ménagers et<br>Assimilés recyclés",
    "nature":"matter",
    "type":"recyclage",
    "from":"t2",
    "to":"t2",
    "volume_o4":"336",
    "volume_o9":"336",
    "trend":"1",
    "unit":"kt/an",
    "color":"#7FB57F",
    "level":"3",
    "parent":"2310",
    "children":"",
    "siblings":"2311;2313;2314",
    "root":"false",
    "leaf":"true"
  },
  {
    "id":"2313",
    "index":"53",
    "name":"Assainissement recyclés",
    "nature":"matter",
    "type":"recyclage",
    "from":"t2",
    "to":"t2",
    "volume_o4":"1",
    "volume_o9":"1",
    "trend":"1",
    "unit":"kt/an",
    "color":"#709C70",
    "level":"3",
    "parent":"2310",
    "children":"",
    "siblings":"2311;2312;2314",
    "root":"false",
    "leaf":"true"
  },
  {
    "id":"2314",
    "index":"54",
    "name":"BTP recyclés",
    "nature":"matter",
    "type":"recyclage",
    "from":"t2",
    "to":"t2",
    "volume_o4":"613",
    "volume_o9":"613",
    "trend":"-1",
    "unit":"kt/an",
    "color":"#708F4D",
    "level":"3",
    "parent":"2310",
    "children":"",
    "siblings":"2311;2312;2313",
    "root":"false",
    "leaf":"true"
  },
  {
    "id":"2320",
    "index":"55",
    "name":"Valorisation énergétique",
    "nature":"matter",
    "type":"recyclage",
    "from":"t2",
    "to":"t2",
    "volume_o4":"665",
    "volume_o9":"665",
    "trend":"-1",
    "unit":"kt/an",
    "color":"#FF8F2E",
    "level":"2",
    "parent":"2300",
    "children":"2321;2322;2323;2324",
    "siblings":"2310;2330",
    "root":"false",
    "leaf":"false"
  },
  {
    "id":"2321",
    "index":"56",
    "name":"Déchets d'Activités<br>Economiques incinérés ",
    "nature":"matter",
    "type":"recyclage",
    "from":"t2",
    "to":"t2",
    "volume_o4":"27",
    "volume_o9":"27",
    "trend":"-1",
    "unit":"kt/an",
    "color":"#EB7854",
    "level":"3",
    "parent":"2320",
    "children":"",
    "siblings":"2322;2323;2324",
    "root":"false",
    "leaf":"true"
  },
  {
    "id":"2322",
    "index":"57",
    "name":"Déchets Ménagers et<br>Assimilés incinérés",
    "nature":"matter",
    "type":"recyclage",
    "from":"t2",
    "to":"t2",
    "volume_o4":"636",
    "volume_o9":"636",
    "trend":"1",
    "unit":"kt/an",
    "color":"#E3A654",
    "level":"3",
    "parent":"2320",
    "children":"",
    "siblings":"2321;2323;2324",
    "root":"false",
    "leaf":"true"
  },
  {
    "id":"2323",
    "index":"58",
    "name":"Assainissements incinérés",
    "nature":"matter",
    "type":"recyclage",
    "from":"t2",
    "to":"t2",
    "volume_o4":"2",
    "volume_o9":"2",
    "trend":"1",
    "unit":"kt/an",
    "color":"#FFC25C",
    "level":"3",
    "parent":"2320",
    "children":"",
    "siblings":"2321;2322;2324",
    "root":"false",
    "leaf":"true"
  },
  {
    "id":"2324",
    "index":"59",
    "name":"BTP incinérés",
    "nature":"matter",
    "type":"recyclage",
    "from":"t2",
    "to":"t2",
    "volume_o4":"0",
    "volume_o9":"0",
    "trend":"-1",
    "unit":"kt/an",
    "color":"#D67840",
    "level":"3",
    "parent":"2320",
    "children":"",
    "siblings":"2321;2322;2323",
    "root":"false",
    "leaf":"true"
  },
  {
    "id":"2330",
    "index":"60",
    "name":"Valorisation organique",
    "nature":"matter",
    "type":"recyclage",
    "from":"t2",
    "to":"t2",
    "volume_o4":"35",
    "volume_o9":"35",
    "trend":"1",
    "unit":"kt/an",
    "color":"#8F631A",
    "level":"2",
    "parent":"2300",
    "children":"2331;2332;2333",
    "siblings":"2310;2320",
    "root":"false",
    "leaf":"false"
  },
  {
    "id":"2331",
    "index":"61",
    "name":"Déchets agricoles<br>épandus",
    "nature":"matter",
    "type":"recyclage",
    "from":"t2",
    "to":"t2",
    "volume_o4":"0",
    "volume_o9":"0",
    "trend":"1",
    "unit":"kt/an",
    "color":"#8F8A1A",
    "level":"3",
    "parent":"2330",
    "children":"",
    "siblings":"2332;2333",
    "root":"false",
    "leaf":"true"
  },
  {
    "id":"2332",
    "index":"62",
    "name":"Déchets Ménagers et Assimilés<br>compostés épandus",
    "nature":"matter",
    "type":"recyclage",
    "from":"t2",
    "to":"t2",
    "volume_o4":"12",
    "volume_o9":"12",
    "trend":"1",
    "unit":"kt/an",
    "color":"#8F8557",
    "level":"3",
    "parent":"2330",
    "children":"",
    "siblings":"2331;2333",
    "root":"false",
    "leaf":"true"
  },
  {
    "id":"2333",
    "index":"63",
    "name":"Assainissement compostés<br>épandus",
    "nature":"matter",
    "type":"recyclage",
    "from":"t2",
    "to":"t2",
    "volume_o4":"23",
    "volume_o9":"23",
    "trend":"-1",
    "unit":"kt/an",
    "color":"#8F5436",
    "level":"3",
    "parent":"2330",
    "children":"",
    "siblings":"2331;2332",
    "root":"false",
    "leaf":"true"
  },
  {
    "id":"3000",
    "index":"64",
    "name":"Consommations",
    "nature":"energy",
    "type":"input",
    "from":"t0",
    "to":"t2",
    "volume_o4":"45 658",
    "volume_o9":"42 905",
    "trend":"1",
    "unit":"GWh/an",
    "color":"#5B7774",
    "level":"0",
    "parent":"",
    "children":"3100;3200;3300;3400;3500;3600;3700",
    "siblings":"",
    "root":"true",
    "leaf":"false"
  },
  {
    "id":"3100",
    "index":"65",
    "name":"Electricité",
    "nature":"energy",
    "type":"input",
    "from":"t0",
    "to":"t2",
    "volume_o4":"14 936",
    "volume_o9":"15 477",
    "trend":"-1",
    "unit":"GWh/an",
    "color":"#EDD600",
    "level":"1",
    "parent":"3000",
    "children":"",
    "siblings":"3200;3300;3400;3500;3600;3700",
    "root":"false",
    "leaf":"true"
  },
  {
    "id":"3200",
    "index":"68",
    "name":"Chaleur (vapeur CPCU)",
    "nature":"energy",
    "type":"input",
    "from":"t0",
    "to":"t2",
    "volume_o4":"4 482",
    "volume_o9":"4 502",
    "trend":"-1",
    "unit":"GWh/an",
    "color":"#E50000",
    "level":"1",
    "parent":"3000",
    "children":"",
    "siblings":"3100;3300;3400;3500;3600;3700",
    "root":"false",
    "leaf":"true"
  },
  {
    "id":"3300",
    "index":"69",
    "name":"Froid (climespace)",
    "nature":"energy",
    "type":"input",
    "from":"t0",
    "to":"t2",
    "volume_o4":"336",
    "volume_o9":"408",
    "trend":"-1",
    "unit":"GWh/an",
    "color":"#1BEAE4",
    "level":"1",
    "parent":"3000",
    "children":"",
    "siblings":"3100;3200;3400;3500;3600;3700",
    "root":"false",
    "leaf":"true"
  },
  {
    "id":"3400",
    "index":"70",
    "name":"Essence",
    "nature":"energy",
    "type":"input",
    "from":"t0",
    "to":"t2",
    "volume_o4":"4 692",
    "volume_o9":"3 166",
    "trend":"-1",
    "unit":"GWh/an",
    "color":"#16130A",
    "level":"1",
    "parent":"3000",
    "children":"",
    "siblings":"3100;3200;3300;3500;3600;3700",
    "root":"false",
    "leaf":"true"
  },
  {
    "id":"3500",
    "index":"71",
    "name":"Gaz Naturel",
    "nature":"energy",
    "type":"input",
    "from":"t0",
    "to":"t2",
    "volume_o4":"10 552",
    "volume_o9":"9 615",
    "trend":"1",
    "unit":"GWh/an",
    "color":"#A7D8D0",
    "level":"1",
    "parent":"3000",
    "children":"",
    "siblings":"3100;3200;3300;3400;3600;3700",
    "root":"false",
    "leaf":"true"
  },
  {
    "id":"3600",
    "index":"72",
    "name":"Fioul/diesel",
    "nature":"energy",
    "type":"input",
    "from":"t0",
    "to":"t2",
    "volume_o4":"10 154",
    "volume_o9":"9 385",
    "trend":"-1",
    "unit":"GWh/an",
    "color":"#42381F",
    "level":"1",
    "parent":"3000",
    "children":"",
    "siblings":"3100;3200;3300;3400;3500;3700",
    "root":"false",
    "leaf":"true"
  },
  {
    "id":"3700",
    "index":"73",
    "name":"Autre (GPL, Bois…)",
    "nature":"energy",
    "type":"input",
    "from":"t0",
    "to":"t2",
    "volume_o4":"505",
    "volume_o9":"352",
    "trend":"-1",
    "unit":"GWh/an",
    "color":"#938D80",
    "level":"1",
    "parent":"3000",
    "children":"",
    "siblings":"3100;3200;3300;3400;3500;3600",
    "root":"false",
    "leaf":"true"
  },
  {
    "id":"2900",
    "index":"74",
    "name":"Productions locales",
    "nature":"energy",
    "type":"extraction",
    "from":"t2",
    "to":"t2",
    "volume_o4":"0",
    "volume_o9":"1238",
    "trend":"-1",
    "unit":"GWh/an",
    "color":"#DDA20E",
    "level":"0",
    "parent":"",
    "children":"2910;2930",
    "siblings":"",
    "root":"false",
    "leaf":"false"
  },
  {
    "id":"2910",
    "index":"75",
    "name":"Solaire thermique",
    "nature":"energy",
    "type":"extraction",
    "from":"t2",
    "to":"t2",
    "volume_o4":"0",
    "volume_o9":"6",
    "trend":"-1",
    "unit":"GWh/an",
    "color":"#E86300",
    "level":"1",
    "parent":"2900",
    "children":"",
    "siblings":"2920;2930",
    "root":"true",
    "leaf":"true"
  },
  {
    "id":"2920",
    "index":"76",
    "name":"Solaire photovoltaique",
    "nature":"energy",
    "type":"output",
    "from":"t2",
    "to":"t1",
    "volume_o4":"0",
    "volume_o9":"1",
    "trend":"1",
    "unit":"GWh/an",
    "color":"#1C96E8",
    "level":"1",
    "parent":"",
    "children":"",
    "siblings":"2910;2930",
    "root":"true",
    "leaf":"true"
  },
  {
    "id":"2930",
    "index":"77",
    "name":"Chaleur",
    "nature":"energy",
    "type":"extraction",
    "from":"t2",
    "to":"t2",
    "volume_o4":"0",
    "volume_o9":"616",
    "trend":"-1",
    "unit":"GWh/an",
    "color":"#E2280A",
    "level":"1",
    "parent":"2900",
    "children":"2931;2932",
    "siblings":"2910;2920",
    "root":"false",
    "leaf":"false"
  },
  {
    "id":"2931",
    "index":"78",
    "name":"Geothermie",
    "nature":"energy",
    "type":"extraction",
    "from":"t2",
    "to":"t2",
    "volume_o4":"0",
    "volume_o9":"116",
    "trend":"-1",
    "unit":"GWh/an",
    "color":"#893C34",
    "level":"2",
    "parent":"2930",
    "children":"",
    "siblings":"2932",
    "root":"true",
    "leaf":"true"
  },
  {
    "id":"2932",
    "index":"79",
    "name":"CPCU",
    "nature":"energy",
    "type":"extraction",
    "from":"t2",
    "to":"t2",
    "volume_o4":"0",
    "volume_o9":"500",
    "trend":"1",
    "unit":"GWh/an",
    "color":"#AF1717",
    "level":"2",
    "parent":"2930",
    "children":"",
    "siblings":"2931",
    "root":"false",
    "leaf":"false"
  },
  {
    "id":"5000",
    "index":"81",
    "name":"Eaux consommées",
    "nature":"water",
    "type":"input",
    "from":"t0",
    "to":"t2",
    "volume_o4":"279 796",
    "volume_o9":"245 428",
    "trend":"1",
    "unit":"milliers m3/an",
    "color":"#27CCE2",
    "level":"0",
    "parent":"",
    "children":"5100;5200",
    "siblings":"",
    "root":"true",
    "leaf":"false"
  },
  {
    "id":"5100",
    "index":"82",
    "name":"Eau Potable ",
    "nature":"water",
    "type":"input",
    "from":"t0",
    "to":"t2",
    "volume_o4":"206 396",
    "volume_o9":"180 306",
    "trend":"-1",
    "unit":"milliers m3/an",
    "color":"#03D9EF",
    "level":"1",
    "parent":"5000",
    "children":"",
    "siblings":"5200",
    "root":"false",
    "leaf":"true"
  },
  {
    "id":"5200",
    "index":"83",
    "name":"Eau Non Potable",
    "nature":"water",
    "type":"input",
    "from":"t0",
    "to":"t2",
    "volume_o4":"73 400",
    "volume_o9":"65 122",
    "trend":"-1",
    "unit":"milliers m3/an",
    "color":"#07AAAA",
    "level":"1",
    "parent":"5000",
    "children":"",
    "siblings":"5100",
    "root":"false",
    "leaf":"true"
  },
  {
    "id":"6000",
    "index":"84",
    "name":"Eaux usées collectées",
    "nature":"water",
    "type":"output",
    "from":"t2",
    "to":"t1",
    "volume_o4":"354 600",
    "volume_o9":"317 200",
    "trend":"-1",
    "unit":"milliers m3/an",
    "color":"#16826D",
    "level":"0",
    "parent":"",
    "children":"6100;6200;6300",
    "siblings":"",
    "root":"false",
    "leaf":"false"
  },
  {
    "id":"6100",
    "index":"85",
    "name":"t2, temps sec (normale)",
    "nature":"water",
    "type":"output",
    "from":"t2",
    "to":"t1",
    "volume_o4":"285 600",
    "volume_o9":"252 700",
    "trend":"1",
    "unit":"milliers m3/an",
    "color":"#53AA99",
    "level":"1",
    "parent":"6000",
    "children":"",
    "siblings":"6200;6300",
    "root":"false",
    "leaf":"false"
  },
  {
    "id":"6200",
    "index":"86",
    "name":"t2, temps pluie (ajout)",
    "nature":"water",
    "type":"output",
    "from":"t2",
    "to":"t1",
    "volume_o4":"29 600",
    "volume_o9":"33 500",
    "trend":"1",
    "unit":"milliers m3/an",
    "color":"#349991",
    "level":"1",
    "parent":"6000",
    "children":"",
    "siblings":"6100;6300",
    "root":"false",
    "leaf":"false"
  },
  {
    "id":"6300",
    "index":"87",
    "name":"Banlieue (pluie + sec)",
    "nature":"water",
    "type":"output",
    "from":"t2",
    "to":"t1",
    "volume_o4":"39 400",
    "volume_o9":"31 000",
    "trend":"1",
    "unit":"milliers m3/an",
    "color":"#16826D",
    "level":"0",
    "parent":"6000",
    "children":"",
    "siblings":"6100;6200",
    "root":"false",
    "leaf":"false"
  },
  {
    "id":"7000",
    "index":"88",
    "name":"Sortie Eaux",
    "nature":"water",
    "type":"output",
    "from":"t2",
    "to":"t1",
    "volume_o4":"354 600",
    "volume_o9":"317 200",
    "trend":"-1",
    "unit":"milliers m3/an",
    "color":"#0D3549",
    "level":"1",
    "parent":"",
    "children":"7100;7200",
    "siblings":"",
    "root":"true",
    "leaf":"false"
  },
  {
    "id":"7100",
    "index":"89",
    "name":"Vers traitement",
    "nature":"water",
    "type":"output",
    "from":"t2",
    "to":"t1",
    "volume_o4":"351 400",
    "volume_o9":"315 000",
    "trend":"-1",
    "unit":"milliers m3/an",
    "color":"#386787",
    "level":"2",
    "parent":"7000",
    "children":"",
    "siblings":"7200",
    "root":"false",
    "leaf":"true"
  },
  {
    "id":"7200",
    "index":"90",
    "name":"Rejets vers le milieu naturel",
    "nature":"water",
    "type":"output",
    "from":"t2",
    "to":"t1",
    "volume_o4":"3 155",
    "volume_o9":"2 200",
    "trend":"1",
    "unit":"milliers m3/an",
    "color":"#23679E",
    "level":"2",
    "parent":"7000",
    "children":"7210;7220;7230",
    "siblings":"7100",
    "root":"false",
    "leaf":"false"
  },
  {
    "id":"7210",
    "index":"91",
    "name":"Déversoirs d’orages",
    "nature":"water",
    "type":"output",
    "from":"t2",
    "to":"t1",
    "volume_o4":"2 384",
    "volume_o9":"1 600",
    "trend":"1",
    "unit":"milliers m3/an",
    "color":"#42757A",
    "level":"3",
    "parent":"7200",
    "children":"",
    "siblings":"7220;7230",
    "root":"false",
    "leaf":"true"
  },
  {
    "id":"7220",
    "index":"92",
    "name":"Eaux claires (travaux, rincages …)",
    "nature":"water",
    "type":"output",
    "from":"t2",
    "to":"t1",
    "volume_o4":"436",
    "volume_o9":"306",
    "trend":"1",
    "unit":"milliers m3/an",
    "color":"#4AA1AF",
    "level":"3",
    "parent":"7200",
    "children":"",
    "siblings":"7210;7230",
    "root":"false",
    "leaf":"true"
  },
  {
    "id":"7230",
    "index":"93",
    "name":"Eaux d'exhaure",
    "nature":"water",
    "type":"output",
    "from":"t2",
    "to":"t1",
    "volume_o4":"336",
    "volume_o9":"173",
    "trend":"-1",
    "unit":"milliers m3/an",
    "color":"#415E72",
    "level":"3",
    "parent":"7200",
    "children":"",
    "siblings":"7220;7230",
    "root":"false",
    "leaf":"true"
  },
  {
    "id":"4900",
    "index":"94",
    "name":"Eaux pluviales",
    "nature":"water",
    "type":"extraction",
    "from":"t2",
    "to":"t2",
    "volume_o4":"59 850",
    "volume_o9":"68 072",
    "trend":"-1",
    "unit":"milliers m3/an",
    "color":"#07AAAA",
    "level":"2",
    "parent":"",
    "children":"",
    "siblings":"",
    "root":"true",
    "leaf":"false"
  }
],

    "projects":[{
                        "id":"px",
                        "name":"Accédez aux projets innovants",
                        "description":"Description du projet en une phrase.",
                        "territory":"t2",
                        "type":"local",
                        "render":true,
                        "x":"0.5",
                        "y":"0.45"
                    }],

    "stories": {
        "matter":
        [{
            "title":"Des flux linéaires aux flux circulaires",
            "subtitle":"",
            "display_dot":true,       
            "steps" :
                [{
                    "subtitle":"Des flux linéaires aux flux circulaires",
                    "text": {"time":"200", "content":"La majorité des flux (consommation de matières ou de produits, production de déchets ou émission de pollutions) sont dits linéaires car ils ont des origines et des destinations externes au territoire. Le recyclage, la valorisation de matière, organique ou énergétique sont eux qualifiés de circulaires. Au lieu d'être exportés vers le reste du monde ou rejetés vers la nature, ces flux sont redirigés vers l’économie du territoire. De l'économie circulaire, en somme."},
                    "flows": [{"vl":["1100","1200","2100", "1900", "2300"], "hl":["all"], "popups":["1100", "1200", "2100", "1900", "2300"], "year":"o4", "anim":false, "fp":true, "scaling":true, "time":"0", "type":"matter"}],
                    "territories":[{"target":"t2", "action":"appear", "parms":{"time":100}, "time":0}]
                }
                ]
        },
        {
            "title":"Paris est dépendant de ses importations",
            "subtitle":"",
            "display_dot":true,       
            "steps" :
                [{
                    "subtitle":"Paris est dépendant de ses importations",
                    "text": {"time":"200", "content":"Paris importe l’équivalent de 8,8 tonnes de matières par habitant pour son fonctionnement, dont 20% de combustibles fossiles. L’importance de ces prélèvements sur des ressources extérieures à son territoire fait de Paris une ville très dépendante de son environnement proche et lointain."},
                    "flows": [{"vl":["1110","1120","1200","2100", "1900", "2300"], "hl":["all"], "popups":["1110", "1120"], "year":"o4", "anim":false, "fp":true, "scaling":true, "time":"0"}],
                    "territories":[]
                }
                ]
        },
        {
            "title":"Les flux internes au territoire parisien",
            "subtitle":"",
            "display_dot":true,
            "steps" :
                [{
                    "subtitle":"Les flux internes au territoire parisien",
                    "text": {"time":"200", "content":"Les rejets vers la nature sont des volumes produits par l'activité de la ville et rejetés sur son propre territoire. Il s’agit essentiellement d’émissions atmosphériques pour Paris. Pour mieux en comprendre l’origine, consulter les rubriques sur les flux d’eaux et d’énergies."},
                    "flows": [{"vl":["1100", "1200","2100","1910","1940","2300"], "popups":["1940", "1910"], "hl":["all"], "year":"o4", "anim":false, "fp":true, "scaling":true, "time":"0"}],
                    "territories":[]
                }
                ]
        },
        {
            "title":"On consomme plus d’aliments à Paris",
            "subtitle":"",
            "display_dot":true,       
            "steps" :
                [{
                    "subtitle":"On consomme plus d’aliments à Paris",
                    "text": {"time":"200", "content":"Non, ce n’est pas parce que les parisiens mangeraient plus que les autres. L’activité de restauration est très importante à Paris pour alimenter les nombreux actifs, touristes et visiteurs qui fréquentent le territoire. La quantité d’aliments entrants, ramenée au nombre d’habitants, est donc plus élevée sur la capitale que dans le reste de l’agglomération ou d’autres villes de France. Les volumes de déchets organiques représentent en contrepartie un enjeu important d’amélioration du métabolisme. En 2013, un parisien jette 57 kg de déchets alimentaires, dont 13 kg non consommés."},
                    "flows": [{"vl":["1110", "1121","1122","1123","1124","1125","1200","2100", "1900", "2310", "2320", "2330"], "hl":["all"], "popups":["1121", "2310", "2320", "2330"], "year":"o4", "anim":false, "fp":true, "scaling":true, "time":"0"}],
                    "territories":[]
                }
                ]
        },
        {
            "title":"Et les déchets ?",
            "subtitle":"",
            "display_dot":true,       
            "steps" :
                [{
                    "subtitle":"Et les déchets ?",
                    "text": {"time":"200", "content":"Selon la façon dont ils sont traités pour être éliminés, ils se retrouvent dans différentes catégories de flux soient exportés soient circulaires: valorisation énergétique, recyclage ou mise en décharge. Pour en savoir plus sur la production de déchets à Paris ou en Ile-de-France consulter le <a href = \"www.paris.fr/viewmultimediadocument?multimediadocument-id=136470\" target = \"_blank\">Rapport 2012 sur la gestion des déchets</a> ou le <a href = \"http://www.ordif.com/public/document.srv?id=17965\" target = \"_blank\">Tableau de bord des déchets franciliens (édition 2013).</a>"},
                    "flows": [{"vl":["1100","1200", "2110","2120","2130","2140","2150", "1900", "2310", "2320", "2330"], "hl":["all"], "popups":["2320", "2330", "2310", "2130"], "year":"o4", "anim":false, "fp":true, "scaling":true, "time":"0"}],
                    "territories":[]
                }
                ]
        },
        {
            "title":"Les tendances d'évolution",
            "subtitle":"",
            "display_dot":true,       
            "steps" :
                [{
                    "subtitle":"Les tendances d'évolution",
                    "text": {"time":"200", "content":"Les tendances d’évolution des importations et exportations de marchandises entre 2003 et 2010 sont nettement à la baisse, de l’ordre de 40 % pour Paris.  Alors que les volumes de déchets ménagers collectés ont diminué de 6% à Paris (24% si l’on considère les volumes par habitant), les volumes de ceux qui sont valorisés énergétiquement ont augmenté de plus de 40%."},
                    "flows": [{"vl":["1100","1200","2100", "1900", "2300"], "hl":["all"], "popups":["1100", "1200", "2100", "1900", "2300"], "year":"o9", "anim":false, "fp":true, "scaling":true, "time":"0", "anim_trend":true, "mt":true}],
                    "territories":[{"target":"t2", "action":"appear", "parms":{"time":100}, "time":0}]
                }
                ]
        }
        ],
        "energy":[
        {
            "title":"Paris ne peut être indépendant énergétiquement",
            "subtitle":"", 
            "display_dot":true,      
            "steps" :
                [{
                    "subtitle":"Paris ne peut être indépendant énergétiquement",
                    "text": {"time":"200", "content":"Si Paris ne peut être indépendant énergétiquement, la part d’énergies renouvelables et de récupération dans son mix énergétique peut encore être grandement améliorée."},
                    "flows": [{"vl":["3000", "2900","2920"], "hl":["all"], "year":"o9", "anim":false, "fp":true, "scaling":true, "time":"0", "type":"energy"}],
                    "territories":[{"target":"t2", "action":"appear", "parms":{"time":100}, "time":0}]
                }
                ]
        },
        {
            "title":"La production de chaleur",
            "subtitle":"", 
            "display_dot":true,      
            "steps" :
                [{
                    "subtitle":"La production de chaleur",
                    "text": {"time":"200", "content":"La chaleur du réseau urbain est produite par un mix énergétique dont 40% est issu de la valorisation énergétique des déchets."},
                    "flows": [{"vl":["3100","3200","3300","3400","3500","3600","3700", "2910", "2920", "2930"], "popups":["3200", "2930"], "hl":["all"], "year":"o9", "anim":false, "fp":true, "scaling":true, "time":"0"}],
                    "territories":[{"target":"t2", "action":"appear", "time":"0"}]
                }
                ]
        },
        {
            "title":"Les consommations électriques augmentent…",
            "subtitle":"", 
            "display_dot":true,      
            "steps" :
                [{
                    "subtitle":"Les consommations électriques augmentent…",
                    "text": {"time":"200", "content":"… Alors que les consommations de gaz naturel et de fioul diminuent. Cela est dû aux changements de comportement et à l’usage croissant d’appareils mobiles, informatiques et de climatisation, notamment dans le secteur tertiaire."},
                    "flows": [{"vl":["3100","3200","3300","3400","3500","3600","3700", "2900", "2920"], "popups":["3100","3500","3600"], "hl":["all"], "year":"o9", "anim":false, "fp":true, "scaling":true, "time":"0"}],
                    "territories":[{"target":"t2", "action":"appear", "time":"0"}]
                }
                ]
        },
        {
            "title":"L’énergie, un flux circulaire ?",
            "subtitle":"", 
            "display_dot":true,      
            "steps" :
                [{
                    "subtitle":"L’énergie, un flux circulaire ?",
                    "text": {"time":"200", "content":"Une grande partie de l’énergie utilisée est dissipée sous forme de chaleur. Cette énergie, ainsi que celle qui se retrouve « piégée » dans les canalisations, les structures etc. peuvent être récupérées. L’énergie solaire représente également un potentiel important pour la production d’énergie renouvelable, pour plus d'informations sur ce potentiel à Paris, consultez le <a href = \"http://capgeo.sig.paris.fr/Apps/CadastreSolaire/\" target = \"_blank\">cadastre solaire</a>."},
                    "flows": [{"vl":["3000", "2900", "2920"], "hl":["all"], "year":"o9", "anim":false, "fp":true, "scaling":true, "time":"0"}],
                    "territories":[{"target":"t2", "action":"appear", "time":"0"}]
                }
                ]
        }]
        ,
        "water":[
        {
            "title":"Circulation des flux d’eaux",
            "subtitle":"",   
            "display_dot":true,    
            "steps" :
                [{
                    "subtitle":"Circulation des flux d’eaux",
                    "text": {"time":"200", "content":"Paris possède deux réseaux d’alimentation en eau (eau potable et eau non potable) et un réseau unitaire de collecte des eaux usées et des eaux de pluie."},
                    "flows": [{"vl":["5100", "5200", "7000", "4900"], "hl":["all"],"popups":["5100", "5200", "7000"], "year":"o9", "anim":false, "fp":true, "scaling":true, "time":"0", "type":"water"}],
                    "territories":[{"target":"t2", "action":"appear", "parms":{"time":100}, "time":0}]
                }
                ]
        },
        {
            "title":"La consommation d’eau à Paris baisse",
            "subtitle":"",   
            "display_dot":true,    
            "steps" :
                [{
                    "subtitle":"La consommation d’eau à Paris baisse",
                    "text": {"time":"200", "content":"La consommation globale d’eau à Paris a baissé de 12% entre 2004 et 2012. Les volumes rejetés au milieu naturel par temps d’orage ont baissé de 30 %, alors que la pluviométrie était supérieure en 2012 (648 mm) par rapport à 2004 (570 mm). Pour en savoir plus sur les orientations de la politique municipale et les enjeux de l’eau à Paris, consulter le <a href = \"http://www.paris.fr/pratique/environnement/eau/le-livre-bleu/rub_134_stand_121837_port_3119\" target = \"_blank\">livre bleu</a> ou le <a href = \"http://www.paris.fr/pratique/eau/donnees-rapports/prix-et-qualite-des-services-publics-de-l-eau-potable-et-de-l-assainissement/rub_6467_stand_25141_port_14623\" target = \"_blank\">rapport annuel de l'eau et de l'assainissement</a>."},
                    "flows": [{"vl":["5100", "5200", "7000", "4900"], "hl":["all"],"popups":["5100", "5200", "7000", "4900"], "year":"o9", "anim":false, "fp":true, "scaling":true, "time":"0"}],
                    "territories":[{"target":"t2", "action":"appear", "time":"0"}]
                }
                ]
            },
        {
            "title":"Pourquoi récupérer l’eau ?",
            "subtitle":"",   
            "display_dot":true,    
            "steps" :
                [{
                    "subtitle":"Pourquoi récupérer l’eau ?",
                    "text": {"time":"200", "content":"Les bénéfices sont nombreux : diminution des pressions sur la ressource, baisse des quantités d'eaux pluviales envoyées vers les stations d’épuration, réduction des rejets et donc des pollutions vers le milieu naturel par temps de pluie et diminution des risques d'inondation par débordement des réseaux lors des orages."},
                    "flows": [{"vl":["5100", "5200", "7100", "7200", "4900"], "hl":["all"], "popups":["5100", "5200", "7100", "7200", "4900"], "year":"o9", "anim":false, "fp":true, "scaling":true, "time":"0"}],
                    "territories":[{"target":"t2", "action":"appear", "time":"0"}]
                }
                ]
            }
        ]

}
         }
  