{
	"ui_elements":{},
	"scale":"w/2000",
	"items": [{
                        "id":"t0",
                        "name":"t0",
                        "f_anchor_x":"",
                        "f_anchor_y":"",
                        "iw":"1",
                        "ih":"1",
                        "x":"0",
                        "y":"0.4*h",
                        "scale":"1"
                    },
                    {
                        "id":"t1",
                        "name":"t1",
                        "f_anchor_x":"",
                        "f_anchor_y":"",
                        "iw":"1",
                        "ih":"1",
                        "x":"w",
                        "y":"0.4*h",
                        "scale":"1"
                    },
                    {
                        "id":"t2",
                        "name":"t2",
                        "geom":"data/graphics/geom_pc-alone.json",
                        "f_anchor_x":"0",
                        "f_anchor_y":"0",
                        "iw":"1.5",
                        "ih":"0.7",
                        "x":"0.5*w",
                        "y":"0.4*h",
                        "scale":"0.3"
                    }],
	"flows": 		[
  {
    "id":"1000",
    "index":"0",
    "name":"Entrées",
    "nature":"matter",
    "type":"input",
    "from":"t0",
    "to":"t2",
    "volume_o4":"69 530",
    "volume_o9":"69 530",
    "trend":"NA",
    "unit":"kt/an",
    "color":"#000000",
    "level":"0",
    "parent":"",
    "children":"1100;900",
    "siblings":"",
    "root":"false",
    "leaf":"false"
  },
  {
    "id":"1100",
    "index":"1",
    "name":"Importations",
    "nature":"matter",
    "type":"input",
    "from":"t0",
    "to":"t2",
    "volume_o4":"69 500",
    "volume_o9":"69 500",
    "trend":"-2",
    "unit":"kt/an",
    "color":"#96582D",
    "level":"1",
    "parent":"",
    "children":"1110;1120",
    "siblings":"",
    "root":"true",
    "leaf":"false"
  },
  {
    "id":"1110",
    "index":"2",
    "name":"Combustibles fossiles",
    "nature":"matter",
    "type":"input",
    "from":"t0",
    "to":"t2",
    "volume_o4":"13 048",
    "volume_o9":"13 048",
    "trend":"-1",
    "unit":"kt/an",
    "color":"#E2A40A",
    "level":"2",
    "parent":"1100",
    "children":"",
    "siblings":"1120",
    "root":"false",
    "leaf":"false"
  },
  {
    "id":"1111",
    "index":"3",
    "name":"Produits pétroliers",
    "nature":"matter",
    "type":"input",
    "from":"t0",
    "to":"t2",
    "volume_o4":"NA",
    "volume_o9":"NA",
    "trend":"NA",
    "unit":"kt/an",
    "color":"#33250A",
    "level":"3",
    "parent":"1110",
    "children":"",
    "siblings":"1112;1113",
    "root":"false",
    "leaf":"true"
  },
  {
    "id":"1112",
    "index":"4",
    "name":"Gaz",
    "nature":"matter",
    "type":"input",
    "from":"t0",
    "to":"t2",
    "volume_o4":"NA",
    "volume_o9":"NA",
    "trend":"NA",
    "unit":"kt/an",
    "color":"#B2A9A3",
    "level":"3",
    "parent":"1110",
    "children":"",
    "siblings":"1111;1113",
    "root":"false",
    "leaf":"true"
  },
  {
    "id":"1113",
    "index":"5",
    "name":"Charbon",
    "nature":"matter",
    "type":"input",
    "from":"t0",
    "to":"t2",
    "volume_o4":"NA",
    "volume_o9":"NA",
    "trend":"NA",
    "unit":"kt/an",
    "color":"#59341B",
    "level":"3",
    "parent":"1110",
    "children":"",
    "siblings":"1111;1112",
    "root":"false",
    "leaf":"true"
  },
  {
    "id":"1120",
    "index":"6",
    "name":"Imports marchandises",
    "nature":"matter",
    "type":"input",
    "from":"t0",
    "to":"t2",
    "volume_o4":"56 453",
    "volume_o9":"56 453",
    "trend":"-2",
    "unit":"kt/an",
    "color":"#F75454",
    "level":"2",
    "parent":"1100",
    "children":"",
    "siblings":"1110",
    "root":"false",
    "leaf":"false"
  },
  {
    "id":"1121",
    "index":"7",
    "name":"Produits agricoles<br>et alimentaires",
    "nature":"matter",
    "type":"input",
    "from":"t0",
    "to":"t2",
    "volume_o4":"NA",
    "volume_o9":"NA",
    "trend":"NA",
    "unit":"kt/an",
    "color":"#8C2929",
    "level":"3",
    "parent":"1120",
    "children":"",
    "siblings":"1122;1123;1124;1125",
    "root":"false",
    "leaf":"true"
  },
  {
    "id":"1122",
    "index":"8",
    "name":"Minerais et produits<br>métallurgiques",
    "nature":"matter",
    "type":"input",
    "from":"t0",
    "to":"t2",
    "volume_o4":"NA",
    "volume_o9":"NA",
    "trend":"NA",
    "unit":"kt/an",
    "color":"#B4AABA",
    "level":"3",
    "parent":"1120",
    "children":"",
    "siblings":"1121;1123;1124;1125",
    "root":"false",
    "leaf":"true"
  },
  {
    "id":"1123",
    "index":"9",
    "name":"Matériaux de<br>construction",
    "nature":"matter",
    "type":"input",
    "from":"t0",
    "to":"t2",
    "volume_o4":"NA",
    "volume_o9":"NA",
    "trend":"NA",
    "unit":"kt/an",
    "color":"#6B5D70",
    "level":"3",
    "parent":"1120",
    "children":"",
    "siblings":"1121;1122;1124;1125",
    "root":"false",
    "leaf":"true"
  },
  {
    "id":"1124",
    "index":"10",
    "name":"Engrais et produits<br>chimiques",
    "nature":"matter",
    "type":"input",
    "from":"t0",
    "to":"t2",
    "volume_o4":"NA",
    "volume_o9":"NA",
    "trend":"NA",
    "unit":"kt/an",
    "color":"#791C7F",
    "level":"3",
    "parent":"1120",
    "children":"",
    "siblings":"1121;1122;1123;1125",
    "root":"false",
    "leaf":"true"
  },
  {
    "id":"1125",
    "index":"11",
    "name":"Produits manufacturés",
    "nature":"matter",
    "type":"input",
    "from":"t0",
    "to":"t2",
    "volume_o4":"NA",
    "volume_o9":"NA",
    "trend":"NA",
    "unit":"kt/an",
    "color":"#8965AA",
    "level":"3",
    "parent":"1120",
    "children":"",
    "siblings":"1121;1122;1123;1124",
    "root":"false",
    "leaf":"true"
  },
  {
    "id":"900",
    "index":"13",
    "name":"Extractions locales",
    "nature":"matter",
    "type":"extraction",
    "from":"t2",
    "to":"t2",
    "volume_o4":"30",
    "volume_o9":"30",
    "trend":"NA",
    "unit":"kt/an",
    "color":"#DBE00B",
    "level":"1",
    "parent":"",
    "children":"910;920;930",
    "siblings":"",
    "root":"true",
    "leaf":"false"
  },
  {
    "id":"910",
    "index":"14",
    "name":"Biomasse",
    "nature":"matter",
    "type":"extraction",
    "from":"t2",
    "to":"t2",
    "volume_o4":"30",
    "volume_o9":"30",
    "trend":"NA",
    "unit":"kt/an",
    "color":"#61CC1B",
    "level":"2",
    "parent":"900",
    "children":"911;912",
    "siblings":"920;930",
    "root":"false",
    "leaf":"false"
  },
  {
    "id":"911",
    "index":"15",
    "name":"Biomasse agricole<br>et gibier",
    "nature":"matter",
    "type":"extraction",
    "from":"t2",
    "to":"t2",
    "volume_o4":"27",
    "volume_o9":"27",
    "trend":"NA",
    "unit":"kt/an",
    "color":"#88963D",
    "level":"3",
    "parent":"910",
    "children":"",
    "siblings":"912",
    "root":"false",
    "leaf":"true"
  },
  {
    "id":"912",
    "index":"16",
    "name":"Biomasse forestière",
    "nature":"matter",
    "type":"extraction",
    "from":"t2",
    "to":"t2",
    "volume_o4":"3",
    "volume_o9":"3",
    "trend":"NA",
    "unit":"kt/an",
    "color":"#3B7726",
    "level":"3",
    "parent":"911",
    "children":"",
    "siblings":"911",
    "root":"false",
    "leaf":"true"
  },
  {
    "id":"920",
    "index":"17",
    "name":"Minéraux",
    "nature":"matter",
    "type":"extraction",
    "from":"t2",
    "to":"t2",
    "volume_o4":"0",
    "volume_o9":"0",
    "trend":"NA",
    "unit":"kt/an",
    "color":"#77C6C2",
    "level":"2",
    "parent":"900",
    "children":"",
    "siblings":"910;930",
    "root":"false",
    "leaf":"true"
  },
  {
    "id":"930",
    "index":"18",
    "name":"Produits pétroliers",
    "nature":"matter",
    "type":"extraction",
    "from":"t2",
    "to":"t2",
    "volume_o4":"0",
    "volume_o9":"0",
    "trend":"NA",
    "unit":"kt/an",
    "color":"#33250A",
    "level":"2",
    "parent":"900",
    "children":"",
    "siblings":"910;930",
    "root":"false",
    "leaf":"true"
  },
  {
    "id":"2000",
    "index":"19",
    "name":"Sorties",
    "nature":"matter",
    "type":"output",
    "from":"t2",
    "to":"t1",
    "volume_o4":"77 427",
    "volume_o9":"77 427",
    "trend":"NA",
    "unit":"kt/an",
    "color":"#000000",
    "level":"0",
    "parent":"",
    "children":"2100;1900;2300",
    "siblings":"",
    "root":"false",
    "leaf":"false"
  },
  {
    "id":"2100",
    "index":"20",
    "name":"Exportations",
    "nature":"matter",
    "type":"output",
    "from":"t2",
    "to":"t1",
    "volume_o4":"50 017",
    "volume_o9":"50 017",
    "trend":"-2",
    "unit":"kt/an",
    "color":"#828282",
    "level":"1",
    "parent":"",
    "children":"",
    "siblings":"",
    "root":"true",
    "leaf":"false"
  },
  {
    "id":"2110",
    "index":"21",
    "name":"Produits pétroliers",
    "nature":"matter",
    "type":"output",
    "from":"t2",
    "to":"t1",
    "volume_o4":"0",
    "volume_o9":"0",
    "trend":"NA",
    "unit":"kt/an",
    "color":"#33250A",
    "level":"2",
    "parent":"2100",
    "children":"",
    "siblings":"2120;2130;2140;2150",
    "root":"false",
    "leaf":"true"
  },
  {
    "id":"2120",
    "index":"22",
    "name":"Exports marchandises",
    "nature":"matter",
    "type":"output",
    "from":"t2",
    "to":"t1",
    "volume_o4":"24 232",
    "volume_o9":"24 232",
    "trend":"-2",
    "unit":"kt/an",
    "color":"#F75454",
    "level":"2",
    "parent":"2100",
    "children":"2121;2122;2123;2124;2125",
    "siblings":"2110;2130;2140;2150",
    "root":"false",
    "leaf":"false"
  },
  {
    "id":"2121",
    "index":"23",
    "name":"Produits agricoles<br>et alimentaires",
    "nature":"matter",
    "type":"output",
    "from":"t2",
    "to":"t1",
    "volume_o4":"NA",
    "volume_o9":"NA",
    "trend":"NA",
    "unit":"kt/an",
    "color":"#8C2929",
    "level":"3",
    "parent":"2120",
    "children":"",
    "siblings":"2122;2123;2124;2125",
    "root":"false",
    "leaf":"true"
  },
  {
    "id":"2122",
    "index":"24",
    "name":"Minerais et produits<br>métallurgiques",
    "nature":"matter",
    "type":"output",
    "from":"t2",
    "to":"t1",
    "volume_o4":"NA",
    "volume_o9":"NA",
    "trend":"NA",
    "unit":"kt/an",
    "color":"#B4AABA",
    "level":"3",
    "parent":"2120",
    "children":"",
    "siblings":"2121;2123;2124;2125",
    "root":"false",
    "leaf":"true"
  },
  {
    "id":"2123",
    "index":"25",
    "name":"Matériaux de<br>construction",
    "nature":"matter",
    "type":"output",
    "from":"t2",
    "to":"t1",
    "volume_o4":"NA",
    "volume_o9":"NA",
    "trend":"NA",
    "unit":"kt/an",
    "color":"#6B5D70",
    "level":"3",
    "parent":"2120",
    "children":"",
    "siblings":"2121;2122;2124;2125",
    "root":"false",
    "leaf":"true"
  },
  {
    "id":"2124",
    "index":"26",
    "name":"Engrais et produits<br>chimiques",
    "nature":"matter",
    "type":"output",
    "from":"t2",
    "to":"t1",
    "volume_o4":"NA",
    "volume_o9":"NA",
    "trend":"NA",
    "unit":"kt/an",
    "color":"#791C7F",
    "level":"3",
    "parent":"2120",
    "children":"",
    "siblings":"2121;2122;2123;2125",
    "root":"false",
    "leaf":"true"
  },
  {
    "id":"2125",
    "index":"27",
    "name":"Produits manufacturés",
    "nature":"matter",
    "type":"output",
    "from":"t2",
    "to":"t1",
    "volume_o4":"NA",
    "volume_o9":"NA",
    "trend":"NA",
    "unit":"kt/an",
    "color":"#8965AA",
    "level":"3",
    "parent":"2120",
    "children":"",
    "siblings":"2121;2122;2123;2124",
    "root":"false",
    "leaf":"true"
  },
  {
    "id":"2130",
    "index":"29",
    "name":"Déchets ultimes<br> en décharge",
    "nature":"matter",
    "type":"output",
    "from":"t2",
    "to":"t1",
    "volume_o4":"9 529",
    "volume_o9":"9 529",
    "trend":"NA",
    "unit":"kt/an",
    "color":"#595959",
    "level":"2",
    "parent":"2100",
    "children":"2131;2132;2133;2134",
    "siblings":"2110;2120;2140;2150",
    "root":"false",
    "leaf":"false"
  },
  {
    "id":"2131",
    "index":"30",
    "name":"Déchets d'Activités<br>Economiques",
    "nature":"matter",
    "type":"output",
    "from":"t2",
    "to":"t1",
    "volume_o4":"0",
    "volume_o9":"0",
    "trend":"NA",
    "unit":"kt/an",
    "color":"#A8A8A8",
    "level":"3",
    "parent":"2130",
    "children":"",
    "siblings":"2132;2133;2134",
    "root":"false",
    "leaf":"true"
  },
  {
    "id":"2132",
    "index":"31",
    "name":"Déchets Ménagers et Assimilés",
    "nature":"matter",
    "type":"output",
    "from":"t2",
    "to":"t1",
    "volume_o4":"0",
    "volume_o9":"0",
    "trend":"NA",
    "unit":"kt/an",
    "color":"#939393",
    "level":"3",
    "parent":"2130",
    "children":"",
    "siblings":"2131;2133;2134",
    "root":"false",
    "leaf":"true"
  },
  {
    "id":"2133",
    "index":"32",
    "name":"Assainissements",
    "nature":"matter",
    "type":"output",
    "from":"t2",
    "to":"t1",
    "volume_o4":"15",
    "volume_o9":"15",
    "trend":"NA",
    "unit":"kt/an",
    "color":"#7F7F7F",
    "level":"3",
    "parent":"2130",
    "children":"",
    "siblings":"2131;2132;2134",
    "root":"false",
    "leaf":"true"
  },
  {
    "id":"2134",
    "index":"33",
    "name":"Déchets du BTP",
    "nature":"matter",
    "type":"output",
    "from":"t2",
    "to":"t1",
    "volume_o4":"9 503",
    "volume_o9":"9 503",
    "trend":"NA",
    "unit":"kt/an",
    "color":"#707070",
    "level":"3",
    "parent":"2130",
    "children":"",
    "siblings":"2131;2132;2133",
    "root":"false",
    "leaf":"true"
  },
  {
    "id":"2140",
    "index":"34",
    "name":"Emissions atmosphériques<br>vers l'eau",
    "nature":"matter",
    "type":"output",
    "from":"t2",
    "to":"t1",
    "volume_o4":"NA",
    "volume_o9":"NA",
    "trend":"NA",
    "unit":"kt/an",
    "color":"#6A9E9A",
    "level":"2",
    "parent":"2100",
    "children":"",
    "siblings":"2110;2120;2130;2150",
    "root":"false",
    "leaf":"false"
  },
  {
    "id":"2150",
    "index":"35",
    "name":"Déchets organiques<br>épandus",
    "nature":"matter",
    "type":"output",
    "from":"t2",
    "to":"t1",
    "volume_o4":"102",
    "volume_o9":"102",
    "trend":"NA",
    "unit":"kt/an",
    "color":"#6B6139",
    "level":"2",
    "parent":"2100",
    "children":"",
    "siblings":"2110;2120;2130;2140",
    "root":"false",
    "leaf":"false"
  },
  {
    "id":"1900",
    "index":"36",
    "name":"Vers la nature",
    "nature":"matter",
    "type":"waste",
    "from":"t2",
    "to":"t2",
    "volume_o4":"27 410",
    "volume_o9":"27 410",
    "trend":"NA",
    "unit":"kt/an",
    "color":"#6B91AA",
    "level":"1",
    "parent":"2000",
    "children":"1910;1920;1930;1940",
    "siblings":"",
    "root":"true",
    "leaf":"false"
  },
  {
    "id":"1910",
    "index":"37",
    "name":"Emissions atmosphériques",
    "nature":"matter",
    "type":"waste",
    "from":"t2",
    "to":"t2",
    "volume_o4":"24 469",
    "volume_o9":"24 469",
    "trend":"-1",
    "unit":"kt/an",
    "color":"#75A5CC",
    "level":"2",
    "parent":"1900",
    "children":"",
    "siblings":"1920;1930;1940",
    "root":"false",
    "leaf":"true"
  },
  {
    "id":"1920",
    "index":"38",
    "name":"Mise en decharge",
    "nature":"matter",
    "type":"waste",
    "from":"t2",
    "to":"t2",
    "volume_o4":"2 498",
    "volume_o9":"2 498",
    "trend":"NA",
    "unit":"kt/an",
    "color":"#595959",
    "level":"2",
    "parent":"1900",
    "children":"",
    "siblings":"1910;1930;1940",
    "root":"false",
    "leaf":"false"
  },
  {
    "id":"1921",
    "index":"39",
    "name":"Déchets d'Activités Economiques<br> en décharge",
    "nature":"matter",
    "type":"waste",
    "from":"t2",
    "to":"t2",
    "volume_o4":"NA",
    "volume_o9":"NA",
    "trend":"NA",
    "unit":"kt/an",
    "color":"#A8A8A8",
    "level":"3",
    "parent":"1920",
    "children":"",
    "siblings":"1922;1923;1924;1925",
    "root":"false",
    "leaf":"true"
  },
  {
    "id":"1922",
    "index":"40",
    "name":"Déchets Ménagers et<br>Assimilés en décharge",
    "nature":"matter",
    "type":"waste",
    "from":"t2",
    "to":"t2",
    "volume_o4":"NA",
    "volume_o9":"NA",
    "trend":"NA",
    "unit":"kt/an",
    "color":"#939393",
    "level":"3",
    "parent":"1920",
    "children":"",
    "siblings":"1921;1923;1924;1925",
    "root":"false",
    "leaf":"true"
  },
  {
    "id":"1923",
    "index":"41",
    "name":"Assainissements<br>en décharge",
    "nature":"matter",
    "type":"waste",
    "from":"t2",
    "to":"t2",
    "volume_o4":"26",
    "volume_o9":"26",
    "trend":"NA",
    "unit":"kt/an",
    "color":"#7F7F7F",
    "level":"3",
    "parent":"1920",
    "children":"",
    "siblings":"1921;1922;1924;1925",
    "root":"false",
    "leaf":"true"
  },
  {
    "id":"1924",
    "index":"42",
    "name":"BTP en décharge",
    "nature":"matter",
    "type":"waste",
    "from":"t2",
    "to":"t2",
    "volume_o4":"1 333",
    "volume_o9":"1 333",
    "trend":"NA",
    "unit":"kt/an",
    "color":"#707070",
    "level":"3",
    "parent":"1920",
    "children":"",
    "siblings":"1921;1922;1923;1925",
    "root":"false",
    "leaf":"true"
  },
  {
    "id":"1925",
    "index":"43",
    "name":"Déchets agricoles",
    "nature":"matter",
    "type":"waste",
    "from":"t2",
    "to":"t2",
    "volume_o4":"NA",
    "volume_o9":"NA",
    "trend":"NA",
    "unit":"kt/an",
    "color":"#7C3131",
    "level":"3",
    "parent":"1920",
    "children":"",
    "siblings":"1921;1922;1923;1924",
    "root":"false",
    "leaf":"true"
  },
  {
    "id":"1930",
    "index":"44",
    "name":"Emissions vers l'eau",
    "nature":"matter",
    "type":"waste",
    "from":"t2",
    "to":"t2",
    "volume_o4":"8",
    "volume_o9":"8",
    "trend":"NA",
    "unit":"kt/an",
    "color":"#6A9E9A",
    "level":"2",
    "parent":"1920",
    "children":"",
    "siblings":"1910;1920;1940",
    "root":"false",
    "leaf":"false"
  },
  {
    "id":"1940",
    "index":"45",
    "name":"Emissions dissipatives ",
    "nature":"matter",
    "type":"waste",
    "from":"t2",
    "to":"t2",
    "volume_o4":"436",
    "volume_o9":"436",
    "trend":"NA",
    "unit":"kt/an",
    "color":"#708C89",
    "level":"2",
    "parent":"1900",
    "children":"",
    "siblings":"1910;1920;1930",
    "root":"false",
    "leaf":"false"
  },
  {
    "id":"1941",
    "index":"46",
    "name":"Erosion d'usage des pneus et routes,<br>sel de déneigement",
    "nature":"matter",
    "type":"waste",
    "from":"t2",
    "to":"t2",
    "volume_o4":"400",
    "volume_o9":"400",
    "trend":"NA",
    "unit":"kt/an",
    "color":"#A3E5E3",
    "level":"3",
    "parent":"1940",
    "children":"",
    "siblings":"1942;1943",
    "root":"false",
    "leaf":"true"
  },
  {
    "id":"1942",
    "index":"47",
    "name":"Engrais épandu",
    "nature":"matter",
    "type":"waste",
    "from":"t2",
    "to":"t2",
    "volume_o4":"1",
    "volume_o9":"1",
    "trend":"NA",
    "unit":"kt/an",
    "color":"#78527C",
    "level":"3",
    "parent":"1940",
    "children":"",
    "siblings":"1941;1943",
    "root":"false",
    "leaf":"true"
  },
  {
    "id":"1943",
    "index":"48",
    "name":"Déchets organiques<br>épandus",
    "nature":"matter",
    "type":"waste",
    "from":"t2",
    "to":"t2",
    "volume_o4":"NA",
    "volume_o9":"NA",
    "trend":"NA",
    "unit":"kt/an",
    "color":"#6B6139",
    "level":"3",
    "parent":"1940",
    "children":"",
    "siblings":"1941;1942",
    "root":"false",
    "leaf":"true"
  },
  {
    "id":"2300",
    "index":"49",
    "name":"Recyclage & Valorisation",
    "nature":"matter",
    "type":"recyclage",
    "from":"t2",
    "to":"t2",
    "volume_o4":"6928",
    "volume_o9":"6928",
    "trend":"1",
    "unit":"kt/an",
    "color":"#9ADB28",
    "level":"1",
    "parent":"",
    "children":"",
    "siblings":"",
    "root":"true",
    "leaf":"false"
  },
  {
    "id":"2310",
    "index":"50",
    "name":"Valorisation matière<br>(recyclage)",
    "nature":"matter",
    "type":"recyclage",
    "from":"t2",
    "to":"t2",
    "volume_o4":"4 656",
    "volume_o9":"4 656",
    "trend":"NA",
    "unit":"kt/an",
    "color":"#709E42",
    "level":"2",
    "parent":"2300",
    "children":"2311;2312;2313;2314",
    "siblings":"2320;2330",
    "root":"false",
    "leaf":"false"
  },
  {
    "id":"2311",
    "index":"51",
    "name":"Déchets d'Activités<br>Economiques recyclés",
    "nature":"matter",
    "type":"recyclage",
    "from":"t2",
    "to":"t2",
    "volume_o4":"NA",
    "volume_o9":"NA",
    "trend":"NA",
    "unit":"kt/an",
    "color":"#93C893",
    "level":"3",
    "parent":"2310",
    "children":"",
    "siblings":"2312;2313;2314",
    "root":"false",
    "leaf":"true"
  },
  {
    "id":"2312",
    "index":"52",
    "name":"Déchets Ménagers et<br>Assimilés recyclés",
    "nature":"matter",
    "type":"recyclage",
    "from":"t2",
    "to":"t2",
    "volume_o4":"884",
    "volume_o9":"884",
    "trend":"NA",
    "unit":"kt/an",
    "color":"#7FB57F",
    "level":"3",
    "parent":"2310",
    "children":"",
    "siblings":"2311;2313;2314",
    "root":"false",
    "leaf":"true"
  },
  {
    "id":"2313",
    "index":"53",
    "name":"Assainissement recyclés",
    "nature":"matter",
    "type":"recyclage",
    "from":"t2",
    "to":"t2",
    "volume_o4":"2",
    "volume_o9":"2",
    "trend":"0",
    "unit":"kt/an",
    "color":"#709C70",
    "level":"3",
    "parent":"2310",
    "children":"",
    "siblings":"2311;2312;2314",
    "root":"false",
    "leaf":"true"
  },
  {
    "id":"2314",
    "index":"54",
    "name":"BTP recyclés",
    "nature":"matter",
    "type":"recyclage",
    "from":"t2",
    "to":"t2",
    "volume_o4":"1 855",
    "volume_o9":"1 855",
    "trend":"2",
    "unit":"kt/an",
    "color":"#708F4D",
    "level":"3",
    "parent":"2310",
    "children":"",
    "siblings":"2311;2312;2313",
    "root":"false",
    "leaf":"true"
  },
  {
    "id":"2320",
    "index":"55",
    "name":"Valorisation énergétique",
    "nature":"matter",
    "type":"recyclage",
    "from":"t2",
    "to":"t2",
    "volume_o4":"2 272",
    "volume_o9":"2 272",
    "trend":"NA",
    "unit":"kt/an",
    "color":"#FF8F2E",
    "level":"2",
    "parent":"2300",
    "children":"2321;2322;2323;2324",
    "siblings":"2310;2330",
    "root":"false",
    "leaf":"false"
  },
  {
    "id":"2321",
    "index":"56",
    "name":"Déchets d'Activités<br>Economiques incinérés ",
    "nature":"matter",
    "type":"recyclage",
    "from":"t2",
    "to":"t2",
    "volume_o4":"57",
    "volume_o9":"57",
    "trend":"0",
    "unit":"kt/an",
    "color":"#EB7854",
    "level":"3",
    "parent":"2320",
    "children":"",
    "siblings":"2322;2323;2324",
    "root":"false",
    "leaf":"true"
  },
  {
    "id":"2322",
    "index":"57",
    "name":"Déchets Ménagers et<br>Assimilés incinérés",
    "nature":"matter",
    "type":"recyclage",
    "from":"t2",
    "to":"t2",
    "volume_o4":"2 215",
    "volume_o9":"2 215",
    "trend":"1",
    "unit":"kt/an",
    "color":"#E3A654",
    "level":"3",
    "parent":"2320",
    "children":"",
    "siblings":"2321;2323;2324",
    "root":"false",
    "leaf":"true"
  },
  {
    "id":"2323",
    "index":"58",
    "name":"Assainissements incinérés",
    "nature":"matter",
    "type":"recyclage",
    "from":"t2",
    "to":"t2",
    "volume_o4":"0",
    "volume_o9":"0",
    "trend":"0",
    "unit":"kt/an",
    "color":"#FFC25C",
    "level":"3",
    "parent":"2320",
    "children":"",
    "siblings":"2321;2322;2324",
    "root":"false",
    "leaf":"true"
  },
  {
    "id":"2324",
    "index":"59",
    "name":"BTP incinérés",
    "nature":"matter",
    "type":"recyclage",
    "from":"t2",
    "to":"t2",
    "volume_o4":"NA",
    "volume_o9":"NA",
    "trend":"0",
    "unit":"kt/an",
    "color":"#D67840",
    "level":"3",
    "parent":"2320",
    "children":"",
    "siblings":"2321;2322;2323",
    "root":"false",
    "leaf":"true"
  },
  {
    "id":"2330",
    "index":"60",
    "name":"Valorisation organique",
    "nature":"matter",
    "type":"recyclage",
    "from":"t2",
    "to":"t2",
    "volume_o4":"NA",
    "volume_o9":"NA",
    "trend":"NA",
    "unit":"kt/an",
    "color":"#8F631A",
    "level":"2",
    "parent":"2300",
    "children":"2331;2332;2333",
    "siblings":"2310;2320",
    "root":"false",
    "leaf":"false"
  },
  {
    "id":"2331",
    "index":"61",
    "name":"Déchets agricoles<br>épandus",
    "nature":"matter",
    "type":"recyclage",
    "from":"t2",
    "to":"t2",
    "volume_o4":"NA",
    "volume_o9":"NA",
    "trend":"NA",
    "unit":"kt/an",
    "color":"#8F8A1A",
    "level":"3",
    "parent":"2330",
    "children":"",
    "siblings":"2332;2333",
    "root":"false",
    "leaf":"true"
  },
  {
    "id":"2332",
    "index":"62",
    "name":"Déchets Ménagers et Assimilés<br>compostés épandus",
    "nature":"matter",
    "type":"recyclage",
    "from":"t2",
    "to":"t2",
    "volume_o4":"NA",
    "volume_o9":"NA",
    "trend":"NA",
    "unit":"kt/an",
    "color":"#8F8557",
    "level":"3",
    "parent":"2330",
    "children":"",
    "siblings":"2331;2333",
    "root":"false",
    "leaf":"true"
  },
  {
    "id":"2333",
    "index":"63",
    "name":"Assainissement compostés<br>épandus",
    "nature":"matter",
    "type":"recyclage",
    "from":"t2",
    "to":"t2",
    "volume_o4":"NA",
    "volume_o9":"NA",
    "trend":"NA",
    "unit":"kt/an",
    "color":"#8F5436",
    "level":"3",
    "parent":"2330",
    "children":"",
    "siblings":"2331;2332",
    "root":"false",
    "leaf":"true"
  }
],
               "stories": {
        "matter":
        [
        {
            "title":"Les flux de matières en Petite Couronne",
            "subtitle":"",
            "display_dot":true,       
            "steps" :
                [{
                    "subtitle":"Les flux de matières en Petite Couronne",
                    "text": {"time":"200","content":"Le niveau métropolitain représente des enjeux importants de coordination et de synergie entre les acteurs du territoire pour améliorer le métabolisme urbain. A l’heure actuelle, sur ce territoire dont la gouvernance est en construction, les données disponibles ne sont pas aussi fines que pour Paris ou l’Ile-de-France mais cela sera amené à évoluer avec la constitution de la Métropole du Grand Paris."},
                    "flows": [{"vl":["1100","900","2100", "1900", "2300"], "hl":"[]", "year":"o4", "anim":false, "fp":true, "scaling":true, "time":"0"}],
                    "territories":[{"target":"t2", "action":"appear", "parms":{"time":100}, "time":0}],
                    "ui":{"show":["matter"], "hide":["energy", "water"]},
                    "functions":""
                }
                ]
        },
        {
            "title":"Les tendances d'évolution",
            "subtitle":"",
            "display_dot":true,       
            "steps" :
                [{
                    "subtitle":"Les tendances d'évolution",
                    "text": {"time":"200","content":"Les tendances d’évolution des importations de marchandises entre 2003 et 2010 sont à la baisse pour la Petite Couronne (-27%) alors que celle des exportations sont en hausse (+25%)."},
                    "flows": [{"vl":["1100","900","2100", "1900", "2300"], "hl":"[]", "year":"o9", "anim":false, "fp":true, "scaling":true, "time":"0", "anim_trend":true, "mt":true}],
                    "territories":[{"target":"t2", "action":"appear", "parms":{"time":100}, "time":0}],
                    "ui":{"show":["matter"], "hide":["energy", "water"]},
                    "functions":""
                }
                ]
        }
        ],
        "energy":[]
        ,
        "water":[]

}


                }
  