{
	"items": [{
                        "id":"t0",
                        "name":"t0",
                        "f_anchor_x":"",
                        "f_anchor_y":"",
                        "iw":"1",
                        "ih":"1",
                        "x":"-10",
                        "y":"0.4*h",
                        "scale":"1"
                    },
                    {
                        "id":"t1",
                        "name":"t1",
                        "f_anchor_x":"",
                        "f_anchor_y":"",
                        "iw":"1",
                        "ih":"1",
                        "x":"w+10",
                        "y":"0.6*h",
                        "scale":"1"
                    },
					{
                        "id":"t2",
                        "name":"t2",
                        "label":"Consommateurs",
                        "geom":"data/graphics/geom_groupepersonne2.json",
                        "fax":"0",
                        "fay":"0.2",
                        "iw":"0.8",
                        "ih":"0.5",
                        "x":"0.25*w",
                        "y":"0.35*h",
                        "scale":"0.15",
                        "force_w_scale":true,
                        "z":1
					},
                    {
                        "id":"t3",
                        "name":"t3",
                        "label":"Collecte à vélo<br>et stockage",
                        "geom":"data/graphics/geom_collectevelo_stockage.json",
                        "fax":"0",
                        "fay":"0.2",
                        "iw":"0.9",
                        "ih":"0.5",
                        "x":"0.5*w",
                        "y":"0.425*h",
                        "scale":"0.15",
                        "force_w_scale":true,
                        "z":2
                    },
                    {
                        "id":"t4",
                        "name":"t4",
                        "label":"Ressourcerie",
                        "geom":"data/graphics/geom_atelier_avec personne.json",
                        "fax":"0",
                        "fay":"0.2",
                        "iw":"0.8",
                        "ih":"0.4",
                        "x":"0.75*w",
                        "y":"0.5*h",
                        "scale":"0.15",
                        "force_w_scale":true,
                        "z":3
                    },
                    {
                        "id":"t5",
                        "name":"t5",
                        "label":"Plateforme web",
                        "geom":"data/graphics/geom_plateformeweb.json",
                        "fax":"0",
                        "fay":"0.15",
                        "iw":"1",
                        "ih":"0.4",
                        "x":"0.4*w",
                        "y":"0.175*h",
                        "scale":"0.14",
                        "force_w_scale":true,
                        "solution":true,
                        "z":0
                    }],

	"flows": 		[{
                            "id":"900",
                            "index":"0",
                            "name":"Articles pour<br>enfants achetés",
                            "type":"input",
                            "from":"t0",
                            "to":"t2",
                            "volume_o4":"1000",
                            "volume_o9":"1000",
                            "unit":"t / an",
                            "color":"#8965AA",
                            "virtual":true
                        },
                        {
                            "id":"1000",
                            "index":"0",
                            "name":"Articles revendus",
                            "type":"input",
                            "from":"t3",
                            "to":"t2",
                            "volume_o4":"1000",
                            "volume_o9":"1000",
                            "unit":"t / an",
                            "color":"#7FB57F",
                            "virtual":true
                        },
                        {
                            "id":"1100",
                            "index":"0",
                            "name":"Articles jetés",
                            "type":"input",
                            "from":"t2",
                            "to":"t1",
                            "volume_o4":"1000",
                            "volume_o9":"1000",
                            "unit":"t / an",
                            "color":"#939393",
                            "virtual":true
                        },
                        {
                            "id":"2000",
                            "index":"0",
                            "name":"Articles en<br>dépôt-vente",
                            "type":"input",
                            "from":"t2",
                            "to":"t3",
                            "volume_o4":"2000",
                            "volume_o9":"2000",
                            "unit":"t / an",
                            "color":"#939393",
                            "virtual":true
                        },
                        {
                            "id":"300",
                            "index":"0",
                            "name":"Articles invendables",
                            "type":"input",
                            "from":"t3",
                            "to":"t4",
                            "volume_o4":"1000",
                            "volume_o9":"1000",
                            "unit":"t / an",
                            "color":"#939393",
                            "virtual":true
                        },
                        {
                            "id":"200",
                            "index":"0",
                            "name":"Articles réemployés<br>ou recyclés",
                            "type":"input",
                            "from":"t4",
                            "to":"t1",
                            "volume_o4":"1000",
                            "volume_o9":"1000",
                            "unit":"t / an",
                            "color":"#7FB57F",
                            "virtual":true
                        }],

    "stories": {
        "matter":[{
            "title":"",
            "subtitle":"",
            "display_dot":false,       
            "steps" :
                [{
                    "subtitle":"Réemploi d'articles pour enfants",
                    "text": {"time":"200", "content":"En poussette Simone est un site de dépôt-vente sur Internet qui facilite le réemploi des articles pour enfants de 0 à 8 ans. Un coursier à vélo récupère les articles à domicile pour les stocker avant la vente sur la boutique en ligne. Les articles qui ont encore de la valeur sont revendus, les autres sont donnés à des ressourceries pour faciliter leur réemploi ou recyclage. Sur 2 ans, ce sont plus de 5 t d'articles qui ont été réutilisées et non jetées à la poubelle.<br><br><em>Porteur de projet : <a href = \"http://www.enpoussettesimone.com/\" target = \"_blank\">En poussette Simone</a></em>"},
                    "flows": [{"vl":["1000","2000","300", "900","200"], "hl":[], "year":"o9", "anim":false, "fp":true, "scaling":true, "time":0}],
                    "territories":[{"target":"t2", "action":"appear", "parms":{"time":100}, "time":0},
                                    {"target":"t3", "action":"appear", "parms":{"time":100}, "time":0},
                                    {"target":"t4", "action":"appear", "parms":{"time":100}, "time":0},
                                    {"target":"t5", "action":"appear", "parms":{"time":100}, "time":0}]
                },
                {
                    "subtitle":"Réemploi d'articles pour enfants",
                    "text": {"time":"200", "content":"Le réemploi participe à l’allongement de la durée de vie des produits de grande consommation et permet de détourner une partie du flux de déchets ou d’encombrants qui doivent être collectés par la municipalité. 87&nbsp 405 tonnes de déchets occasionnels et encombrants ont été collectées en 2013 à Paris sur la voie publique ou en centre de valorisation et d’apport des encombrants, ce qui représente 38,4 kg par habitant."},
                    "flows": [{"vl":["1100","900"], "hl":["1000","2000","300", "200"], "year":"o4", "anim":false, "fp":true, "scaling":true, "time":0}],
                    "territories":[{"target":"t3", "action":"disappear", "parms":{"time":300}, "time":0},
                                    {"target":"t4", "action":"disappear", "parms":{"time":300}, "time":0},
                                    {"target":"t5", "action":"disappear", "parms":{"time":300}, "time":0}]
                },
                {
                    "subtitle":"Réemploi d'articles pour enfants",
                    "text": {"time":"200", "content":"En poussette Simone est un site de dépôt-vente sur Internet qui facilite le réemploi des articles pour enfants de 0 à 8 ans. Un coursier à vélo récupère les articles à domicile pour les stocker avant la vente sur la boutique en ligne. Les articles qui ont encore de la valeur sont revendus, les autres sont donnés à des ressourceries pour faciliter leur réemploi ou recyclage. Sur 2 ans, ce sont plus de 5 t d'articles qui ont été réutilisées et non jetées à la poubelle.<br><br><em>Porteur de projet : <a href = \"http://www.enpoussettesimone.com/\" target = \"_blank\">En poussette Simone</a></em>"},
                    "flows": [{"vl":["1000","2000","300", "900", "200"], "hl":["1100"], "year":"o9", "anim":false, "fp":true, "scaling":true, "time":0}],
                    "territories":[{"target":"t3", "action":"appear", "parms":{"time":300}, "time":0},
                                    {"target":"t4", "action":"appear", "parms":{"time":300}, "time":0},
                                    {"target":"t5", "action":"appear", "parms":{"time":300}, "time":0}]
                }],       
            "b_steps" :
                [{
                    "subtitle":"Réemploi d'articles pour enfants",
                    "text": {"time":"200", "content":"En poussette Simone est un site de dépôt-vente sur Internet qui facilite le réemploi des articles pour enfants de 0 à 8 ans. Un coursier à vélo récupère les articles à domicile pour les stocker avant la vente sur la boutique en ligne. Les articles qui ont encore de la valeur sont revendus, les autres sont donnés à des ressourceries pour faciliter leur réemploi ou recyclage. Sur 2 ans, ce sont plus de 5 t d'articles qui ont été réutilisées et non jetées à la poubelle.<br><br><em>Porteur de projet : <a href = \"http://www.enpoussettesimone.com/\" target = \"_blank\">En poussette Simone</a></em>"},
                    "flows": [{"vl":["1000","2000","300", "900","200"], "hl":["1100"], "year":"o9", "anim":false, "fp":true, "scaling":true, "time":0}],
                    "territories":[{"target":"t2", "action":"appear", "parms":{"time":300}, "time":0},
                                    {"target":"t3", "action":"appear", "parms":{"time":300}, "time":0},
                                    {"target":"t4", "action":"appear", "parms":{"time":300}, "time":0},
                                    {"target":"t5", "action":"appear", "parms":{"time":300}, "time":0}]
                },
                {
                    "subtitle":"Réemploi d'articles pour enfants",
                    "text": {"time":"200", "content":"Le réemploi participe à l’allongement de la durée de vie des produits de grande consommation et permet de détourner une partie du flux de déchets ou d’encombrants qui doivent être collectés par la municipalité. 87&nbsp 405 tonnes de déchets occasionnels et encombrants ont été collectées en 2013 à Paris sur la voie publique ou en centre de valorisation et d’apport des encombrants, ce qui représente 38,4 kg par habitant."},
                    "flows": [{"vl":["1100","900"], "hl":["1000","2000","300", "200"], "year":"o4", "anim":false, "fp":true, "scaling":true, "time":0}],
                    "territories":[{"target":"t3", "action":"disappear", "parms":{"time":300}, "time":0},
                                    {"target":"t4", "action":"disappear", "parms":{"time":300}, "time":0},
                                    {"target":"t5", "action":"disappear", "parms":{"time":300}, "time":0}]
                }]
        }],
        "energy":[],
        "water":[]
    }
         }
  