{
	"ui_elements":{},
	"scale":"w/2000",
	"items": [
					{
                        "id":"t2",
						"name":"t2",
						"geom":"data/graphics/geom_grandparis.json",
                        "fax":"0",
                        "fay":"0",
                        "iw":"1",
                        "ih":"1",
						"x":"0.725*w",
						"y":"0.525*h",
						"scale":"0.95"
					}],
	"flows": 		[],
	"projects":		[{
                        "id":"paris",
                        "view":"paves",
                        "name":"Projets globaux Paris",
                        "category":[0,1,2,3,4,5,6],
                        "imgurl":"data/graphics/items/thumb_centrerecyclage.png",
                        "territory":"t2",
                        "type":"global",
                        "coverage":"paris",
                        "logo":"adpd",
                        "render":true,
                        "x":"0.46",
                       "y":"-0.17"
                    },
                    {
                        "id":"valdemarne",
                        "view":"paves",
                        "name":"Projets globaux Val de Marne",
                        "category":[0, 5],
                        "imgurl":"data/graphics/items/thumb_centrerecyclage.png",
                        "territory":"t2",
                        "type":"global",
                        "coverage":"valdemarne",
                        "logo":"adpd",
                        "render":false,
                        "x":"0.99",
                        "y":"0.32"
                    },
                    {
                        "id":"grandparis",
                        "view":"paves",
                        "name":"Projets globaux Grand Paris",
                        "category":[0,1,4],
                        "imgurl":"data/graphics/items/thumb_centrerecyclage.png",
                        "territory":"t2",
                        "type":"global",
                        "coverage":"grandparis",
                        "logo":"adpd",
                        "render":true,
                        "x":"0.62",
                        "y":"-0.98"
                    },
                    {
                        "id":"p1",
                        "view":"paves",
						"name":"Recyclage des matériaux de voirie en pierre naturelle",
                        "category":[0, 6],
                        "imgurl":"data/graphics/items/thumb_centrerecyclage.png",
						"territory":"t2",
						"type":"global",
                        "coverage":"paris",
                        "logo":"none",
                        "render":false,
						"x":"0.1",
						"y":"0.1"
					},
                    {
                        "id":"p2",
                        "view":"paves",
                        "name":"Echanges de terres inertes",
                        "category":[0, 1, 6],
                        "imgurl":"data/graphics/items/thumb_constructionbatiment_multiple.png",
                        "territory":"t2",
                        "type":"global",
                        "coverage":"grandparis",
                        "logo":"amu",
                        "render":false,
                        "x":"0.5",
                        "y":"0.5"
                    },
                    {
                        "id":"p3",
                        "view":"paves",
                        "name":"Réemploi des matériaux de chantiers",
                        "category":[0, 6],
                        "imgurl":"data/graphics/items/thumb_deconstructionbatiment_multiple.png",
                        "territory":"t2",
                        "type":"local",
                        "logo":"amu",
                        "render":true,
                        "x":"0.77",
                        "y":"0.41"
                    },
                    {
                        "id":"p4",
                        "view":"paves",
                        "name":"Valorisation d’eaux de ruissellement",
                        "category":[0, 2],
                        "imgurl":"data/graphics/items/thumb_rue_avaloir.png",
                        "territory":"t2",
                        "type":"local",
                        "coverage":"paris",
                        "logo":"amu",
                        "render":true,
                        "x":"0.38",
                        "y":"0.53"
                    },
                    {
                        "id":"p5",
                        "view":"paves",
                        "name":"Filtration des eaux des fontaines",
                        "category":[0, 2],
                        "imgurl":"data/graphics/items/thumb_fontaine.png",
                        "territory":"t2",
                        "type":"local",
                        "coverage":"paris",
                        "logo":"amu",
                        "render":true,
                        "x":"0.29",
                        "y":"0.72"
                    },
                    {
                        "id":"p6",
                        "view":"paves",
                        "name":"Reconstitution de sols fertiles",
                        "category":[0, 5, 6],
                        "imgurl":"data/graphics/items/thumb_fleuve.png",
                        "territory":"t2",
                        "type":"local",
                        "coverage":"paris",
                        "logo":"amu",
                        "render":true,
                        "x":"0.85",
                        "y":"0.83"
                    },
                    {
                        "id":"p7",
                        "view":"paves",
                        "name":"Aquaponie urbaine",
                        "hidden":true,
                        "category":[0, 5],
                        "imgurl":"data/graphics/items/thumb_agriculture_urbaine.png",
                        "territory":"t2",
                        "type":"global",
                        "coverage":"paris",
                        "logo":"amu",
                        "render":false,
                        "x":"0.7",
                        "y":"0.6"
                    },
                    {
                        "id":"p8",
                        "view":"paves",
                        "name":"Nouvelle vie pour les déchets administratifs",
                        "category":[0, 1, 4],
                        "imgurl":"data/graphics/items/thumb_plateformeweb.png",
                        "territory":"t2",
                        "type":"global",
                        "coverage":"paris",
                        "logo":"amu",
                        "render":false,
                        "x":"0.5",
                        "y":"0.65"
                    },
                    {
                        "id":"p9",
                        "view":"paves",
                        "name":"Collecte des déchets de l'administration",
                        "hidden":true,
                        "category":[0, 4],
                        "imgurl":"data/graphics/items/thumb_centrerecyclage.png",
                        "territory":"t2",
                        "type":"local",
                        "logo":"amu",
                        "render":true,
                        "x":"0.49",
                        "y":"0.47"
                    },
                    {
                        "id":"p10",
                        "view":"paves",
                        "name":"Réutilisation de bouteilles sur les événements municipaux",
                        "category":[0, 1, 4],
                        "imgurl":"data/graphics/items/thumb_traiteur.png",
                        "territory":"t2",
                        "type":"global",
                        "coverage":"paris",
                        "logo":"amu",
                        "render":false,
                        "x":"0.5",
                        "y":"0.65"
                    },
                    {
                        "id":"p11",
                        "view":"paves",
                        "name":"Valorisation des biodéchets de cantine (1)",
                        "hidden":true,
                        "category":[0, 3, 5],
                        "imgurl":"data/graphics/items/thumb_usinemethanisation.png",
                        "territory":"t2",
                        "type":"global",
                        "coverage":"paris",
                        "logo":"amu",
                        "render":false,
                        "x":"0.5",
                        "y":"0.65"
                    },
                    {
                        "id":"p12",
                        "view":"paves",
                        "name":"Valorisation des biodéchets de cantine (2)",
                        "category":[0, 3, 5],
                        "imgurl":"data/graphics/items/thumb_plateformeweb.png",
                        "territory":"t2",
                        "type":"local",
                        "coverage":"paris",
                        "logo":"amu",
                        "render":true,
                        "x":"0.47",
                        "y":"0.38"
                    },
                    {
                        "id":"p13",
                        "view":"paves",
                        "name":"Valorisation des marcs de brasserie",
                        "category":[0, 3, 5],
                        "imgurl":"data/graphics/items/thumb_microbrasserie.png",
                        "territory":"t2",
                        "type":"global",
                        "coverage":"grandparis",
                        "logo":"amu",
                        "render":false,
                        "x":"0.5",
                        "y":"0.65"
                    },
                    {
                        "id":"p15",
                        "view":"paves",
                        "name":"Recyclage des produits de déconstruction des cimetières parisiens",
                        "category":[0, 6],
                        "imgurl":"data/graphics/items/thumb_cimetiere.png",
                        "territory":"t2",
                        "type":"global",
                        "coverage":"paris",
                        "logo":"none",
                        "render":false,
                        "x":"0.5",
                        "y":"0.65"
                    },
                    {
                        "id":"p16",
                        "view":"paves",
                        "name":"Réutilisation de terres sur les jardins",
                        "category":[0, 6],
                        "imgurl":"data/graphics/items/thumb_espaces_verts_chantier.png",
                        "territory":"t2",
                        "type":"local",
                        "logo":"none",
                        "render":true,
                        "x":"0.115",
                        "y":"0.67"
                    },
                    {
                        "id":"p17",
                        "view":"paves",
                        "name":"Réemploi de parkas",
                        "category":[0, 4],
                        "imgurl":"data/graphics/items/thumb_administration.png",
                        "territory":"t2",
                        "type":"local",
                        "logo":"none",
                        "render":true,
                        "x":"0.63",
                        "y":"0.83"
                    },
                    {
                        "id":"p18",
                        "view":"paves",
                        "name":"Valorisation des déchets ligneux",
                        "category":[0, 5],
                        "imgurl":"data/graphics/items/thumb_espacesverts_elagage.png",
                        "territory":"t2",
                        "type":"local",
                        "logo":"none",
                        "render":true,
                        "x":"0.91",
                        "y":"0.77"
                    },
                    {
                        "id":"p19",
                        "view":"paves",
                        "name":"Valorisation des boues de curage des canaux",
                        "category":[0,5],
                        "imgurl":"data/graphics/items/thumb_fleuve.png",
                        "territory":"t2",
                        "type":"local",
                        "logo":"none",
                        "render":true,
                        "x":"0.68",
                        "y":"0.24"
                    },
                    {
                        "id":"p20",
                        "view":"paves",
                        "name":"La tente des glaneurs",
                        "category":[0, 3, 5],
                        "imgurl":"data/graphics/items/thumb_tente_glaneur.png",
                        "territory":"t2",
                        "type":"local",
                        "logo":"none",
                        "render":true,
                        "x":"0.66",
                        "y":"0.26"
                    },
                    {
                        "id":"p21",
                        "view":"paves",
                        "name":"Un Jardin Collectif",
                        "category":[0, 5],
                        "imgurl":"data/graphics/items/thumb_immeuble_compost_tout.png",
                        "territory":"t2",
                        "type":"local",
                        "logo":"adpd",
                        "render":true,
                        "x":"0.68",
                        "y":"0.71"
                    },
                    {
                        "id":"p22",
                        "view":"paves",
                        "name":"Collecte et valorisation des huiles alimentaires",
                        "category":[0, 5],
                        "imgurl":"data/graphics/items/thumb_fabricant_bio_diesel.png",
                        "territory":"t2",
                        "type":"local",
                        "logo":"adpd",
                        "render":true,
                        "x":"0.74",
                        "y":"0.98"
                    },
                    {
                        "id":"p23",
                        "view":"paves",
                        "name":"Une seconde vie pour les cartons",
                        "category":[0, 4],
                        "imgurl":"data/graphics/items/thumb_demenagement.png",
                        "territory":"t2",
                        "type":"local",
                        "logo":"adpd",
                        "render":true,
                        "x":"0.55",
                        "y":"0.21"
                    },
                    {
                        "id":"p24",
                        "view":"paves",
                        "name":"Un atelier partagé pour bricoler",
                        "category":[0, 1, 4],
                        "imgurl":"data/graphics/items/thumb_atelier.png",
                        "territory":"t2",
                        "type":"local",
                        "logo":"adpd",
                        "render":true,
                        "x":"0.74",
                        "y":"0.67"
                    },
                    {
                        "id":"p25",
                        "view":"paves",
                        "name":"Valorisation créative des déchets de bois",
                        "category":[0, 4],
                        "imgurl":"data/graphics/items/thumb_atelier.png",
                        "territory":"t2",
                        "type":"local",
                        "logo":"adpd",
                        "render":true,
                        "x":"0.73",
                        "y":"0.46"
                    },
                    {
                        "id":"p26",
                        "view":"paves",
                        "name":"Ecole Wattignies",
                        "category":[0, 3],
                        "imgurl":"data/graphics/items/thumb_ecole_echangeur.png",
                        "territory":"t2",
                        "type":"local",
                        "logo":"none",
                        "render":true,
                        "x":"0.72",
                        "y":"0.8"
                    },
                    {
                        "id":"p27",
                        "view":"paves",
                        "name":"Compostage collectif à Paris",
                        "category":[0, 5],
                        "imgurl":"data/graphics/items/thumb_immeuble_compost_tout.png",
                        "territory":"t2",
                        "type":"global",
                        "coverage":"paris",
                        "logo":"none",
                        "render":false,
                        "x":"0.59",
                        "y":"0.78"
                    },
                    {
                        "id":"p28",
                        "view":"paves",
                        "name":"Valorisation des sapins de Noël ",
                        "category":[0, 5],
                        "imgurl":"data/graphics/items/thumb_espacesverts_broyeursapin.png",
                        "territory":"t2",
                        "type":"global",
                        "coverage":"paris",
                        "logo":"none",
                        "render":false,
                        "x":"0.73",
                        "y":"0.46"
                    },
                    {
                        "id":"p29",
                        "view":"paves",
                        "name":"Gestion de l'eau parc Clichy Batignolles",
                        "category":[0, 2],
                        "imgurl":"data/graphics/items/thumb_jardin_biotop.png",
                        "territory":"t2",
                        "type":"local",
                        "logo":"none",
                        "render":true,
                        "x":"0.37",
                        "y":"0.24"
                    },
                    {
                        "id":"p30",
                        "view":"paves",
                        "name":"Gestion raisonnée de l'eau dans les espaces verts",
                        "category":[0, 2],
                        "imgurl":"data/graphics/items/thumb_espacesverts_fontaine.png",
                        "territory":"t2",
                        "type":"global",
                        "coverage":"paris",
                        "logo":"none",
                        "render":false,
                        "x":"",
                        "y":""
                    },
                    {
                        "id":"p31",
                        "view":"paves",
                        "name":"Franprix entre en Seine",
                        "category":[0, 1],
                        "imgurl":"data/graphics/items/thumb_livraison_bateau.png",
                        "territory":"t2",
                        "type":"local",
                        "logo":"adpd",
                        "render":true,
                        "x":"0.315",
                        "y":"0.52"
                    },
                    {
                        "id":"p32",
                        "view":"paves",
                        "name":"Rejoué",
                        "category":[0, 1, 4],
                        "imgurl":"data/graphics/items/thumb_atelier_avec_personne.png",
                        "territory":"t2",
                        "type":"local",
                        "logo":"adpd",
                        "render":true,
                        "x":"0.4",
                        "y":"0.75"
                    },
                    {
                        "id":"p33",
                        "view":"paves",
                        "name":"Réserve des Arts",
                        "category":[0, 4],
                        "imgurl":"data/graphics/items/thumb_atelier_reservedesarts.png",
                        "territory":"t2",
                        "type":"local",
                        "logo":"adpd",
                        "render":true,
                        "x":"0.34",
                        "y":"0.86"
                    },
                    {
                        "id":"p34",
                        "view":"paves",
                        "name":"Expérimentation d'infiltrations",
                        "category":[0, 2],
                        "imgurl":"data/graphics/items/thumb_espacespublics_infiltrations.png",
                        "territory":"t2",
                        "type":"local",
                        "logo":"none",
                        "render":true,
                        "x":"0.26",
                        "y":"0.73"
                    },
                    {
                        "id":"p35",
                        "view":"paves",
                        "name":"Paris Plages",
                        "category":[0, 4],
                        "imgurl":"data/graphics/items/thumb_parisplage.png",
                        "territory":"t2",
                        "type":"local",
                        "coverage":"paris",
                        "logo":"none",
                        "render":true,
                        "x":"0.52",
                        "y":"0.58"
                    },
                    {
                        "id":"p36",
                        "view":"paves",
                        "name":"Récupération de chaleur au foyer Chevaleret",
                        "category":[0, 3],
                        "imgurl":"data/graphics/items/thumb_immeuble_recuperationchaleur.png",
                        "territory":"t2",
                        "type":"local",
                        "logo":"none",
                        "render":true,
                        "x":"0.59",
                        "y":"0.78"
                    },
                    {
                        "id":"p37",
                        "view":"paves",
                        "name":"Collecte des biodéchets de la restauration",
                        "category":[0, 5],
                        "imgurl":"data/graphics/items/thumb_usinemethanisation.png",
                        "territory":"t2",
                        "type":"global",
                        "coverage":"paris",
                        "logo":"adpd",
                        "render":false,
                        "x":"0",
                        "y":"0"
                    },
                    {
                        "id":"p38",
                        "view":"paves",
                        "name":"Réemploi d'articles pour enfants",
                        "category":[0, 1, 4],
                        "imgurl":"data/graphics/items/thumb_collectevelo_stockage.png",
                        "territory":"t2",
                        "type":"global",
                        "coverage":"grandparis",
                        "logo":"adpd",
                        "render":false,
                        "x":"0",
                        "y":"0"
                    },
                    {
                        "id":"p39",
                        "view":"paves",
                        "name":"La plateforme de la réparation",
                        "category":[0, 1, 4],
                        "imgurl":"data/graphics/items/thumb_plateformeweb.png",
                        "territory":"t2",
                        "type":"global",
                        "coverage":"grandparis",
                        "logo":"none",
                        "render":false,
                        "x":"0",
                        "y":"0"
                    },
                    {
                        "id":"p40",
                        "view":"paves",
                        "name":"Les dons de l’insertion",
                        "category":[0, 4],
                        "imgurl":"data/graphics/items/thumb_collecte_interieur.png",
                        "territory":"t2",
                        "type":"global",
                        "coverage":"paris",
                        "logo":"none",
                        "render":false,
                        "x":"0",
                        "y":"0"
                    },
                    {
                        "id":"p41",
                        "view":"paves",
                        "name":"Transformation de marc de café en substrat",
                        "category":[0, 5],
                        "imgurl":"data/graphics/items/thumb_rungis_champignons.png",
                        "territory":"t2",
                        "type":"local",
                        "logo":"none",
                        "render":true,
                        "x":"0.54",
                        "y":"1.5"
                    },
                    {
                        "id":"p42",
                        "view":"paves",
                        "name":"La plateforme de prêt et d’emprunt",
                        "category":[0, 1, 4],
                        "imgurl":"data/graphics/items/thumb_plateformeweb.png",
                        "territory":"t2",
                        "type":"global",
                        "coverage":"grandparis",
                        "logo":"none",
                        "render":false,
                        "x":"0",
                        "y":"0"
                    },
                    {
                        "id":"p43",
                        "view":"paves",
                        "name":"Compostage des biodéchets d'un restaurant collectif",
                        "category":[0, 5],
                        "imgurl":"data/graphics/items/thumb_compost_electromecanique.png",
                        "territory":"t2",
                        "type":"local",
                        "coverage":"valdemarne",
                        "logo":"none",
                        "render":true,
                        "x":"0.6",
                        "y":"1.33"
                    },
                    {
                        "id":"p44",
                        "view":"paves",
                        "name":"Collecte solidaire de quartier d’appareils électriques",
                        "category":[0, 4],
                        "imgurl":"data/graphics/items/thumb_collecte_exterieur.png",
                        "territory":"t2",
                        "type":"global",
                        "coverage":"grandparis",
                        "logo":"none",
                        "render":false,
                        "x":"0",
                        "y":"0"
                    },
                    {
                        "id":"p45",
                        "view":"paves",
                        "name":"Valorisation des tenues RATP",
                        "category":[0, 4],
                        "imgurl":"data/graphics/items/thumb_entreprise_ratp.png",
                        "territory":"t2",
                        "type":"local",
                        "logo":"none",
                        "render":true,
                        "x":"1.13",
                        "y":"1.5"
                    },
                    {
                        "id":"p46",
                        "view":"paves",
                        "name":"Valorisation des eaux d’exhaure",
                        "category":[0, 2],
                        "imgurl":"data/graphics/items/thumb_tramway.png",
                        "territory":"t2",
                        "type":"local",
                        "coverage":"paris",
                        "logo":"local",
                        "render":true,
                        "x":"0.67",
                        "y":"0.19"
                    },
                    {
                        "id":"p47",
                        "view":"paves",
                        "name":"Actlab, laboratoire du réemploi pour le BTP",
                        "category":[0, 6],
                        "imgurl":"data/graphics/items/thumb_actlab.png",
                        "territory":"t2",
                        "type":"local",
                        "logo":"none",
                        "render":true,
                        "x":"0.43",
                        "y":"0.02"
                    },
                    {
                        "id":"p48",
                        "view":"paves",
                        "name":"Ateliers de réparation collaboratifs",
                        "category":[0, 1, 4],
                        "imgurl":"data/graphics/items/thumb_atelier_avec_personne.png",
                        "territory":"t2",
                        "type":"local",
                        "logo":"none",
                        "render":true,
                        "x":"0.66",
                        "y":"0.36"
                    },
                    {
                        "id":"p49",
                        "view":"paves",
                        "name":"Ateliers chutes libres",
                        "category":[0, 1, 4],
                        "imgurl":"data/graphics/items/thumb_exposition-atelier-complet.png",
                        "territory":"t2",
                        "type":"local",
                        "logo":"none",
                        "render":true,
                        "x":"0.62",
                        "y":"0.56"
                    },
                    {
                        "id":"p50",
                        "view":"paves",
                        "name":"Champs perchés",
                        "hidden":true,
                        "category":[0, 1, 5],
                        "imgurl":"data/graphics/items/thumb_atelier-confiture.png",
                        "territory":"t2",
                        "type":"local",
                        "logo":"none",
                        "render":true,
                        "x":"0.66",
                        "y":"0.36"
                    },
                    {
                        "id":"p51",
                        "view":"paves",
                        "name":"Alimentation durable pour tous",
                        "category":[0, 1, 5],
                        "imgurl":"data/graphics/items/thumb_cuisine.png",
                        "territory":"t2",
                        "type":"local",
                        "logo":"none",
                        "render":true,
                        "x":"0.62",
                        "y":"0.32"
                    },
                    {
                        "id":"p52",
                        "view":"paves",
                        "name":"Le relais du don alimentaire",
                        "category":[0, 1, 5],
                        "imgurl":"data/graphics/items/thumb_associations.png",
                        "territory":"t2",
                        "type":"local",
                        "logo":"none",
                        "render":true,
                        "x":"0.66",
                        "y":"0.72"
                    },
                    {
                        "id":"p53",
                        "view":"paves",
                        "name":"La boutique sans argent",
                        "category":[0, 1, 4],
                        "imgurl":"data/graphics/items/thumb_atelier_avec_personne.png",
                        "territory":"t2",
                        "type":"local",
                        "logo":"none",
                        "render":true,
                        "x":"0.71",
                        "y":"0.79"
                    },
                    {
                        "id":"p54",
                        "view":"paves",
                        "name":"Les champs perchés",
                        "category":[0, 1, 5],
                        "imgurl":"data/graphics/items/thumb_immeuble_galerielafayette-complet.png",
                        "territory":"t2",
                        "type":"local",
                        "logo":"none",
                        "render":true,
                        "x":"0.44",
                        "y":"0.4"
                    }
                    ],


    "stories": {
        "matter":[{
            "title":"Des flux linéaires aux flux circulaires",
            "subtitle":"",
            "display_dot":false,       
            "steps" :
                [{
                    "subtitle":"",
                    "text": {"time":"200", "content":""},
                    "flows": [],
                    "territories":[{"target":"t2", "action":"appear", "parms":{"time":300}, "time":0}]
                }
                ]
        }],
        "energy":[],
        "water":[]
    }
}  