{
	"ui_elements":{},
	"scale":"w/2000",
	"items": [{
                        "id":"t0",
                        "name":"t0",
                        "f_anchor_x":"",
                        "f_anchor_y":"",
                        "iw":"1",
                        "ih":"1",
                        "x":"-10",
                        "y":"0.3*h",
                        "scale":"1"
                    },
                    {
                        "id":"t1",
                        "name":"t1",
                        "f_anchor_x":"",
                        "f_anchor_y":"",
                        "iw":"1",
                        "ih":"1",
                        "x":"w+10",
                        "y":"0.4*h",
                        "scale":"1"
                    },
					{
                        "id":"t2",
                        "name":"t2",
                        "label":"RATP",
                        "geom":"data/graphics/geom_entreprise_ratp.json",
                        "fax":"0",
                        "fay":"0.3",
                        "iw":"1",
                        "ih":"0.4",
                        "x":"0.25*w",
                        "y":"0.25*h",
                        "scale":"0.18",
                        "force_w_scale":true
					},
                    {
                        "id":"t3",
                        "name":"t3",
                        "label":"Plateforme de traitement<br>Le Relais",
                        "geom":"data/graphics/geom_centrerecyclage.json",
                        "fax":"0",
                        "fay":"0.15",
                        "iw":"1",
                        "ih":"0.4",
                        "x":"0.5*w",
                        "y":"0.35*h",
                        "scale":"0.18",
                        "force_w_scale":true,
                        "solution":true
                    },
                    {
                        "id":"t4",
                        "name":"t4",
                        "label":"Consommateurs",
                        "geom":"data/graphics/geom_groupepersonne2.json",
                        "fax":"0",
                        "fay":"0.15",
                        "iw":"1",
                        "ih":"0.4",
                        "x":"0.75*w",
                        "y":"0.45*h",
                        "scale":"0.16",
                        "force_w_scale":true
                    }],

	"flows": 		[
                        {
                            "id":"100",
                            "index":"0",
                            "name":"Achat de tenues<br>de travail",
                            "type":"input",
                            "from":"t0",
                            "to":"t2",
                            "volume_o4":"2000",
                            "volume_o9":"2000",
                            "unit":"t / an",
                            "color":"#8965AA",
                            "virtual":true
                        },
                        {
                            "id":"1000",
                            "index":"0",
                            "name":"Tenues de travail jetées",
                            "type":"input",
                            "from":"t2",
                            "to":"t1",
                            "volume_o4":"2000",
                            "volume_o9":"2000",
                            "unit":"t / an",
                            "color":"#A8A8A8",
                            "virtual":true
                        },
                        {
                            "id":"2000",
                            "index":"0",
                            "name":"Tenues de travail collectées",
                            "type":"input",
                            "from":"t2",
                            "to":"t3",
                            "volume_o4":"2000",
                            "volume_o9":"2000",
                            "unit":"t / an",
                            "color":"#A8A8A8",
                            "virtual":true
                        },
                        {
                            "id":"4000",
                            "index":"0",
                            "name":"Tenues réemployées",
                            "type":"input",
                            "from":"t3",
                            "to":"t4",
                            "volume_o4":"1000",
                            "volume_o9":"1000",
                            "unit":"t / an",
                            "color":"#93C893",
                            "virtual":true
                        },
                        {
                            "id":"3000",
                            "index":"0",
                            "name":"Tenues recyclées<br>(chiffons, bobines, isolants)",
                            "type":"input",
                            "from":"t3",
                            "to":"t1",
                            "volume_o4":"1000",
                            "volume_o9":"1000",
                            "unit":"t / an",
                            "color":"#93C893",
                            "virtual":true
                        }],

    "stories": {
        "matter":[{
            "title":"",
            "subtitle":"",
            "display_dot":false,       
            "steps" :
                [{
                    "subtitle":"Recyclage et valorisation des tenues RATP",
                    "text": {"time":"200", "content":"La RATP a lancé un dispositif de collecte et de recyclage des tenues des agents d’exploitation lors de leur renouvellement. Soit 27 000 agents sur la période 2014 – 2016. La RATP assure la collecte et la valorisation est confiée à l’entreprise Le Relais (Emmaüs France). Selon leur composition, ces vêtements sont orientés dans une filière spécifique pour être réemployés (articles ne portant pas de logo), pour être transformés en chiffons ou en bobines de fil recyclé, ou encore pour être effilochés et utilisés en isolants. 8,3 tonnes ont ainsi déjà été collectés.<br><br><em>Porteurs de projet : <a href = \"http://www.ratp.fr/\" target = \"_blank\">RATP</a> et <a href = \"http://www.lerelais.org/\" target = \"_blank\">Le Relais</a></em>"},
                    "flows": [{"vl":["2000","100","3000","4000"], "hl":[], "year":"o9", "anim":false, "fp":true, "scaling":true, "time":0}],
                    "territories":[{"target":"t2", "action":"appear", "parms":{"time":100}, "time":0},
                                    {"target":"t3", "action":"appear", "parms":{"time":100}, "time":0},
                                    {"target":"t4", "action":"appear", "parms":{"time":100}, "time":0}]
                },
                {
                    "subtitle":"Recyclage et valorisation des tenues RATP",
                    "text": {"time":"200", "content":"La RATP assure la fourniture et la distribution de dotations vestimentaires pour les agents d’exploitation et de maintenance en contact ou non avec le public. Différentes fiches spécifiques sont déclinées par fonction et par sexe (en tout 93). Ces tenues permettent une bonne identification des agents par le public et également d’assurer leur protection par le biais d’équipements de protection individuelle."},
                    "flows": [{"vl":["1000","100"], "hl":["3000","4000","2000"], "year":"o4", "anim":false, "fp":true, "scaling":true, "time":0}],
                    "territories":[{"target":"t3", "action":"disappear", "parms":{"time":300}, "time":0},
                                    {"target":"t4", "action":"disappear", "parms":{"time":300}, "time":0}]
                },
                {
                    "subtitle":"Recyclage et valorisation des tenues RATP",
                    "text": {"time":"200", "content":"La RATP a lancé un dispositif de collecte et de recyclage des tenues des agents d’exploitation lors de leur renouvellement. Soit 27 000 agents sur la période 2014 – 2016. La RATP assure la collecte et la valorisation est confiée à l’entreprise Le Relais (Emmaüs France). Selon leur composition, ces vêtements sont orientés dans une filière spécifique pour être réemployés (articles ne portant pas de logo), pour être transformés en chiffons ou en bobines de fil recyclé, ou encore pour être effilochés et utilisés en isolants. 8,3 tonnes ont ainsi déjà été collectés.<br><br><em>Porteurs de projet : <a href = \"http://www.ratp.fr/\" target = \"_blank\">RATP</a> et <a href = \"http://www.lerelais.org/\" target = \"_blank\">Le Relais</a></em>"},
                    "flows": [{"vl":["2000","3000","100","4000"], "hl":["1000"], "year":"o9", "anim":false, "fp":true, "scaling":true, "time":0}],
                    "territories":[{"target":"t3", "action":"appear", "parms":{"time":300}, "time":0},
                                    {"target":"t4", "action":"appear", "parms":{"time":300}, "time":0}]
                }],       
            "b_steps" :
                [{
                    "subtitle":"Recyclage et valorisation des tenues RATP",
                    "text": {"time":"200", "content":"La RATP a lancé un dispositif de collecte et de recyclage des tenues des agents d’exploitation lors de leur renouvellement. Soit 27 000 agents sur la période 2014 – 2016. La RATP assure la collecte et la valorisation est confiée à l’entreprise Le Relais (Emmaüs France). Selon leur composition, ces vêtements sont orientés dans une filière spécifique pour être réemployés (articles ne portant pas de logo), pour être transformés en chiffons ou en bobines de fil recyclé, ou encore pour être effilochés et utilisés en isolants. 8,3 tonnes ont ainsi déjà été collectés.<br><br><em>Porteurs de projet : <a href = \"http://www.ratp.fr/\" target = \"_blank\">RATP</a> et <a href = \"http://www.lerelais.org/\" target = \"_blank\">Le Relais</a></em>"},
                    "flows": [{"vl":["2000","100","3000","4000"], "hl":["1000"], "year":"o9", "anim":false, "fp":true, "scaling":true, "time":0}],
                    "territories":[{"target":"t2", "action":"appear", "parms":{"time":100}, "time":0},
                                    {"target":"t3", "action":"appear", "parms":{"time":100}, "time":0},
                                    {"target":"t4", "action":"appear", "parms":{"time":100}, "time":0}]
                },
                {
                    "subtitle":"Recyclage et valorisation des tenues RATP",
                    "text": {"time":"200", "content":"La RATP assure la fourniture et la distribution de dotations vestimentaires pour les agents d’exploitation et de maintenance en contact ou non avec le public. Différentes fiches spécifiques sont déclinées par fonction et par sexe (en tout 93). Ces tenues permettent une bonne identification des agents par le public et également d’assurer leur protection par le biais d’équipements de protection individuelle."},
                    "flows": [{"vl":["1000","100"], "hl":["3000","4000","2000"], "year":"o4", "anim":false, "fp":true, "scaling":true, "time":0}],
                    "territories":[{"target":"t3", "action":"disappear", "parms":{"time":300}, "time":0},
                                    {"target":"t4", "action":"disappear", "parms":{"time":300}, "time":0}]
                }]
        }],
        "energy":[],
        "water":[]
    }
         }
  