{
	"ui_elements":{},
	"scale":"w/2000",
	"items": [{
                        "id":"t0",
                        "name":"t0",
                        "fax":"",
                        "fay":"",
                        "iw":"1",
                        "ih":"1",
                        "x":"-10",
                        "y":"0.35*h",
                        "scale":"1"
                    },
                    {
                        "id":"t1",
                        "name":"t1",
                        "fax":"",
                        "fay":"",
                        "iw":"1",
                        "ih":"1",
                        "x":"w+10",
                        "y":"0.4*h",
                        "scale":"1"
                    },
                    {
                        "id":"t2",
                        "name":"t2",
                        "label":"Particuliers et associations",
                        "geom":"data/graphics/geom_associations.json",
                        "fax":"0",
                        "fay":"0.2",
                        "iw":"1",
                        "ih":"0.9",
                        "x":"0.2*w",
                        "y":"0.15*h",
                        "scale":"0.15",
                        "force_w_scale":true
                    },
                    {
                        "id":"t3",
                        "name":"t3",
                        "label":"Ecoles et crèches",
                        "geom":"data/graphics/geom_ecole.json",
                        "fax":"0",
                        "fay":"0.25",
                        "iw":"1",
                        "ih":"0.9",
                        "x":"0.35*w",
                        "y":"0.3*h",
                        "scale":"0.15",
                        "force_w_scale":true
                    },
                    {
                        "id":"t4",
                        "name":"t4",
                        "label":"Entreprises",
                        "geom":"data/graphics/geom_entreprise_voiture.json",
                        "fax":"0",
                        "fay":"0.3",
                        "iw":"1",
                        "ih":"0.9",
                        "x":"0.2*w",
                        "y":"0.5*h",
                        "scale":"0.15",
                        "force_w_scale":true
                    },
                    {
                        "id":"t5",
                        "name":"t5",
                        "label":"Association Rejoué",
                        "geom":"data/graphics/geom_atelier_avec personne.json",
                        "fax":"0",
                        "fay":"0.25",
                        "iw":"1",
                        "ih":"0.9",
                        "x":"0.6*w",
                        "y":"0.33*h",
                        "scale":"0.15",
                        "force_w_scale":true,
                        "solution":true
                    },
                    {
                        "id":"t6",
                        "name":"t6",
                        "label":"Boutique",
                        "geom":"data/graphics/geom_boutique.json",
                        "fax":"0",
                        "fay":"0.25",
                        "iw":"1",
                        "ih":"0.9",
                        "x":"0.85*w",
                        "y":"0.34*h",
                        "scale":"0.15",
                        "force_w_scale":true
                    }],

	"flows": 		[{
                            "id":"1100",
                            "index":"0",
                            "name":"Achats de jouets",
                            "type":"input",
                            "from":"t0",
                            "to":"t3",
                            "volume_o4":"100",
                            "volume_o9":"50",
                            "trend":"-1",
                            "unit":"t / an",
                            "color":"#8965AA",
                            "level":"0",
                            "parent":"",
                            "children":"",
                            "siblings":"",
                            "virtual":true
                        },
                        {
                            "id":"1200",
                            "index":"0",
                            "name":"Achats de jouets",
                            "type":"input",
                            "from":"t0",
                            "to":"t4",
                            "volume_o4":"100",
                            "volume_o9":"50",
                            "trend":"-1",
                            "unit":"t / an",
                            "color":"#8965AA",
                            "level":"0",
                            "parent":"",
                            "children":"",
                            "siblings":"",
                            "virtual":true
                        },
                        {
                            "id":"1000",
                            "index":"0",
                            "name":"Achats de jouets",
                            "type":"input",
                            "from":"t0",
                            "to":"t2",
                            "volume_o4":"100",
                            "volume_o9":"50",
                            "trend":"-1",
                            "unit":"t / an",
                            "color":"#8965AA",
                            "level":"0",
                            "parent":"",
                            "children":"",
                            "siblings":"",
                            "virtual":true
                        },
                        {
                            "id":"600",
                            "index":"0",
                            "name":"Jouets jetés",
                            "type":"input",
                            "from":"t3",
                            "to":"t1",
                            "volume_o4":"100",
                            "volume_o9":"50",
                            "trend":"-1",
                            "unit":"t / an",
                            "color":"#939393",
                            "level":"0",
                            "parent":"",
                            "children":"",
                            "siblings":"",
                            "virtual":true
                        },
                        {
                            "id":"500",
                            "index":"0",
                            "name":"Jouets jetés",
                            "type":"input",
                            "from":"t2",
                            "to":"t1",
                            "volume_o4":"100",
                            "volume_o9":"50",
                            "trend":"-1",
                            "unit":"t / an",
                            "color":"#939393",
                            "level":"0",
                            "parent":"",
                            "children":"",
                            "siblings":"",
                            "virtual":true
                        },
                        {
                            "id":"700",
                            "index":"0",
                            "name":"Jouets jetés",
                            "type":"input",
                            "from":"t4",
                            "to":"t1",
                            "volume_o4":"100",
                            "volume_o9":"50",
                            "trend":"-1",
                            "unit":"t / an",
                            "color":"#939393",
                            "level":"0",
                            "parent":"",
                            "children":"",
                            "siblings":"",
                            "virtual":true
                        },
                        {
                            "id":"2000",
                            "index":"0",
                            "name":"Jouets jetés",
                            "type":"input",
                            "from":"t2",
                            "to":"t5",
                            "volume_o4":"100",
                            "volume_o9":"50",
                            "trend":"-1",
                            "unit":"t / an",
                            "color":"#939393",
                            "level":"0",
                            "parent":"",
                            "children":"",
                            "siblings":"",
                            "virtual":true
                        },
                        {
                            "id":"2100",
                            "index":"0",
                            "name":"Jouets jetés",
                            "type":"input",
                            "from":"t3",
                            "to":"t5",
                            "volume_o4":"100",
                            "volume_o9":"50",
                            "trend":"-1",
                            "unit":"t / an",
                            "color":"#939393",
                            "level":"0",
                            "parent":"",
                            "children":"",
                            "siblings":"",
                            "virtual":true
                        },
                        {
                            "id":"2200",
                            "index":"0",
                            "name":"Jouets jetés",
                            "type":"input",
                            "from":"t4",
                            "to":"t5",
                            "volume_o4":"100",
                            "volume_o9":"50",
                            "trend":"-1",
                            "unit":"t / an",
                            "color":"#939393",
                            "level":"0",
                            "parent":"",
                            "children":"",
                            "siblings":"",
                            "virtual":true
                        },
                        {
                            "id":"3000",
                            "index":"0",
                            "name":"Jouets remis en forme",
                            "type":"input",
                            "from":"t5",
                            "to":"t6",
                            "volume_o4":"75",
                            "volume_o9":"75",
                            "trend":"-1",
                            "unit":"t / an",
                            "color":"#7FB57F",
                            "level":"0",
                            "parent":"",
                            "children":"",
                            "siblings":"",
                            "virtual":true
                        }],

    "stories": {
        "matter":[{
            "title":"",
            "subtitle":"",
            "display_dot":false,       
            "steps" :
                [{
                    "subtitle":"Rejoué",
                    "text": {"time":"200", "content":"Rejoué collecte, trie, recompose et favorise le réemploi des jouets ayant déjà servi en les vendant aux particuliers et aux professionnels de l'enfance : crèches, assistantes sociales, ludothèques, centres de loisirs ou en les donnant aux familles défavorisées. L’association contribue à l’insertion de 14 salariés et au recyclage des déchets de sa propre activité, notamment les déchets d'équipements électriques et électroniques et les textiles qui sont transformés en fibres. <b>Rejoué collecte plus de 19 tonnes de jouets par an</b> dans plus de 90 points de collectes (particuliers, écoles, crèches, entreprises, associations caritatives...) et plus de 9 tonnes de jouets trouvent ainsi une nouvelle vie.<br><br><em>Porteur de projet : <a href = \"https://fr-fr.facebook.com/pages/Rejou%C3%A9/187849474599104\" target = \"_blank\">Rejoué</a></em>"},
                    "flows": [{"vl":["1200", "1100", "1000", "2000","2100","2200", "3000"], "hl":[], "year":"o9", "anim":false, "fp":true, "scaling":true, "time":0}],
                    "territories":[{"target":"t2", "action":"appear", "parms":{"time":100}, "time":0},
                                    {"target":"t3", "action":"appear", "parms":{"time":100}, "time":0},
                                    {"target":"t4", "action":"appear", "parms":{"time":100}, "time":0},
                                    {"target":"t5", "action":"appear", "parms":{"time":100}, "time":0},
                                    {"target":"t6", "action":"appear", "parms":{"time":100}, "time":0}],
                    "ui":{"show":[], "hide":[]},
                    "functions":""
                },
                {
                    "subtitle":"Rejoué",
                    "text": {"time":"200", "content":"Chaque année, à Noël, plus de 60 millions de jouets sont vendus. Ils sont composés de matériaux très variés dont 90 % de matières plastiques et synthétiques avec également un grand nombre de circuits électroniques. Plus de 100 000 d’entre eux finissent chaque jour à la poubelle, soit 40 millions chaque année : une montagne de jouets à recycler ! *<br><br><span style = \"font-size:12px\">* Extrait du site rejoue.asso.fr</span>"},
                    "flows": [{"vl":["500","600","700"], "hl":["2000","2100","2200", "3000"], "year":"o9", "anim":false, "fp":true, "scaling":false, "time":0}],
                    "territories":[{"target":"t5", "action":"disappear", "parms":{"time":300}, "time":0},
                                    {"target":"t6", "action":"disappear", "parms":{"time":300}, "time":0}],
                    "ui":{"show":[], "hide":[]},
                    "functions":""
                },
                {
                    "subtitle":"Rejoué",
                    "text": {"time":"200", "content":"Rejoué collecte, trie, recompose et favorise le réemploi des jouets ayant déjà servi en les vendant aux particuliers et aux professionnels de l'enfance : crèches, assistantes sociales, ludothèques, centres de loisirs ou en les donnant aux familles défavorisées. L’association contribue à l’insertion de 14 salariés et au recyclage des déchets de sa propre activité, notamment les déchets d'équipements électriques et électroniques et les textiles qui sont transformés en fibres. <b>Rejoué collecte plus de 19 tonnes de jouets par an</b> dans plus de 90 points de collectes (particuliers, écoles, crèches, entreprises, associations caritatives...) et plus de 9 tonnes de jouets trouvent ainsi une nouvelle vie.<br><br><em>Porteur de projet : <a href = \"https://fr-fr.facebook.com/pages/Rejou%C3%A9/187849474599104\" target = \"_blank\">Rejoué</a></em>"},
                    "flows": [{"vl":["2000","2100","2200", "3000"], "hl":["500","600","700"], "year":"o9", "anim":false, "fp":true, "scaling":true, "time":0}],
                    "territories":[{"target":"t5", "action":"appear", "parms":{"time":300}, "time":0},
                                    {"target":"t6", "action":"appear", "parms":{"time":300}, "time":0}],
                    "ui":{"show":[], "hide":[]},
                    "functions":""
                }],       
            "b_steps" :
                [{
                    "subtitle":"Rejoué",
                    "text": {"time":"200", "content":"Rejoué collecte, trie, recompose et favorise le réemploi des jouets ayant déjà servi en les vendant aux particuliers et aux professionnels de l'enfance : crèches, assistantes sociales, ludothèques, centres de loisirs ou en les donnant aux familles défavorisées. L’association contribue à l’insertion de 14 salariés et au recyclage des déchets de sa propre activité, notamment les déchets d'équipements électriques et électroniques et les textiles qui sont transformés en fibres. <b>Rejoué collecte plus de 19 tonnes de jouets par an</b> dans plus de 90 points de collectes (particuliers, écoles, crèches, entreprises, associations caritatives...) et plus de 9 tonnes de jouets trouvent ainsi une nouvelle vie.<br><br><em>Porteur de projet : <a href = \"https://fr-fr.facebook.com/pages/Rejou%C3%A9/187849474599104\" target = \"_blank\">Rejoué</a></em>"},
                    "flows": [{"vl":["2000","2100","2200", "3000"], "hl":["500","600","700"], "year":"o9", "anim":false, "fp":true, "scaling":true, "time":0}],
                    "territories":[{"target":"t5", "action":"appear", "parms":{"time":300}, "time":0},
                                    {"target":"t6", "action":"appear", "parms":{"time":300}, "time":0}],
                    "ui":{"show":[], "hide":[]},
                    "functions":""
                },
                {
                    "subtitle":"Rejoué",
                    "text": {"time":"200", "content":"Chaque année, à Noël, plus de 60 millions de jouets sont vendus. Ils sont composés de matériaux très variés dont 90 % de matières plastiques et synthétiques avec également un grand nombre de circuits électroniques. Plus de 100 000 d’entre eux finissent chaque jour à la poubelle, soit 40 millions chaque année : une montagne de jouets à recycler ! *<br><br><span style = \"font-size:12px\">* Extrait du site rejoue.asso.fr</span>"},
                    "flows": [{"vl":["500","600","700"], "hl":["2000","2100","2200", "3000"], "year":"o9", "anim":false, "fp":true, "scaling":false, "time":0}],
                    "territories":[{"target":"t5", "action":"disappear", "parms":{"time":300}, "time":0},
                                    {"target":"t6", "action":"disappear", "parms":{"time":300}, "time":0}],
                    "ui":{"show":[], "hide":[]},
                    "functions":""
                }]
        }],
        "energy":[],
        "water":[]
    }
         }
  