{
	"ui_elements":{},
	"scale":"w/2000",
	"items": [{
                        "id":"t0",
                        "name":"t0",
                        "f_anchor_x":"",
                        "f_anchor_y":"",
                        "iw":"1",
                        "ih":"1",
                        "x":"-10",
                        "y":"0.25*h",
                        "scale":"1"
                    },
                    {
                        "id":"t1",
                        "name":"t1",
                        "f_anchor_x":"",
                        "f_anchor_y":"",
                        "iw":"1",
                        "ih":"1",
                        "x":"w+10",
                        "y":"0.35*h",
                        "scale":"1"
                    },
					{
                        "id":"t2",
                        "name":"t2",
                        "label":"Déménagements",
                        "geom":"data/graphics/geom_demenagement.json",
                        "fax":"0",
                        "fay":"0.22",
                        "iw":"1",
                        "ih":"0.5",
                        "x":"0.3*w",
                        "y":"0.33*h",
                        "scale":"0.14",
                        "force_w_scale":true
					},
                    {
                        "id":"t3",
                        "name":"t3",
                        "label":"Collecte à vélo",
                        "geom":"data/graphics/geom_livraison-triporteur.json",
                        "fax":"0",
                        "fay":"0.15",
                        "iw":"0.8",
                        "ih":"0.5",
                        "x":"0.6*w",
                        "y":"0.275*h",
                        "scale":"0.14",
                        "force_w_scale":true
                    },
                    {
                        "id":"t4",
                        "name":"t4",
                        "label":"Centre de recyclage",
                        "geom":"data/graphics/geom_centrerecyclage.json",
                        "fax":"0",
                        "fay":"0.15",
                        "iw":"0.6",
                        "ih":"0.5",
                        "x":"0.8*w",
                        "y":"0.45*h",
                        "scale":"0.14",
                        "force_w_scale":true
                    },
                    {
                        "id":"t6",
                        "name":"t6",
                        "label":"Habitants",
                        "geom":"data/graphics/geom_groupepersonne2.json",
                        "fax":"0",
                        "fay":"0.15",
                        "iw":"1",
                        "ih":"0.5",
                        "x":"0.2*w",
                        "y":"0.15*h",
                        "scale":"0.14",
                        "force_w_scale":true
                    },
                    {
                        "id":"t7",
                        "name":"t7",
                        "label":"Agriculture urbaine",
                        "geom":"data/graphics/geom_immeuble_parisien-culturetoit.json",
                        "fax":"0",
                        "fay":"0.3",
                        "iw":"0.6",
                        "ih":"0.5",
                        "x":"0.45*w",
                        "y":"0.45*h",
                        "scale":"0.11",
                        "force_w_scale":true
                    },
                    {
                        "id":"t8",
                        "name":"t8",
                        "label":"Trilib'",
                        "geom":"data/graphics/geom_trilib.json",
                        "fax":"0",
                        "fay":"0.15",
                        "iw":"1",
                        "ih":"0.5",
                        "x":"0.4*w",
                        "y":"0.2*h",
                        "scale":"0.14",
                        "force_w_scale":true
                    }],

	"flows": 		[{
                            "id":"1000",
                            "index":"0",
                            "name":"Cartons usagés",
                            "type":"input",
                            "from":"t2",
                            "to":"t1",
                            "volume_o4":"1000",
                            "volume_o9":"1000",
                            "unit":"t / an",
                            "color":"#939393",
                            "virtual":true
                        },
                        {
                            "id":"1100",
                            "index":"0",
                            "name":"Cartons usagés",
                            "type":"input",
                            "from":"t2",
                            "to":"t1",
                            "volume_o4":"2000",
                            "volume_o9":"2000",
                            "unit":"t / an",
                            "color":"#939393",
                            "virtual":true
                        },
                        {
                            "id":"2000",
                            "index":"0",
                            "name":"Cartons usagés",
                            "type":"input",
                            "from":"t2",
                            "to":"t3",
                            "volume_o4":"1000",
                            "volume_o9":"1000",
                            "unit":"t / an",
                            "color":"#939393",
                            "virtual":true
                        },
                        {
                            "id":"3000",
                            "index":"0",
                            "name":"Cartons collectés",
                            "type":"input",
                            "from":"t3",
                            "to":"t4",
                            "volume_o4":"1000",
                            "volume_o9":"1000",
                            "unit":"t / an",
                            "color":"#939393",
                            "virtual":true
                        },
                        {
                            "id":"400",
                            "index":"0",
                            "name":"Cartons réutilisés",
                            "type":"input",
                            "from":"t4",
                            "to":"t2",
                            "volume_o4":"500",
                            "volume_o9":"500",
                            "unit":"t / an",
                            "color":"#93C893",
                            "virtual":true
                        },
                        {
                            "id":"100",
                            "index":"0",
                            "name":"Cartons réutilisés",
                            "type":"input",
                            "from":"t4",
                            "to":"t6",
                            "volume_o4":"500",
                            "volume_o9":"500",
                            "unit":"t / an",
                            "color":"#93C893",
                            "virtual":true
                        },
                        {
                            "id":"200",
                            "index":"0",
                            "name":"Cartons usagés",
                            "type":"input",
                            "from":"t6",
                            "to":"t8",
                            "volume_o4":"1000",
                            "volume_o9":"1000",
                            "unit":"t / an",
                            "color":"#939393",
                            "virtual":true
                        },
                        {
                            "id":"300",
                            "index":"0",
                            "name":"Cartons collectés",
                            "type":"input",
                            "from":"t8",
                            "to":"t3",
                            "volume_o4":"1000",
                            "volume_o9":"1000",
                            "unit":"t / an",
                            "color":"#939393",
                            "virtual":true
                        },
                        {
                            "id":"4000",
                            "index":"0",
                            "name":"Cartons transformés",
                            "type":"input",
                            "from":"t4",
                            "to":"t7",
                            "volume_o4":"500",
                            "volume_o9":"500",
                            "unit":"t / an",
                            "color":"#93C893",
                            "virtual":true
                        },
                        {
                            "id":"500",
                            "index":"0",
                            "name":"Cartons neufs",
                            "type":"input",
                            "from":"t0",
                            "to":"t2",
                            "volume_o4":"1000",
                            "volume_o9":"500",
                            "unit":"t / an",
                            "color":"#8965AA",
                            "virtual":true
                        },
                        {
                            "id":"50",
                            "index":"0",
                            "name":"Cartons neufs",
                            "type":"input",
                            "from":"t0",
                            "to":"t6",
                            "volume_o4":"1000",
                            "volume_o9":"500",
                            "unit":"t / an",
                            "color":"#8965AA",
                            "virtual":true
                        },
                        {
                            "id":"10",
                            "index":"0",
                            "name":"Cartons usagés",
                            "type":"input",
                            "from":"t6",
                            "to":"t1",
                            "volume_o4":"1000",
                            "volume_o9":"500",
                            "unit":"t / an",
                            "color":"#939393",
                            "virtual":true
                        },
                        {
                            "id":"20",
                            "index":"0",
                            "name":"Cartons usagés",
                            "type":"input",
                            "from":"t2",
                            "to":"t1",
                            "volume_o4":"1000",
                            "volume_o9":"500",
                            "unit":"t / an",
                            "color":"#939393",
                            "virtual":true
                        }],

    "stories": {
        "matter":[{
            "title":"",
            "subtitle":"",
            "display_dot":false,       
            "steps" :
                [{
                    "subtitle":"Une seconde vie pour les cartons de déménagement",
                    "text": {"time":"200", "content":"Carton Plein collecte gratuitement, à vélo électrique, les cartons de déménagement pour les reconditionner et les revendre. L’association propose une solution plus écologique et solidaire car elle emploie et accompagne des personnes en situation précaire. Plus de 6000 cartons sont collectés par mois, soit près de 3 tonnes, dont plus de 80% sont réemployés directement et le reste transformé en paillette pour l'agriculture urbaine (compost et culture de champignon). Chaque carton réutilisé permet d'éviter la fabrication d'un nouveau carton qui consomme 40 litres d'eau et émet 500 g de CO2.<br><br><em>Porteur de projet : <a href = \"http://www.cartonplein.org\" target = \"_blank\">Carton Plein</a></em>"},
                    "flows": [{"vl":["2000","3000","4000", "100", "200", "300", "400", "500", "50"], "hl":[], "year":"o9", "anim":false, "fp":true, "scaling":true, "time":0}],
                    "territories":[{"target":"t2", "action":"appear", "parms":{"time":100}, "time":0},
                                    {"target":"t3", "action":"appear", "parms":{"time":100}, "time":0},
                                    {"target":"t4", "action":"appear", "parms":{"time":100}, "time":0},
                                    {"target":"t6", "action":"appear", "parms":{"time":100}, "time":0},
                                    {"target":"t7", "action":"appear", "parms":{"time":100}, "time":0},
                                    {"target":"t8", "action":"appear", "parms":{"time":100}, "time":0}]
                },
                {
                    "subtitle":"Une seconde vie pour les cartons de déménagement",
                    "text": {"time":"200", "content":"Les cartons ayant servi à un déménagement sont repris par la société de déménagement. Cependant, si vous avez déménagé par vos propres moyens, vous ne pouvez faire reprendre vos cartons utilisés et ils sont alors collectés dans les containers de tri de bas d’immeuble ou acceptés dans les centres de valorisation et d'apport des encombrants. En France, 67 % des emballages en papier-carton sont recyclés, il reste une marge de progression. En outre, avant d’être recyclés lorsqu’ils sont trop abîmés, certains cartons pourraient être réemployés. "},
                    "flows": [{"vl":["500", "50", "10", "20"], "hl":["2000","3000", "4000", "400", "300", "200", "100"], "year":"o4", "anim":true, "fp":true, "scaling":false, "time":0}],
                    "territories":[{"target":"t3", "action":"disappear", "parms":{"time":300}, "time":0},
                                    {"target":"t4", "action":"disappear", "parms":{"time":300}, "time":0},
                                    {"target":"t7", "action":"disappear", "parms":{"time":300}, "time":0},
                                    {"target":"t8", "action":"disappear", "parms":{"time":300}, "time":0}]
                },
                {
                    "subtitle":"Une seconde vie pour les cartons de déménagement",
                    "text": {"time":"200", "content":"Carton Plein collecte gratuitement, en vélo électrique, les cartons de déménagement à domicile pour les reconditionner et les revendre afin qu’ils soient réutilisés pour d’autres déménagements. L’association propose ainsi une solution plus écologique et solidaire car elle emploie et accompagne également des personnes en situation précaire. Plus de 2&nbsp000 cartons sont collectés par mois. Chaque carton réutilisé permet d'éviter la fabrication d'un nouveau carton qui consomme 40 litres d'eau et émet 500&nbspg de CO2.<br><br><em>Porteur de projet : <a href = \"http://www.cartonplein.org\" target = \"_blank\">Carton Plein</a></em>"},
                    "flows": [{"vl":["2000","3000","4000", "100", "200", "300", "400", "500", "50"], "hl":["10", "20"], "year":"o9", "anim":false, "fp":true, "scaling":true, "time":0}],
                    "territories":[{"target":"t3", "action":"appear", "parms":{"time":300}, "time":0},
                                    {"target":"t4", "action":"appear", "parms":{"time":300}, "time":0},
                                    {"target":"t7", "action":"appear", "parms":{"time":300}, "time":0},
                                    {"target":"t8", "action":"appear", "parms":{"time":300}, "time":0}]
                }],       
            "b_steps" :
                [{
                    "subtitle":"Une seconde vie pour les cartons de déménagement",
                    "text": {"time":"200", "content":"Carton Plein collecte gratuitement, en vélo électrique, les cartons de déménagement à domicile pour les reconditionner et les revendre afin qu’ils soient réutilisés pour d’autres déménagements. L’association propose ainsi une solution plus écologique et solidaire car elle emploie et accompagne également des personnes en situation précaire. Plus de 2&nbsp000 cartons sont collectés par mois. Chaque carton réutilisé permet d'éviter la fabrication d'un nouveau carton qui consomme 40 litres d'eau et émet 500&nbspg de CO2.<br><br><em>Porteur de projet : <a href = \"http://www.cartonplein.org\" target = \"_blank\">Carton Plein</a></em>"},
                    "flows": [{"vl":["2000","3000","4000", "100", "200", "300", "400", "500", "50"], "hl":["10", "20"], "year":"o9", "anim":false, "fp":true, "scaling":true, "time":0}],
                    "territories":[{"target":"t3", "action":"appear", "parms":{"time":300}, "time":0},
                                    {"target":"t4", "action":"appear", "parms":{"time":300}, "time":0},
                                    {"target":"t7", "action":"appear", "parms":{"time":300}, "time":0},
                                    {"target":"t8", "action":"appear", "parms":{"time":300}, "time":0}]
                },
                {
                    "subtitle":"Une seconde vie pour les cartons de déménagement",
                    "text": {"time":"200", "content":"Les cartons ayant servi à un déménagement sont repris par la société de déménagement. Cependant, si vous avez déménagé par vos propres moyens, vous ne pouvez faire reprendre vos cartons utilisés et ils sont alors collectés dans les containers de tri de bas d’immeuble ou acceptés dans les centres de valorisation et d'apport des encombrants. En France, 67 % des emballages en papier-carton sont recyclés, il reste une marge de progression. En outre, avant d’être recyclés lorsqu’ils sont trop abîmés, certains cartons pourraient être réemployés. "},
                    "flows": [{"vl":["500", "50", "10", "20"], "hl":["2000","3000", "4000", "400", "300", "200", "100"], "year":"o4", "anim":true, "fp":true, "scaling":false, "time":0}],
                    "territories":[{"target":"t3", "action":"disappear", "parms":{"time":300}, "time":0},
                                    {"target":"t4", "action":"disappear", "parms":{"time":300}, "time":0},
                                    {"target":"t7", "action":"disappear", "parms":{"time":300}, "time":0},
                                    {"target":"t8", "action":"disappear", "parms":{"time":300}, "time":0}]
                }]
        }],
        "energy":[],
        "water":[]
    }
         }
  