{
	"ui_elements":{},
	"scale":"w/2000",
	"items": [{
                        "id":"t0",
                        "name":"t0",
                        "fax":"",
                        "fay":"",
                        "iw":"1",
                        "ih":"1",
                        "x":"-10",
                        "y":"0.45*h",
                        "scale":"1"
                    },
                    {
                        "id":"t1",
                        "name":"t1",
                        "fax":"",
                        "fay":"",
                        "iw":"1",
                        "ih":"1",
                        "x":"w+10",
                        "y":"0.35*h",
                        "scale":"1"
                    },
					{
                        "id":"t2",
						"name":"t2",
                        "label":"Chantiers",
						"geom":"data/graphics/geom_constructionbatiment_multiple.json",
                        "fax":"0",
                        "fay":"0.1",
                        "iw":"1",
                        "ih":"1",
						"x":"0.15*w",
						"y":"0.125*h",
						"scale":"0.15",
                        "force_w_scale":true
					},
                    {
                        "id":"t3",
                        "name":"t3",
                        "label":"Espaces verts",
                        "geom":"data/graphics/geom_espacesverts.json",
                        "fax":"0",
                        "fay":"0.25",
                        "iw":"1",
                        "ih":"0.6",
                        "x":"0.5*w",
                        "y":"0.37*h",
                        "scale":"0.15",
                        "force_w_scale":true
                    },
                    {
                        "id":"t4",
                        "name":"t4",
                        "label":"Curage des canaux",
                        "geom":"data/graphics/geom_fleuve.json",
                        "fax":"0",
                        "fay":"0.15",
                        "iw":"1",
                        "ih":"1",
                        "x":"0.325*w",
                        "y":"0.25*h",
                        "scale":"0.15",
                        "force_w_scale":true
                    },
                    {
                        "id":"t5",
                        "name":"t5",
                        "label":"Plateforme de mélange de terres",
                        "geom":"data/graphics/geom_centrerecyclage.json",
                        "fax":"0",
                        "fay":"0.15",
                        "iw":"1",
                        "ih":"0.6",
                        "x":"0.8*w",
                        "y":"0.275*h",
                        "scale":"0.14",
                        "force_w_scale":true,
                        "solution":true
                    }],

	"flows": 		[{
                            "id":"2000",
                            "index":"0",
                            "name":"Déchets du BTP",
                            "type":"input",
                            "from":"t2",
                            "to":"t5",
                            "volume_o4":"33",
                            "volume_o9":"33",
                            "trend":"-1",
                            "unit":"t / an",
                            "color":"#6B5D70",
                            "color2":"#b7b1ba",
                            "level":"0",
                            "parent":"",
                            "children":"",
                            "siblings":"",
                            "virtual":true
                        },
                        {
                            "id":"2050",
                            "index":"0",
                            "name":"Déchets du BTP",
                            "type":"input",
                            "from":"t2",
                            "to":"t1",
                            "volume_o4":"33",
                            "volume_o9":"33",
                            "trend":"-1",
                            "unit":"t / an",
                            "color":"#6B5D70",
                            "color2":"#b7b1ba",
                            "level":"0",
                            "parent":"",
                            "children":"",
                            "siblings":"",
                            "virtual":true
                        },
                        {
                            "id":"2100",
                            "index":"0",
                            "name":"Boues de curage",
                            "type":"input",
                            "from":"t4",
                            "to":"t5",
                            "volume_o4":"33",
                            "volume_o9":"33",
                            "trend":"-1",
                            "unit":"t / an",
                            "color":"#6B5D70",
                            "color2":"#b7b1ba",
                            "level":"0",
                            "parent":"",
                            "children":"",
                            "siblings":"",
                            "virtual":true
                        },
                        {
                            "id":"2150",
                            "index":"0",
                            "name":"Boues de curage",
                            "type":"input",
                            "from":"t4",
                            "to":"t1",
                            "volume_o4":"33",
                            "volume_o9":"33",
                            "trend":"-1",
                            "unit":"t / an",
                            "color":"#6B5D70",
                            "color2":"#b7b1ba",
                            "level":"0",
                            "parent":"",
                            "children":"",
                            "siblings":"",
                            "virtual":true
                        },
                        {
                            "id":"3000",
                            "index":"0",
                            "name":"Déchets verts",
                            "type":"input",
                            "from":"t3",
                            "to":"t1",
                            "volume_o4":"33",
                            "volume_o9":"33",
                            "trend":"-1",
                            "unit":"t / an",
                            "color":"#6B6139",
                            "color2":"#b7b1ba",
                            "level":"0",
                            "parent":"",
                            "children":"",
                            "siblings":"",
                            "virtual":true
                        },
                        {
                            "id":"3050",
                            "index":"0",
                            "name":"Déchets verts",
                            "type":"input",
                            "from":"t3",
                            "to":"t5",
                            "volume_o4":"33",
                            "volume_o9":"33",
                            "trend":"-1",
                            "unit":"t / an",
                            "color":"#6B6139",
                            "color2":"#b7b1ba",
                            "level":"0",
                            "parent":"",
                            "children":"",
                            "siblings":"",
                            "virtual":true
                        },
                        {
                            "id":"600",
                            "index":"0",
                            "name":"Terre végétale",
                            "type":"input",
                            "from":"t0",
                            "to":"t3",
                            "volume_o4":"80",
                            "volume_o9":"20",
                            "trend":"-1",
                            "unit":"t / an",
                            "color":"#6B5D70",
                            "color2":"#b7b1ba",
                            "level":"0",
                            "parent":"",
                            "children":"",
                            "siblings":"",
                            "virtual":true
                        },
                        {
                            "id":"700",
                            "index":"0",
                            "name":"Terre végétale<br>de substitution",
                            "type":"input",
                            "from":"t5",
                            "to":"t3",
                            "volume_o4":"20",
                            "volume_o9":"80",
                            "trend":"-1",
                            "unit":"t / an",
                            "color":"#709E42",
                            "color2":"#b7b1ba",
                            "level":"0",
                            "parent":"",
                            "children":"",
                            "siblings":"",
                            "virtual":true
                        }],

    "stories": {
        "matter":[{
            "title":"",
            "subtitle":"",
            "display_dot":false,       
            "steps" :
                [{
                    "subtitle":"Expérimentation de la valorisation de déchets d’activités municipales en sols fertiles de substitution",
                    "text": {"time":"200", "content":"Dans le cadre de l’appel à projets « amélioration du métabolisme urbain » lancé par la Mairie de Paris en partenariat avec Paris Région Lab, le projet de « substrats fertiles de substitution » développé par la société Enviro Conseil et Travaux associée au Bureau d’études Ingénierie de l’Environnement et des Techniques Innovantes pourra être expérimenté sur une durée de 2 ans. Il propose la mise en place d’une plateforme de mélange permettant de constituer des sols fertiles à destination des espaces verts urbains et des fosses d’arbres à partir de déchets de démolition, de boues de curage et de déchets verts. <b>Il permettra de limiter les volumes de déchets inertes de chantier et de boues évacués en centres de stockage en leur offrant une filière de valorisation.</b> A terme, le substrat fertile de substitution proposé pourra constituer une alternative à un approvisionnement de plus en plus lointain en terres végétales.<br><br><em>Porteur de projet : <a href = \"http://www.groupe-ect.com/\" target = \"_blank\">Enviro Conseil et Travaux</a> et <a href = \"http://www.ietihqe.fr/\" target = \"_blank\">Bureau d’études Ingénierie de l’Environnement et des Techniques Innovantes</a></em>"},
                    "flows": [{"vl":["700","600","3050","2100","2000", "2000"], "hl":[], "year":"o9", "anim":false, "fp":true, "scaling":true, "time":0}],
                    "territories":[{"target":"t2", "action":"appear", "parms":{"time":100}, "time":0},
                                    {"target":"t3", "action":"appear", "parms":{"time":100}, "time":0},
                                    {"target":"t4", "action":"appear", "parms":{"time":100}, "time":0},
                                     {"target":"t5", "action":"appear", "parms":{"time":100}, "time":0}],
                    "ui":{"show":[], "hide":[]},
                    "functions":""
                },
                {
                    "subtitle":"Expérimentation de la valorisation de déchets d’activités municipales en sols fertiles de substitution",
                    "text": {"time":"200", "content":"La demande en terres végétales est croissante. Ces terres sont nécessaires notamment à la constitution de massifs ou de fosses destinées à accueillir les arbres. La ressource diminue et la distance aux zones d’approvisionnement augmente.  Parallèlement, les chantiers d’aménagement urbains génèrent des déchets inertes de type gravats, les activités d’entretien d’espaces verts produisent des déchets verts et l’entretien des canaux et des lacs et rivières des Bois conduit au prélèvement de boues de curage."},
                    "flows": [{"vl":["700","600","3000", "2000", "2150", "2050"], "hl":["3050","2100","2000", "700"], "year":"o4", "anim":false, "fp":true, "scaling":true, "time":0}],
                    "territories":[{"target":"t5", "action":"disappear", "parms":{"time":100}, "time":0}],
                    "ui":{"show":[], "hide":[]},
                    "functions":""
                },
                {
                    "subtitle":"Expérimentation de la valorisation de déchets d’activités municipales en sols fertiles de substitution",
                    "text": {"time":"200", "content":"Dans le cadre de l’appel à projets « amélioration du métabolisme urbain » lancé par la Mairie de Paris en partenariat avec Paris Région Lab, le projet de « substrats fertiles de substitution » développé par la société Enviro Conseil et Travaux associée au Bureau d’études Ingénierie de l’Environnement et des Techniques Innovantes pourra être expérimenté sur une durée de 2 ans. Il propose la mise en place d’une plateforme de mélange permettant de constituer des sols fertiles à destination des espaces verts urbains et des fosses d’arbres à partir de déchets de démolition, de boues de curage et de déchets verts. <b>Il permettra de limiter les volumes de déchets inertes de chantier et de boues évacués en centres de stockage en leur offrant une filière de valorisation.</b> A terme, le substrat fertile de substitution proposé pourra constituer une alternative à un approvisionnement de plus en plus lointain en terres végétales.<br><br><em>Porteur de projet : <a href = \"http://www.groupe-ect.com/\" target = \"_blank\">Enviro Conseil et Travaux</a> et <a href = \"http://www.ietihqe.fr/\" target = \"_blank\">Bureau d’études Ingénierie de l’Environnement et des Techniques Innovantes</a></em>"},
                    "flows": [{"vl":["700","600","3050","2100","2000", "2000"], "hl":["2150", "2050","3000"], "year":"o9", "anim":false, "fp":true, "scaling":true, "time":0}],
                    "territories":[{"target":"t5", "action":"appear", "parms":{"time":100}, "time":0}],
                    "ui":{"show":[], "hide":[]},
                    "functions":""
                }],       
            "b_steps" :
                [{
                    "subtitle":"Expérimentation de la valorisation de déchets d’activités municipales en sols fertiles de substitution",
                    "text": {"time":"200", "content":"Dans le cadre de l’appel à projets « amélioration du métabolisme urbain » lancé par la Mairie de Paris en partenariat avec Paris Région Lab, le projet de « substrats fertiles de substitution » développé par la société Enviro Conseil et Travaux associée au Bureau d’études Ingénierie de l’Environnement et des Techniques Innovantes pourra être expérimenté sur une durée de 2 ans. Il propose la mise en place d’une plateforme de mélange permettant de constituer des sols fertiles à destination des espaces verts urbains et des fosses d’arbres à partir de déchets de démolition, de boues de curage et de déchets verts. <b>Il permettra de limiter les volumes de déchets inertes de chantier et de boues évacués en centres de stockage en leur offrant une filière de valorisation.</b> A terme, le substrat fertile de substitution proposé pourra constituer une alternative à un approvisionnement de plus en plus lointain en terres végétales.<br><br><em>Porteur de projet : <a href = \"http://www.groupe-ect.com/\" target = \"_blank\">Enviro Conseil et Travaux</a> et <a href = \"http://www.ietihqe.fr/\" target = \"_blank\">Bureau d’études Ingénierie de l’Environnement et des Techniques Innovantes</a></em>"},
                    "flows": [{"vl":["700","600","3050","2100","2000", "2000"], "hl":["3000","2000", "2150", "2050"], "year":"o9", "anim":false, "fp":true, "scaling":true, "time":0}],
                    "territories":[{"target":"t5", "action":"appear", "parms":{"time":100}, "time":0}],
                    "ui":{"show":[], "hide":[]},
                    "functions":""
                },
                {
                    "subtitle":"Expérimentation de la valorisation de déchets d’activités municipales en sols fertiles de substitution",
                    "text": {"time":"200", "content":"La demande en terres végétales est croissante. Ces terres sont nécessaires notamment à la constitution de massifs ou de fosses destinées à accueillir les arbres. La ressource diminue et la distance aux zones d’approvisionnement augmente.  Parallèlement, les chantiers d’aménagement urbains génèrent des déchets inertes de type gravats, les activités d’entretien d’espaces verts produisent des déchets verts et l’entretien des canaux et des lacs et rivières des Bois conduit au prélèvement de boues de curage."},
                    "flows": [{"vl":["700","600","3000", "2000", "2150", "2050"], "hl":["3050","2100","2000", "700"], "year":"o4", "anim":false, "fp":true, "scaling":true, "time":0}],
                    "territories":[{"target":"t5", "action":"disappear", "parms":{"time":100}, "time":0}],
                    "ui":{"show":[], "hide":[]},
                    "functions":""
                }]
        }],
        "energy":[],
        "water":[]
    }
         }
  