{
	"ui_elements":{},
	"scale":"w/2000",
	"items": [{
                        "id":"t0",
                        "name":"t0",
                        "fax":"",
                        "fay":"",
                        "iw":"1",
                        "ih":"1",
                        "x":"-10",
                        "y":"0.45*h",
                        "scale":"1"
                    },
                    {
                        "id":"t1",
                        "name":"t1",
                        "fax":"",
                        "fay":"",
                        "iw":"1",
                        "ih":"1",
                        "x":"w+10",
                        "y":"0.45*h",
                        "scale":"1"
                    },
                    {
                        "id":"t3",
                        "name":"t3",
                        "label":"Jardin en (ré)aménagement",
                        "geom":"data/graphics/geom_espaces_verts_chantier.json",
                        "fax":"0",
                        "fay":"0.2",
                        "iw":"1",
                        "ih":"0.7",
                        "x":"0.5*w",
                        "y":"0.3*h",
                        "scale":"0.2",
                        "force_w_scale":true,
                        "solution":true
                    }],

	"flows": 		[{
                            "id":"1000",
                            "name":"Terres importées",
                            "type":"input",
                            "from":"t0",
                            "to":"t3",
                            "volume_o4":"100",
                            "volume_o9":"20",
                            "color":"#6B5D70",
                            "siblings":"",
                            "virtual":true
                        },
                        {
                            "id":"500",
                            "name":"Terres exportées",
                            "type":"input",
                            "from":"t3",
                            "to":"t1",
                            "volume_o4":"100",
                            "volume_o9":"20",
                            "color":"#6B5D70",
                            "virtual":true
                        },
                        {
                            "id":"2000",
                            "name":"Réutilisation de terres",
                            "type":"recyclage",
                            "from":"t3",
                            "to":"t3",
                            "volume_o4":"80",
                            "volume_o9":"80",
                            "unit":"t / an",
                            "color":"#708F4D",
                            "virtual":true
                        }],

    "stories": {
        "matter":[{
            "title":"",
            "subtitle":"",
            "display_dot":false,       
            "steps" :
                [{
                    "subtitle":"Réutilisation des terres excavées dans les jardins en conception",
                    "text": {"time":"200", "content":"Les jardins dont la Direction des Espaces Verts et de l’Environnement de la Mairie de Paris est maître d’ouvrage font l’objet d’une procédure « d’éco-conception » qui incite notamment les maîtres d’œuvre à privilégier des circuits courts et à réemployer des matériaux sur le même site lors d’un aménagement. Les modelés des pelouses centrales de l’hippodrome d’Auteuil ont ainsi été réalisés à 80 % avec les terres excavées du site permettant une économie de matière première et une diminution du nombre de rotations de camions durant le chantier.<br><br><em>Porteur de projet : <a href = \"http://www.paris.fr/\" target = \"_blank\">Direction des Espaces Verts et de l’Environnement - Mairie de Paris</a></em>"},
                    "flows": [{"vl":["500","1000", "2000"], "hl":[], "year":"o9", "anim":false, "fp":true, "scaling":true, "time":0}],
                    "territories":[{"target":"t2", "action":"appear", "parms":{"time":100}, "time":0},
                                    {"target":"t3", "action":"appear", "parms":{"time":100}, "time":0}],
                    "ui":{"show":[], "hide":[]},
                    "functions":""
                },
                {
                    "subtitle":"Réutilisation des terres excavées dans les jardins en conception",
                    "text": {"time":"200", "content":"L’Ile-de-France génère 30 millions de tonnes de déchets par an pour le BTP, dont une quantité de terres excavées estimée à 17 millions de tonnes*. Les terres inertes excavées peuvent être soit stockées dans des centres de stockage adaptés, soit réutilisées sur d’autres chantiers. Compte tenu de la complexité logistique de la réutilisation notamment, moins de 10% des terres inertes sont aujourd’hui valorisées entre chantiers en France.<br><br><span style = \"font-size:12px\">* ORDIF : tableau de bord des déchets franciliens, éd. 2014</span>"},
                    "flows": [{"vl":["1000", "500"], "hl":["2000"], "year":"o4", "anim":false, "fp":true, "scaling":false, "time":0}],
                    "territories":[],
                    "ui":{"show":[], "hide":[]},
                    "functions":""
                },
                {
                    "subtitle":"Réutilisation des terres excavées dans les jardins en conception",
                    "text": {"time":"200", "content":"Les jardins dont la Direction des Espaces Verts et de l’Environnement de la Mairie de Paris est maître d’ouvrage font l’objet d’une procédure « d’éco-conception » qui incite notamment les maîtres d’œuvre à privilégier des circuits courts et à réemployer des matériaux sur le même site lors d’un aménagement. Les modelés des pelouses centrales de l’hippodrome d’Auteuil ont ainsi été réalisés à 80 % avec les terres excavées du site permettant une économie de matière première et une diminution du nombre de rotations de camions durant le chantier.<br><br><em>Porteur de projet : <a href = \"http://www.paris.fr/\" target = \"_blank\">Direction des Espaces Verts et de l’Environnement - Mairie de Paris</a></em>"},
                    "flows": [{"vl":["500","1000", "2000"], "hl":[], "year":"o9", "anim":false, "fp":true, "scaling":true, "time":0}],
                    "territories":[],
                    "ui":{"show":[], "hide":[]},
                    "functions":""
                }],       
            "b_steps" :
                [{
                    "subtitle":"Réutilisation des terres excavées dans les jardins en conception",
                    "text": {"time":"200", "content":"Les jardins dont la Direction des Espaces Verts et de l’Environnement de la Mairie de Paris est maître d’ouvrage font l’objet d’une procédure « d’éco-conception » qui incite notamment les maîtres d’œuvre à privilégier des circuits courts et à réemployer des matériaux sur le même site lors d’un aménagement. Les modelés des pelouses centrales de l’hippodrome d’Auteuil ont ainsi été réalisés à 80 % avec les terres excavées du site permettant une économie de matière première et une diminution du nombre de rotations de camions durant le chantier.<br><br><em>Porteur de projet : <a href = \"http://www.paris.fr/\" target = \"_blank\">Direction des Espaces Verts et de l’Environnement - Mairie de Paris</a></em>"},
                    "flows": [{"vl":["500","1000", "2000"], "hl":[], "year":"o9", "anim":false, "fp":true, "scaling":true, "time":0}],
                    "territories":[]
                },
                {
                    "subtitle":"Réutilisation des terres excavées dans les jardins en conception",
                    "text": {"time":"200", "content":"L’Ile-de-France génère 30 millions de tonnes de déchets par an pour le BTP, dont une quantité de terres excavées estimée à 17 millions de tonnes*. Les terres inertes excavées peuvent être soit stockées dans des centres de stockage adaptés, soit réutilisées sur d’autres chantiers. Compte tenu de la complexité logistique de la réutilisation notamment, moins de 10% des terres inertes sont aujourd’hui valorisées entre chantiers en France.<br><br><span style = \"font-size:12px\">* ORDIF : tableau de bord des déchets franciliens, éd. 2014</span>"},
                    "flows": [{"vl":["1000", "500"], "hl":["2000"], "year":"o4", "anim":false, "fp":true, "scaling":false, "time":0}],
                    "territories":[]
                }]
        }],
        "energy":[],
        "water":[]
    }
         }
  