{
	"ui_elements":{},
	"scale":"w/2000",
	"items": [{
                        "id":"t0",
                        "name":"t0",
                        "f_anchor_x":"",
                        "f_anchor_y":"",
                        "iw":"1",
                        "ih":"1",
                        "x":"-10",
                        "y":"0.35*h",
                        "scale":"1"
                    },
                    {
                        "id":"t1",
                        "name":"t1",
                        "f_anchor_x":"",
                        "f_anchor_y":"",
                        "iw":"1",
                        "ih":"1",
                        "x":"w+10",
                        "y":"0.4*h",
                        "scale":"1"
                    },
					{
                        "id":"t2",
                        "name":"t2",
                        "label":"Restaurants",
                        "geom":"data/graphics/geom_restaurant.json",
                        "fax":"0",
                        "fay":"0.22",
                        "iw":"0.8",
                        "ih":"0.6",
                        "x":"0.2*w",
                        "y":"0.35*h",
                        "scale":"0.15",
                        "force_w_scale":true
					},
                    {
                        "id":"t3",
                        "name":"t3",
                        "label":"Recyclerie",
                        "geom":"data/graphics/geom_centrerecyclage.json",
                        "fax":"0",
                        "fay":"0.15",
                        "iw":"0.9",
                        "ih":"0.6",
                        "x":"0.4*w",
                        "y":"0.35*h",
                        "scale":"0.15",
                        "force_w_scale":true,
                        "solution":true
                    },
                    {
                        "id":"t4",
                        "name":"t4",
                        "label":"Marché<br>de Rungis",
                        "geom":"data/graphics/geom_rungis.json",
                        "fax":"0",
                        "fay":"0.15",
                        "iw":"0.9",
                        "ih":"0.6",
                        "x":"0.6*w",
                        "y":"0.48*h",
                        "scale":"0.14",
                        "force_w_scale":true,
                        "z":2
                    },
                    {
                        "id":"t5",
                        "name":"t5",
                        "label":"Particuliers",
                        "geom":"data/graphics/geom_groupepersonne_champignon.json",
                        "fax":"0",
                        "fay":"0.15",
                        "iw":"0.8",
                        "ih":"0.6",
                        "x":"0.76*w",
                        "y":"0.37*h",
                        "scale":"0.13",
                        "force_w_scale":true,
                        "z":1
                    },
                    {
                        "id":"t6",
                        "name":"t6",
                        "label":"Agriculture urbaine",
                        "geom":"data/graphics/geom_agriculture urbaine.json",
                        "fax":"0",
                        "fay":"0.25",
                        "iw":"0.8",
                        "ih":"0.6",
                        "x":"0.82*w",
                        "y":"0.15*h",
                        "scale":"0.13",
                        "force_w_scale":true,
                        "z":0
                    }],

	"flows": 		[
                        {
                            "id":"100",
                            "index":"0",
                            "name":"Produits<br>alimentaires",
                            "type":"input",
                            "from":"t0",
                            "to":"t2",
                            "volume_o4":"1500",
                            "volume_o9":"1500",
                            "unit":"t / an",
                            "color":"#8C2929",
                            "virtual":true
                        },
                        {
                            "id":"1000",
                            "index":"0",
                            "name":"Marc de café",
                            "type":"input",
                            "from":"t2",
                            "to":"t1",
                            "volume_o4":"1000",
                            "volume_o9":"1000",
                            "unit":"t / an",
                            "color":"#A8A8A8",
                            "virtual":true
                        },
                        {
                            "id":"1100",
                            "index":"0",
                            "name":"Déchets de<br>marc de café",
                            "type":"input",
                            "from":"t2",
                            "to":"t1",
                            "volume_o4":"1500",
                            "volume_o9":"1500",
                            "unit":"t / an",
                            "color":"#A8A8A8",
                            "virtual":true
                        },
                        {
                            "id":"2000",
                            "index":"0",
                            "name":"Déchets de<br>marc de café",
                            "type":"input",
                            "from":"t2",
                            "to":"t3",
                            "volume_o4":"1500",
                            "volume_o9":"1500",
                            "unit":"t / an",
                            "color":"#A8A8A8",
                            "virtual":true
                        },
                        {
                            "id":"4000",
                            "index":"0",
                            "name":"Pleurotes",
                            "type":"input",
                            "from":"t3",
                            "to":"t4",
                            "volume_o4":"500",
                            "volume_o9":"500",
                            "unit":"t / an",
                            "color":"#93C893",
                            "virtual":true
                        },
                        {
                            "id":"3500",
                            "index":"0",
                            "name":"Kits de production",
                            "type":"input",
                            "from":"t3",
                            "to":"t5",
                            "volume_o4":"500",
                            "volume_o9":"500",
                            "unit":"t / an",
                            "color":"#93C893",
                            "virtual":true
                        },
                        {
                            "id":"3000",
                            "index":"0",
                            "name":"Substrat technique",
                            "type":"input",
                            "from":"t3",
                            "to":"t6",
                            "volume_o4":"500",
                            "volume_o9":"500",
                            "unit":"t / an",
                            "color":"#93C893",
                            "virtual":true
                        },
                        {
                            "id":"6000",
                            "index":"0",
                            "name":"Pleurotes",
                            "type":"input",
                            "from":"t4",
                            "to":"t2",
                            "volume_o4":"500",
                            "volume_o9":"500",
                            "unit":"t / an",
                            "color":"#93C893",
                            "virtual":true
                        }],

    "stories": {
        "matter":[{
            "title":"",
            "subtitle":"",
            "display_dot":false,       
            "steps" :
                [{
                    "subtitle":"Transformation de marc de café en substrat de culture",
                    "text": {"time":"200", "content":"La récupération de 5 tonnes de marc de café par semaine permet de produire, avec la participation de l’association EAA78, des sacs de substrat pour cultiver des pleurotes Monte Cristo sur un site de production de 1000 m2 à Saint-Nom-La-Bretèche, et pour proposer aux particuliers un kit de production : La Boîte à Champignons. <strong>200 à 500 kg de pleurotes par semaine sont commercialisés aux restaurants gastronomiques franciliens sur le marché de Rungis</strong>, ainsi que des substrats techniques (valorisation du substrat après récolte) aux professionnels pour l’agriculture urbaine ou la restauration des sols.<br><br><em>Porteur de projet : <a href = \"https://www.laboiteachampignons.com/accueil/decouvrir-boite-a-champignons\" target = \"_blank\">UpCycle</a> et <a href = \"https://www.laboiteachampignons.com/accueil/decouvrir-boite-a-champignons\" target = \"_blank\">La Boîte à Champignons</a></em>"},
                    "flows": [{"vl":["100","2000","3000","4000","3500","6000"], "hl":[], "year":"o9", "anim":false, "fp":true, "scaling":true, "time":0}],
                    "territories":[{"target":"t2", "action":"appear", "parms":{"time":100}, "time":0},
                                    {"target":"t3", "action":"appear", "parms":{"time":100}, "time":0},
                                    {"target":"t4", "action":"appear", "parms":{"time":100}, "time":0},
                                    {"target":"t5", "action":"appear", "parms":{"time":100}, "time":0},
                                    {"target":"t6", "action":"appear", "parms":{"time":100}, "time":0}]
                },
                {
                    "subtitle":"Transformation de marc de café en substrat de culture",
                    "text": {"time":"200", "content":"La production de marc de café est estimée à 100&nbsp000 tonnes par an en France, dont 100&nbsp000 tonnes par la restauration hors domicile*. Ce « déchet » rentre dans la catégorie des biodéchets que les producteurs ont l’obligation de valoriser, en fonction du tonnage produit, depuis la Directive Biodéchets du 1er janvier 2012. En 2016, 95% des restaurateurs seront concernés par cette obligation (production supérieure à 10 tonnes par an).<br><br><span style = \"font-size:12px\">*UpCycle</span>"},
                    "flows": [{"vl":["1100", "100"], "hl":["2000","3000","4000","3500","6000"], "year":"o4", "anim":false, "fp":true, "scaling":false, "time":0}],
                    "territories":[{"target":"t3", "action":"disappear", "parms":{"time":300}, "time":0},
                                    {"target":"t4", "action":"disappear", "parms":{"time":300}, "time":0},
                                    {"target":"t5", "action":"disappear", "parms":{"time":300}, "time":0},
                                    {"target":"t6", "action":"disappear", "parms":{"time":300}, "time":0}]
                },
                {
                    "subtitle":"Transformation de marc de café en substrat de culture",
                    "text": {"time":"200", "content":"La récupération de 5 tonnes de marc de café par semaine permet de produire, avec la participation de l’association EAA78, des sacs de substrat pour cultiver des pleurotes Monte Cristo sur un site de production de 1000 m2 à Saint-Nom-La-Bretèche, et pour proposer aux particuliers un kit de production : La Boîte à Champignons. <strong>200 à 500 kg de pleurotes par semaine sont commercialisés aux restaurants gastronomiques franciliens sur le marché de Rungis</strong>, ainsi que des substrats techniques (valorisation du substrat après récolte) aux professionnels pour l’agriculture urbaine ou la restauration des sols.<br><br><em>Porteur de projet : <a href = \"https://www.laboiteachampignons.com/accueil/decouvrir-boite-a-champignons\" target = \"_blank\">UpCycle</a> et <a href = \"https://www.laboiteachampignons.com/accueil/decouvrir-boite-a-champignons\" target = \"_blank\">La Boîte à Champignons</a></em>"},
                    "flows": [{"vl":["2000","3000","100","4000","3500","6000"], "hl":["1100"], "year":"o9", "anim":false, "fp":true, "scaling":true, "time":0}],
                    "territories":[{"target":"t3", "action":"appear", "parms":{"time":300}, "time":0},
                                    {"target":"t4", "action":"appear", "parms":{"time":300}, "time":0},
                                    {"target":"t5", "action":"appear", "parms":{"time":300}, "time":0},
                                    {"target":"t6", "action":"appear", "parms":{"time":300}, "time":0}]
                }],       
            "b_steps" :
                [{
                    "subtitle":"Transformation de marc de café en substrat de culture",
                    "text": {"time":"200", "content":"La récupération de 5 tonnes de marc de café par semaine permet de produire, avec la participation de l’association EAA78, des sacs de substrat pour cultiver des pleurotes Monte Cristo sur un site de production de 1000 m2 à Saint-Nom-La-Bretèche, et pour proposer aux particuliers un kit de production : La Boîte à Champignons. <strong>200 à 500 kg de pleurotes par semaine sont commercialisés aux restaurants gastronomiques franciliens sur le marché de Rungis</strong>, ainsi que des substrats techniques (valorisation du substrat après récolte) aux professionnels pour l’agriculture urbaine ou la restauration des sols.<br><br><em>Porteur de projet : <a href = \"https://www.laboiteachampignons.com/accueil/decouvrir-boite-a-champignons\" target = \"_blank\">UpCycle</a> et <a href = \"https://www.laboiteachampignons.com/accueil/decouvrir-boite-a-champignons\" target = \"_blank\">La Boîte à Champignons</a></em>"},
                    "flows": [{"vl":["100","2000","3000","4000","3500","6000"], "hl":["1100"], "year":"o9", "anim":false, "fp":true, "scaling":true, "time":0}],
                    "territories":[{"target":"t2", "action":"appear", "parms":{"time":300}, "time":0},
                                    {"target":"t3", "action":"appear", "parms":{"time":300}, "time":0},
                                    {"target":"t4", "action":"appear", "parms":{"time":300}, "time":0},
                                    {"target":"t5", "action":"appear", "parms":{"time":300}, "time":0},
                                    {"target":"t6", "action":"appear", "parms":{"time":300}, "time":0}]
                },
                {
                    "subtitle":"Transformation de marc de café en substrat de culture",
                    "text": {"time":"200", "content":"La production de marc de café est estimée à 100&nbsp000 tonnes par an en France, dont 100&nbsp000 tonnes par la restauration hors domicile*. Ce « déchet » rentre dans la catégorie des biodéchets que les producteurs ont l’obligation de valoriser, en fonction du tonnage produit, depuis la Directive Biodéchets du 1er janvier 2012. En 2016, 95% des restaurateurs seront concernés par cette obligation (production supérieure à 10 tonnes par an).<br><br><span style = \"font-size:12px\">*UpCycle</span>"},
                    "flows": [{"vl":["1100", "100"], "hl":["2000","3000","4000","3500","6000"], "year":"o4", "anim":false, "fp":true, "scaling":false, "time":0}],
                    "territories":[{"target":"t3", "action":"disappear", "parms":{"time":300}, "time":0},
                                    {"target":"t4", "action":"disappear", "parms":{"time":300}, "time":0},
                                    {"target":"t5", "action":"disappear", "parms":{"time":300}, "time":0},
                                    {"target":"t6", "action":"disappear", "parms":{"time":300}, "time":0}]
                }]
        }],
        "energy":[],
        "water":[]
    }
         }
  