{
	"ui_elements":{},
	"scale":"w/2000",
	"items": [{
                        "id":"t0",
                        "name":"t0",
                        "fax":"",
                        "fay":"",
                        "iw":"1",
                        "ih":"1",
                        "x":"-10",
                        "y":"0.35*h",
                        "scale":"1"
                    },
                    {
                        "id":"t1",
                        "name":"t1",
                        "fax":"",
                        "fay":"",
                        "iw":"1",
                        "ih":"1",
                        "x":"w+10",
                        "y":"0.4*h",
                        "scale":"1"
                    },
					{
                        "id":"t2",
						"name":"t2",
                        "label":"Restaurants collectifs",
						"geom":"data/graphics/geom_restaurant collectif.json",
                        "fax":"0",
                        "fay":"0.2",
                        "iw":"1",
                        "ih":"0.8",
						"x":"0.25*w",
						"y":"0.4*h",
						"scale":"0.15",
                        "force_w_scale":true
					},
                    {
                        "id":"t3",
                        "name":"t3",
                        "label":"Espaces verts",
                        "geom":"data/graphics/geom_espacesverts.json",
                        "fax":"0",
                        "fay":"0.15",
                        "iw":"1",
                        "ih":"1",
                        "x":"0.75*w",
                        "y":"0.5*h",
                        "scale":"0.15",
                        "force_w_scale":true
                    },
                    {
                        "id":"t4",
                        "name":"t4",
                        "label":"Usine de méthanisation</strong>",
                        "geom":"data/graphics/geom_usinemethanisation.json",
                        "fax":"0",
                        "fay":"0.1",
                        "iw":"1",
                        "ih":"0.7",
                        "x":"0.5*w",
                        "y":"0.4*h",
                        "scale":"0.16",
                        "force_w_scale":true
                    },
                    {
                        "id":"t5",
                        "name":"t5",
                        "label":"Production d'énergie",
                        "geom":"data/graphics/geom_gaz_entrepot.json",
                        "fax":"0",
                        "fay":"0.15",
                        "iw":"1",
                        "ih":"1",
                        "x":"0.75*w",
                        "y":"0.25*h",
                        "scale":"0.16",
                        "force_w_scale":true
                    },
                    {
                        "id":"t6",
                        "name":"t6",
                        "label":"Plateforme Web",
                        "geom":"data/graphics/geom_plateformeweb.json",
                        "fax":"0",
                        "fay":"0.15",
                        "iw":"1",
                        "ih":"1",
                        "x":"0.375*w",
                        "y":"0.175*h",
                        "scale":"0.14",
                        "force_w_scale":true,
                        "solution":true
                    }],

	"flows": 		[{
                            "id":"1400",
                            "index":"0",
                            "name":"Biodéchets",
                            "type":"input",
                            "from":"t2",
                            "to":"t4",
                            "volume_o4":"300",
                            "volume_o9":"300",
                            "trend":"-1",
                            "unit":"t / an",
                            "color":"#6B6139",
                            "color2":"#b7b1ba",
                            "level":"0",
                            "parent":"",
                            "children":"",
                            "siblings":"",
                            "virtual":true
                        },
                        {
                            "id":"1500",
                            "index":"0",
                            "name":"Engrais",
                            "type":"input",
                            "from":"t4",
                            "to":"t3",
                            "volume_o4":"100",
                            "volume_o9":"100",
                            "trend":"-1",
                            "unit":"t / an",
                            "color":"#8F631A",
                            "color2":"#b7b1ba",
                            "level":"0",
                            "parent":"",
                            "children":"",
                            "siblings":"",
                            "virtual":true
                        },
                        {
                            "id":"1100",
                            "index":"0",
                            "name":"Biogaz (CH<sub>4</sub>)",
                            "type":"input",
                            "from":"t4",
                            "to":"t5",
                            "volume_o4":"100",
                            "volume_o9":"100",
                            "trend":"-1",
                            "unit":"t / an",
                            "color":"#FF8F2E",
                            "color2":"#b7b1ba",
                            "level":"0",
                            "parent":"",
                            "children":"",
                            "siblings":"",
                            "virtual":true
                        },
                        {
                            "id":"1200",
                            "index":"0",
                            "name":"Biogaz injecté<br>dans le réseau (CH<sub>4</sub>)",
                            "type":"input",
                            "from":"t4",
                            "to":"t1",
                            "volume_o4":"100",
                            "volume_o9":"100",
                            "trend":"-1",
                            "unit":"t / an",
                            "color":"#FF8F2E",
                            "color2":"#b7b1ba",
                            "level":"0",
                            "parent":"",
                            "children":"",
                            "siblings":"",
                            "virtual":true
                        },
                        {
                            "id":"1000",
                            "index":"0",
                            "name":"Biodéchets",
                            "type":"input",
                            "from":"t2",
                            "to":"t1",
                            "volume_o4":"300",
                            "volume_o9":"300",
                            "trend":"-1",
                            "unit":"t / an",
                            "color":"#6B6139",
                            "color2":"#b7b1ba",
                            "level":"0",
                            "parent":"",
                            "children":"",
                            "siblings":"",
                            "virtual":true
                        }],

    "stories": {
        "matter":[{
            "title":"",
            "subtitle":"",
            "display_dot":false,       
            "steps" :
                [{
                    "subtitle":"Expérimentation de la valorisation des déchets organiques de cantine<br>en énergie renouvelable et fertilisant",
                    "text": {"time":"200", "content":"Dans le cadre de l’appel à projets « amélioration du métabolisme urbain » lancé par la Mairie de Paris en partenariat avec Paris Région Lab, le projet de valorisation des déchets organiques en milieu urbain, porté par Love Your Waste pourra être expérimenté pendant 2 ans sur un ensemble de restaurants collectifs municipaux (Caisse des écoles d’un arrondissement par exemple). Il propose <strong>une collecte des biodéchets alimentaires pour une valorisation en usine de méthanisation</strong> permettant de générer du biogaz réinjecté dans le réseau de gaz de ville et de produire un bio-fertilisant utilisable dans les espaces verts.<br><br><em>Porteur de projet : <a href = \"http://www.loveyourwaste.com/\" target = \"_blank\">Love Your Waste</a></em>"},
                    "flows": [{"vl":["1400", "1100","1200","1500"], "hl":[], "year":"o9", "anim":false, "fp":true, "scaling":true, "time":0}],
                    "territories":[{"target":"t2", "action":"appear", "parms":{"time":100}, "time":0},
                                    {"target":"t3", "action":"appear", "parms":{"time":100}, "time":0},
                                    {"target":"t4", "action":"appear", "parms":{"time":100}, "time":0},
                                    {"target":"t5", "action":"appear", "parms":{"time":100}, "time":0},
                                    {"target":"t6", "action":"appear", "parms":{"time":100}, "time":0}],
                    "ui":{"show":[], "hide":[]},
                    "functions":""
                },
                {
                    "subtitle":"Expérimentation de la valorisation des déchets organiques de cantine<br>en énergie renouvelable et fertilisant",
                    "text": {"time":"200", "content":"Près de 30 millions de repas sont servis par an dans les structures de restauration collective municipale et départementale (crèches, écoles, restaurants administratifs, maisons de retraite et établissements sociaux).  Les structures de la Mairie de Paris commandent ainsi chaque année 3 500 tonnes de fruits, 4 000 tonnes de légumes, 3 900 tonnes de produits laitiers etc. Malgré les efforts menés pour réduire le gaspillage alimentaire, environ 37% de l’alimentation servie est finalement évacuée sous forme de biodéchets (restes de cuisine, repas non consommés, restes de plateaux). Collectés avec le reste des déchets, ces biodéchets partent actuellement en incinération."},
                    "flows": [{"vl":["1000"], "hl":["1400", "1100","1200","1500"], "year":"o9", "anim":false, "fp":true, "scaling":false, "time":0}],
                    "territories":[{"target":"t3", "action":"disappear", "parms":{"time":300}, "time":0},
                                    {"target":"t4", "action":"disappear", "parms":{"time":300}, "time":0},
                                    {"target":"t5", "action":"disappear", "parms":{"time":300}, "time":0},
                                    {"target":"t6", "action":"disappear", "parms":{"time":300}, "time":0}],
                    "ui":{"show":[], "hide":[]},
                    "functions":""
                },
                {
                    "subtitle":"Expérimentation de la valorisation des déchets organiques de cantine<br>en énergie renouvelable et fertilisant",
                    "text": {"time":"200", "content":"Dans le cadre de l’appel à projets « amélioration du métabolisme urbain » lancé par la Mairie de Paris en partenariat avec Paris Région Lab, le projet de valorisation des déchets organiques en milieu urbain, porté par Love Your Waste pourra être expérimenté pendant 2 ans sur un ensemble de restaurants collectifs municipaux (Caisse des écoles d’un arrondissement par exemple). Il propose <strong>une collecte des biodéchets alimentaires pour une valorisation en usine de méthanisation</strong> permettant de générer du biogaz réinjecté dans le réseau de gaz de ville et de produire un bio-fertilisant utilisable dans les espaces verts.<br><br><em>Porteur de projet : <a href = \"http://www.loveyourwaste.com/\" target = \"_blank\">Love Your Waste</a></em>"},
                    "flows": [{"vl":["1400", "1100","1200","1500"], "hl":["1000"], "year":"o9", "anim":false, "fp":true, "scaling":true, "time":0}],
                    "territories":[{"target":"t3", "action":"appear", "parms":{"time":100}, "time":0},
                                    {"target":"t4", "action":"appear", "parms":{"time":100}, "time":0},
                                    {"target":"t5", "action":"appear", "parms":{"time":100}, "time":0},
                                    {"target":"t6", "action":"appear", "parms":{"time":100}, "time":0}],
                    "ui":{"show":[], "hide":[]},
                    "functions":""
                }],       
            "b_steps" :
                [{
                    "subtitle":"Expérimentation de la valorisation des déchets organiques de cantine<br>en énergie renouvelable et fertilisant",
                    "text": {"time":"200", "content":"Dans le cadre de l’appel à projets « amélioration du métabolisme urbain » lancé par la Mairie de Paris en partenariat avec Paris Région Lab, le projet de valorisation des déchets organiques en milieu urbain, porté par Love Your Waste pourra être expérimenté pendant 2 ans sur un ensemble de restaurants collectifs municipaux (Caisse des écoles d’un arrondissement par exemple). Il propose <strong>une collecte des biodéchets alimentaires pour une valorisation en usine de méthanisation</strong> permettant de générer du biogaz réinjecté dans le réseau de gaz de ville et de produire un bio-fertilisant utilisable dans les espaces verts.<br><br><em>Porteur de projet : <a href = \"http://www.loveyourwaste.com/\" target = \"_blank\">Love Your Waste</a></em>"},
                    "flows": [{"vl":["1400", "1100","1200","1500"], "hl":["1000"], "year":"o9", "anim":false, "fp":true, "scaling":true, "time":0}],
                    "territories":[{"target":"t3", "action":"appear", "parms":{"time":100}, "time":0},
                                    {"target":"t4", "action":"appear", "parms":{"time":100}, "time":0},
                                    {"target":"t5", "action":"appear", "parms":{"time":100}, "time":0},
                                    {"target":"t6", "action":"appear", "parms":{"time":100}, "time":0}],
                    "ui":{"show":[], "hide":[]},
                    "functions":""
                },
                {
                    "subtitle":"Expérimentation de la valorisation des déchets organiques de cantine<br>en énergie renouvelable et fertilisant",
                    "text": {"time":"200", "content":"Près de 30 millions de repas sont servis par an dans les structures de restauration collective municipale et départementale (crèches, écoles, restaurants administratifs, maisons de retraite et établissements sociaux).  Les structures de la Mairie de Paris commandent ainsi chaque année 3 500 tonnes de fruits, 4 000 tonnes de légumes, 3 900 tonnes de produits laitiers etc. Malgré les efforts menés pour réduire le gaspillage alimentaire, environ 37% de l’alimentation servie est finalement évacuée sous forme de biodéchets (restes de cuisine, repas non consommés, restes de plateaux). Collectés avec le reste des déchets, ces biodéchets partent actuellement en incinération."},
                    "flows": [{"vl":["1000"], "hl":["1400", "1100","1200","1500"], "year":"o9", "anim":false, "fp":true, "scaling":false, "time":0}],
                    "territories":[{"target":"t3", "action":"disappear", "parms":{"time":300}, "time":0},
                                    {"target":"t4", "action":"disappear", "parms":{"time":300}, "time":0},
                                    {"target":"t5", "action":"disappear", "parms":{"time":300}, "time":0},
                                    {"target":"t6", "action":"disappear", "parms":{"time":300}, "time":0}],
                    "ui":{"show":[], "hide":[]},
                    "functions":""
                }]
        }],
        "energy":[],
        "water":[]
    }
         }
  