{
	"ui_elements":{},
	"scale":"w/2000",
	"items": [{
                        "id":"t0",
                        "name":"t0",
                        "fax":"",
                        "fay":"",
                        "iw":"1",
                        "ih":"1",
                        "x":"-10",
                        "y":"0.5*h",
                        "scale":"1"
                    },
                    {
                        "id":"t1",
                        "name":"t1",
                        "fax":"",
                        "fay":"",
                        "iw":"1",
                        "ih":"1",
                        "x":"w+10",
                        "y":"0.45*h",
                        "scale":"1"
                    },
					{
                        "id":"t2",
						"name":"t2",
                        "label":"Sites administratifs",
						"geom":"data/graphics/geom_administration_multiple.json",
                        "fax":"0",
                        "fay":"0.25",
                        "iw":"1",
                        "ih":"0.35",
						"x":"0.3*w",
						"y":"0.25*h",
						"scale":"0.2",
                        "force_w_scale":true
					},
                    {
                        "id":"t3",
                        "name":"t3",
                        "label":"Recyclerie",
                        "geom":"data/graphics/geom_centrerecyclage.json",
                        "fax":"0",
                        "fay":"0.25",
                        "iw":"1",
                        "ih":"0.35",
                        "x":"0.7*w",
                        "y":"0.45*h",
                        "scale":"0.2",
                        "force_w_scale":true,
                        "solution":true
                    }],

	"flows": 		[{
                            "id":"1000",
                            "index":"0",
                            "name":"Déchets encombrants",
                            "type":"input",
                            "from":"t2",
                            "to":"t1",
                            "volume_o4":"15",
                            "volume_o9":"20",
                            "trend":"-1",
                            "unit":"t / an",
                            "color":"#A8A8A8",
                            "color2":"#b7b1ba",
                            "level":"0",
                            "parent":"",
                            "children":"",
                            "siblings":"",
                            "virtual":true
                        },
                        {
                            "id":"1300",
                            "index":"0",
                            "name":"Déchets encombrants",
                            "type":"input",
                            "from":"t2",
                            "to":"t3",
                            "volume_o4":"80",
                            "volume_o9":"80",
                            "trend":"-1",
                            "unit":"t / an",
                            "color":"#A8A8A8",
                            "color2":"#b7b1ba",
                            "level":"0",
                            "parent":"",
                            "children":"",
                            "siblings":"",
                            "virtual":true
                        },
                        {
                            "id":"1200",
                            "index":"0",
                            "name":"Objets recyclés",
                            "type":"input",
                            "from":"t3",
                            "to":"t1",
                            "volume_o4":"80",
                            "volume_o9":"80",
                            "trend":"-1",
                            "unit":"t / an",
                            "color":"#709E42",
                            "color2":"#b7b1ba",
                            "level":"0",
                            "parent":"",
                            "children":"",
                            "siblings":"",
                            "virtual":true
                        }],

    "stories": {
        "matter":[{
            "title":"",
            "subtitle":"",
            "display_dot":false,       
            "steps" :
                [{
                    "subtitle":"Expérimentation de l’extension de la collecte de déchets<br>par une ressourcerie aux sites administratifs municipaux",
                    "text": {"time":"200", "content":"Dans le cadre de l’appel à projets « amélioration du métabolisme urbain » lancé par la Mairie de Paris en partenariat avec Paris Région Lab, le projet « Les vases communicants » porté par l’Interloque pourra être expérimenté pendant une période de 2 ans sur les 2ème et 18ème arrondissements. Ce projet propose d’étendre aux sites de la Mairie de Paris de ces arrondissements la collecte par les ressourceries Interloque de déchets encombrants (mobilier, électroménager…). <b>Il permet de donner une seconde vie aux objets concernés, limitant ainsi la production de déchets et contribue à l’économie sociale et solidaire du territoire.</b> A titre d’exemple, en 2013, dans le 18ème, ont été collectées par la ressourcerie Interloque 323 tonnes de déchets (dont 90% ont été valorisés). Les ressourceries des 2ème et 18ème occupent déjà 20 employés.</b><br><br><em>Porteur de projet : <a href = \"http://www.interloque.com/\" target = \"_blank\">L'Interloque</a></em>"},
                    "flows": [{"vl":["1200","1300","1000"], "hl":[], "year":"o9", "anim":false, "fp":true, "scaling":true, "time":0}],
                    "territories":[{"target":"t2", "action":"appear", "parms":{"time":100}, "time":0},
                                    {"target":"t3", "action":"appear", "parms":{"time":100}, "time":0}],
                    "ui":{"show":[], "hide":[]},
                    "functions":""
                },
                {
                    "subtitle":"Expérimentation de l’extension de la collecte de déchets<br>par une ressourcerie aux sites administratifs municipaux",
                    "text": {"time":"200", "content":"En 2013, 87 405 tonnes de déchets occasionnels et encombrants ont été collectés à Paris sur la voie publique ou en centre de valorisation et d’apport des encombrants. Parmi lesquels,  on compte notamment 2 % de déchets d’éléments d’ameublement et 2% de déchets électroniques qui seront valorisés. En plus des bois, papier et carton, métaux et gravats triés, il reste toutefois 87 % d’encombrants en mélange. <br><br>Parallèlement, les activités de l’administration municipale génèrent aussi des déchets de ce type  dont une part est réutilisée ou recyclée mais dont le gisement reste mal connu."},
                    "flows": [{"vl":["1000"], "hl":["1300","1200"], "year":"o4", "anim":false, "fp":true, "scaling":true, "time":0}],
                    "territories":[{"target":"t3", "action":"disappear", "parms":{"time":300}, "time":0}],
                    "ui":{"show":[], "hide":[]},
                    "functions":""
                },
                {
                    "subtitle":"Expérimentation de l’extension de la collecte de déchets<br>par une ressourcerie aux sites administratifs municipaux",
                    "text": {"time":"200", "content":"Dans le cadre de l’appel à projets « amélioration du métabolisme urbain » lancé par la Mairie de Paris en partenariat avec Paris Région Lab, le projet « Les vases communicants » porté par l’Interloque pourra être expérimenté pendant une période de 2 ans sur les 2ème et 18ème arrondissements. Ce projet propose d’étendre aux sites de la Mairie de Paris de ces arrondissements la collecte par les ressourceries Interloque de déchets encombrants (mobilier, électroménager…). <b>Il permet de donner une seconde vie aux objets concernés, limitant ainsi la production de déchets et contribue à l’économie sociale et solidaire du territoire.</b> A titre d’exemple, en 2013, dans le 18ème, ont été collectées par la ressourcerie Interloque 323 tonnes de déchets (dont 90% ont été valorisés). Les ressourceries des 2ème et 18ème occupent déjà 20 employés.</b><br><br><em>Porteur de projet : <a href = \"http://www.interloque.com/\" target = \"_blank\">L'Interloque</a></em>"},
                    "flows": [{"vl":["1200","1300","1000"], "hl":[], "year":"o9", "anim":false, "fp":true, "scaling":true, "time":0}],
                    "territories":[{"target":"t3", "action":"appear", "parms":{"time":300}, "time":0}],
                    "ui":{"show":[], "hide":[]},
                    "functions":""
                }],       
            "b_steps" :
                [{
                    "subtitle":"Expérimentation de l’extension de la collecte de déchets<br>par une ressourcerie aux sites administratifs municipaux",
                    "text": {"time":"200", "content":"Dans le cadre de l’appel à projets « amélioration du métabolisme urbain » lancé par la Mairie de Paris en partenariat avec Paris Région Lab, le projet « Les vases communicants » porté par l’Interloque pourra être expérimenté pendant une période de 2 ans sur les 2ème et 18ème arrondissements. Ce projet propose d’étendre aux sites de la Mairie de Paris de ces arrondissements la collecte par les ressourceries Interloque de déchets encombrants (mobilier, électroménager…). <b>Il permet de donner une seconde vie aux objets concernés, limitant ainsi la production de déchets et contribue à l’économie sociale et solidaire du territoire.</b> A titre d’exemple, en 2013, dans le 18ème, ont été collectées par la ressourcerie Interloque 323 tonnes de déchets (dont 90% ont été valorisés). Les ressourceries des 2ème et 18ème occupent déjà 20 employés.</b><br><br><em>Porteur de projet : <a href = \"http://www.interloque.com/\" target = \"_blank\">L'Interloque</a></em>"},
                    "flows": [{"vl":["1200","1300","1000"], "hl":[], "year":"o9", "anim":false, "fp":true, "scaling":true, "time":0}],
                    "territories":[{"target":"t3", "action":"appear", "parms":{"time":300}, "time":0}],
                    "ui":{"show":[], "hide":[]},
                    "functions":""
                },
                {
                    "subtitle":"Expérimentation de l’extension de la collecte de déchets<br>par une ressourcerie aux sites administratifs municipaux",
                    "text": {"time":"200", "content":"En 2013, 87 405 tonnes de déchets occasionnels et encombrants ont été collectés à Paris sur la voie publique ou en centre de valorisation et d’apport des encombrants. Parmi lesquels,  on compte notamment 2 % de déchets d’éléments d’ameublement et 2% de déchets électroniques qui seront valorisés. En plus des bois, papier et carton, métaux et gravats triés, il reste toutefois 87 % d’encombrants en mélange. <br><br>Parallèlement, les activités de l’administration municipale génèrent aussi des déchets de ce type  dont une part est réutilisée ou recyclée mais dont le gisement reste mal connu."},
                    "flows": [{"vl":["1000"], "hl":["1300","1200"], "year":"o4", "anim":false, "fp":true, "scaling":true, "time":0}],
                    "territories":[{"target":"t3", "action":"disappear", "parms":{"time":300}, "time":0}],
                    "ui":{"show":[], "hide":[]},
                    "functions":""
                }
                ]
        }],
        "energy":[],
        "water":[]
    }
         }
  