{
	"ui_elements":{},
	"scale":"w/2000",
	"items": [{
                        "id":"t0",
                        "name":"t0",
                        "fax":"",
                        "fay":"",
                        "iw":"1",
                        "ih":"1",
                        "x":"-10",
                        "y":"0.35*h",
                        "scale":"1"
                    },
                    {
                        "id":"t1",
                        "name":"t1",
                        "fax":"",
                        "fay":"",
                        "iw":"1",
                        "ih":"1",
                        "x":"w+10",
                        "y":"0.4*h",
                        "scale":"1"
                    },
					{
                        "id":"t2",
						"name":"t2",
                        "label":"Micro-brasseries",
						"geom":"data/graphics/geom_microbrasserie.json",
                        "fax":"0",
                        "fay":"0.2",
                        "iw":"1",
                        "ih":"0.8",
						"x":"0.25*w",
						"y":"0.4*h",
						"scale":"0.15",
                        "force_w_scale":true
					},
                    {
                        "id":"t3",
                        "name":"t3",
                        "label":"Espaces verts",
                        "geom":"data/graphics/geom_espacesverts.json",
                        "fax":"0",
                        "fay":"0.15",
                        "iw":"1",
                        "ih":"1",
                        "x":"0.75*w",
                        "y":"0.15*h",
                        "scale":"0.13",
                        "force_w_scale":true
                    },
                    {
                        "id":"t4",
                        "name":"t4",
                        "label":"Plateforme de traitement",
                        "geom":"data/graphics/geom_centrerecyclage.json",
                        "fax":"0",
                        "fay":"0.15",
                        "iw":"1",
                        "ih":"0.55",
                        "x":"0.5*w",
                        "y":"0.4*h",
                        "scale":"0.15",
                        "force_w_scale":true,
                        "solution":true
                    },
                    {
                        "id":"t5",
                        "name":"t5",
                        "label":"Production d'énergie",
                        "geom":"data/graphics/geom_gaz_entrepot.json",
                        "fax":"0",
                        "fay":"0.15",
                        "iw":"1",
                        "ih":"1",
                        "x":"0.75*w",
                        "y":"0.55*h",
                        "scale":"0.16",
                        "force_w_scale":true
                    },
                    {
                        "id":"t6",
                        "name":"t6",
                        "label":"Agriculture",
                        "geom":"data/graphics/geom_agriculture.json",
                        "fax":"0",
                        "fay":"0.15",
                        "iw":"1",
                        "ih":"1",
                        "x":"0.75*w",
                        "y":"0.35*h",
                        "scale":"0.14",
                        "force_w_scale":true
                    }],

	"flows": 		[{
                            "id":"1400",
                            "index":"0",
                            "name":"Biodéchets",
                            "type":"input",
                            "from":"t2",
                            "to":"t4",
                            "volume_o4":"300",
                            "volume_o9":"300",
                            "trend":"-1",
                            "unit":"t / an",
                            "color":"#6B6139",
                            "color2":"#b7b1ba",
                            "level":"0",
                            "parent":"",
                            "children":"",
                            "siblings":"",
                            "virtual":true
                        },
                        {
                            "id":"800",
                            "index":"0",
                            "name":"Valorisation organique",
                            "type":"input",
                            "from":"t4",
                            "to":"t3",
                            "volume_o4":"100",
                            "volume_o9":"100",
                            "trend":"-1",
                            "unit":"t / an",
                            "color":"#8F631A",
                            "color2":"#b7b1ba",
                            "level":"0",
                            "parent":"",
                            "children":"",
                            "siblings":"",
                            "virtual":true
                        },
                        {
                            "id":"1500",
                            "index":"0",
                            "name":"Valorisation énergétique",
                            "type":"input",
                            "from":"t4",
                            "to":"t5",
                            "volume_o4":"100",
                            "volume_o9":"100",
                            "trend":"-1",
                            "unit":"t / an",
                            "color":"#FF8F2E",
                            "color2":"#b7b1ba",
                            "level":"0",
                            "parent":"",
                            "children":"",
                            "siblings":"",
                            "virtual":true
                        },
                        {
                            "id":"1300",
                            "index":"0",
                            "name":"Valorisation organique",
                            "type":"input",
                            "from":"t4",
                            "to":"t6",
                            "volume_o4":"100",
                            "volume_o9":"100",
                            "trend":"-1",
                            "unit":"t / an",
                            "color":"#8F631A",
                            "color2":"#b7b1ba",
                            "level":"0",
                            "parent":"",
                            "children":"",
                            "siblings":"",
                            "virtual":true
                        },
                        {
                            "id":"1000",
                            "index":"0",
                            "name":"Biodéchets",
                            "type":"input",
                            "from":"t2",
                            "to":"t1",
                            "volume_o4":"300",
                            "volume_o9":"300",
                            "trend":"-1",
                            "unit":"t / an",
                            "color":"#6B6139",
                            "color2":"#b7b1ba",
                            "level":"0",
                            "parent":"",
                            "children":"",
                            "siblings":"",
                            "virtual":true
                        }],

    "stories": {
        "matter":[{
            "title":"",
            "subtitle":"",
            "display_dot":false,       
            "steps" :
                [{
                    "subtitle":"Expérimentation de la valorisation des marcs de brasserie",
                    "text": {"time":"200", "content":"Dans le cadre de l’appel à projets « amélioration du métabolisme urbain » lancé par la Mairie de Paris en partenariat avec Paris Région Lab, le projet  ZéBU (Zone d’étude écosystémique sur le métabolisme des Brasseries Urbaines), coordonné par l’association Zone-AH!, pourra être expérimenté pendant 2 ans sur le territoire parisien. Il propose une collecte des marcs de brasserie (drêches) et une recherche de filières de valorisation (compostage, substrat de production, valorisation énergétique, bio-matériaux, alimentation animale…). A terme, le projet envisage une relocalisation parallèle de la production de houblon et <strong>710 tonnes de drêches franciliennes pourraient être concernées par la mise en place d’une filière d’élimination spécifique</strong>.<br><br><em>Porteur de projet : <a href = \"http://www.zone-ah.org/\" target = \"_blank\">Zone-AH!</a></em>"},
                    "flows": [{"vl":["1400", "1300","1500","800"], "hl":[], "year":"o9", "anim":false, "fp":true, "scaling":true, "time":0}],
                    "territories":[{"target":"t2", "action":"appear", "parms":{"time":100}, "time":0},
                                    {"target":"t3", "action":"appear", "parms":{"time":100}, "time":0},
                                    {"target":"t4", "action":"appear", "parms":{"time":100}, "time":0},
                                    {"target":"t5", "action":"appear", "parms":{"time":100}, "time":0},
                                    {"target":"t6", "action":"appear", "parms":{"time":100}, "time":0}],
                    "ui":{"show":[], "hide":[]},
                    "functions":""
                },
                {
                    "subtitle":"Expérimentation de la valorisation des marcs de brasserie",
                    "text": {"time":"200", "content":"Paris et sa petite couronne ont connu durant les cinq dernières années une hausse de 90 % des installations de micro-brasseries (11 brasseries ou bars producteurs sont localisés à Paris-même). En 2013, on peut estimer la production de marcs de brasserie (drêches) à Paris et petite couronne à près de 470 t. L'essor rapide de ces brasseries vient nuancer les efforts menés par les collectivités pour réduire leurs déchets. Dans le cas de Paris, les drêches sont prises en charge dans le circuit classique d’élimination des déchets et incinérées."},
                    "flows": [{"vl":["1000"], "hl":["1400", "1300","1500","800"], "year":"o9", "anim":false, "fp":true, "scaling":false, "time":0}],
                    "territories":[{"target":"t3", "action":"disappear", "parms":{"time":300}, "time":0},
                                    {"target":"t4", "action":"disappear", "parms":{"time":300}, "time":0},
                                    {"target":"t5", "action":"disappear", "parms":{"time":300}, "time":0},
                                    {"target":"t6", "action":"disappear", "parms":{"time":300}, "time":0}],
                    "ui":{"show":[], "hide":[]},
                    "functions":""
                },
                {
                    "subtitle":"Expérimentation de la valorisation des marcs de brasserie",
                    "text": {"time":"200", "content":"Dans le cadre de l’appel à projets « amélioration du métabolisme urbain » lancé par la Mairie de Paris en partenariat avec Paris Région Lab, le projet  ZéBU (Zone d’étude écosystémique sur le métabolisme des Brasseries Urbaines), coordonné par l’association Zone-AH!, pourra être expérimenté pendant 2 ans sur le territoire parisien. Il propose une collecte des marcs de brasserie (drêches) et une recherche de filières de valorisation (compostage, substrat de production, valorisation énergétique, bio-matériaux, alimentation animale…). A terme, le projet envisage une relocalisation parallèle de la production de houblon et <strong>710 tonnes de drêches franciliennes pourraient être concernées par la mise en place d’une filière d’élimination spécifique</strong>.<br><br><em>Porteur de projet : <a href = \"http://www.zone-ah.org/\" target = \"_blank\">Zone-AH!</a></em>"},
                    "flows": [{"vl":["1400", "1300","1500","800"], "hl":["1000"], "year":"o9", "anim":false, "fp":true, "scaling":true, "time":0}],
                    "territories":[{"target":"t3", "action":"appear", "parms":{"time":300}, "time":0},
                                    {"target":"t4", "action":"appear", "parms":{"time":300}, "time":0},
                                    {"target":"t5", "action":"appear", "parms":{"time":300}, "time":0},
                                    {"target":"t6", "action":"appear", "parms":{"time":300}, "time":0}],
                    "ui":{"show":[], "hide":[]},
                    "functions":""
                }],       
            "b_steps" :
                [{
                    "subtitle":"Expérimentation de la valorisation des marcs de brasserie",
                    "text": {"time":"200", "content":"Dans le cadre de l’appel à projets « amélioration du métabolisme urbain » lancé par la Mairie de Paris en partenariat avec Paris Région Lab, le projet  ZéBU (Zone d’étude écosystémique sur le métabolisme des Brasseries Urbaines), coordonné par l’association Zone-AH!, pourra être expérimenté pendant 2 ans sur le territoire parisien. Il propose une collecte des marcs de brasserie (drêches) et une recherche de filières de valorisation (compostage, substrat de production, valorisation énergétique, bio-matériaux, alimentation animale…). A terme, le projet envisage une relocalisation parallèle de la production de houblon et <strong>710 tonnes de drêches franciliennes pourraient être concernées par la mise en place d’une filière d’élimination spécifique</strong>.<br><br><em>Porteur de projet : <a href = \"http://www.zone-ah.org/\" target = \"_blank\">Zone-AH!</a></em>"},
                    "flows": [{"vl":["1400", "1300","1500","800"], "hl":["1000"], "year":"o9", "anim":false, "fp":true, "scaling":true, "time":0}],
                    "territories":[{"target":"t3", "action":"appear", "parms":{"time":300}, "time":0},
                                    {"target":"t4", "action":"appear", "parms":{"time":300}, "time":0},
                                    {"target":"t5", "action":"appear", "parms":{"time":300}, "time":0},
                                    {"target":"t6", "action":"appear", "parms":{"time":300}, "time":0}],
                    "ui":{"show":[], "hide":[]},
                    "functions":""
                },
                {
                    "subtitle":"Expérimentation de la valorisation des marcs de brasserie",
                    "text": {"time":"200", "content":"Paris et sa petite couronne ont connu durant les cinq dernières années une hausse de 90 % des installations de micro-brasseries (11 brasseries ou bars producteurs sont localisés à Paris-même). En 2013, on peut estimer la production de marcs de brasserie (drêches) à Paris et petite couronne à près de 470 t. L'essor rapide de ces brasseries vient nuancer les efforts menés par les collectivités pour réduire leurs déchets. Dans le cas de Paris, les drêches sont prises en charge dans le circuit classique d’élimination des déchets et incinérées."},
                    "flows": [{"vl":["1000"], "hl":["1400", "1300","1500","800"], "year":"o9", "anim":false, "fp":true, "scaling":false, "time":0}],
                    "territories":[{"target":"t3", "action":"disappear", "parms":{"time":300}, "time":0},
                                    {"target":"t4", "action":"disappear", "parms":{"time":300}, "time":0},
                                    {"target":"t5", "action":"disappear", "parms":{"time":300}, "time":0},
                                    {"target":"t6", "action":"disappear", "parms":{"time":300}, "time":0}],
                    "ui":{"show":[], "hide":[]},
                    "functions":""
                }]
        }],
        "energy":[],
        "water":[]
    }
         }
  